Crash Number,City/Town Name,Crash Date,Crash Time,Crash Severity,Number of Vehicles,Total Nonfatal Injuries,Total Fatal Injuries,Manner of Collision,Vehicle Action Prior to Crash,Vehicle Travel Directions,Most Harmful Events,Vehicle Configuration,Road Surface Condition,Ambient Light,Weather Condition,At Roadway Intersection,Distance from Nearest Roadway Intersection,Distance from Nearest Milemarker,Distance from Nearest Exit,Distance from Nearest Landmark,Non Motorist Type,X Coordinate,Y Coordinate
2885386,BOSTON,13-Jan-2012,00:00 AM,Not Reported,2,0,0,Angle,V1: Turning left / V2:Not reported,V1:Eastbound / V2:Not reported ,V1: Collision with motor vehicle in traffic / V2: Not reported ,"V1: Light truck(van, mini-van, panel, pickup, sport utility) with only four tires / V2:Not reported",Dry,Dark - lighted roadway,Not Reported,PARKMAN DRIVE / PERKINS STREET,,,,,,231029.9064,896617.25
3386757,BOSTON,13-Jan-2012,1:31 AM,Property damage only (none injured),1,0,0,Single vehicle crash,V1: Travelling straight ahead,V1:Northbound ,V1: Collision with work zone maintenance equipment ,V1: Passenger car,Dry,Dark - lighted roadway,Clear,NEW SUDBURY STREET / CROSS STREET / RAMP - NEW SUDBURY STREET TO RT 93 NB,,,,CANTERLEVER MERGE,,236494.4133,901506.6944
3386759,BOSTON,13-Jan-2012,1:47 AM,Property damage only (none injured),2,0,0,Rear-end,V1: Travelling straight ahead / V2:Slowing or stopped in traffic,V1:Northbound / V2:Northbound ,V1: Collision with motor vehicle in traffic / V2: Collision with motor vehicle in traffic ,"V1: Light truck(van, mini-van, panel, pickup, sport utility) with only four tires / V2:Passenger car",Dry,Dark - lighted roadway,Clear,NEW SUDBURY STREET / CROSS STREET / RAMP - NEW SUDBURY STREET TO RT 93 NB,,,,CANTELEVER RAMP,,236494.4133,901506.6944
2990032,BOSTON,13-Jan-2012,6:41 AM,Not Reported,1,0,0,Single vehicle crash,V1: Not reported,V1:Not reported ,V1: Not reported ,"V1: Light truck(van, mini-van, panel, pickup, sport utility) with only four tires",Wet,Dark - lighted roadway,Rain,HARRISON AVENUE / EAST LENOX STREET,,,,,P2:Pedestrian,234859.4703,898208.3161
2902248,BOSTON,13-Jan-2012,8:34 AM,Property damage only (none injured),1,0,0,Single vehicle crash,V1: Travelling straight ahead,V1:Westbound ,V1: Collision with guardrail ,"V1: Light truck(van, mini-van, panel, pickup, sport utility) with only four tires",Wet,Daylight,Rain,,SOLDIERS FIELD ROAD / NORTH HARVARD STREET,,,,,230992.3482,902048.2872
2967559,BOSTON,13-Jan-2012,9:36 AM,Not Reported,2,0,0,Angle,V1: Not reported / V2:Not reported,V1:Not reported / V2:Not reported ,V1: Not reported / V2: Not reported ,V1: Not reported / V2:Not reported,Dry,Dark - lighted roadway,Cloudy/Cloudy,ATLANTIC AVENUE / EAST STREET,,,,,,236568.1213,900176.5588
2869306,BOSTON,13-Jan-2012,10:20 AM,Property damage only (none injured),1,0,0,Single vehicle crash,V1: Travelling straight ahead,V1:Westbound ,V1: Collision with curb ,V1: Passenger car,Wet,Daylight,Cloudy,,STORROW DRIVE Rte 28 S / RAMP - RT 3 TO RT 28 SB,,,STORROW W/B AT COMMUNITY BOATING,,235236.4121,901157.8801
2861724,BOSTON,13-Jan-2012,4:07 PM,Property damage only (none injured),2,0,0,Rear-end,V1: Travelling straight ahead / V2:Slowing or stopped in traffic,V1:Northbound / V2:Northbound ,V1: Collision with motor vehicle in traffic / V2: Collision with motor vehicle in traffic ,"V1: Passenger car / V2:Light truck(van, mini-van, panel, pickup, sport utility) with only four tires",Dry,Daylight,Not Reported,,Rte 93 N,,Exit 11 on Rte 93,,,237113.1203,891743.2618
2869625,BOSTON,13-Jan-2012,5:37 PM,Non-fatal injury,2,1,0,Rear-end,V1: Slowing or stopped in traffic / V2:Travelling straight ahead,V1:Westbound / V2:Westbound ,V1: Collision with motor vehicle in traffic / V2: Collision with motor vehicle in traffic ,"V1: Light truck(van, mini-van, panel, pickup, sport utility) with only four tires / V2:Passenger car",Dry,Dark - lighted roadway,Cloudy,STORROW DRIVE / CHARLESGATE OVERPASS,,,,STORROW DR W/B AT BOWKER,,233287.6718,900098.5623
2907166,BOSTON,13-Jan-2012,7:07 PM,Property damage only (none injured),1,0,0,Single vehicle crash,V1: Travelling straight ahead,V1:Northbound ,V1: Collision with curb ,V1: Passenger car,Dry,Dark - lighted roadway,Not Reported,,CAMBRIDGE STREET / SOLDIERS FIELD ROAD,,,@ SOLDIERS FIELD ROAD,,231497.2189,901228.0459
2977557,BOSTON (ROSLINDALE),13-Jan-2012,7:10 PM,Unknown,2,0,0,Rear-end,V1: Slowing or stopped in traffic / V2:Travelling straight ahead,V1:Not reported / V2:Not reported ,V1: Collision with motor vehicle in traffic / V2: Collision with motor vehicle in traffic ,V1: Passenger car / V2:Passenger car,Dry,Dark - lighted roadway,Clear,CANTERBURY STREET / HYDE PARK AVENUE,,,,,,231408.7142,892088.8379
2868302,BOSTON,13-Jan-2012,11:16 PM,Non-fatal injury,5,4,0,Rear-end,V1: Parked / V2:Slowing or stopped in traffic / V3:Slowing or stopped in traffic / V4:Slowing or stopped in traffic / V5:Not reported,V1:Northbound / V2:Northbound / V3:Northbound / V4:Northbound / V5:Northbound ,V1: Collision with motor vehicle in traffic / V2: Collision with motor vehicle in traffic / V3: Collision with motor vehicle in traffic / V4: Collision with motor vehicle in traffic / V5: Collision with motor vehicle in traffic ,"V1: Passenger car / V2:Passenger car / V3:Passenger car / V4:Light truck(van, mini-van, panel, pickup, sport utility) with only four tires / V5:Passenger car",Dry,Dark - lighted roadway,Clear,,MAURICE TOBIN BRIDGE Rte 1 N,,,,,236351.605,902672.4475
2867075,BOSTON,14-Jan-2012,3:15 AM,Property damage only (none injured),1,0,0,Single vehicle crash,V1: Leaving traffic lane,V1:Southbound ,V1: Collision with guardrail ,V1: Passenger car,Dry,Dark - lighted roadway,Clear,,Rte 93 S,,,NORTH HOV/SAVIN HILL,,236763.4955,895373.1998
3380383,BOSTON,14-Jan-2012,4:25 AM,Property damage only (none injured),1,0,0,Single vehicle crash,V1: Travelling straight ahead,V1:Southbound ,V1: Collision with median barrier ,V1: Passenger car,Dry,Dark - lighted roadway,Clear,,LEVERETT CONNECTOR SOUTH / INTERSTATE 93 Rte 93 S,,,RAMP L-CS,,234794.8813,903344.6923
2875676,BOSTON,14-Jan-2012,8:00 AM,Property damage only (none injured),2,0,0,Rear-end,V1: Changing lanes / V2:Travelling straight ahead,V1:Northbound / V2:Northbound ,V1: Collision with motor vehicle in traffic / V2: Collision with motor vehicle in traffic ,V1: Passenger car / V2:Passenger car,Dry,Daylight,Clear,,Rte 93 N,,Exit 20 on Rte 93 N,KNEELAND RAMP,,235897.3013,898279.4082
2903986,BOSTON,14-Jan-2012,9:04 AM,Property damage only (none injured),3,0,0,Rear-end,V1: Slowing or stopped in traffic / V2:Slowing or stopped in traffic / V3:Travelling straight ahead,V1:Southbound / V2:Southbound / V3:Southbound ,V1: Collision with motor vehicle in traffic / V2: Collision with motor vehicle in traffic / V3: Collision with motor vehicle in traffic ,V1: Passenger car / V2:Passenger car / V3:Passenger car,Dry,Daylight,Clear,,Rte 93 S,,Exit 15 on Rte 93 S,,,236629.6253,897168.5001
3037126,BOSTON,14-Jan-2012,11:45 AM,Non-fatal injury,2,1,0,Not reported,V1: Entering traffic lane / V2:Not reported,V1:Southbound / V2:Not reported ,V1: Collision with motor vehicle in traffic / V2: Not reported ,"V1: Light truck(van, mini-van, panel, pickup, sport utility) with only four tires / V2:Passenger car",Not reported,Not reported,Not Reported,,1800 DORCHESTER AVENUE,,,,,236008.8432,893264.3467
2898296,BOSTON,14-Jan-2012,1:07 PM,Non-fatal injury,2,1,0,Rear-end,V1: Slowing or stopped in traffic / V2:Travelling straight ahead,V1:Northbound / V2:Northbound ,V1: Collision with motor vehicle in traffic / V2: Collision with motor vehicle in traffic ,"V1: Light truck(van, mini-van, panel, pickup, sport utility) with only four tires / V2:Passenger car",Dry,Daylight,Clear,,Rte 93 N,,Exit 15 on Rte 93 N,,,236950.4904,896542.4881
2868141,BOSTON,14-Jan-2012,3:02 PM,Property damage only (none injured),2,0,0,Rear-end,V1: Travelling straight ahead / V2:Travelling straight ahead,V1:Westbound / V2:Westbound ,V1: Collision with motor vehicle in traffic / V2: Collision with motor vehicle in traffic ,"V1: Passenger car / V2:Light truck(van, mini-van, panel, pickup, sport utility) with only four tires",Dry,Daylight,Clear,,Rte 93 N,,Exit 26 on Rte 93 N,STATION TUNNEL,,236359.8943,901656.8113
2990031,BOSTON,14-Jan-2012,7:51 PM,Not Reported,2,0,0,Not reported,V1: Not reported / V2:Not reported,V1:Not reported / V2:Not reported ,V1: Not reported / V2: Not reported ,V1: Unknown vehicle configuration / V2:Passenger car,Not reported,Not reported,Not Reported,MASSACHUSETTS AVENUE / WESTLAND AVENUE,,,,,,234130.7658,899286.9998
2995240,BOSTON,14-Jan-2012,9:41 PM,Non-fatal injury,1,1,0,Single vehicle crash,V1: Travelling straight ahead,V1:Westbound ,V1: Collision with pedestrian ,V1: Passenger car,Dry,Dark - lighted roadway,Clear,,702 MASSACHUSETTS AVENUE,,,,P2:Pedestrian,235018.0294,898369.6933
2967570,BOSTON (CHARLESTOWN),14-Jan-2012,10:30 PM,Non-fatal injury,2,1,0,Unknown,V1: Not reported / V2:Not reported,V1:Not reported / V2:Not reported ,V1: Not reported / V2: Not reported ,V1: Not reported / V2:Not reported,Dry,Dark - lighted roadway,Clear,BUNKER HILL STREET / MONUMENT STREET,,,,,,236247.4844,903154.4998
2995249,BOSTON,14-Jan-2012,10:59 PM,Non-fatal injury,2,2,0,Angle,V1: Travelling straight ahead / V2:Travelling straight ahead,V1:Eastbound / V2:Southbound ,V1: Collision with parked motor vehicle / V2: Collision with parked motor vehicle ,V1: Passenger car / V2:Passenger car,Dry,Dark - lighted roadway,Clear/Clear,TREMONT STREET / HERALD STREET,,,,,,235544.2657,899754.25
2973019,BOSTON (ROXBURY),15-Jan-2012,3:22 AM,Non-fatal injury,2,1,0,Angle,V1: Travelling straight ahead / V2:Travelling straight ahead,V1:Not reported / V2:Not reported ,V1: Collision with motor vehicle in traffic / V2: Collision with motor vehicle in traffic ,"V1: Passenger car / V2:Light truck(van, mini-van, panel, pickup, sport utility) with only four tires",Dry,Dark - lighted roadway,Clear/Other,WARREN STREET / TOWNSEND STREET,,,,,,234383.894,896293.5339
2990033,BOSTON,15-Jan-2012,7:00 AM,Property damage only (none injured),2,0,0,Angle,V1: Travelling straight ahead / V2:Travelling straight ahead,V1:Eastbound / V2:Not reported ,V1: Collision with motor vehicle in traffic / V2: Collision with motor vehicle in traffic ,"V1: Light truck(van, mini-van, panel, pickup, sport utility) with only four tires / V2:Light truck(van, mini-van, panel, pickup, sport utility) with only four tires",Dry,Daylight,Clear/Clear,MASSACHUSETTS AVENUE / ALBANY STREET,,,,,,235158.7194,898212.7833
2879744,BOSTON,15-Jan-2012,12:07 PM,Non-fatal injury,1,1,0,Angle,V1: Travelling straight ahead,V1:Northbound ,"V1: Collision with cyclist (bicycle, tricycle, unicycle, pedal car) ",V1: Passenger car,Dry,Daylight,Clear,RAMP - WESTERN AVE TO SOLDIERS FIELD RD / CAMBRIDGE STREET / ALLSTON TOLL PLAZA,,,,RIVER ST BRIDGE,"P2:Pedalcyclist (bicycle, tricycle, unicycle, pedal car)",231486.5756,901224.159
2868304,BOSTON,15-Jan-2012,4:55 PM,Non-fatal injury,2,1,0,"Sideswipe, same direction",V1: Changing lanes / V2:Travelling straight ahead,V1:Westbound / V2:Westbound ,V1: Collision with motor vehicle in traffic / V2: Collision with motor vehicle in traffic ,"V1: Single-unit truck (2-axle, 6-tire) / V2:Light truck(van, mini-van, panel, pickup, sport utility) with only four tires",Dry,Dark - lighted roadway,Clear,RAMP - RT 90 EB TO RT 93 SB / RAMP - RT 90 EB TO RT 93 / RAMP - RT 90 EB TO RT 93 NB,,,,RAMP D TO ROUTE 93 N&AMP;AMP;S,,236391.6062,899676.0005
2882444,BOSTON,15-Jan-2012,5:21 PM,Property damage only (none injured),3,0,0,Rear-end,V1: Slowing or stopped in traffic / V2:Slowing or stopped in traffic / V3:Slowing or stopped in traffic,V1:Southbound / V2:Southbound / V3:Southbound ,V1: Collision with motor vehicle in traffic / V2: Collision with motor vehicle in traffic / V3: Collision with motor vehicle in traffic ,"V1: Light truck(van, mini-van, panel, pickup, sport utility) with only four tires / V2:Passenger car / V3:Passenger car",Dry,Dark - lighted roadway,Clear,,RAMP - SOUTHAMPTON ST TO SB FRONTAGE RD / SOUTHBOUND FRONTAGE ROAD,,,SOUTH BAY MALL,,236212.5825,897733.2663
2990030,BOSTON,15-Jan-2012,10:30 PM,Not Reported,2,0,0,Single vehicle crash,V1: Parked / V2:Not reported,V1:Not reported / V2:Not reported ,V1: Not reported / V2: Not reported ,V1: Passenger car / V2:Not reported,Dry,Dark - lighted roadway,Clear,,14 GREENWICH STREET,,,,,234321.5995,898421.937
3069548,BOSTON (SOUTH BOSTON),16-Jan-2012,7:56 AM,Property damage only (none injured),4,0,0,Angle,V1: Turning right / V2:Travelling straight ahead / V3:Parked / V4:Parked,V1:Eastbound / V2:Eastbound / V3:Not reported / V4:Not reported ,V1: Collision with motor vehicle in traffic / V2: Collision with motor vehicle in traffic / V3: Not reported / V4: Not reported ,V1: Passenger car / V2:Passenger car / V3:Passenger car / V4:Passenger car,Dry,Daylight,Clear,DORCHESTER STREET / ROGERS STREET,,,,,,236599.4716,897831.3065
3000831,BOSTON,16-Jan-2012,12:08 PM,Non-fatal injury,5,1,0,"Sideswipe, same direction",V1: Travelling straight ahead / V2:Not reported / V3:Travelling straight ahead / V4:Travelling straight ahead / V5:Travelling straight ahead,V1:Southbound / V2:Not reported / V3:Northbound / V4:Northbound / V5:Northbound ,V1: Collision with motor vehicle in traffic / V2: Not reported / V3: Collision with motor vehicle in traffic / V4: Collision with motor vehicle in traffic / V5: Collision with motor vehicle in traffic ,"V1: Light truck(van, mini-van, panel, pickup, sport utility) with only four tires / V2:Passenger car / V3:Light truck(van, mini-van, panel, pickup, sport utility) with only four tires / V4:Tractor/semi-trailer / V5:Passenger car",Dry,Daylight,Clear,,Rte 93 N,,Exit 13 on Rte 93 N,,,237394.3029,894142.3759
2869627,BOSTON,16-Jan-2012,4:29 PM,Property damage only (none injured),1,0,0,Angle,V1: Travelling straight ahead,V1:Eastbound ,V1: Collision with pedestrian ,V1: Passenger car,Dry,Dusk,Clear,EMBANKMENT ROAD Rte 28 S / CHARLES RIVER DAM ROAD Rte 28 S / LEVERETT CIRCLE,,,,,,235559.0702,901887.0095
2868142,BOSTON,16-Jan-2012,6:58 PM,Property damage only (none injured),2,0,0,Rear-end,V1: Travelling straight ahead / V2:Travelling straight ahead,V1:Southbound / V2:Southbound ,V1: Collision with motor vehicle in traffic / V2: Collision with motor vehicle in traffic ,"V1: Light truck(van, mini-van, panel, pickup, sport utility) with only four tires / V2:Passenger car",Dry,Dark - roadway not lighted,Cloudy,,Rte 93 S,,Exit 26 on Rte 93 S,,,234851.4112,903728.5149
2905860,BOSTON,16-Jan-2012,7:15 PM,Property damage only (none injured),2,0,0,Angle,V1: Entering traffic lane / V2:Travelling straight ahead,V1:Not reported / V2:Not reported ,V1: Collision with motor vehicle in traffic / V2: Collision with motor vehicle in traffic ,V1: Passenger car / V2:Passenger car,Dry,Dark - lighted roadway,Not Reported,,BIRMINGHAM PARKWAY / NORTH BEACON STREET,,,,,228439.0628,900920.8752
2864447,BOSTON,16-Jan-2012,7:40 PM,Property damage only (none injured),2,0,0,Rear-end,V1: Travelling straight ahead / V2:Travelling straight ahead,V1:Northbound / V2:Northbound ,V1: Collision with motor vehicle in traffic / V2: Collision with motor vehicle in traffic ,"V1: Light truck(van, mini-van, panel, pickup, sport utility) with only four tires / V2:Passenger car",Dry,Dark - lighted roadway,Cloudy,,Rte 93 N,,Exit 15 on Rte 93 N,,,236950.4904,896542.4881
2867732,BOSTON,16-Jan-2012,10:25 PM,Property damage only (none injured),9,0,0,Not reported,V1: Slowing or stopped in traffic / V2:Slowing or stopped in traffic / V3:Slowing or stopped in traffic / V4:Slowing or stopped in traffic / V5:Slowing or stopped in traffic / V6:Slowing or stopped in traffic / V7:Slowing or stopped in traffic / V8:Slowing or stopped in traffic / V9:Slowing or stopped in traffic,V1:Northbound / V2:Northbound / V3:Northbound / V4:Northbound / V5:Northbound / V6:Northbound / V7:Northbound / V8:Northbound / V9:Northbound ,V1: Collision with motor vehicle in traffic / V2: Collision with motor vehicle in traffic / V3: Collision with motor vehicle in traffic / V4: Collision with motor vehicle in traffic / V5: Collision with motor vehicle in traffic / V6: Collision with motor vehicle in traffic / V7: Collision with motor vehicle in traffic / V8: Collision with motor vehicle in traffic / V9: Collision with motor vehicle in traffic ,"V1: Light truck(van, mini-van, panel, pickup, sport utility) with only four tires / V2:Passenger car / V3:Passenger car / V4:Light truck(van, mini-van, panel, pickup, sport utility) with only four tires / V5:Passenger car / V6:Passenger car / V7:Light truck(van, mini-van, panel, pickup, sport utility) with only four tires / V8:Light truck(van, mini-van, panel, pickup, sport utility) with only four tires / V9:Light truck(van, mini-van, panel, pickup, sport utility) with only four tires",Ice,Dark - lighted roadway,"Snow/Sleet, hail (freezing rain or drizzle)",,Rte 93 N,,Exit 12 on Rte 93,,,237669.9446,892773.0503
2868306,BOSTON,16-Jan-2012,10:30 PM,Property damage only (none injured),1,0,0,Single vehicle crash,V1: Travelling straight ahead,V1:Westbound ,V1: Collision with guardrail ,"V1: Light truck(van, mini-van, panel, pickup, sport utility) with only four tires",Snow,Dark - roadway not lighted,"Snow/Blowing sand, snow",,Rte 90 W,,Exit 20 on Rte 90 W,,,231452.5043,900558.3732
2869305,BOSTON,16-Jan-2012,10:30 PM,Property damage only (none injured),2,0,0,Head-on,V1: Travelling straight ahead / V2:Turning right,V1:Southbound / V2:Northbound ,V1: Collision with motor vehicle in traffic / V2: Collision with motor vehicle in traffic ,"V1: Passenger car / V2:Unknown heavy truck, cannot classify",Snow,Dark - lighted roadway,Snow,,JAMAICAWAY / POND STREET,,,,,231573.1563,896192.375
3380268,BOSTON,16-Jan-2012,10:35 PM,Non-fatal injury,2,1,0,Rear-end,V1: Travelling straight ahead / V2:Travelling straight ahead,V1:Northbound / V2:Northbound ,V1: Collision with motor vehicle in traffic / V2: Collision with motor vehicle in traffic ,"V1: Light truck(van, mini-van, panel, pickup, sport utility) with only four tires / V2:Light truck(van, mini-van, panel, pickup, sport utility) with only four tires",Ice,Dark - lighted roadway,Snow,,Rte 93 N,,,ZAKIM BRIDGE,,235948.8992,902163.9937
2897942,BOSTON,16-Jan-2012,11:00 PM,Property damage only (none injured),3,0,0,"Sideswipe, same direction",V1: Travelling straight ahead / V2:Travelling straight ahead / V3:Travelling straight ahead,V1:Southbound / V2:Southbound / V3:Southbound ,V1: Collision with median barrier / V2: Collision with motor vehicle in traffic / V3: Collision with motor vehicle in traffic ,"V1: Light truck(van, mini-van, panel, pickup, sport utility) with only four tires / V2:Light truck(van, mini-van, panel, pickup, sport utility) with only four tires / V3:Passenger car",Snow,Dark - lighted roadway,Snow,,Rte 93 S,,Exit 26 on Rte 93 S,LEVERETT RAMP,,234851.4112,903728.5149
2869628,BOSTON,16-Jan-2012,11:00 PM,Property damage only (none injured),2,0,0,Rear-end,V1: Slowing or stopped in traffic / V2:Slowing or stopped in traffic,V1:Eastbound / V2:Eastbound ,V1: Collision with motor vehicle in traffic / V2: Not reported ,V1: Passenger car / V2:Passenger car,Snow,Dark - lighted roadway,Snow,,CHARLES STREET / EMBANKMENT ROAD,,,RT. 93 NB DOWNRAMP,,235275.3438,901382.9998
3380384,BOSTON,16-Jan-2012,11:35 PM,Non-fatal injury,1,1,0,Angle,V1: Leaving traffic lane,V1:Southbound ,V1: Collision with median barrier ,V1: Passenger car,Snow,Dark - lighted roadway,Cloudy/Snow,,Rte 93 S / RAMP - LEVERETT CIRCLE TO RT 93 SB Rte 3 S,,,PRIOR TO TIPONEIL TUNNEL ENTRANC,,236069.9792,901991.4211
2868135,BOSTON,16-Jan-2012,11:45 PM,Not Reported,1,0,0,Single vehicle crash,V1: Travelling straight ahead,V1:Eastbound ,V1: Collision with light pole or other post/support ,"V1: Light truck(van, mini-van, panel, pickup, sport utility) with only four tires",Ice,Dark - lighted roadway,"Snow/Sleet, hail (freezing rain or drizzle)",,MASSACHUSETTS TURNPIKE Rte 90 E,,Exit 19 on Rte 90 E,,,231067.3575,900816.941
3020736,BOSTON,17-Jan-2012,00:00 AM,Not Reported,1,0,0,Not reported,V1: Not reported,V1:Northbound ,V1: Not reported ,V1: Not reported,Not reported,Not reported,Not Reported,,4560 WASHINGTON STREET,,,,,229939.1265,892042.6098
2898297,BOSTON,17-Jan-2012,00:00 AM,Property damage only (none injured),1,0,0,Angle,V1: Travelling straight ahead,V1:Westbound ,V1: Collision with light pole or other post/support ,"V1: Light truck(van, mini-van, panel, pickup, sport utility) with only four tires",Snow,Dark - lighted roadway,Snow,,COLUMBIA ROAD / DORCHESTER AVENUE,,,,,236535.6564,896787.6252
2867488,BOSTON,17-Jan-2012,1:10 AM,Not Reported,1,0,0,Head-on,V1: Travelling straight ahead,V1:Southbound ,V1: Collision with light pole or other post/support ,V1: Passenger car,Snow,Dark - lighted roadway,Snow,,RIVERWAY / AUTUMN STREET,,,,,232105.411,898811.5289
2893958,BOSTON,17-Jan-2012,6:04 AM,Property damage only (none injured),2,0,0,Angle,V1: Travelling straight ahead / V2:Changing lanes,V1:Southbound / V2:Southbound ,V1: Collision with motor vehicle in traffic / V2: Collision with median barrier ,"V1: Light truck(van, mini-van, panel, pickup, sport utility) with only four tires / V2:Passenger car",Wet,Dark - lighted roadway,Cloudy,,Rte 93 S,,Exit 15 on Rte 93 S,,,236629.6253,897168.5001
2923239,BOSTON,17-Jan-2012,7:15 AM,Not Reported,4,0,0,Not reported,V1: Not reported / V2:Not reported / V3:Not reported / V4:Not reported,V1:Not reported / V2:Not reported / V3:Not reported / V4:Not reported ,V1: Not reported / V2: Not reported / V3: Not reported / V4: Not reported ,"V1: Passenger car / V2:Passenger car / V3:Light truck(van, mini-van, panel, pickup, sport utility) with only four tires / V4:Passenger car",Not reported,Not reported,Not Reported,,1603 WASHINGTON STREET,,,,,235049.1307,898713.7985
3345625,BOSTON (JAMAICA PLAIN),17-Jan-2012,7:17 AM,Non-fatal injury,2,2,0,Angle,V1: Travelling straight ahead / V2:Travelling straight ahead,V1:Not reported / V2:Not reported ,V1: Not reported / V2: Not reported ,V1: Passenger car / V2:Passenger car,Wet,Daylight,Snow/Snow,CENTRE STREET / DAY STREET,,,,ROTARY,,232152.2903,896911.007
2927996,BOSTON,17-Jan-2012,8:30 AM,Property damage only (none injured),2,0,0,Rear-end,V1: Slowing or stopped in traffic / V2:Travelling straight ahead,V1:Westbound / V2:Westbound ,V1: Collision with motor vehicle in traffic / V2: Collision with motor vehicle in traffic ,"V1: Light truck(van, mini-van, panel, pickup, sport utility) with only four tires / V2:Light truck(van, mini-van, panel, pickup, sport utility) with only four tires",Dry,Daylight,Not Reported,,ARBORWAY Rte 203 W / MONSIGNOR CASEY HIGHWAY,,,ENTRANCE TO CASEY OVERPASS,,232378.5759,894574.646
2967571,BOSTON,17-Jan-2012,8:50 AM,Property damage only (none injured),2,0,0,Rear-end,V1: Travelling straight ahead / V2:Entering traffic lane,V1:Northbound / V2:Westbound ,V1: Collision with motor vehicle in traffic / V2: Collision with motor vehicle in traffic ,"V1: Passenger car / V2:Light truck(van, mini-van, panel, pickup, sport utility) with only four tires",Wet,Daylight,Cloudy,SPICE STREET / CAMBRIDGE STREET,,,,,,234965.6535,903759.4237
2875862,BOSTON,17-Jan-2012,9:00 AM,Property damage only (none injured),2,0,0,"Sideswipe, same direction",V1: Turning right / V2:Turning right,V1:Westbound / V2:Westbound ,V1: Collision with motor vehicle in traffic / V2: Collision with motor vehicle in traffic ,V1: Passenger car / V2:Single-unit truck (3-or-more axles),Dry,Daylight,Clear,,COLUMBIA ROAD / KOSCIUSZKO CIRCLE,,,,,236980.4846,896866.3749
3090360,BOSTON,17-Jan-2012,9:15 AM,Property damage only (none injured),2,0,0,"Sideswipe, opposite direction",V1: Changing lanes / V2:Slowing or stopped in traffic,V1:Northbound / V2:Southbound ,V1: Collision with motor vehicle in traffic / V2: Collision with motor vehicle in traffic ,V1: Passenger car / V2:Passenger car,Slush,Daylight,"Cloudy/Sleet, hail (freezing rain or drizzle)",NORTH WASHINGTON STREET / CAUSEWAY STREET,,,,,,236364.2014,901913.9699
2967575,BOSTON,17-Jan-2012,11:20 AM,Property damage only (none injured),2,0,0,"Sideswipe, same direction",V1: Turning left / V2:Changing lanes,V1:Northbound / V2:Southbound ,V1: Collision with motor vehicle in traffic / V2: Collision with motor vehicle in traffic ,V1: Passenger car / V2:Not reported,Wet,Daylight,Cloudy,RUTHERFORD AVENUE / SULLIVAN STREET,,,,,,,
2867079,BOSTON,17-Jan-2012,12:05 PM,Property damage only (none injured),2,0,0,Angle,V1: Turning left / V2:Travelling straight ahead,V1:Westbound / V2:Westbound ,V1: Collision with motor vehicle in traffic / V2: Collision with motor vehicle in traffic ,"V1: Passenger car / V2:Light truck(van, mini-van, panel, pickup, sport utility) with only four tires",Wet,Daylight,Cloudy,,WILLIAM T MORRISSEY BOULEVARD / NEPONSET AVENUE,,,IN NEPONSET CIRCLE,,237665.3127,892945.4374
2897848,BOSTON,17-Jan-2012,12:17 PM,Not Reported,1,0,0,Single vehicle crash,V1: Travelling straight ahead,V1:Northbound ,V1: Collision with median barrier ,"V1: Light truck(van, mini-van, panel, pickup, sport utility) with only four tires",Dry,Dark - lighted roadway,Clear,,Rte 93 N,,Exit 23 on Rte 93 N,,,236935.489,901011.4131
3380270,BOSTON,17-Jan-2012,12:45 PM,Property damage only (none injured),2,0,0,Angle,V1: Travelling straight ahead / V2:Travelling straight ahead,V1:Southbound / V2:Southbound ,V1: Collision with motor vehicle in traffic / V2: Collision with motor vehicle in traffic ,"V1: Light truck(van, mini-van, panel, pickup, sport utility) with only four tires / V2:Light truck(van, mini-van, panel, pickup, sport utility) with only four tires",Wet,Daylight,Cloudy,,JOHN F FITZGERALD EXPRESSWAY Rte 93 S / RAMP - RT 93 SB TO RT 90 WB,,,PURCHASE STREET,,236962.1852,900745.7227
3380385,BOSTON,17-Jan-2012,12:45 PM,Property damage only (none injured),2,0,0,Angle,V1: Travelling straight ahead / V2:Travelling straight ahead,V1:Not reported / V2:Southbound ,V1: Collision with motor vehicle in traffic / V2: Collision with moped ,"V1: Light truck(van, mini-van, panel, pickup, sport utility) with only four tires / V2:Light truck(van, mini-van, panel, pickup, sport utility) with only four tires",Wet,Daylight,Cloudy,,JOHN F FITZGERALD EXPRESSWAY Rte 93 S / RAMP - RT 93 SB TO RT 90 WB,,,PURCHASE STREET,,236962.0944,900738.5982