Crash Number,City/Town Name,Crash Date,Crash Time,Crash Severity,Number of Vehicles,Total Nonfatal Injuries,Total Fatal Injuries,Manner of Collision,Vehicle Action Prior to Crash,Vehicle Travel Directions,Most Harmful Events,Vehicle Configuration,Road Surface Condition,Ambient Light,Weather Condition,At Roadway Intersection,Distance from Nearest Roadway Intersection,Distance from Nearest Milemarker,Distance from Nearest Exit,Distance from Nearest Landmark,Non Motorist Type,X Coordinate,Y Coordinate
3380269,BOSTON,17-Jan-2012,12:45 PM,Property damage only (none injured),2,0,0,Angle,V1: Travelling straight ahead / V2:Travelling straight ahead,V1:Southbound / V2:Southbound ,V1: Collision with motor vehicle in traffic / V2: Collision with motor vehicle in traffic ,"V1: Light truck(van, mini-van, panel, pickup, sport utility) with only four tires / V2:Light truck(van, mini-van, panel, pickup, sport utility) with only four tires",Wet,Daylight,Cloudy,,JOHN F FITZGERALD EXPRESSWAY Rte 93 S / RAMP - RT 93 SB TO RT 90 WB,,,PRIOR TO PURCHASE STREET,,236961.909,900736.93
2896859,BOSTON,17-Jan-2012,1:15 PM,Property damage only (none injured),2,0,0,Angle,V1: Travelling straight ahead / V2:Travelling straight ahead,V1:Southbound / V2:Southbound ,V1: Collision with motor vehicle in traffic / V2: Collision with motor vehicle in traffic ,V1: Passenger car / V2:Passenger car,Wet,Daylight,Cloudy,,Rte 93 S,,Exit 23 on Rte 93 S,,,236856.2793,901152.8252
2868307,BOSTON,17-Jan-2012,4:05 PM,Property damage only (none injured),3,0,0,Rear-end,V1: Slowing or stopped in traffic / V2:Slowing or stopped in traffic / V3:Travelling straight ahead,V1:Southbound / V2:Southbound / V3:Southbound ,V1: Collision with motor vehicle in traffic / V2: Collision with motor vehicle in traffic / V3: Collision with motor vehicle in traffic ,V1: Passenger car / V2:Passenger car / V3:Passenger car,Wet,Dark - lighted roadway,Cloudy,,Rte 93 S,,Exit 24 on Rte 93 S,,,236397.1934,901565.6513
3381567,BOSTON,17-Jan-2012,5:10 PM,Non-fatal injury,3,1,0,Rear-end,V1: Slowing or stopped in traffic / V2:Slowing or stopped in traffic / V3:Slowing or stopped in traffic,V1:Northbound / V2:Northbound / V3:Northbound ,V1: Collision with motor vehicle in traffic / V2: Collision with motor vehicle in traffic / V3: Collision with motor vehicle in traffic ,V1: Passenger car / V2:Passenger car / V3:Passenger car,Wet,Dark - lighted roadway,Cloudy/Rain,NEPONSET AVENUE Rte 3A N / WILLIAM T MORRISSEY BOULEVARD,,,,NEPONSET BRIDGE,,237753.7034,892977.1251
2967577,BOSTON,17-Jan-2012,5:45 PM,Property damage only (none injured),1,0,0,Single vehicle crash,V1: Travelling straight ahead,V1:Northbound ,V1: Not reported ,V1: Passenger car,Wet,Dark - lighted roadway,Rain/Cloudy,MAIN STREET / SCHOOL STREET,,,,,P2:Pedestrian,235757.4374,902985.0626
2995238,BOSTON,17-Jan-2012,5:54 PM,Property damage only (none injured),1,0,0,Single vehicle crash,V1: Turning left,V1:Eastbound ,V1: Collision with pedestrian ,V1: Passenger car,Wet,Dark - lighted roadway,Cloudy/Rain,MASSACHUSETTS AVENUE / ALBANY STREET,,,,,P2:Pedestrian,235158.7194,898212.7833
2868143,BOSTON,17-Jan-2012,7:09 PM,Non-fatal injury,3,1,0,Rear-end,V1: Slowing or stopped in traffic / V2:Slowing or stopped in traffic / V3:Slowing or stopped in traffic,V1:Southbound / V2:Southbound / V3:Southbound ,V1: Collision with motor vehicle in traffic / V2: Collision with motor vehicle in traffic / V3: Collision with motor vehicle in traffic ,"V1: Light truck(van, mini-van, panel, pickup, sport utility) with only four tires / V2:Passenger car / V3:Passenger car",Wet,Dark - lighted roadway,Cloudy/Rain,,RAMP - RT 93 SB TO MASSACHUSETTS AVENUE / RAMP - RT 93 TO MASSACHUSETTS AVE,,,,,235794.056,898557.8495
3036191,BOSTON,17-Jan-2012,8:16 PM,Not Reported,1,0,0,Single vehicle crash,V1: Travelling straight ahead,V1:Not reported ,V1: Collision with pedestrian ,V1: Not reported,Wet,Dark - lighted roadway,Rain,,320 WEST BROADWAY,,,,P2:Pedestrian,237051.9148,898765.5147
2868136,BOSTON,18-Jan-2012,2:03 AM,Property damage only (none injured),1,0,0,Single vehicle crash,V1: Travelling straight ahead,V1:Eastbound ,V1: Collision with median barrier ,V1: Passenger car,Wet,Dark - lighted roadway,Clear,,Rte 90 E,,,,,229761.5307,900823.963
2898178,BOSTON,18-Jan-2012,3:36 AM,Property damage only (none injured),1,0,0,Single vehicle crash,V1: Travelling straight ahead,V1:Northbound ,V1: Collision with median barrier ,V1: Passenger car,Dry,Dark - lighted roadway,Clear,,Rte 93,,Exit 23 on Rte 93,93N,,236935.489,901011.4131
2969905,BOSTON,18-Jan-2012,5:50 AM,Not Reported,1,0,0,Unknown,V1: Not reported,V1:Not reported ,V1: Not reported ,V1: Not reported,Unknown,Dawn,Clear,GROVE STREET / CAMBRIDGE STREET,,,,,,235525.25,901265.375
3045343,BOSTON,18-Jan-2012,8:06 AM,Not Reported,1,0,0,Single vehicle crash,V1: Not reported,V1:Not reported ,V1: Not reported ,V1: Unknown vehicle configuration,Dry,Daylight,Clear,MARKET STREET / WASHINGTON STREET,,,,,P2:Pedestrian,228556.1159,899905.3581
3381325,BOSTON,18-Jan-2012,8:35 AM,Property damage only (none injured),4,0,0,Rear-end,V1: Slowing or stopped in traffic / V2:Slowing or stopped in traffic / V3:Slowing or stopped in traffic / V4:Travelling straight ahead,V1:Northbound / V2:Northbound / V3:Northbound / V4:Northbound ,V1: Collision with motor vehicle in traffic / V2: Collision with motor vehicle in traffic / V3: Collision with motor vehicle in traffic / V4: Collision with motor vehicle in traffic ,"V1: Light truck(van, mini-van, panel, pickup, sport utility) with only four tires / V2:Passenger car / V3:Light truck(van, mini-van, panel, pickup, sport utility) with only four tires / V4:Light truck(van, mini-van, panel, pickup, sport utility) with only four tires",Dry,Daylight,Clear,,BOSTON UNIVERSITY BRIDGE Rte 2 W / BOSTON UNIVERSITY BRIDGE Rte 2 E,,,BU BRIDGE,,232075.6428,900267.4529
2893950,BOSTON,18-Jan-2012,10:44 AM,Property damage only (none injured),2,0,0,Rear-end,V1: Changing lanes / V2:Travelling straight ahead,V1:Southbound / V2:Southbound ,V1: Collision with motor vehicle in traffic / V2: Collision with motor vehicle in traffic ,V1: Passenger car / V2:Passenger car,Dry,Daylight,Clear,,Rte 93 S,,Exit 26 on Rte 93 S,,,234851.4113,903728.5151
2894891,BOSTON,18-Jan-2012,10:56 AM,Property damage only (none injured),2,0,0,"Sideswipe, same direction",V1: Turning right / V2:Travelling straight ahead,V1:Southbound / V2:Southbound ,V1: Collision with motor vehicle in traffic / V2: Collision with motor vehicle in traffic ,"V1: Light truck(van, mini-van, panel, pickup, sport utility) with only four tires / V2:Truck/trailer",Dry,Daylight,Clear,SOUTHBOUND FRONTAGE ROAD / RAMP - RT 93 TO MASSACHUSETTS AVE / RAMP - RT 93 SB TO MASSACHUSETTS AVENUE,,,,MASS AVE CONNECTOR,,235775.9764,898458.5295
2939678,BOSTON,18-Jan-2012,11:20 AM,Property damage only (none injured),3,0,0,"Sideswipe, same direction",V1: Slowing or stopped in traffic / V2:Slowing or stopped in traffic / V3:Travelling straight ahead,V1:Southbound / V2:Southbound / V3:Southbound ,V1: Collision with motor vehicle in traffic / V2: Collision with motor vehicle in traffic / V3: Collision with motor vehicle in traffic ,"V1: Light truck(van, mini-van, panel, pickup, sport utility) with only four tires / V2:Light truck(van, mini-van, panel, pickup, sport utility) with only four tires / V3:Light truck(van, mini-van, panel, pickup, sport utility) with only four tires",Dry,Daylight,Clear,,Rte 93 S,,Exit 15 on Rte 93 S,,,236629.6253,897168.5001
3222838,BOSTON,18-Jan-2012,11:25 AM,Property damage only (none injured),2,0,0,Not reported,V1: Travelling straight ahead / V2:Travelling straight ahead,V1:Westbound / V2:Westbound ,V1: Collision with motor vehicle in traffic / V2: Collision with motor vehicle in traffic ,"V1: Light truck(van, mini-van, panel, pickup, sport utility) with only four tires / V2:Light truck(van, mini-van, panel, pickup, sport utility) with only four tires",Not reported,Not reported,Not Reported,,3957 WASHINGTON STREET,,,,,231302.9568,893758.8228
3380386,BOSTON,18-Jan-2012,1:34 PM,Property damage only (none injured),2,0,0,Rear-end,V1: Changing lanes / V2:Travelling straight ahead,V1:Eastbound / V2:Eastbound ,V1: Collision with motor vehicle in traffic / V2: Collision with motor vehicle in traffic ,V1: Passenger car / V2:Passenger car,Dry,Other,Clear,,MASSACHUSETTS TURNPIKE Rte 90 E / RAMP - RT 90 EB TO STUART STREET & HUNTI,,,PRUDENTIAL TUNNEL,,234698.9994,899774.3233
2882446,BOSTON,18-Jan-2012,2:11 PM,Property damage only (none injured),2,0,0,"Sideswipe, opposite direction",V1: Turning left / V2:Travelling straight ahead,V1:Southbound / V2:Northbound ,V1: Collision with motor vehicle in traffic / V2: Collision with motor vehicle in traffic ,V1: Passenger car / V2:Passenger car,Dry,Daylight,Clear,RAMP - COLUMBIA RD TO RT 93 SB / COLUMBIA ROAD,,,,,,236752.685,896860.9912
2986531,BOSTON,18-Jan-2012,2:38 PM,Property damage only (none injured),2,0,0,Rear-end,V1: Slowing or stopped in traffic / V2:Travelling straight ahead,V1:Westbound / V2:Westbound ,V1: Collision with motor vehicle in traffic / V2: Collision with motor vehicle in traffic ,"V1: Light truck(van, mini-van, panel, pickup, sport utility) with only four tires / V2:Light truck(van, mini-van, panel, pickup, sport utility) with only four tires",Dry,Daylight,Clear,ATKINSON STREET,SOUTHAMPTON STREET / TOPEKA STREET,,,,,235603.2967,898002.9376
2875678,BOSTON,18-Jan-2012,2:45 PM,Property damage only (none injured),2,0,0,Angle,V1: Travelling straight ahead / V2:Changing lanes,V1:Northbound / V2:Southbound ,V1: Collision with motor vehicle in traffic / V2: Collision with motor vehicle in traffic ,V1: Passenger car / V2:Passenger car,Dry,Daylight,Clear,,Rte 93 S,,Exit 12 on Rte 93 S,,,237620.5491,892713.0989
3381410,BOSTON,18-Jan-2012,5:29 PM,Property damage only (none injured),2,0,0,"Sideswipe, same direction",V1: Changing lanes / V2:Travelling straight ahead,V1:Eastbound / V2:Eastbound ,V1: Collision with motor vehicle in traffic / V2: Collision with motor vehicle in traffic ,V1: Passenger car / V2:Passenger car,Dry,Dark - lighted roadway,Cloudy,CHARLES RIVER DAM ROAD Rte 28 N / STORROW DRIVE Rte 28 N / NASHUA STREET,,,,,,235565.4707,901894.5497
2872407,BOSTON,18-Jan-2012,7:00 PM,Property damage only (none injured),2,0,0,Rear-end,V1: Slowing or stopped in traffic / V2:Slowing or stopped in traffic,V1:Southbound / V2:Southbound ,V1: Collision with motor vehicle in traffic / V2: Collision with motor vehicle in traffic ,V1: Passenger car / V2:Passenger car,Dry,Dark - lighted roadway,Clear,,Rte 93 S,,Exit 15 on Rte 93 S,,,236629.625,897168.5001
3389253,BOSTON,18-Jan-2012,7:04 PM,Non-fatal injury,1,1,0,Not reported,V1: Turning right,V1:Northbound ,V1: Collision with pedestrian ,"V1: Light truck(van, mini-van, panel, pickup, sport utility) with only four tires",Dry,Dark - lighted roadway,Clear,PARK DRIVE / PETERBOROUGH STREET,,,,,P1:Pedestrian,232810.5937,899188.6876
2922226,BOSTON,19-Jan-2012,00:00 AM,Not Reported,1,0,0,Single vehicle crash,V1: Not reported,V1:Eastbound ,V1: Collision with work zone maintenance equipment ,V1: Passenger car,Dry,Dark - lighted roadway,Clear,,MORTON STREET Rte 203 E / RAMP - RT 203 EB TO AMERICAN LEGION HWY,,,AMERICAN LEGION PK WY OVERPASS,,233324.1997,893579.6395
2989831,BOSTON,19-Jan-2012,00:00 AM,Non-fatal injury,1,1,0,Single vehicle crash,V1: Travelling straight ahead,V1:Northbound ,V1: Collision with pedestrian ,V1: Passenger car,Dry,Dark - lighted roadway,Clear,,400 MASSACHUSETTS AVENUE,,,,P2:Pedestrian,234345.4846,899088.5762
2969866,BOSTON,19-Jan-2012,6:35 AM,Non-fatal injury,1,1,0,Single vehicle crash,V1: Travelling straight ahead,V1:Not reported ,V1: Collision with pedestrian ,V1: Not reported,Dry,Dark - lighted roadway,Clear/Clear,BEDFORD STREET / KINGSTON STREET,,,,,P2:Pedestrian,236298.6516,900406.8416
2934987,BOSTON (WEST ROXBURY),19-Jan-2012,9:27 AM,Non-fatal injury,2,1,0,Angle,V1: Travelling straight ahead / V2:Travelling straight ahead,V1:Southbound / V2:Northbound ,V1: Collision with motor vehicle in traffic / V2: Collision with motor vehicle in traffic ,"V1: Passenger car / V2:Light truck(van, mini-van, panel, pickup, sport utility) with only four tires",Dry,Daylight,Clear,LA GRANGE STREET / VERMONT STREET,,,,,,227602.5154,893054.3751
2883346,BOSTON,19-Jan-2012,10:08 AM,Property damage only (none injured),2,0,0,Rear-end,V1: Slowing or stopped in traffic / V2:Travelling straight ahead,V1:Northbound / V2:Northbound ,V1: Collision with motor vehicle in traffic / V2: Collision with motor vehicle in traffic ,"V1: Light truck(van, mini-van, panel, pickup, sport utility) with only four tires / V2:Light truck(van, mini-van, panel, pickup, sport utility) with only four tires",Dry,Daylight,Clear,,Rte 93 N,,Exit 18 on Rte 93 N,,,236105.0638,897952.0304
2882445,BOSTON,19-Jan-2012,10:20 AM,Property damage only (none injured),2,0,0,Angle,V1: Changing lanes / V2:Travelling straight ahead,V1:Northbound / V2:Northbound ,V1: Collision with motor vehicle in traffic / V2: Collision with motor vehicle in traffic ,"V1: Passenger car / V2:Light truck(van, mini-van, panel, pickup, sport utility) with only four tires",Dry,Daylight,Clear,,Rte 93 N,,Exit 28 on Rte 93 N,,,234921.8759,903234.5321
2897639,BOSTON,19-Jan-2012,6:00 PM,Property damage only (none injured),2,0,0,Angle,V1: Travelling straight ahead / V2:Travelling straight ahead,V1:Westbound / V2:Westbound ,V1: Collision with motor vehicle in traffic / V2: Collision with guardrail ,V1: Tractor/semi-trailer / V2:Passenger car,Dry,Dark - lighted roadway,Cloudy,,Rte 90 W,Rte 90  W Milemarker 133.0,,FENWAY PARK,,234170.1927,899773.2896
2869629,BOSTON,19-Jan-2012,6:15 PM,Property damage only (none injured),2,0,0,"Sideswipe, same direction",V1: Travelling straight ahead / V2:Changing lanes,V1:Westbound / V2:Westbound ,V1: Collision with motor vehicle in traffic / V2: Collision with motor vehicle in traffic ,"V1: Passenger car / V2:Light truck(van, mini-van, panel, pickup, sport utility) with only four tires",Dry,Dark - lighted roadway,Clear/Cloudy,,DAVID G MUGAR WAY Rte 28 S / BACK STREET,,,STORROW DRIVE W/B AT ARLINGTON S,,235149.2734,900687.8448
3380271,BOSTON,19-Jan-2012,6:42 PM,Property damage only (none injured),2,0,0,Rear-end,V1: Travelling straight ahead / V2:Slowing or stopped in traffic,V1:Westbound / V2:Westbound ,V1: Collision with motor vehicle in traffic / V2: Collision with motor vehicle in traffic ,"V1: Passenger car / V2:Light truck(van, mini-van, panel, pickup, sport utility) with only four tires",Dry,Dark - lighted roadway,Cloudy,,Rte 90 W,,Exit 20 on Rte 90 W,IC 20,,231452.5043,900558.3731
3380387,BOSTON,19-Jan-2012,9:10 PM,Property damage only (none injured),2,0,0,Angle,V1: Changing lanes / V2:Travelling straight ahead,V1:Southbound / V2:Southbound ,V1: Collision with motor vehicle in traffic / V2: Collision with motor vehicle in traffic ,V1: Passenger car / V2:Passenger car,Dry,Dark - lighted roadway,Clear,,RAMP - LEVERETT CIRCLE TO RT 93 SB Rte 3 S / Rte 93 S,,,CANA LOOP RAMP SB,,236021.6085,901995.8716
2900426,BOSTON (MATTAPAN),19-Jan-2012,9:17 PM,Non-fatal injury,2,1,0,Rear-end,V1: Slowing or stopped in traffic / V2:Travelling straight ahead,V1:Not reported / V2:Not reported ,V1: Collision with motor vehicle in traffic / V2: Collision with motor vehicle in traffic ,"V1: Bus (seats for more than 15 people, including driver) / V2:Passenger car","Sand, mud, dirt, oil, gravel",Dark - lighted roadway,Clear,BLUE HILL AVENUE / FAIRWAY STREET,,,,,,233507.1718,890991.8748
2896860,BOSTON,19-Jan-2012,10:13 PM,Property damage only (none injured),1,0,0,Single vehicle crash,V1: Travelling straight ahead,V1:Westbound ,V1: Collision with curb ,V1: Passenger car,Wet,Dark - lighted roadway,Snow,,Rte 90 W,,,,,234170.1926,899773.2894
2869634,BOSTON,20-Jan-2012,00:00 AM,Property damage only (none injured),1,0,0,Single vehicle crash,V1: Travelling straight ahead,V1:Northbound ,V1: Collision with curb ,V1: Passenger car,Snow,Dark - lighted roadway,"Snow/Sleet, hail (freezing rain or drizzle)",,VETERANS OF FOREIGN WARS PARKWAY / INDEPENDENCE DRIVE,,,,,228228.9064,893974.2502
2967561,BOSTON,20-Jan-2012,00:00 AM,Not Reported,2,0,0,"Sideswipe, same direction",V1: Not reported / V2:Not reported,V1:Not reported / V2:Not reported ,V1: Not reported / V2: Not reported ,V1: Not reported / V2:Not reported,Snow,Dark - lighted roadway,Snow,CHARLES STREET / TREMONT STREET,,,,,,,
2875749,BOSTON,20-Jan-2012,1:47 AM,Property damage only (none injured),1,0,0,Single vehicle crash,V1: Travelling straight ahead,V1:Westbound ,V1: Collision with median barrier ,V1: Passenger car,Wet,Dark - lighted roadway,Not Reported,,STORROW DRIVE / BERKELEY STREET,,,COPLEY,,234650.189,900522.1299
2974433,BOSTON (DORCHESTER),20-Jan-2012,4:00 AM,Not Reported,4,0,0,Not reported,V1: Parked / V2:Unknown / V3:Unknown / V4:Not reported,V1:Not reported / V2:Not reported / V3:Not reported / V4:Not reported ,V1: Collision with impact attenuator/crash cushion / V2: Collision with impact attenuator/crash cushion / V3: Collision with impact attenuator/crash cushion / V4: Not reported ,V1: Passenger car / V2:Passenger car / V3:Passenger car / V4:Not reported,Not reported,Not reported,Not Reported,ABBOT STREET,,,,,,,
3015409,BOSTON (DORCHESTER),20-Jan-2012,6:38 AM,Property damage only (none injured),2,0,0,Angle,V1: Turning left / V2:Not reported,V1:Eastbound / V2:Not reported ,V1: Collision with motor vehicle in traffic / V2: Not reported ,V1: Not reported / V2:Not reported,Wet,Dawn,Cloudy/Cloudy,DORCHESTER AVENUE / GALLIVAN BOULEVARD,,,,,,235804.4062,892252.5627
3381568,BOSTON,20-Jan-2012,9:24 AM,Property damage only (none injured),1,0,0,Single vehicle crash,V1: Travelling straight ahead,V1:Southbound ,V1: Collision with median barrier ,"V1: Light truck(van, mini-van, panel, pickup, sport utility) with only four tires",Wet,Daylight,Clear/Other,,Rte 93 S,,,SAVIN HILL,,236851.4978,895728.0539
2879646,BOSTON,20-Jan-2012,9:50 AM,Property damage only (none injured),2,0,0,Angle,V1: Travelling straight ahead / V2:Changing lanes,V1:Westbound / V2:Westbound ,V1: Collision with motor vehicle in traffic / V2: Collision with motor vehicle in traffic ,"V1: Light truck(van, mini-van, panel, pickup, sport utility) with only four tires / V2:Passenger car",Wet,Daylight,Cloudy,,STORROW DRIVE / CHARLESGATE OVERPASS,,,,,233518.1633,900133.7251
3061838,BOSTON,20-Jan-2012,11:05 AM,Not Reported,2,0,0,Not reported,V1: Not reported / V2:Not reported,V1:Not reported / V2:Not reported ,V1: Not reported / V2: Not reported ,V1: Passenger car / V2:Passenger car,Not reported,Not reported,Not Reported,BEACON STREET / BERKELEY STREET,,,,,,235029.2971,900567.8748
3380272,BOSTON,20-Jan-2012,11:10 AM,Property damage only (none injured),2,0,0,Rear-end,V1: Travelling straight ahead / V2:Travelling straight ahead,V1:Northbound / V2:Northbound ,V1: Collision with motor vehicle in traffic / V2: Collision with motor vehicle in traffic ,V1: Passenger car / V2:Passenger car,Dry,Daylight,Cloudy,,Rte 93 N,,Exit 20 on Rte 93 N,AFTER EXIT 20,,235935.6734,898219.8317
3034876,BOSTON (SOUTH BOSTON),20-Jan-2012,12:20 PM,Property damage only (none injured),2,0,0,Rear-end,V1: Travelling straight ahead / V2:Slowing or stopped in traffic,V1:Eastbound / V2:Not reported ,V1: Collision with motor vehicle in traffic / V2: Collision with motor vehicle in traffic ,"V1: Passenger car / V2:Light truck(van, mini-van, panel, pickup, sport utility) with only four tires",Wet,Daylight,Clear/Clear,SUMMER STREET / EAST FIRST STREET,,,,,,238277.6791,898731.9954
3381452,BOSTON,20-Jan-2012,2:35 PM,Property damage only (none injured),2,0,0,Rear-end,V1: Travelling straight ahead / V2:Slowing or stopped in traffic,V1:Southbound / V2:Southbound ,V1: Collision with motor vehicle in traffic / V2: Collision with motor vehicle in traffic ,"V1: Passenger car / V2:Light truck(van, mini-van, panel, pickup, sport utility) with only four tires",Dry,Daylight,Clear,,Rte 93 S / RAMP - MORRISSEY BLVD TO RT 93 SB,,,AT NEPONSET CIRCLE,,237689.931,892934.0959
2890192,BOSTON,20-Jan-2012,3:23 PM,Property damage only (none injured),2,0,0,Rear-end,V1: Travelling straight ahead / V2:Slowing or stopped in traffic,V1:Northbound / V2:Northbound ,V1: Collision with motor vehicle in traffic / V2: Collision with motor vehicle in traffic ,"V1: Passenger car / V2:Light truck(van, mini-van, panel, pickup, sport utility) with only four tires",Dry,Daylight,Clear,,Rte 93 N,,Exit 13 on Rte 93 N,,,237394.3258,894142.3175
3114221,BOSTON (DORCHESTER),20-Jan-2012,3:40 PM,Non-fatal injury,3,1,0,Not reported,V1: Turning right / V2:Parked / V3:Not reported,V1:Not reported / V2:Not reported / V3:Not reported ,V1: Collision with parked motor vehicle / V2: Collision with motor vehicle in traffic / V3: Not reported ,V1: Passenger car / V2:Passenger car / V3:Not reported,Not reported,Not reported,Not Reported,,14 BIRD STREET Rte 145,,,,,235705.893,896109.6016
2997643,BOSTON,20-Jan-2012,5:03 PM,Not Reported,1,0,0,Single vehicle crash,V1: Travelling straight ahead,V1:Southbound ,V1: Collision with pedestrian ,V1: Not reported,Dry,Dusk,Clear/Clear,NORTH WASHINGTON STREET / MEDFORD STREET,,,,,,236377.5651,901757.6143
2919281,BOSTON,20-Jan-2012,7:32 PM,Property damage only (none injured),2,0,0,"Sideswipe, same direction",V1: Travelling straight ahead / V2:Travelling straight ahead,V1:Northbound / V2:Northbound ,V1: Collision with motor vehicle in traffic / V2: Collision with motor vehicle in traffic ,"V1: Light truck(van, mini-van, panel, pickup, sport utility) with only four tires / V2:Tractor/semi-trailer","Sand, mud, dirt, oil, gravel",Dark - lighted roadway,Clear,,Rte 93,,Exit 23 on Rte 93,ONEILL TUNNEL,,236935.489,901011.4131
3163129,BOSTON,20-Jan-2012,11:20 PM,Property damage only (none injured),2,0,0,Rear-end,V1: Slowing or stopped in traffic / V2:Travelling straight ahead,V1:Southbound / V2:Northbound ,V1: Collision with motor vehicle in traffic / V2: Collision with motor vehicle in traffic ,V1: Passenger car / V2:Passenger car,Dry,Dark - lighted roadway,Clear,MORTON STREET Rte 203 W / FOREST HILLS AVENUE / CEMETERY ROAD,,,,,,232598.4532,894496.6249
2882339,BOSTON,21-Jan-2012,00:00 AM,Property damage only (none injured),2,0,0,"Sideswipe, same direction",V1: Travelling straight ahead / V2:Not reported,V1:Eastbound / V2:Not reported ,V1: Collision with motor vehicle in traffic / V2: Not reported ,V1: Passenger car / V2:Passenger car,Not reported,Dark - unknown roadway lighting,Not Reported,,STORROW DRIVE Rte 28 N / RAMP - STORROW DRIVE TO LEVERETT CONNECT,,,MASS EYE AND EAR,,235342.4822,901430.3835
2869630,BOSTON,21-Jan-2012,00:00 AM,Property damage only (none injured),2,0,0,Angle,V1: Making U-turn / V2:Travelling straight ahead,V1:Eastbound / V2:Eastbound ,V1: Collision with motor vehicle in traffic / V2: Collision with motor vehicle in traffic ,V1: Passenger car / V2:Passenger car,Dry,Dark - lighted roadway,Clear,FENWAY / PALACE ROAD,,,,,,233048.0936,898811.4271
2969864,BOSTON (CHARLESTOWN),21-Jan-2012,00:00 AM,Not Reported,1,0,0,"Sideswipe, same direction",V1: Not reported,V1:Not reported ,V1: Not reported ,V1: Not reported,Unknown,Dark - lighted roadway,Clear,WALFORD WAY,,,,,,,
2969030,BOSTON,21-Jan-2012,2:22 AM,Non-fatal injury,1,1,0,Single vehicle crash,V1: Unknown,V1:Northbound ,V1: Collision with pedestrian ,V1: Not reported,Dry,Dark - lighted roadway,Clear/Unknown,CHARLES STREET / BOYLSTON STREET,,,,,P2:Pedestrian,235673.496,900314.1783
2869307,BOSTON,21-Jan-2012,2:40 AM,Property damage only (none injured),2,0,0,Head-on,V1: Travelling straight ahead / V2:Travelling straight ahead,V1:Westbound / V2:Westbound ,V1: Collision with motor vehicle in traffic / V2: Collision with motor vehicle in traffic ,V1: Passenger car / V2:Passenger car,Dry,Dark - lighted roadway,Not Reported,,STORROW DRIVE / CHARLESGATE WEST,,,,,233331.5127,900085.8127
2926397,BOSTON,21-Jan-2012,8:40 AM,Non-fatal injury,1,1,0,Single vehicle crash,V1: Travelling straight ahead,V1:Eastbound ,V1: Not reported ,V1: Passenger car,Snow,Daylight,Not Reported,,ARBORWAY / MONSIGNOR CASEY HIGHWAY Rte 203 E,,,ARBORETUM,,231413.2363,894820.4863
2879743,BOSTON,21-Jan-2012,8:48 AM,Property damage only (none injured),1,0,0,Single vehicle crash,V1: Travelling straight ahead,V1:Eastbound ,V1: Collision with guardrail ,V1: Passenger car,Snow,Daylight,Snow,,STORROW DRIVE / CHARLESGATE OVERPASS,,,,,233518.1633,900133.7251
2934989,BOSTON (WEST ROXBURY),21-Jan-2012,8:56 AM,Property damage only (none injured),1,0,0,Single vehicle crash,V1: Other,V1:Westbound ,V1: Collision with light pole or other post/support ,V1: Passenger car,Snow,Daylight,Snow/Snow,,115 LA GRANGE STREET,,,,,229082.2798,891763.9871
3015424,BOSTON (BRIGHTON),21-Jan-2012,10:00 AM,Property damage only (none injured),2,0,0,Angle,V1: Turning right / V2:Travelling straight ahead,V1:Westbound / V2:Westbound ,V1: Collision with motor vehicle in traffic / V2: Collision with motor vehicle in traffic ,"V1: Light truck(van, mini-van, panel, pickup, sport utility) with only four tires / V2:Light truck(van, mini-van, panel, pickup, sport utility) with only four tires",Snow,Daylight,Snow/Snow,,1931 COMMONWEALTH AVENUE / Rte 30,,,,,228439.7392,898731.6573
2927338,BOSTON,21-Jan-2012,12:10 PM,Property damage only (none injured),1,0,0,Single vehicle crash,V1: Travelling straight ahead,V1:Westbound ,V1: Other ,"V1: Light truck(van, mini-van, panel, pickup, sport utility) with only four tires",Snow,Daylight,Not Reported,,ARBORWAY,,,,,231362.5396,895071.0236
2893953,BOSTON,21-Jan-2012,1:30 PM,Non-fatal injury,2,1,0,"Sideswipe, same direction",V1: Not reported / V2:Travelling straight ahead,V1:Northbound / V2:Northbound ,V1: Collision with motor vehicle in traffic / V2: Collision with motor vehicle in traffic ,V1: Passenger car / V2:Passenger car,Snow,Daylight,Not Reported,JAMAICAWAY / KELLEY CIRCLE,,,,KELLEY ROTARY,,231232.2657,895947.125
3386763,BOSTON,21-Jan-2012,4:12 PM,Property damage only (none injured),2,0,0,Rear-end,V1: Backing / V2:Slowing or stopped in traffic,V1:Westbound / V2:Westbound ,V1: Collision with motor vehicle in traffic / V2: Collision with motor vehicle in traffic ,"V1: Single-unit truck (2-axle, 6-tire) / V2:Light truck(van, mini-van, panel, pickup, sport utility) with only four tires",Snow,Daylight,Cloudy,,MASSACHUSETTS TURNPIKE Rte 90 W / TED WILLIAMS TUNNEL,,,PLAZA 31,,239051.4028,900924.2439
2914858,BOSTON,22-Jan-2012,2:17 AM,Property damage only (none injured),1,0,0,Single vehicle crash,V1: Travelling straight ahead,V1:Southbound ,V1: Collision with median barrier ,V1: Passenger car,Dry,Dark - roadway not lighted,Clear,,Rte 93 S,,Exit 23 on Rte 93 S,PURCHASE ST.,,236856.2793,901152.8252