Crash Number,City/Town Name,Crash Date,Crash Time,Crash Severity,Number of Vehicles,Total Nonfatal Injuries,Total Fatal Injuries,Manner of Collision,Vehicle Action Prior to Crash,Vehicle Travel Directions,Most Harmful Events,Vehicle Configuration,Road Surface Condition,Ambient Light,Weather Condition,At Roadway Intersection,Distance from Nearest Roadway Intersection,Distance from Nearest Milemarker,Distance from Nearest Exit,Distance from Nearest Landmark,Non Motorist Type,X Coordinate,Y Coordinate
2897850,BOSTON,22-Jan-2012,2:17 AM,Property damage only (none injured),2,0,0,Rear-end,V1: Slowing or stopped in traffic / V2:Slowing or stopped in traffic,V1:Southbound / V2:Southbound ,V1: Collision with motor vehicle in traffic / V2: Collision with motor vehicle in traffic ,"V1: Light truck(van, mini-van, panel, pickup, sport utility) with only four tires / V2:Passenger car",Dry,Dark - lighted roadway,Clear,,Rte 93 S,,Exit 23 on Rte 93 S,PURCHASE ST,,236856.2793,901152.8251
2969861,BOSTON,22-Jan-2012,2:36 AM,Non-fatal injury,2,2,0,Angle,V1: Travelling straight ahead / V2:Turning left,V1:Not reported / V2:Not reported ,V1: Collision with motor vehicle in traffic / V2: Collision with curb ,V1: Not reported / V2:Not reported,Wet,Dark - lighted roadway,Cloudy,,39 BOYLSTON STREET,,,,,235947.1254,900294.0524
3777734,BOSTON (ROXBURY),22-Jan-2012,3:49 AM,Not Reported,2,0,0,Not reported,V1: Not reported / V2:Not reported,V1:Not reported / V2:Not reported ,V1: Not reported / V2: Not reported ,V1: Passenger car / V2:Passenger car,Not reported,Not reported,Not Reported,,,,,,,,
2914975,BOSTON,22-Jan-2012,5:40 AM,Property damage only (none injured),1,0,0,Single vehicle crash,V1: Travelling straight ahead,V1:Southbound ,V1: Collision with median barrier ,V1: Passenger car,Dry,Dark - roadway not lighted,Clear,,Rte 93 S,,Exit 20 on Rte 93 S,,,236954.2091,900826.9444
3380274,BOSTON,22-Jan-2012,8:32 AM,Property damage only (none injured),1,0,0,Single vehicle crash,V1: Travelling straight ahead,V1:Southbound ,V1: Collision with guardrail ,"V1: Light truck(van, mini-van, panel, pickup, sport utility) with only four tires",Ice,Daylight,Clear,,Rte 93 S / SOUTHBOUND FRONTAGE ROAD,,,SOUTHBAY RL,,236174.5259,897821.3615
3044733,BOSTON (DORCHESTER),22-Jan-2012,8:45 AM,Property damage only (none injured),2,0,0,Not reported,V1: Travelling straight ahead / V2:Entering traffic lane,V1:Southbound / V2:Not reported ,V1: Collision with motor vehicle in traffic / V2: Collision with motor vehicle in traffic ,V1: Not reported / V2:Not reported,Not reported,Not reported,Not Reported,,138 PLEASANT STREET / DOWNER AVENUE,,,,,236326.0468,895711.0001
3380388,BOSTON,22-Jan-2012,10:45 AM,Property damage only (none injured),1,0,0,Single vehicle crash,V1: Travelling straight ahead,V1:Southbound ,V1: Collision with guardrail ,V1: Passenger car,Dry,Daylight,Not Reported,RAMP - BROADWAY TO RT 93 NB / FRONTAGE ROAD / BROADWAY,,,Exit 22 on Rte 93 S,AFTER EXIT 23 LL,,236165.6755,899351.7012
3380275,BOSTON,22-Jan-2012,10:55 AM,Property damage only (none injured),1,0,0,Single vehicle crash,V1: Travelling straight ahead,V1:Northbound ,V1: Collision with guardrail ,V1: Passenger car,Dry,Dark - lighted roadway,Clear,,RAMP - RT 90 EB TO RT 93 NB / RAMP - RT 90 EB TO RT 93,,,AREA RAMP D,,236446.7848,899734.6831
2895031,BOSTON,22-Jan-2012,1:37 PM,Non-fatal injury,2,1,0,Angle,V1: Travelling straight ahead / V2:Travelling straight ahead,V1:Westbound / V2:Not reported ,V1: Collision with motor vehicle in traffic / V2: Collision with motor vehicle in traffic ,V1: Passenger car / V2:Passenger car,Dry,Daylight,Not Reported,,CHARLES STREET CIRCLE,,,,,235385.419,901294.6172
2987930,BOSTON (SOUTH BOSTON),22-Jan-2012,2:44 PM,Non-fatal injury,1,1,0,Single vehicle crash,V1: Travelling straight ahead,V1:Northbound ,"V1: Collision with other fixed object (wall, building, tunnel, etc.) ","V1: Light truck(van, mini-van, panel, pickup, sport utility) with only four tires",Dry,Dark - lighted roadway,Clear,,415 SUMMER STREET,,,WESTON LOADING DOCKS,,237547.1554,899750.6334
2882616,BOSTON,22-Jan-2012,5:10 PM,Property damage only (none injured),1,0,0,Single vehicle crash,V1: Changing lanes,V1:Westbound ,V1: Collision with curb ,"V1: Light truck(van, mini-van, panel, pickup, sport utility) with only four tires",Dry,Dark - lighted roadway,Not Reported,,STORROW DRIVE Rte 28 N / CHARLES RIVER SQUARE,,,@ COMMUNITY BOATING,,235252.5665,901111.5738
2882623,BOSTON,22-Jan-2012,5:45 PM,Property damage only (none injured),2,0,0,Rear-end,V1: Changing lanes / V2:Travelling straight ahead,V1:Northbound / V2:Northbound ,V1: Collision with motor vehicle in traffic / V2: Collision with motor vehicle in traffic ,"V1: Light truck(van, mini-van, panel, pickup, sport utility) with only four tires / V2:Passenger car",Dry,Dusk,Not Reported,,Rte 93 N,,Exit 13 on Rte 93 N,,,237394.3258,894142.3175
3380276,BOSTON,22-Jan-2012,9:24 PM,Non-fatal injury,4,2,0,"Sideswipe, same direction",V1: Travelling straight ahead / V2:Travelling straight ahead / V3:Travelling straight ahead / V4:Travelling straight ahead,V1:Northbound / V2:Northbound / V3:Northbound / V4:Northbound ,V1: Collision with motor vehicle in traffic / V2: Collision with motor vehicle in traffic / V3: Collision with motor vehicle in traffic / V4: Collision with motor vehicle in traffic ,"V1: Passenger car / V2:Passenger car / V3:Passenger car / V4:Light truck(van, mini-van, panel, pickup, sport utility) with only four tires",Dry,Dark - lighted roadway,Clear,,Rte 93 N / RAMP - RT 93 NB TO NORTH STREET,,,RAMP D TO 23,,236979.5128,900867.32
2971319,BOSTON,22-Jan-2012,9:42 PM,Non-fatal injury,1,1,0,Single vehicle crash,V1: Not reported,V1:Not reported ,V1: Not reported ,V1: Not reported,Slush,Dark - lighted roadway,Cloudy,RUTHERFORD AVENUE / AUSTIN STREET,,,,,P3:Pedestrian,235618.5466,902724.7501
2894071,BOSTON,22-Jan-2012,10:01 PM,Non-fatal injury,1,2,0,Angle,V1: Leaving traffic lane,V1:Northbound ,V1: Collision with median barrier ,"V1: Light truck(van, mini-van, panel, pickup, sport utility) with only four tires","Sand, mud, dirt, oil, gravel",Dark - lighted roadway,Cloudy,,Rte 93 N,,Exit 26 on Rte 93 N,,,236359.8943,901656.8113
2889036,BOSTON,23-Jan-2012,7:36 AM,Property damage only (none injured),2,0,0,"Sideswipe, same direction",V1: Making U-turn / V2:Travelling straight ahead,V1:Southbound / V2:Southbound ,V1: Collision with motor vehicle in traffic / V2: Collision with motor vehicle in traffic ,"V1: Bus (seats for more than 15 people, including driver) / V2:Passenger car",Dry,Daylight,Not Reported,VETERANS OF FOREIGN WARS PARKWAY / GARDNER STREET,1213,,,,,227046.9155,891950.5001
3061846,BOSTON,23-Jan-2012,1:15 PM,Non-fatal injury,2,1,0,Angle,V1: Travelling straight ahead / V2:Travelling straight ahead,V1:Eastbound / V2:Southbound ,V1: Collision with motor vehicle in traffic / V2: Collision with motor vehicle in traffic ,"V1: Light truck(van, mini-van, panel, pickup, sport utility) with only four tires / V2:Passenger car",Ice,Dark - lighted roadway,Clear,HERALD STREET / HARRISON AVENUE,,,,,,235986.6332,899631.092
3367462,BOSTON,23-Jan-2012,2:26 PM,Not Reported,2,0,0,Not reported,V1: Not reported / V2:Not reported,V1:Not reported / V2:Not reported ,V1: Not reported / V2: Not reported ,V1: Passenger car / V2:Passenger car,Not reported,Not reported,Not Reported,,544 HARVARD STREET,,,,,233311.4219,892919.6249
2895035,BOSTON,23-Jan-2012,4:25 PM,Non-fatal injury,2,1,0,"Sideswipe, same direction",V1: Travelling straight ahead / V2:Travelling straight ahead,V1:Northbound / V2:Westbound ,V1: Collision with motor vehicle in traffic / V2: Collision with motor vehicle in traffic ,"V1: Light truck(van, mini-van, panel, pickup, sport utility) with only four tires / V2:Passenger car",Dry,Daylight,Cloudy,,BEACON STREET / CHARLESGATE EAST,,,,,233644.865,900055.8983
3044757,BOSTON,23-Jan-2012,5:46 PM,Not Reported,1,0,0,Angle,V1: Turning right,V1:Not reported ,V1: Collision with pedestrian ,V1: Passenger car,Wet,Dark - lighted roadway,Cloudy,DORCHESTER AVENUE / FAULKNER STREET,,,,,,236256.0937,894457.375
2988030,BOSTON,23-Jan-2012,10:15 PM,Non-fatal injury,2,1,0,Rear-end,V1: Travelling straight ahead / V2:Travelling straight ahead,V1:Southbound / V2:Southbound ,V1: Not reported / V2: Collision with motor vehicle in traffic ,"V1: Light truck(van, mini-van, panel, pickup, sport utility) with only four tires / V2:Light truck(van, mini-van, panel, pickup, sport utility) with only four tires",Wet,Dark - lighted roadway,Rain/Rain,MASSACHUSETTS AVENUE / COLUMBIA ROAD,,,,,,236147.4063,896760.9377
3380277,BOSTON,24-Jan-2012,7:09 AM,Property damage only (none injured),2,0,0,Rear-end,V1: Slowing or stopped in traffic / V2:Slowing or stopped in traffic,V1:Southbound / V2:Southbound ,V1: Collision with motor vehicle in traffic / V2: Collision with motor vehicle in traffic ,V1: Passenger car / V2:Passenger car,Dry,Daylight,Cloudy,,RAMP - RT 1 SB FROM TOBIN BRIDGE Rte 1 S / RAMP - RT 1 SB TO LEVERETT CONNECTOR,,,CANA LOOP RAMP SB,,235446.5385,902433.5193
2893951,BOSTON,24-Jan-2012,8:10 AM,Property damage only (none injured),2,0,0,Angle,V1: Travelling straight ahead / V2:Travelling straight ahead,V1:Northbound / V2:Westbound ,V1: Collision with motor vehicle in traffic / V2: Collision with motor vehicle in traffic ,V1: Passenger car / V2:Passenger car,Dry,Daylight,Clear,,FRONTAGE ROAD / WEST FOURTH STREET,,,,,236111.8694,899236.5468
2879650,BOSTON,24-Jan-2012,9:20 AM,Property damage only (none injured),3,0,0,Rear-end,V1: Slowing or stopped in traffic / V2:Slowing or stopped in traffic / V3:Travelling straight ahead,V1:Southbound / V2:Southbound / V3:Southbound ,V1: Collision with motor vehicle in traffic / V2: Collision with motor vehicle in traffic / V3: Collision with motor vehicle in traffic ,V1: Passenger car / V2:Passenger car / V3:Passenger car,Wet,Daylight,Clear,,Rte 93 S,,Exit 15 on Rte 93 S,,,236629.625,897168.5001
2969870,BOSTON,24-Jan-2012,11:18 AM,Property damage only (none injured),1,0,0,Single vehicle crash,V1: Turning left,V1:Southbound ,V1: Collision with pedestrian ,V1: Not reported,Dry,Daylight,Clear/Other,CAMBRIDGE STREET / BLOSSOM STREET,,,,,P3:Pedestrian,235676.3607,901282.612
2988131,BOSTON (SOUTH BOSTON),24-Jan-2012,1:33 PM,Non-fatal injury,2,3,0,Angle,V1: Travelling straight ahead / V2:Turning left,V1:Westbound / V2:Northbound ,V1: Collision with motor vehicle in traffic / V2: Collision with motor vehicle in traffic ,"V1: Light truck(van, mini-van, panel, pickup, sport utility) with only four tires / V2:Light truck(van, mini-van, panel, pickup, sport utility) with only four tires",Dry,Daylight,Cloudy,DORCHESTER AVENUE / SOUTHAMPTON STREET / PREBLE STREET,,,,,,236510.1312,897763.8146
2894072,BOSTON,24-Jan-2012,2:13 PM,Non-fatal injury,3,1,0,Rear-end,V1: Slowing or stopped in traffic / V2:Slowing or stopped in traffic / V3:Slowing or stopped in traffic,V1:Northbound / V2:Northbound / V3:Northbound ,V1: Collision with motor vehicle in traffic / V2: Collision with motor vehicle in traffic / V3: Collision with motor vehicle in traffic ,"V1: Light truck(van, mini-van, panel, pickup, sport utility) with only four tires / V2:Passenger car / V3:Light truck(van, mini-van, panel, pickup, sport utility) with only four tires",Dry,Daylight,Clear,,Rte 93 N,,,,,236742.6233,900426.5825
2893954,BOSTON,24-Jan-2012,6:07 PM,Property damage only (none injured),2,0,0,Rear-end,V1: Travelling straight ahead / V2:Changing lanes,V1:Eastbound / V2:Eastbound ,V1: Collision with motor vehicle in traffic / V2: Collision with motor vehicle in traffic ,"V1: Light truck(van, mini-van, panel, pickup, sport utility) with only four tires / V2:Passenger car",Dry,Dark - lighted roadway,Cloudy,,STORROW DRIVE Rte 28 N / REVERE STREET,,,STORROW DR E/B AT REVERE ST.,,235247.3342,901078.4451
2922444,BOSTON (DORCHESTER),24-Jan-2012,6:35 PM,Non-fatal injury,2,2,0,Rear-end,V1: Travelling straight ahead / V2:Parked,V1:Eastbound / V2:Not reported ,V1: Collision with parked motor vehicle / V2: Not reported ,"V1: Light truck(van, mini-van, panel, pickup, sport utility) with only four tires / V2:Passenger car",Dry,Dark - lighted roadway,Clear/Clear,,525 GENEVA AVENUE,,,,,236001.6968,894334.4656
2891331,BOSTON,24-Jan-2012,6:40 PM,Non-fatal injury,2,4,0,Rear-end,V1: Slowing or stopped in traffic / V2:Slowing or stopped in traffic,V1:Southbound / V2:Southbound ,V1: Collision with motor vehicle in traffic / V2: Collision with motor vehicle in traffic ,V1: Passenger car / V2:Passenger car,Dry,Dark - lighted roadway,Not Reported,,Rte 93 S,Rte 93  S Milemarker 15.0,Exit 15 on Rte 93 S,,,236220.5271,897754.1319
3044754,BOSTON (DORCHESTER),24-Jan-2012,7:11 PM,Non-fatal injury,1,1,0,Single vehicle crash,V1: Not reported,V1:Not reported ,V1: Not reported ,"V1: Light truck(van, mini-van, panel, pickup, sport utility) with only four tires",Dry,Dark - lighted roadway,Clear,DORCHESTER AVENUE / EDISON GREEN,,,,,P2:Pedestrian,236536.6251,896691.0625
3381326,BOSTON,24-Jan-2012,7:43 PM,Property damage only (none injured),2,0,0,Angle,V1: Turning left / V2:Travelling straight ahead,V1:Southbound / V2:Northbound ,V1: Collision with motor vehicle in traffic / V2: Collision with motor vehicle in traffic ,V1: Passenger car / V2:Passenger car,Dry,Dark - lighted roadway,Clear,,JAMAICAWAY / WILLOW POND ROAD,,,JAMAICA WAY AT WILLOW POND,,231761.9221,897172.3749
2907167,BOSTON,24-Jan-2012,8:35 PM,Property damage only (none injured),2,0,0,Angle,V1: Travelling straight ahead / V2:Turning right,V1:Eastbound / V2:Eastbound ,V1: Collision with motor vehicle in traffic / V2: Collision with motor vehicle in traffic ,V1: Passenger car / V2:Passenger car,Dry,Dark - lighted roadway,Not Reported,,1600 SOLDIERS FIELD ROAD,,,ACURA DEALERSHIP VICINITY,,228759.3721,901136.968
2969897,BOSTON,25-Jan-2012,2:27 AM,Property damage only (none injured),2,0,0,Head-on,V1: Travelling straight ahead / V2:Travelling straight ahead,V1:Northbound / V2:Westbound ,V1: Collision with motor vehicle in traffic / V2: Collision with motor vehicle in traffic ,V1: Not reported / V2:Not reported,Dry,Dark - lighted roadway,Clear/Clear,ATLANTIC AVENUE / CONGRESS STREET,,,,,,236776.7741,900447.0326
3028871,BOSTON,25-Jan-2012,6:29 AM,Property damage only (none injured),2,0,0,"Sideswipe, same direction",V1: Travelling straight ahead / V2:Travelling straight ahead,V1:Southbound / V2:Southbound ,V1: Collision with motor vehicle in traffic / V2: Collision with motor vehicle in traffic ,"V1: Bus (seats for more than 15 people, including driver) / V2:Passenger car",Dry,Dawn,Clear/Clear,NORTH WASHINGTON STREET / CAUSEWAY STREET,,,,,,236364.2014,901913.9699
2969863,BOSTON,25-Jan-2012,8:06 AM,Property damage only (none injured),1,0,0,Single vehicle crash,V1: Travelling straight ahead,V1:Southbound ,V1: Not reported ,V1: Not reported,Wet,Dark - lighted roadway,Cloudy/Snow,,SURFACE ARTERY,,,,,,
2893952,BOSTON,25-Jan-2012,12:30 PM,Property damage only (none injured),3,0,0,Rear-end,V1: Slowing or stopped in traffic / V2:Travelling straight ahead / V3:Travelling straight ahead,V1:Southbound / V2:Southbound / V3:Southbound ,V1: Collision with motor vehicle in traffic / V2: Collision with motor vehicle in traffic / V3: Collision with motor vehicle in traffic ,V1: Passenger car / V2:Passenger car / V3:Passenger car,Dry,Daylight,Cloudy,,Rte 93 S,,,LOWER DECK,,234858.3908,903430.8182
2879740,BOSTON,25-Jan-2012,6:05 PM,Non-fatal injury,2,1,0,Rear-end,V1: Slowing or stopped in traffic / V2:Travelling straight ahead,V1:Eastbound / V2:Eastbound ,V1: Collision with motor vehicle in traffic / V2: Collision with motor vehicle in traffic ,"V1: Passenger car / V2:Light truck(van, mini-van, panel, pickup, sport utility) with only four tires",Dry,Dark - lighted roadway,Cloudy,,Rte 90 E,,Exit 18 on Rte 90 E,,,230714.9765,900764.6944
2969131,BOSTON,25-Jan-2012,8:00 PM,Not Reported,1,0,0,Single vehicle crash,V1: Not reported,V1:Not reported ,V1: Not reported ,V1: Not reported,Dry,Dark - lighted roadway,Cloudy/Cloudy,CONGRESS STREET / WATER STREET,,,,,,236543.7747,900883.5489
2895038,BOSTON,25-Jan-2012,9:00 PM,Non-fatal injury,2,1,0,Rear-end,V1: Travelling straight ahead / V2:Travelling straight ahead,V1:Southbound / V2:Southbound ,V1: Collision with motor vehicle in traffic / V2: Collision with motor vehicle in traffic ,"V1: Passenger car / V2:Light truck(van, mini-van, panel, pickup, sport utility) with only four tires",Dry,Dark - lighted roadway,Clear,,Rte 93 S,,Exit 12 on Rte 93 S,,,237620.5491,892713.0989
2910456,BOSTON,25-Jan-2012,10:45 PM,Non-fatal injury,2,1,0,"Sideswipe, same direction",V1: Travelling straight ahead / V2:Travelling straight ahead,V1:Northbound / V2:Northbound ,V1: Collision with motor vehicle in traffic / V2: Collision with motor vehicle in traffic ,V1: Passenger car / V2:Tractor/semi-trailer,Dry,Dark - lighted roadway,Clear,,Rte 93 N,,Exit 20 on Rte 93 N,,,235897.3013,898279.4082
2883347,BOSTON,26-Jan-2012,5:20 AM,Property damage only (none injured),3,0,0,"Sideswipe, same direction",V1: Travelling straight ahead / V2:Travelling straight ahead / V3:Entering traffic lane,V1:Eastbound / V2:Eastbound / V3:Eastbound ,V1: Collision with motor vehicle in traffic / V2: Collision with motor vehicle in traffic / V3: Collision with motor vehicle in traffic ,"V1: Light truck(van, mini-van, panel, pickup, sport utility) with only four tires / V2:Light truck(van, mini-van, panel, pickup, sport utility) with only four tires / V3:Single-unit truck (2-axle, 6-tire)",Wet,Dark - lighted roadway,Clear,,EAST BOSTON EXPRESSWAY / PORTER STREET,,,,,238156.1845,902695.1756
2969903,BOSTON (CHARLESTOWN),26-Jan-2012,7:10 AM,Non-fatal injury,1,1,0,Single vehicle crash,V1: Travelling straight ahead,V1:Northbound ,"V1: Collision with other fixed object (wall, building, tunnel, etc.) ",V1: Not reported,Dry,Daylight,Cloudy/Cloudy,,75 WEST SCHOOL STREET,,,,,235627.8199,902845.3538
2891054,BOSTON,26-Jan-2012,9:06 AM,Property damage only (none injured),2,0,0,Rear-end,V1: Travelling straight ahead / V2:Slowing or stopped in traffic,V1:Eastbound / V2:Eastbound ,V1: Collision with motor vehicle in traffic / V2: Collision with motor vehicle in traffic ,"V1: Passenger car / V2:Light truck(van, mini-van, panel, pickup, sport utility) with only four tires",Wet,Daylight,Clear,,SOLDIERS FIELD ROAD / RAMP - WESTERN AVE TO SOLDIERS FIELD RD,,,UNDER THE RIVER STREET OVERPASS,,231496.3958,901234.4251
2896865,BOSTON,26-Jan-2012,9:39 AM,Non-fatal injury,3,1,0,Rear-end,V1: Slowing or stopped in traffic / V2:Slowing or stopped in traffic / V3:Travelling straight ahead,V1:Eastbound / V2:Eastbound / V3:Eastbound ,V1: Collision with motor vehicle in traffic / V2: Collision with motor vehicle in traffic / V3: Collision with motor vehicle in traffic ,"V1: Light truck(van, mini-van, panel, pickup, sport utility) with only four tires / V2:Passenger car / V3:Light truck(van, mini-van, panel, pickup, sport utility) with only four tires",Wet,Daylight,Clear,,SOLDIERS FIELD ROAD / SOLDIERS FIELD ROAD EXTENSION,,,BEFORE THE NORTH HARVARD STREET,,230747.8985,902221.6337
3380278,BOSTON,26-Jan-2012,10:00 AM,Property damage only (none injured),2,0,0,Rear-end,V1: Slowing or stopped in traffic / V2:Not reported,V1:Southbound / V2:Not reported ,V1: Collision with motor vehicle in traffic / V2: Not reported ,"V1: Light truck(van, mini-van, panel, pickup, sport utility) with only four tires / V2:Passenger car",Dry,Daylight,Clear,,Rte 93 S / RAMP - LEVERETT CIRCLE TO RT 93 SB Rte 3 S,,,LOWER DECK,,236063.6864,901998.8996
2893955,BOSTON,26-Jan-2012,11:05 AM,Property damage only (none injured),1,0,0,Single vehicle crash,V1: Turning right,V1:Southbound ,V1: Collision with guardrail ,"V1: Light truck(van, mini-van, panel, pickup, sport utility) with only four tires",Dry,Daylight,Clear,,STORROW DRIVE Rte 28 S / RAMP - RT 3 TO RT 28 SB,,,PRIOR TO LONGFELLOW BRIDGE,,235199.677,901320.815
2969909,BOSTON,26-Jan-2012,11:43 AM,Property damage only (none injured),1,0,0,Single vehicle crash,V1: Turning left,V1:Southbound ,V1: Not reported ,V1: Not reported,Dry,Daylight,Clear/Clear,,SURFACE ARTERY Rte 93 / Rte 93,,,,P2:Pedestrian,236366.1606,900263.7066
2929094,BOSTON,26-Jan-2012,12:04 PM,Non-fatal injury,2,1,0,Angle,V1: Travelling straight ahead / V2:Turning right,V1:Southbound / V2:Southbound ,V1: Collision with motor vehicle in traffic / V2: Collision with motor vehicle in traffic ,V1: Passenger car / V2:Passenger car,Dry,Daylight,Clear,WILLIAM T MORRISSEY BOULEVARD / FREEPORT STREET,,,,,,237149.8439,894580.3748
2971330,BOSTON,26-Jan-2012,10:20 PM,Non-fatal injury,2,1,0,Angle,V1: Travelling straight ahead / V2:Travelling straight ahead,V1:Northbound / V2:Eastbound ,V1: Collision with motor vehicle in traffic / V2: Collision with motor vehicle in traffic ,"V1: Single-unit truck (3-or-more axles) / V2:Light truck(van, mini-van, panel, pickup, sport utility) with only four tires",Dry,Daylight,Clear/Clear,COLUMBUS AVENUE / WEST NEWTON STREET,,,,,,234735.1813,899272.8712
3025765,BOSTON,26-Jan-2012,11:10 PM,Non-fatal injury,2,4,0,Angle,V1: Travelling straight ahead / V2:Turning left,V1:Eastbound / V2:Southbound ,V1: Collision with motor vehicle in traffic / V2: Collision with motor vehicle in traffic ,"V1: Passenger car / V2:Light truck(van, mini-van, panel, pickup, sport utility) with only four tires",Wet,Dark - lighted roadway,Rain/Rain,MASSACHUSETTS AVENUE / MELNEA CASS BOULEVARD,,,,,,235266.4401,898096.4559
2969132,BOSTON,27-Jan-2012,00:00 AM,Property damage only (none injured),1,0,0,Single vehicle crash,V1: Turning left,V1:Eastbound ,V1: Collision with median barrier ,V1: Not reported,Wet,Dark - lighted roadway,Rain/Rain,CAMBRIDGE STREET / BLOSSOM STREET,,,,,,235676.3607,901282.612
3025763,BOSTON,27-Jan-2012,5:30 AM,Non-fatal injury,1,1,0,Single vehicle crash,V1: Making U-turn,V1:Eastbound ,V1: Collision with pedestrian ,"V1: Light truck(van, mini-van, panel, pickup, sport utility) with only four tires",Wet,Daylight,"Fog, smog, smoke/Rain",,50 NORTHERN AVENUE,,,,,237408.0725,900375.2199
2893959,BOSTON,27-Jan-2012,5:57 AM,Property damage only (none injured),2,0,0,Rear-end,V1: Slowing or stopped in traffic / V2:Travelling straight ahead,V1:Southbound / V2:Southbound ,V1: Collision with motor vehicle in traffic / V2: Collision with motor vehicle in traffic ,"V1: Light truck(van, mini-van, panel, pickup, sport utility) with only four tires / V2:Passenger car",Dry,Dark - lighted roadway,Cloudy,,Rte 93 S,,Exit 12 on Rte 93 S,,,237620.5491,892713.0989
2885473,BOSTON,27-Jan-2012,9:35 AM,Property damage only (none injured),2,0,0,Angle,V1: Changing lanes / V2:Travelling straight ahead,V1:Southbound / V2:Southbound ,V1: Collision with motor vehicle in traffic / V2: Collision with motor vehicle in traffic ,"V1: Light truck(van, mini-van, panel, pickup, sport utility) with only four tires / V2:Passenger car",Wet,Dark - lighted roadway,Rain,,Rte 93 S,,Exit 20 on Rte 93 S,,,236954.2091,900826.9444
3044761,BOSTON (DORCHESTER),27-Jan-2012,10:03 AM,Non-fatal injury,1,1,0,Single vehicle crash,V1: Not reported,V1:Not reported ,V1: Not reported ,V1: Passenger car,Wet,Daylight,Rain/Rain,,47 WALNUT STREET,,,,P2:Pedestrian,235740.3048,900922.336
2890195,BOSTON,27-Jan-2012,10:38 AM,Non-fatal injury,2,1,0,Angle,V1: Making U-turn / V2:Travelling straight ahead,V1:Eastbound / V2:Eastbound ,V1: Collision with motor vehicle in traffic / V2: Collision with motor vehicle in traffic ,"V1: Passenger car / V2:Light truck(van, mini-van, panel, pickup, sport utility) with only four tires",Wet,Daylight,Cloudy/Rain,,COLUMBIA ROAD / 795 DORCHESTER AVENUE,,,,,236535.6564,896787.6252
2969901,BOSTON (CHARLESTOWN),27-Jan-2012,1:57 PM,Property damage only (none injured),1,0,0,Single vehicle crash,V1: Travelling straight ahead,V1:Not reported ,V1: Collision with utility pole ,V1: Not reported,Wet,Daylight,Rain/Rain,,529 MAIN STREET,,,,,235214.2902,903789.9869
3386765,BOSTON,27-Jan-2012,2:43 PM,Property damage only (none injured),2,0,0,"Sideswipe, same direction",V1: Travelling straight ahead / V2:Travelling straight ahead,V1:Southbound / V2:Southbound ,V1: Collision with motor vehicle in traffic / V2: Collision with motor vehicle in traffic ,V1: Tractor/semi-trailer / V2:Passenger car,Wet,Daylight,Cloudy/Rain,Rte 93 S / RAMP - RT 90 TO RT 93 SB Rte 1A S,,,,ROUTE 90 MERGE ONTO 93 SOUTH,,236144.0102,899460.1331
2894076,BOSTON,27-Jan-2012,4:04 PM,Property damage only (none injured),1,0,0,Single vehicle crash,V1: Travelling straight ahead,V1:Southbound ,V1: Collision with guardrail ,V1: Passenger car,Wet,Daylight,Cloudy/Rain,,SOLDIERS FIELD ROAD / 400,,,DOUBLE-TREE HOTEL,,231518.2408,901078.3912
2894074,BOSTON,27-Jan-2012,4:25 PM,Property damage only (none injured),2,0,0,Rear-end,V1: Slowing or stopped in traffic / V2:Travelling straight ahead,V1:Northbound / V2:Northbound ,V1: Collision with motor vehicle in traffic / V2: Collision with motor vehicle in traffic ,V1: Passenger car / V2:Passenger car,Wet,Dusk,Rain,RIVERWAY / LONGWOOD AVENUE,,,,,,232142.9084,898941.3686
2885474,BOSTON,27-Jan-2012,4:50 PM,Property damage only (none injured),2,0,0,"Sideswipe, same direction",V1: Changing lanes / V2:Travelling straight ahead,V1:Northbound / V2:Northbound ,V1: Collision with motor vehicle in traffic / V2: Collision with motor vehicle in traffic ,"V1: Light truck(van, mini-van, panel, pickup, sport utility) with only four tires / V2:Passenger car",Wet,Daylight,Cloudy/Rain,,Rte 93 N,,Exit 23 on Rte 93 N,,,236935.489,901011.4131
3044750,BOSTON,27-Jan-2012,5:55 PM,Non-fatal injury,1,1,0,Not reported,V1: Slowing or stopped in traffic,V1:Southbound ,V1: Collision with pedestrian ,"V1: Light truck(van, mini-van, panel, pickup, sport utility) with only four tires",Wet,Dark - lighted roadway,Rain/Rain,CHARLES STREET / GENEVA AVENUE,,,,,P2:Pedestrian,235860.3125,894445.8125
2969230,BOSTON (CHARLESTOWN),27-Jan-2012,6:20 PM,Property damage only (none injured),1,0,0,Single vehicle crash,V1: Travelling straight ahead,V1:Northbound ,V1: Collision with bridge ,V1: Not reported,Wet,Dark - lighted roadway,Rain,,NORTH WASHINGTON STREET,,,,,,
2890231,BOSTON,27-Jan-2012,6:50 PM,Non-fatal injury,3,1,0,Angle,V1: Turning left / V2:Travelling straight ahead / V3:Travelling straight ahead,V1:Westbound / V2:Westbound / V3:Eastbound ,V1: Collision with motor vehicle in traffic / V2: Collision with motor vehicle in traffic / V3: Collision with motor vehicle in traffic ,"V1: Passenger car / V2:Passenger car / V3:Light truck(van, mini-van, panel, pickup, sport utility) with only four tires",Dry,Dark - lighted roadway,Clear,,GALLIVAN BOULEVARD / 584,,,,,236901.8328,892617.7629
2896866,BOSTON,27-Jan-2012,6:57 PM,Property damage only (none injured),1,0,0,Single vehicle crash,V1: Travelling straight ahead,V1:Southbound ,V1: Collision with guardrail ,V1: Passenger car,Wet,Dark - lighted roadway,Cloudy/Rain,,SOLDIERS FIELD ROAD / NORTH HARVARD STREET,,,,,230992.3482,902048.2872