Crash Number,City/Town Name,Crash Date,Crash Time,Crash Severity,Number of Vehicles,Total Nonfatal Injuries,Total Fatal Injuries,Manner of Collision,Vehicle Action Prior to Crash,Vehicle Travel Directions,Most Harmful Events,Vehicle Configuration,Road Surface Condition,Ambient Light,Weather Condition,At Roadway Intersection,Distance from Nearest Roadway Intersection,Distance from Nearest Milemarker,Distance from Nearest Exit,Distance from Nearest Landmark,Non Motorist Type,X Coordinate,Y Coordinate
2885388,BOSTON,27-Jan-2012,8:56 PM,Non-fatal injury,2,2,0,Angle,V1: Making U-turn / V2:Travelling straight ahead,V1:Westbound / V2:Eastbound ,V1: Collision with motor vehicle in traffic / V2: Collision with motor vehicle in traffic ,V1: Passenger car / V2:Passenger car,Dry,Dark - lighted roadway,Clear,,GALLIVAN BOULEVARD / CARRUTH STREET,,,,,236300.7969,892454.3127
3386766,BOSTON,28-Jan-2012,1:02 AM,Non-fatal injury,2,3,0,Rear-end,V1: Other / V2:Other,V1:Eastbound / V2:Eastbound ,V1: Collision with motor vehicle in traffic / V2: Collision with motor vehicle in traffic ,V1: Passenger car / V2:Passenger car,Dry,Dark - lighted roadway,Clear,,MASSACHUSETTS AVENUE CONNECTOR / FRONTAGE ROAD,,,,,235864.5977,898418.8053
2969904,BOSTON,28-Jan-2012,2:15 AM,Not Reported,2,0,0,Angle,V1: Not reported / V2:Not reported,V1:Not reported / V2:Not reported ,V1: Not reported / V2: Not reported ,V1: Not reported / V2:Not reported,Dry,Dark - lighted roadway,Clear,CROSS STREET / SUDBURY STREET,,,,,,236494.4133,901506.6944
2894075,BOSTON,28-Jan-2012,2:22 AM,Property damage only (none injured),1,0,0,Single vehicle crash,V1: Travelling straight ahead,V1:Eastbound ,V1: Collision with motor vehicle in traffic ,V1: Passenger car,Dry,Dark - lighted roadway,Not Reported,,STORROW DRIVE / DAVID G MUGAR WAY,,,STORROW DR TUNNEL,,235140.5767,900710.6152
2898177,BOSTON,28-Jan-2012,2:33 AM,Property damage only (none injured),2,0,0,Rear-end,V1: Travelling straight ahead / V2:Travelling straight ahead,V1:Northbound / V2:Northbound ,V1: Collision with motor vehicle in traffic / V2: Collision with motor vehicle in traffic ,V1: Passenger car / V2:Passenger car,Dry,Dark - lighted roadway,Clear,,Rte 93 N,Rte 93  N Milemarker 19.0,,,,235112.6508,902919.4563
2922442,BOSTON,28-Jan-2012,2:00 PM,Non-fatal injury,3,1,0,Rear-end,V1: Travelling straight ahead / V2:Travelling straight ahead / V3:Travelling straight ahead,V1:Northbound / V2:Northbound / V3:Northbound ,V1: Collision with motor vehicle in traffic / V2: Collision with motor vehicle in traffic / V3: Collision with motor vehicle in traffic ,"V1: Light truck(van, mini-van, panel, pickup, sport utility) with only four tires / V2:Passenger car / V3:Light truck(van, mini-van, panel, pickup, sport utility) with only four tires",Dry,Daylight,Clear/Clear,,924 DORCHESTER AVENUE,,,,,236538.9245,896624.4676
2890184,BOSTON,28-Jan-2012,3:27 PM,Property damage only (none injured),2,0,0,Rear-end,V1: Slowing or stopped in traffic / V2:Slowing or stopped in traffic,V1:Westbound / V2:Westbound ,V1: Collision with motor vehicle in traffic / V2: Collision with motor vehicle in traffic ,"V1: Light truck(van, mini-van, panel, pickup, sport utility) with only four tires / V2:Passenger car",Dry,Daylight,Clear,,Rte 93 S,,Exit 26 on Rte 93 S,LEVERETT SB AT STATION TUNNEL EN,,234851.4112,903728.5149
3121397,BOSTON (HYDE PARK),28-Jan-2012,4:02 PM,Non-fatal injury,2,1,0,Not reported,V1: Travelling straight ahead / V2:Turning left,V1:Eastbound / V2:Southbound ,V1: Collision with motor vehicle in traffic / V2: Collision with motor vehicle in traffic ,"V1: Light truck(van, mini-van, panel, pickup, sport utility) with only four tires / V2:Light truck(van, mini-van, panel, pickup, sport utility) with only four tires",Not reported,Not reported,Not Reported,HYDE PARK AVENUE / DANA AVENUE,,,,,,230995.4529,889346.1875
2929095,BOSTON,28-Jan-2012,4:27 PM,Property damage only (none injured),2,0,0,Rear-end,V1: Slowing or stopped in traffic / V2:Slowing or stopped in traffic,V1:Northbound / V2:Northbound ,V1: Not reported / V2: Not reported ,V1: Passenger car / V2:Passenger car,Dry,Dusk,Not Reported,,VETERANS OF FOREIGN WARS PARKWAY,,,,,,
2890232,BOSTON,28-Jan-2012,5:25 PM,Property damage only (none injured),2,0,0,Rear-end,V1: Travelling straight ahead / V2:Slowing or stopped in traffic,V1:Northbound / V2:Northbound ,V1: Collision with motor vehicle in traffic / V2: Collision with motor vehicle in traffic ,"V1: Passenger car / V2:Light truck(van, mini-van, panel, pickup, sport utility) with only four tires",Dry,Dark - lighted roadway,Clear,WILLIAM T MORRISSEY BOULEVARD / DOMINIC J BANCULLI BOULEVARD / UNNAMED ROAD,,,,UMASS,,237369.7223,896004.065
2890233,BOSTON,28-Jan-2012,6:19 PM,Non-fatal injury,3,1,0,Angle,V1: Travelling straight ahead / V2:Travelling straight ahead / V3:Not reported,V1:Southbound / V2:Southbound / V3:Southbound ,V1: Collision with motor vehicle in traffic / V2: Collision with motor vehicle in traffic / V3: Collision with motor vehicle in traffic ,V1: Passenger car / V2:Passenger car / V3:Passenger car,Dry,Dark - lighted roadway,Not Reported,,Rte 93 S,,Exit 11 on Rte 93 S,,,237076.8672,891681.5325
2890234,BOSTON,28-Jan-2012,9:10 PM,Property damage only (none injured),2,0,0,Rear-end,V1: Travelling straight ahead / V2:Slowing or stopped in traffic,V1:Southbound / V2:Southbound ,V1: Collision with motor vehicle in traffic / V2: Collision with motor vehicle in traffic ,"V1: Light truck(van, mini-van, panel, pickup, sport utility) with only four tires / V2:Passenger car",Dry,Dark - lighted roadway,Clear,,NEPONSET AVENUE,,,NEPONSET CIRCLE,,237731.8737,892907.403
3028883,BOSTON (SOUTH BOSTON),28-Jan-2012,11:15 PM,Property damage only (none injured),2,0,0,"Sideswipe, same direction",V1: Not reported / V2:Not reported,V1:Not reported / V2:Not reported ,V1: Not reported / V2: Not reported ,"V1: Light truck(van, mini-van, panel, pickup, sport utility) with only four tires / V2:Passenger car",Dry,Dark - roadway not lighted,Clear,,118 L STREET,,,,,238294.0367,898243.8484
2887492,BOSTON,28-Jan-2012,11:20 PM,Property damage only (none injured),3,0,0,Rear-end,V1: Slowing or stopped in traffic / V2:Slowing or stopped in traffic / V3:Slowing or stopped in traffic,V1:Westbound / V2:Westbound / V3:Westbound ,V1: Collision with motor vehicle in traffic / V2: Collision with motor vehicle in traffic / V3: Collision with motor vehicle in traffic ,"V1: Passenger car / V2:Light truck(van, mini-van, panel, pickup, sport utility) with only four tires / V3:Passenger car",Dry,Dark - lighted roadway,Not Reported,MORTON STREET / NORFOLK STREET,,,,,,234066.8436,892435.125
2887489,BOSTON,29-Jan-2012,7:15 AM,Property damage only (none injured),2,0,0,"Sideswipe, same direction",V1: Travelling straight ahead / V2:Changing lanes,V1:Westbound / V2:Westbound ,V1: Collision with motor vehicle in traffic / V2: Collision with motor vehicle in traffic ,"V1: Light truck(van, mini-van, panel, pickup, sport utility) with only four tires / V2:Passenger car",Dry,Daylight,Clear,,Rte 90 W,,,,,229752.0583,900842.7985
2895037,BOSTON,29-Jan-2012,3:10 PM,Property damage only (none injured),2,0,0,Rear-end,V1: Slowing or stopped in traffic / V2:Travelling straight ahead,V1:Eastbound / V2:Eastbound ,V1: Collision with motor vehicle in traffic / V2: Collision with motor vehicle in traffic ,"V1: Light truck(van, mini-van, panel, pickup, sport utility) with only four tires / V2:Passenger car",Dry,Daylight,Not Reported,CHARLES STREET / BLOSSOM STREET,,,,,,235439.8182,901626.7041
2898294,BOSTON,29-Jan-2012,7:50 PM,Non-fatal injury,2,1,0,Head-on,V1: Travelling straight ahead / V2:Travelling straight ahead,V1:Northbound / V2:Northbound ,V1: Collision with motor vehicle in traffic / V2: Collision with motor vehicle in traffic ,V1: Passenger car / V2:Passenger car,Dry,Dark - lighted roadway,Clear,BERKELEY STREET / BACK STREET,,,,,,235009.6998,900623.457
2969331,BOSTON,30-Jan-2012,1:30 AM,Non-fatal injury,2,1,0,Angle,V1: Travelling straight ahead / V2:Travelling straight ahead,V1:Eastbound / V2:Southbound ,V1: Collision with motor vehicle in traffic / V2: Collision with motor vehicle in traffic ,V1: Not reported / V2:Not reported,Dry,Dark - lighted roadway,Clear/Clear,MILK STREET / BATTERYMARCH STREET,,,,,,236711.9682,900891.7588
2909761,BOSTON,30-Jan-2012,6:18 AM,Property damage only (none injured),3,0,0,Rear-end,V1: Slowing or stopped in traffic / V2:Travelling straight ahead / V3:Travelling straight ahead,V1:Northbound / V2:Northbound / V3:Northbound ,V1: Collision with motor vehicle in traffic / V2: Collision with motor vehicle in traffic / V3: Collision with motor vehicle in traffic ,"V1: Light truck(van, mini-van, panel, pickup, sport utility) with only four tires / V2:Light truck(van, mini-van, panel, pickup, sport utility) with only four tires / V3:Passenger car",Dry,Dawn,Clear,,Rte 93 N,,Exit 15 on Rte 93 N,,,236950.5387,896542.3648
2969330,BOSTON,30-Jan-2012,7:00 AM,Not Reported,1,0,0,"Sideswipe, same direction",V1: Not reported,V1:Not reported ,V1: Not reported ,V1: Not reported,Dry,Daylight,Clear,,CAMBRIDGE STREET / CENTER PLAZA,,,,,,
2969430,BOSTON,30-Jan-2012,8:20 AM,Not Reported,2,0,0,Not reported,V1: Not reported / V2:Not reported,V1:Not reported / V2:Not reported ,V1: Not reported / V2: Not reported ,V1: Not reported / V2:Passenger car,Not reported,Not reported,Not Reported,MERRIMAC STREET / PORTLAND STREET,,,,,,236185.5252,901517.1484
2890185,BOSTON,30-Jan-2012,8:45 AM,Non-fatal injury,2,1,0,"Sideswipe, same direction",V1: Slowing or stopped in traffic / V2:Changing lanes,V1:Westbound / V2:Westbound ,V1: Collision with motor vehicle in traffic / V2: Collision with motor vehicle in traffic ,"V1: Passenger car / V2:Light truck(van, mini-van, panel, pickup, sport utility) with only four tires",Dry,Daylight,Clear,,Rte 90 W,,,,,231165.7816,900844.8739
3028877,BOSTON,30-Jan-2012,9:57 AM,Not Reported,2,0,0,"Sideswipe, same direction",V1: Travelling straight ahead / V2:Travelling straight ahead,V1:Not reported / V2:Not reported ,V1: Collision with motor vehicle in traffic / V2: Collision with motor vehicle in traffic ,"V1: Single-unit truck (2-axle, 6-tire) / V2:Bus (seats for more than 15 people, including driver)",Dry,Daylight,Clear,WASHINGTON STREET / KNEELAND STREET,,,,,,236001.5815,900139.4772
2901939,BOSTON,30-Jan-2012,7:13 PM,Property damage only (none injured),2,0,0,"Sideswipe, opposite direction",V1: Travelling straight ahead / V2:Making U-turn,V1:Southbound / V2:Northbound ,V1: Collision with motor vehicle in traffic / V2: Collision with motor vehicle in traffic ,"V1: Light truck(van, mini-van, panel, pickup, sport utility) with only four tires / V2:Light truck(van, mini-van, panel, pickup, sport utility) with only four tires",Dry,Dark - lighted roadway,Clear,,CHARLES RIVER DAM ROAD Rte 28 S,,,CHARLES RIVER DAM RD AT MUSEUM S,,235449.0847,901963.7961
3127131,BOSTON (ROXBURY),31-Jan-2012,9:00 AM,Not Reported,2,0,0,Rear-end,V1: Travelling straight ahead / V2:Travelling straight ahead,V1:Not reported / V2:Eastbound ,V1: Collision with motor vehicle in traffic / V2: Not reported ,V1: Passenger car / V2:Passenger car,Dry,Daylight,Clear/Clear,,980 MASSACHUSETTS AVENUE,,,,,235571.2819,897662.7069
2919632,BOSTON,31-Jan-2012,9:22 AM,Property damage only (none injured),2,0,0,Angle,V1: Turning left / V2:Travelling straight ahead,V1:Southbound / V2:Westbound ,V1: Collision with guardrail / V2: Collision with motor vehicle in traffic ,V1: Passenger car / V2:Truck/trailer,Dry,Daylight,Clear,,Rte 93,,Exit 18 on Rte 93,MASS AVE CONNECTOR @ FRONTAGE RD,,236013.2783,899092.9981
3061845,BOSTON,31-Jan-2012,12:00 PM,Non-fatal injury,4,1,0,"Sideswipe, same direction",V1: Travelling straight ahead / V2:Parked / V3:Parked / V4:Parked,V1:Southbound / V2:Not reported / V3:Not reported / V4:Not reported ,V1: Collision with parked motor vehicle / V2: Collision with motor vehicle in traffic / V3: Collision with parked motor vehicle / V4: Collision with parked motor vehicle ,"V1: Light truck(van, mini-van, panel, pickup, sport utility) with only four tires / V2:Not reported / V3:Passenger car / V4:Passenger car",Dry,Dark - lighted roadway,Clear,,500 PARKER STREET,,,,,233500.7522,898610.9744
3039574,BOSTON (CHARLESTOWN),31-Jan-2012,3:22 PM,Not Reported,2,0,0,Rear-end,V1: Travelling straight ahead / V2:Travelling straight ahead,V1:Not reported / V2:Not reported ,V1: Collision with motor vehicle in traffic / V2: Collision with motor vehicle in traffic ,"V1: Passenger car / V2:Light truck(van, mini-van, panel, pickup, sport utility) with only four tires",Dry,Daylight,Cloudy/Cloudy,,RUTHERFORD AVENUE Rte 99 N / Rte 99,,,,,235926.8085,902470.8754
2893957,BOSTON,31-Jan-2012,5:45 PM,Non-fatal injury,2,3,0,Rear-end,V1: Slowing or stopped in traffic / V2:Travelling straight ahead,V1:Westbound / V2:Westbound ,"V1: Collision with railway vehicle (e.g., train, engine) / V2: Collision with motor vehicle in traffic ","V1: Light truck(van, mini-van, panel, pickup, sport utility) with only four tires / V2:Light truck(van, mini-van, panel, pickup, sport utility) with only four tires",Dry,Dark - lighted roadway,Clear,,NASHUA STREET,,,AT ENTRANCE TO SPAULDING REHABIL,,235837.7184,901941.6528
2896827,BOSTON,31-Jan-2012,5:55 PM,Property damage only (none injured),2,0,0,Rear-end,V1: Travelling straight ahead / V2:Slowing or stopped in traffic,V1:Northbound / V2:Northbound ,V1: Collision with motor vehicle in traffic / V2: Collision with motor vehicle in traffic ,"V1: Light truck(van, mini-van, panel, pickup, sport utility) with only four tires / V2:Passenger car",Dry,Dark - lighted roadway,Clear,,Rte 93 N / RAMP - BROADWAY TO RT 93 NB,,,JUST PRIOR TO O&AMP;APOS;NEIL TU,,236445.3426,899846.5417
3030818,BOSTON,31-Jan-2012,6:20 PM,Not Reported,2,0,0,Not reported,V1: Travelling straight ahead / V2:Travelling straight ahead,V1:Not reported / V2:Not reported ,V1: Not reported / V2: Not reported ,V1: Passenger car / V2:Passenger car,Not reported,Not reported,Not Reported,,MAVERICK STREET Rte 129 / MERIDIAN STREET,,,,,237974.5571,902283.96
3044752,BOSTON (DORCHESTER),31-Jan-2012,7:41 PM,Non-fatal injury,1,1,0,Head-on,V1: Travelling straight ahead,V1:Not reported ,V1: Collision with motor vehicle in traffic ,V1: Passenger car,Dry,Dark - lighted roadway,Clear/Clear,,1225 DORCHESTER AVENUE,,,,,236427.8077,895459.1448
2926395,BOSTON,01-Feb-2012,5:00 AM,Non-fatal injury,2,1,0,Angle,V1: Travelling straight ahead / V2:Travelling straight ahead,V1:Southbound / V2:Eastbound ,V1: Collision with motor vehicle in traffic / V2: Collision with motor vehicle in traffic ,V1: Passenger car / V2:Passenger car,Dry,Dark - lighted roadway,Cloudy,,COLUMBIA ROAD / DORCHESTER AVENUE,,,,,236535.6564,896787.6252
3774352,BOSTON,01-Feb-2012,5:43 AM,Not Reported,2,0,0,Angle,V1: Not reported / V2:Not reported,V1:Not reported / V2:Not reported ,V1: Not reported / V2: Not reported ,V1: Passenger car / V2:Unknown vehicle configuration,"Sand, mud, dirt, oil, gravel",Dark - lighted roadway,Clear,SHAWMUT AVENUE / RUGGLES STREET,,,,,,234282.0034,898033.7267
3004646,BOSTON (ROXBURY),01-Feb-2012,6:46 AM,Not Reported,2,0,0,"Sideswipe, opposite direction",V1: Other / V2:Other,V1:Not reported / V2:Not reported ,V1: Collision with parked motor vehicle / V2: Collision with parked motor vehicle ,V1: Not reported / V2:Not reported,Wet,Dusk,Rain/Rain,,6 WAVERLY STREET,,,,,234486.599,896874.5278
3289452,BOSTON,01-Feb-2012,7:34 AM,Non-fatal injury,1,1,0,Single vehicle crash,V1: Travelling straight ahead,V1:Northbound ,V1: Collision with light pole or other post/support ,V1: Passenger car,Wet,Daylight,Cloudy/Rain,WALES STREET / HARVARD STREET,,,,,,234277.5936,894020
2975032,BOSTON,01-Feb-2012,7:40 AM,Non-fatal injury,2,3,0,"Sideswipe, same direction",V1: Changing lanes / V2:Travelling straight ahead,V1:Northbound / V2:Northbound ,V1: Collision with motor vehicle in traffic / V2: Collision with motor vehicle in traffic ,"V1: Passenger car / V2:Bus (seats for more than 15 people, including driver)",Dry,Daylight,Cloudy,WARREN STREET / KEARSARGE AVENUE,,,,,,234364.3776,897523.9186
2974331,BOSTON,01-Feb-2012,11:30 AM,Property damage only (none injured),2,0,0,"Sideswipe, same direction",V1: Not reported / V2:Not reported,V1:Not reported / V2:Not reported ,V1: Not reported / V2: Not reported ,"V1: Bus (seats for more than 15 people, including driver) / V2:Passenger car",Dry,Daylight,Clear/Unknown,WASHINGTON STREET / EAST BERKELEY STREET,,,,,,235764.3827,899364.1321
3222831,BOSTON (WEST ROXBURY),01-Feb-2012,12:00 PM,Not Reported,2,0,0,Angle,V1: Travelling straight ahead / V2:Travelling straight ahead,V1:Not reported / V2:Not reported ,V1: Collision with motor vehicle in traffic / V2: Collision with motor vehicle in traffic ,"V1: Light truck(van, mini-van, panel, pickup, sport utility) with only four tires / V2:Light truck(van, mini-van, panel, pickup, sport utility) with only four tires",Wet,Daylight,Cloudy,CENTRE STREET / MOUNT VERNON STREET,,,,,,228266.1406,892548.4377
3039582,BOSTON,01-Feb-2012,3:00 PM,Not Reported,1,0,0,Single vehicle crash,V1: Not reported,V1:Not reported ,V1: Not reported ,V1: Not reported,Dry,Daylight,Clear,,SOMERSET STREET,,,,P2:Pedestrian,,
2919232,BOSTON,01-Feb-2012,4:01 PM,Property damage only (none injured),2,0,0,Rear-end,V1: Travelling straight ahead / V2:Not reported,V1:Northbound / V2:Not reported ,V1: Collision with motor vehicle in traffic / V2: Not reported ,V1: Passenger car / V2:Passenger car,Dry,Daylight,Not Reported,,Rte 93 N,,Exit 11 on Rte 93 N,,,237113.1203,891743.2618
2903010,BOSTON,01-Feb-2012,6:31 PM,Property damage only (none injured),2,0,0,Rear-end,V1: Travelling straight ahead / V2:Slowing or stopped in traffic,V1:Southbound / V2:Southbound ,V1: Collision with motor vehicle in traffic / V2: Collision with motor vehicle in traffic ,"V1: Passenger car / V2:Light truck(van, mini-van, panel, pickup, sport utility) with only four tires",Dry,Dark - lighted roadway,Clear,,Rte 93 S,,Exit 15 on Rte 93 S,,,236629.6253,897168.5001
2903987,BOSTON,01-Feb-2012,6:58 PM,Non-fatal injury,3,4,0,Rear-end,V1: Travelling straight ahead / V2:Slowing or stopped in traffic / V3:Slowing or stopped in traffic,V1:Northbound / V2:Northbound / V3:Northbound ,V1: Collision with motor vehicle in traffic / V2: Collision with motor vehicle in traffic / V3: Collision with motor vehicle in traffic ,"V1: Light truck(van, mini-van, panel, pickup, sport utility) with only four tires / V2:Passenger car / V3:Passenger car",Dry,Dark - lighted roadway,Clear,,Rte 93 N,,Exit 11 on Rte 93 N,,,237113.1203,891743.2618
3039430,BOSTON,01-Feb-2012,8:58 PM,Non-fatal injury,2,2,0,Rear-end,V1: Not reported / V2:Not reported,V1:Not reported / V2:Not reported ,V1: Not reported / V2: Not reported ,"V1: Passenger car / V2:Light truck(van, mini-van, panel, pickup, sport utility) with only four tires",Dry,Dark - lighted roadway,Clear/Clear,,296 DUDLEY STREET,,,,,234776.7689,897596.0551
2897851,BOSTON,02-Feb-2012,7:28 AM,Non-fatal injury,2,1,0,Rear-end,V1: Slowing or stopped in traffic / V2:Travelling straight ahead,V1:Southbound / V2:Southbound ,V1: Collision with motor vehicle in traffic / V2: Collision with motor vehicle in traffic ,"V1: Light truck(van, mini-van, panel, pickup, sport utility) with only four tires / V2:Light truck(van, mini-van, panel, pickup, sport utility) with only four tires",Dry,Daylight,Cloudy,,Rte 93 S,,,AREA HAYMARKET ON RAMP SB,,236276.7994,901729.6231
2901752,BOSTON,02-Feb-2012,9:40 AM,Non-fatal injury,2,1,0,"Sideswipe, same direction",V1: Changing lanes / V2:Travelling straight ahead,V1:Westbound / V2:Westbound ,V1: Collision with motor vehicle in traffic / V2: Collision with motor vehicle in traffic ,"V1: Light truck(van, mini-van, panel, pickup, sport utility) with only four tires / V2:Light truck(van, mini-van, panel, pickup, sport utility) with only four tires",Dry,Daylight,Not Reported,,STORROW DRIVE Rte 28 S / RAMP - RT 3 TO RT 28 SB,,,LONGFELLOW BRIDGE,,235193.8564,901255.1677
2907157,BOSTON,02-Feb-2012,10:27 AM,Property damage only (none injured),2,0,0,"Sideswipe, same direction",V1: Travelling straight ahead / V2:Travelling straight ahead,V1:Southbound / V2:Southbound ,V1: Collision with motor vehicle in traffic / V2: Collision with motor vehicle in traffic ,V1: Single-unit truck (3-or-more axles) / V2:Passenger car,Dry,Daylight,Clear,,Rte 93 S,Rte 93  S Milemarker 17.1,,,,236914.8174,900604.6583
3039576,BOSTON,02-Feb-2012,12:16 PM,Non-fatal injury,1,1,0,Single vehicle crash,V1: Turning left,V1:Not reported ,V1: Collision with pedestrian ,"V1: Light truck(van, mini-van, panel, pickup, sport utility) with only four tires",Dry,Daylight,Cloudy,,55 FRUIT STREET,,,,,235484.2327,901413.2309
2907160,BOSTON,02-Feb-2012,1:15 PM,Property damage only (none injured),2,0,0,Rear-end,V1: Slowing or stopped in traffic / V2:Slowing or stopped in traffic,V1:Southbound / V2:Southbound ,V1: Collision with motor vehicle in traffic / V2: Collision with motor vehicle in traffic ,V1: Passenger car / V2:Passenger car,Dry,Daylight,Cloudy,,Rte 93 S,Rte 93  S Milemarker 18.2,,,,236077.5523,901982.4211
3380279,BOSTON,02-Feb-2012,5:58 PM,Property damage only (none injured),2,0,0,"Sideswipe, same direction",V1: Travelling straight ahead / V2:Turning right,V1:Southbound / V2:Southbound ,V1: Collision with motor vehicle in traffic / V2: Collision with motor vehicle in traffic ,"V1: Light truck(van, mini-van, panel, pickup, sport utility) with only four tires / V2:Light truck(van, mini-van, panel, pickup, sport utility) with only four tires",Dry,Dark - lighted roadway,Clear,RAMP - ALBANY STREET TO RT 93 SB / JOHN FITZGERALD EXPRESSWAY Rte 93 S,,,,ALBANY  ST  RAMP,,236013.2782,899092.9984
2903011,BOSTON,02-Feb-2012,6:07 PM,Property damage only (none injured),2,0,0,Rear-end,V1: Slowing or stopped in traffic / V2:Travelling straight ahead,V1:Southbound / V2:Southbound ,V1: Collision with motor vehicle in traffic / V2: Collision with motor vehicle in traffic ,"V1: Light truck(van, mini-van, panel, pickup, sport utility) with only four tires / V2:Passenger car",Dry,Dark - lighted roadway,Clear,,Rte 93 S / RAMP - RT 93 SB TO COLUMBIA RD,,,@ NORTH HOV BUILDING,,236642.6332,897148.2462
2924692,BOSTON,02-Feb-2012,6:34 PM,Property damage only (none injured),2,0,0,Rear-end,V1: Changing lanes / V2:Travelling straight ahead,V1:Northbound / V2:Northbound ,V1: Collision with motor vehicle in traffic / V2: Collision with motor vehicle in traffic ,"V1: Light truck(van, mini-van, panel, pickup, sport utility) with only four tires / V2:Passenger car",Dry,Dark - lighted roadway,Clear,JAMAICAWAY / ELIOT STREET,,,,,,231358.6406,895992.0627
3386769,BOSTON,03-Feb-2012,8:10 AM,Property damage only (none injured),2,0,0,Rear-end,V1: Not reported / V2:Travelling straight ahead,V1:Not reported / V2:Southbound ,V1: Not reported / V2: Collision with motor vehicle in traffic ,V1: Not reported / V2:Passenger car,Dry,Daylight,Clear,,JOHN F FITZGERALD EXPRESSWAY Rte 93 S,,,ZAKIM BRIDGE,,236001.2385,902072.6316
3042731,BOSTON (ALLSTON),03-Feb-2012,8:53 AM,Unknown,1,0,0,Single vehicle crash,V1: Not reported,V1:Not reported ,V1: Collision with motor vehicle in traffic ,V1: Passenger car,Dry,Daylight,Clear/Unknown,BRIGHTON AVENUE / CHESTER STREET,,,,,P2:Pedestrian,230620.3596,900300.7501
2906376,BOSTON,03-Feb-2012,9:52 AM,Property damage only (none injured),2,0,0,Angle,V1: Travelling straight ahead / V2:Travelling straight ahead,V1:Northbound / V2:Eastbound ,V1: Collision with motor vehicle in traffic / V2: Collision with motor vehicle in traffic ,"V1: Passenger car / V2:Light truck(van, mini-van, panel, pickup, sport utility) with only four tires",Dry,Daylight,Clear,FRONTAGE ROAD / ALBANY STREET CONNECTOR / RAMP - ALBANY STREET TO RT 90 EB,,,,ALBANY STREET,,236004.2736,898934.2784
2896868,BOSTON,03-Feb-2012,12:04 PM,Not Reported,2,0,0,"Sideswipe, same direction",V1: Travelling straight ahead / V2:Changing lanes,V1:Northbound / V2:Northbound ,V1: Collision with motor vehicle in traffic / V2: Collision with motor vehicle in traffic ,"V1: Light truck(van, mini-van, panel, pickup, sport utility) with only four tires / V2:Passenger car",Dry,Daylight,Clear,,GALLIVAN BOULEVARD,,,NEPONSET CIRCLE,,237731.8737,892907.403
2955708,BOSTON,03-Feb-2012,1:50 PM,Property damage only (none injured),3,0,0,Rear-end,V1: Travelling straight ahead / V2:Slowing or stopped in traffic / V3:Slowing or stopped in traffic,V1:Eastbound / V2:Eastbound / V3:Eastbound ,V1: Collision with motor vehicle in traffic / V2: Collision with motor vehicle in traffic / V3: Collision with motor vehicle in traffic ,V1: Passenger car / V2:Passenger car / V3:Passenger car,Dry,Daylight,Clear,CENTRE STREET / HILLCROFT ROAD,,,,,,231112.7342,895392.0627
3039579,BOSTON (CHARLESTOWN),03-Feb-2012,1:50 PM,Unknown,2,0,0,Head-on,V1: Travelling straight ahead / V2:Travelling straight ahead,V1:Not reported / V2:Not reported ,V1: Collision with motor vehicle in traffic / V2: Collision with motor vehicle in traffic ,V1: Passenger car / V2:Not reported,Dry,Daylight,Clear/Clear,,ALFORD STREET,,,,,,
2896869,BOSTON,03-Feb-2012,2:32 PM,Property damage only (none injured),2,0,0,Angle,V1: Entering traffic lane / V2:Travelling straight ahead,V1:Southbound / V2:Eastbound ,V1: Collision with motor vehicle in traffic / V2: Collision with motor vehicle in traffic ,"V1: Passenger car / V2:Light truck(van, mini-van, panel, pickup, sport utility) with only four tires",Dry,Daylight,Clear,,GALLIVAN BOULEVARD / ROSS ROAD,,,,,236771.3438,892584.375
3386772,BOSTON,03-Feb-2012,2:53 PM,Property damage only (none injured),2,0,0,Rear-end,V1: Slowing or stopped in traffic / V2:Travelling straight ahead,V1:Southbound / V2:Southbound ,V1: Collision with motor vehicle in traffic / V2: Collision with motor vehicle in traffic ,V1: Passenger car / V2:Tractor/semi-trailer,Dry,Daylight,Clear,,GENERAL CASIMIR PULASKI SKYWAY Rte 93 S / SOUTHBOUND FRONTAGE ROAD,,,SOUTH BAY,,236237.7366,897729.8411
2898176,BOSTON,03-Feb-2012,3:22 PM,Property damage only (none injured),2,0,0,"Sideswipe, same direction",V1: Turning left / V2:Travelling straight ahead,V1:Southbound / V2:Southbound ,V1: Collision with motor vehicle in traffic / V2: Collision with motor vehicle in traffic ,V1: Passenger car / V2:Passenger car,Dry,Daylight,Clear,SOUTHBOUND FRONTAGE ROAD / TRAVELER STREET / BROADWAY,,,,,,236086.8879,899375.6393
3044759,BOSTON (DORCHESTER),03-Feb-2012,4:10 PM,Non-fatal injury,1,1,0,Single vehicle crash,V1: Not reported,V1:Not reported ,V1: Not reported ,V1: Passenger car,Dry,Daylight,Clear/Clear,BOWDOIN STREET / WINTER STREET,,,,,P2:Pedestrian,236054.7655,895626.1875