Crash Number,City/Town Name,Crash Date,Crash Time,Crash Severity,Number of Vehicles,Total Nonfatal Injuries,Total Fatal Injuries,Manner of Collision,Vehicle Action Prior to Crash,Vehicle Travel Directions,Most Harmful Events,Vehicle Configuration,Road Surface Condition,Ambient Light,Weather Condition,At Roadway Intersection,Distance from Nearest Roadway Intersection,Distance from Nearest Milemarker,Distance from Nearest Exit,Distance from Nearest Landmark,Non Motorist Type,X Coordinate,Y Coordinate
2903436,BOSTON,03-Feb-2012,5:25 PM,Property damage only (none injured),1,0,0,Angle,V1: Travelling straight ahead,V1:Southbound ,"V1: Collision with cyclist (bicycle, tricycle, unicycle, pedal car) ",V1: Passenger car,Dry,Dark - lighted roadway,Clear,BEACON STREET / CHESTNUT HILL AVENUE / SUTHERLAND ROAD,,,,,,228769.047,898446.7499
2905855,BOSTON,03-Feb-2012,6:31 PM,Property damage only (none injured),3,0,0,Rear-end,V1: Travelling straight ahead / V2:Travelling straight ahead / V3:Travelling straight ahead,V1:Southbound / V2:Southbound / V3:Southbound ,V1: Collision with motor vehicle in traffic / V2: Collision with motor vehicle in traffic / V3: Collision with motor vehicle in traffic ,"V1: Passenger car / V2:Light truck(van, mini-van, panel, pickup, sport utility) with only four tires / V3:Passenger car",Dry,Dark - roadway not lighted,Clear,,RAMP - LEVERETT CIRCLE TO RT 93 SB Rte 3 S / Rte I93NB,,,,,236105.3434,901926.2279
3380280,BOSTON,03-Feb-2012,7:12 PM,Property damage only (none injured),3,0,0,Rear-end,V1: Slowing or stopped in traffic / V2:Slowing or stopped in traffic / V3:Slowing or stopped in traffic,V1:Eastbound / V2:Eastbound / V3:Eastbound ,V1: Collision with motor vehicle in traffic / V2: Collision with motor vehicle in traffic / V3: Collision with motor vehicle in traffic ,V1: Passenger car / V2:Passenger car / V3:Passenger car,Dry,Dark - lighted roadway,Clear,,Rte 90 E,,Exit 24 on Rte 90 E,PRIOR TO EXIT 24,,236020.7529,899669.4659
2903988,BOSTON,03-Feb-2012,9:55 PM,Non-fatal injury,2,1,0,Angle,V1: Entering traffic lane / V2:Travelling straight ahead,V1:Eastbound / V2:Southbound ,V1: Collision with motor vehicle in traffic / V2: Collision with motor vehicle in traffic ,V1: Passenger car / V2:Passenger car,Dry,Dark - lighted roadway,Clear,,KOSCIUSZKO CIRCLE,,,,,237020.6238,896892.1848
3043545,BOSTON,04-Feb-2012,2:43 AM,Property damage only (none injured),2,0,0,Rear-end,V1: Travelling straight ahead / V2:Travelling straight ahead,V1:Eastbound / V2:Eastbound ,V1: Collision with motor vehicle in traffic / V2: Collision with motor vehicle in traffic ,V1: Passenger car / V2:Passenger car,Dry,Dark - lighted roadway,Clear/Clear,MARGINAL ROAD / SHAWMUT AVENUE,,,,,,235781.7815,899778.6248
2896870,BOSTON,04-Feb-2012,7:30 AM,Non-fatal injury,2,1,0,Rear-end,V1: Slowing or stopped in traffic / V2:Slowing or stopped in traffic,V1:Southbound / V2:Southbound ,V1: Collision with motor vehicle in traffic / V2: Collision with motor vehicle in traffic ,"V1: Light truck(van, mini-van, panel, pickup, sport utility) with only four tires / V2:Passenger car",Dry,Daylight,Clear,OLD COLONY AVENUE / MOUNT VERNON STREET,,,,JFK STATION ACCESS ROAD,,236937.771,896846.3844
2903012,BOSTON,04-Feb-2012,10:30 AM,Property damage only (none injured),2,0,0,"Sideswipe, same direction",V1: Changing lanes / V2:Travelling straight ahead,V1:Northbound / V2:Northbound ,V1: Collision with motor vehicle in traffic / V2: Collision with motor vehicle in traffic ,V1: Passenger car / V2:Passenger car,Dry,Daylight,Clear,RAMP - RT 3A NB TO RT 93 NB Rte 3A N / WILLIAM T MORRISSEY BOULEVARD,,,,,,237747.8748,893032.2598
3045133,BOSTON,04-Feb-2012,9:00 PM,Not Reported,2,0,0,Not reported,V1: Parked / V2:Not reported,V1:Not reported / V2:Not reported ,V1: Not reported / V2: Not reported ,V1: Not reported / V2:Not reported,Not reported,Not reported,Not Reported,,69 STANWOOD STREET,,,,,234652.7808,895466.7851
3039581,BOSTON,05-Feb-2012,2:19 AM,Not Reported,2,0,0,Rear-end,V1: Not reported / V2:Not reported,V1:Not reported / V2:Not reported ,V1: Not reported / V2: Not reported ,V1: Not reported / V2:Not reported,Dry,Dark - lighted roadway,Clear,,MERRIMAC STREET / NEW SUDBURY STREET,,,,,236378.0285,901425.9965
2903993,BOSTON,05-Feb-2012,2:40 AM,Fatal injury,2,4,1,Angle,V1: Travelling straight ahead / V2:Travelling straight ahead,V1:Southbound / V2:Northbound ,V1: Collision with motor vehicle in traffic / V2: Collision with motor vehicle in traffic ,V1: Passenger car / V2:Passenger car,Dry,Dark - lighted roadway,Clear,,HYDE PARK AVENUE / MILTON STREET,,,,,230361.0311,887703.4375
3044758,BOSTON,05-Feb-2012,5:00 AM,Non-fatal injury,2,2,0,Angle,V1: Travelling straight ahead / V2:Travelling straight ahead,V1:Not reported / V2:Not reported ,V1: Collision with motor vehicle in traffic / V2: Collision with motor vehicle in traffic ,V1: Passenger car / V2:Passenger car,Dry,Dark - lighted roadway,Cloudy,WASHINGTON STREET / KENWOOD STREET,,,,,,235320.5155,893557.0624
2901753,BOSTON,05-Feb-2012,1:23 PM,Property damage only (none injured),2,0,0,Angle,V1: Travelling straight ahead / V2:Turning left,V1:Eastbound / V2:Eastbound ,V1: Collision with motor vehicle in traffic / V2: Collision with motor vehicle in traffic ,"V1: Light truck(van, mini-van, panel, pickup, sport utility) with only four tires / V2:Passenger car",Dry,Daylight,Clear,,KOSCIUSZKO CIRCLE,,,,,237020.6238,896892.1848
2900656,BOSTON,05-Feb-2012,2:47 PM,Property damage only (none injured),2,0,0,"Sideswipe, same direction",V1: Travelling straight ahead / V2:Changing lanes,V1:Eastbound / V2:Eastbound ,V1: Collision with motor vehicle in traffic / V2: Collision with motor vehicle in traffic ,"V1: Light truck(van, mini-van, panel, pickup, sport utility) with only four tires / V2:Passenger car",Dry,Daylight,Clear,,SOLDIERS FIELD ROAD / RAMP - WESTERN AVE TO SOLDIERS FIELD RD,,,PRIOR TO CAMBRIDGE STREET,,231484.5224,901333.1132
2906377,BOSTON,05-Feb-2012,4:12 PM,Non-fatal injury,2,1,0,Rear-end,V1: Entering traffic lane / V2:Entering traffic lane,V1:Southbound / V2:Southbound ,V1: Collision with motor vehicle in traffic / V2: Collision with motor vehicle in traffic ,V1: Passenger car / V2:Passenger car,Dry,Daylight,Cloudy,RAMP - MASSACHUSETTS AVE TO SOUTHBOUND F / SOUTHBOUND FRONTAGE ROAD,,,,MASS AVE EXT @ FRONTAGE RD S,,235795.648,898373.6297
2905856,BOSTON,05-Feb-2012,4:24 PM,Non-fatal injury,1,1,0,Single vehicle crash,V1: Slowing or stopped in traffic,V1:Northbound ,V1: Collision with pedestrian ,"V1: Light truck(van, mini-van, panel, pickup, sport utility) with only four tires",Dry,Daylight,Clear,,FRONTAGE ROAD / WEST FOURTH STREET,,,,P2:Pedestrian,236111.8694,899236.5468
3044830,BOSTON (DORCHESTER),05-Feb-2012,6:30 PM,Non-fatal injury,2,1,0,"Sideswipe, opposite direction",V1: Travelling straight ahead / V2:Turning left,V1:Northbound / V2:Southbound ,V1: Collision with motor vehicle in traffic / V2: Collision with motor vehicle in traffic ,V1: Passenger car / V2:Passenger car,Dry,Dark - lighted roadway,Clear/Clear,NEPONSET AVENUE / VICTORY ROAD,,,,,,236742.2658,894034.0626
2906378,BOSTON,05-Feb-2012,10:30 PM,Property damage only (none injured),3,0,0,Rear-end,V1: Slowing or stopped in traffic / V2:Slowing or stopped in traffic / V3:Slowing or stopped in traffic,V1:Westbound / V2:Westbound / V3:Westbound ,V1: Collision with motor vehicle in traffic / V2: Collision with motor vehicle in traffic / V3: Collision with motor vehicle in traffic ,"V1: Passenger car / V2:Light truck(van, mini-van, panel, pickup, sport utility) with only four tires / V3:Passenger car",Dry,Dark - roadway not lighted,Clear,,Rte 90 W,,,,,231312.2051,900784.6587
2909760,BOSTON,05-Feb-2012,11:34 PM,Non-fatal injury,2,1,0,Not reported,V1: Travelling straight ahead / V2:Overtaking/passing,V1:Southbound / V2:Southbound ,V1: Reported but invalid / V2: Collision with median barrier ,"V1: Light truck(van, mini-van, panel, pickup, sport utility) with only four tires / V2:Light truck(van, mini-van, panel, pickup, sport utility) with only four tires",Dry,Dark - lighted roadway,Other,,Rte 93 S,,Exit 20 on Rte 93 S,,,236954.2091,900826.9444
3179577,BOSTON (HYDE PARK),06-Feb-2012,00:00 AM,Not Reported,2,0,0,Not reported,V1: Not reported / V2:Not reported,V1:Not reported / V2:Not reported ,V1: Not reported / V2: Not reported ,V1: Not reported / V2:Not reported,Not reported,Not reported,Not Reported,HYDE PARK AVENUE / RIVER STREET,,,,,,231014.8439,889552.0002
3039632,BOSTON (ROXBURY),06-Feb-2012,6:06 AM,Property damage only (none injured),2,0,0,Angle,V1: Travelling straight ahead / V2:Turning left,V1:Eastbound / V2:Southbound ,V1: Collision with motor vehicle in traffic / V2: Collision with motor vehicle in traffic ,V1: Passenger car / V2:Passenger car,Dry,Dark - lighted roadway,Clear,MELNEA CASS BOULEVARD / HAMPDEN STREET,,,,,,235042.1094,897943.1877
3091535,BOSTON (DORCHESTER),06-Feb-2012,8:04 AM,Non-fatal injury,2,1,0,Rear-end,V1: Not reported / V2:Not reported,V1:Not reported / V2:Not reported ,V1: Not reported / V2: Not reported ,"V1: Light truck(van, mini-van, panel, pickup, sport utility) with only four tires / V2:Passenger car",Dry,Daylight,Clear,,710 WASHINGTON STREET,,,,,235974.5782,900073.2849
3381569,BOSTON,06-Feb-2012,9:15 AM,Property damage only (none injured),2,0,0,Rear-end,V1: Slowing or stopped in traffic / V2:Travelling straight ahead,V1:Northbound / V2:Northbound ,V1: Collision with motor vehicle in traffic / V2: Collision with motor vehicle in traffic ,"V1: Light truck(van, mini-van, panel, pickup, sport utility) with only four tires / V2:Passenger car",Dry,Daylight,Clear,,Rte 93 N / RAMP - RT 93 NB TO MORRISSEY BLVD,,,PRIOR TO FREEPORT ST RAMP,,237272.3524,894450.2053
2904937,BOSTON,07-Feb-2012,5:55 PM,Property damage only (none injured),3,0,0,Rear-end,V1: Slowing or stopped in traffic / V2:Slowing or stopped in traffic / V3:Travelling straight ahead,V1:Southbound / V2:Southbound / V3:Southbound ,V1: Collision with motor vehicle in traffic / V2: Collision with motor vehicle in traffic / V3: Collision with motor vehicle in traffic ,"V1: Light truck(van, mini-van, panel, pickup, sport utility) with only four tires / V2:Light truck(van, mini-van, panel, pickup, sport utility) with only four tires / V3:Light truck(van, mini-van, panel, pickup, sport utility) with only four tires",Dry,Dark - lighted roadway,Not Reported,,Rte 93 S,,Exit 12 on Rte 93 S,,,237620.5491,892713.0989
2926393,BOSTON,08-Feb-2012,00:00 AM,Property damage only (none injured),1,0,0,Single vehicle crash,V1: Turning left,V1:Northbound ,V1: Collision with guardrail ,"V1: Light truck(van, mini-van, panel, pickup, sport utility) with only four tires",Dry,Dark - lighted roadway,Clear,Rte 93 N / JOHN F FITZGERALD EXPRESSWAY Rte 93 N / INTERSTATE 93 Rte 93 N,,,,BUNKER HILL/ZAKIM BRIDGE,,235658.2318,902465.0478
2903994,BOSTON,08-Feb-2012,8:50 AM,Non-fatal injury,2,1,0,Rear-end,V1: Entering traffic lane / V2:Travelling straight ahead,V1:Eastbound / V2:Eastbound ,V1: Collision with motor vehicle in traffic / V2: Collision with motor vehicle in traffic ,V1: Passenger car / V2:Passenger car,Dry,Daylight,Clear,,ARBORWAY / 501,,,"SHEA ROTARY, JP",,232317.0749,894582.8193
2942537,BOSTON,08-Feb-2012,12:41 PM,Non-fatal injury,2,1,0,Angle,V1: Travelling straight ahead / V2:Travelling straight ahead,V1:Northbound / V2:Southbound ,V1: Not reported / V2: Collision with motor vehicle in traffic ,V1: Passenger car / V2:Passenger car,Dry,Daylight,Clear,HOTEL DRIVE / SR-2,,,,,,239100.7308,902296.287
2902250,BOSTON,08-Feb-2012,5:40 PM,Property damage only (none injured),2,0,0,"Sideswipe, same direction",V1: Slowing or stopped in traffic / V2:Travelling straight ahead,V1:Eastbound / V2:Eastbound ,V1: Collision with motor vehicle in traffic / V2: Collision with motor vehicle in traffic ,"V1: Passenger car / V2:Light truck(van, mini-van, panel, pickup, sport utility) with only four tires",Dry,Dark - lighted roadway,Clear,,MORTON STREET / HARVARD STREET,,,,,233493.5311,893100.9999
2905857,BOSTON,08-Feb-2012,5:51 PM,Property damage only (none injured),2,0,0,"Sideswipe, same direction",V1: Travelling straight ahead / V2:Changing lanes,V1:Southbound / V2:Southbound ,V1: Collision with motor vehicle in traffic / V2: Collision with motor vehicle in traffic ,"V1: Passenger car / V2:Light truck(van, mini-van, panel, pickup, sport utility) with only four tires",Dry,Dusk,Clear,,Rte 93 S,,Exit 18 on Rte 93 S,,,236013.2784,899092.998
2903008,BOSTON,09-Feb-2012,7:37 AM,Non-fatal injury,1,1,0,Single vehicle crash,V1: Travelling straight ahead,V1:Eastbound ,V1: Other ,"V1: Light truck(van, mini-van, panel, pickup, sport utility) with only four tires",Dry,Daylight,Clear,,SOLDIERS FIELD ROAD / RAMP - WESTERN AVE TO SOLDIERS FIELD RD,,,UNDER RIVER STREET BRIDGE,,231496.8561,901230.858
2954164,BOSTON,09-Feb-2012,7:38 AM,Property damage only (none injured),3,0,0,Rear-end,V1: Slowing or stopped in traffic / V2:Slowing or stopped in traffic / V3:Slowing or stopped in traffic,V1:Southbound / V2:Southbound / V3:Southbound ,V1: Collision with other movable object / V2: Collision with motor vehicle in traffic / V3: Collision with motor vehicle in traffic ,"V1: Light truck(van, mini-van, panel, pickup, sport utility) with only four tires / V2:Light truck(van, mini-van, panel, pickup, sport utility) with only four tires / V3:Passenger car",Dry,Daylight,Clear,,Rte 93 S,,,D RAMP MERGE,,236295.577,900133.1416
2906379,BOSTON,09-Feb-2012,7:40 AM,Property damage only (none injured),2,0,0,Rear-end,V1: Slowing or stopped in traffic / V2:Travelling straight ahead,V1:Southbound / V2:Southbound ,V1: Collision with motor vehicle in traffic / V2: Collision with motor vehicle in traffic ,V1: Passenger car / V2:Passenger car,Dry,Daylight,Clear,,Rte 93 S,,,,,236793.1221,900500.0765
2902245,BOSTON,09-Feb-2012,7:46 AM,Non-fatal injury,2,1,0,Angle,V1: Slowing or stopped in traffic / V2:Slowing or stopped in traffic,V1:Southbound / V2:Southbound ,V1: Collision with motor vehicle in traffic / V2: Collision with motor vehicle in traffic ,V1: Passenger car / V2:Passenger car,Dry,Daylight,Clear,,Rte 93 S,,,,,236077.552,901982.4211
2914902,BOSTON,09-Feb-2012,9:50 AM,Property damage only (none injured),2,0,0,"Sideswipe, same direction",V1: Entering traffic lane / V2:Travelling straight ahead,V1:Northbound / V2:Northbound ,V1: Collision with motor vehicle in traffic / V2: Collision with motor vehicle in traffic ,V1: Passenger car / V2:Single-unit truck (3-or-more axles),Dry,Daylight,Clear,,Rte 93 N,,Exit 15 on Rte 93 N,,,236950.4904,896542.4881
2942544,BOSTON,09-Feb-2012,10:01 AM,Non-fatal injury,1,1,0,Single vehicle crash,V1: Travelling straight ahead,V1:Eastbound ,V1: Collision with tree ,V1: Passenger car,Dry,Daylight,Cloudy,,TURTLE POND PARKWAY / ENNEKING PARKWAY,,,,,229687.9375,889839.1252
2914986,BOSTON,09-Feb-2012,10:31 AM,Property damage only (none injured),2,0,0,Rear-end,V1: Slowing or stopped in traffic / V2:Travelling straight ahead,V1:Westbound / V2:Southbound ,V1: Collision with motor vehicle in traffic / V2: Collision with motor vehicle in traffic ,"V1: Passenger car / V2:Light truck(van, mini-van, panel, pickup, sport utility) with only four tires",Dry,Daylight,Clear,,COLUMBIA ROAD / 730,,,,,236232.0402,896716.7553
3009942,BOSTON (SOUTH BOSTON),09-Feb-2012,3:16 PM,Non-fatal injury,2,1,0,Angle,V1: Turning left / V2:Unknown,V1:Southbound / V2:Southbound ,V1: Collision with motor vehicle in traffic / V2: Collision with motor vehicle in traffic ,V1: Truck/trailer / V2:Passenger car,Dry,Daylight,Clear,,306 NORTHERN AVENUE,,,,,238306.5232,899670.5714
3042732,BOSTON (ALLSTON),09-Feb-2012,4:15 PM,Property damage only (none injured),2,0,0,Rear-end,V1: Backing / V2:Parked,V1:Northbound / V2:Not reported ,V1: Collision with median barrier / V2: Collision with motor vehicle in traffic ,V1: Passenger car / V2:Not reported,Dry,Daylight,Clear/Clear,,125 HARVARD AVENUE,,,,,230327.4505,900265.4214
2905858,BOSTON,09-Feb-2012,8:01 PM,Non-fatal injury,2,2,0,Angle,V1: Travelling straight ahead / V2:Travelling straight ahead,V1:Southbound / V2:Southbound ,V1: Collision with motor vehicle in traffic / V2: Collision with motor vehicle in traffic ,V1: Passenger car / V2:Passenger car,Dry,Dark - lighted roadway,Clear,,Rte 93 S / RAMP - RT 93 SB TO CALLAHAN TUNNEL,,Exit 2 on Rte 93 S,,,236467.5591,901483.7663
3044831,BOSTON (DORCHESTER),09-Feb-2012,8:39 PM,Non-fatal injury,2,1,0,Angle,V1: Making U-turn / V2:Travelling straight ahead,V1:Not reported / V2:Not reported ,V1: Collision with motor vehicle in traffic / V2: Collision with motor vehicle in traffic ,V1: Not reported / V2:Not reported,Dry,Dark - lighted roadway,Clear/Clear,,DORCHESTER AVENUE / GREENWICH STREET,,,,,236326.4686,894832.1876
2914859,BOSTON,10-Feb-2012,1:35 AM,Non-fatal injury,1,3,0,Single vehicle crash,V1: Other,V1:Northbound ,V1: Collision with median barrier ,V1: Passenger car,Dry,Dark - lighted roadway,Clear,,RAMP - RUTHERFORD AVENUE TO RT 1 SB / NEW RUTHERFORD AVENUE Rte 99 S,,,RAMP FROM RUTHERFORD AVE TO CANA,,236014.8752,902357.8374
2903007,BOSTON,10-Feb-2012,2:30 AM,Non-fatal injury,2,2,0,"Sideswipe, same direction",V1: Travelling straight ahead / V2:Travelling straight ahead,V1:Eastbound / V2:Eastbound ,V1: Collision with motor vehicle in traffic / V2: Collision with motor vehicle in traffic ,V1: Passenger car / V2:Passenger car,Dry,Dark - lighted roadway,Not Reported,,STORROW DRIVE Rte 28 N / RAMP TO CHARLES CIRCLE,,,LONGFELLOW BRIDGE,,235227.4823,901265.9316
2975033,BOSTON,10-Feb-2012,6:13 AM,Non-fatal injury,2,5,0,Rear-end,V1: Travelling straight ahead / V2:Slowing or stopped in traffic,V1:Southbound / V2:Southbound ,V1: Collision with motor vehicle in traffic / V2: Collision with motor vehicle in traffic ,"V1: Bus (seats for more than 15 people, including driver) / V2:Passenger car",Dry,Daylight,Clear/Clear,WASHINGTON STREET / ARCHDALE ROAD,,,,,,231222.5469,893657.5623
3044832,BOSTON (DORCHESTER),10-Feb-2012,7:30 AM,Not Reported,2,0,0,"Sideswipe, same direction",V1: Parked / V2:Not reported,V1:Not reported / V2:Not reported ,V1: Collision with unknown movable object / V2: Not reported ,V1: Passenger car / V2:Not reported,Dry,Daylight,Clear/Clear,,5 ADAMS STREET,,,,,234964.3855,897710.442
2973028,BOSTON,10-Feb-2012,7:30 AM,Non-fatal injury,2,1,0,Rear-end,V1: Travelling straight ahead / V2:Travelling straight ahead,V1:Northbound / V2:Not reported ,V1: Collision with motor vehicle in traffic / V2: Collision with motor vehicle in traffic ,"V1: Bus (seats for more than 15 people, including driver) / V2:Bus (seats for 7-15 people, including driver)",Dry,Daylight,Clear,,RUGGLES STREET / TREMONT STREET,,,50 feet S from RUGGLES STATION,,233912.9534,898348.9373
2905036,BOSTON,10-Feb-2012,7:50 AM,Property damage only (none injured),2,0,0,"Sideswipe, opposite direction",V1: Travelling straight ahead / V2:Travelling straight ahead,V1:Southbound / V2:Northbound ,V1: Collision with motor vehicle in traffic / V2: Collision with motor vehicle in traffic ,"V1: Light truck(van, mini-van, panel, pickup, sport utility) with only four tires / V2:Passenger car",Dry,Daylight,Clear,,JAMAICAWAY / PERKINS STREET,,,,,231606.1562,896796.9999
2919858,BOSTON,10-Feb-2012,7:56 AM,Non-fatal injury,2,1,0,Angle,V1: Turning left / V2:Turning left,V1:Northbound / V2:Northbound ,V1: Collision with motor vehicle in traffic / V2: Collision with motor vehicle in traffic ,"V1: Truck/trailer / V2:Light truck(van, mini-van, panel, pickup, sport utility) with only four tires",Dry,Daylight,Clear,,FRONTAGE ROAD Rte 93 N / Rte 93,,,MASS AVE CONNECTOR,,236479.2994,899929.6865
3288215,BOSTON,10-Feb-2012,11:30 AM,Not Reported,2,0,0,Not reported,V1: Travelling straight ahead / V2:Not reported,V1:Westbound / V2:Southbound ,V1: Not reported / V2: Not reported ,"V1: Light truck(van, mini-van, panel, pickup, sport utility) with only four tires / V2:Light truck(van, mini-van, panel, pickup, sport utility) with only four tires",Not reported,Not reported,Not Reported,GLEN ROAD / WASHINGTON STREET,,,,,,232602.2656,895514.5623
2924695,BOSTON,10-Feb-2012,1:07 PM,Property damage only (none injured),3,0,0,Angle,V1: Travelling straight ahead / V2:Travelling straight ahead / V3:Travelling straight ahead,V1:Northbound / V2:Northbound / V3:Eastbound ,V1: Collision with motor vehicle in traffic / V2: Collision with motor vehicle in traffic / V3: Collision with motor vehicle in traffic ,"V1: Light truck(van, mini-van, panel, pickup, sport utility) with only four tires / V2:Light truck(van, mini-van, panel, pickup, sport utility) with only four tires / V3:Light truck(van, mini-van, panel, pickup, sport utility) with only four tires",Dry,Daylight,Not Reported,,NORTH BEACON STREET / PARSONS STREET,,,,,228152.7188,900975.5
2905033,BOSTON,10-Feb-2012,1:46 PM,Property damage only (none injured),2,0,0,"Sideswipe, same direction",V1: Travelling straight ahead / V2:Travelling straight ahead,V1:Northbound / V2:Northbound ,V1: Collision with motor vehicle in traffic / V2: Collision with motor vehicle in traffic ,"V1: Light truck(van, mini-van, panel, pickup, sport utility) with only four tires / V2:Single-unit truck (2-axle, 6-tire)",Dry,Daylight,Clear,CHARLES RIVER DAM ROAD Rte 28 N / EMBANKMENT ROAD Rte 28 N / NASHUA STREET,,,,,,235565.4707,901894.5497
3168356,BOSTON,10-Feb-2012,3:11 PM,Property damage only (none injured),3,0,0,Rear-end,V1: Travelling straight ahead / V2:Travelling straight ahead / V3:Travelling straight ahead,V1:Southbound / V2:Southbound / V3:Southbound ,V1: Collision with motor vehicle in traffic / V2: Collision with motor vehicle in traffic / V3: Collision with motor vehicle in traffic ,V1: Passenger car / V2:Passenger car / V3:Passenger car,Dry,Daylight,Clear,,Rte 93 S,,,AFTER RAMADA INN CUTOUT,,237452.5763,893938.8719
2903989,BOSTON,10-Feb-2012,9:05 PM,Property damage only (none injured),2,0,0,Rear-end,V1: Entering traffic lane / V2:Travelling straight ahead,V1:Eastbound / V2:Eastbound ,V1: Collision with motor vehicle in traffic / V2: Collision with motor vehicle in traffic ,V1: Passenger car / V2:Passenger car,Dry,Dark - lighted roadway,Clear,,KOSCIUSZKO CIRCLE,,,,,237020.6238,896892.1848
3044932,BOSTON (DORCHESTER),11-Feb-2012,00:00 AM,Not Reported,2,0,0,"Sideswipe, same direction",V1: Travelling straight ahead / V2:Not reported,V1:Not reported / V2:Not reported ,V1: Not reported / V2: Not reported ,V1: Passenger car / V2:Not reported,Wet,Dark - lighted roadway,Rain/Rain,WASHINGTON STREET / STOCKTON STREET,,,,,,235351.872,892598.2707
3091932,BOSTON (DORCHESTER),11-Feb-2012,2:53 AM,Property damage only (none injured),3,0,0,Angle,V1: Travelling straight ahead / V2:Travelling straight ahead / V3:Not reported,V1:Northbound / V2:Northbound / V3:Not reported ,V1: Collision with motor vehicle in traffic / V2: Collision with motor vehicle in traffic / V3: Not reported ,V1: Passenger car / V2:Passenger car / V3:Not reported,Wet,Daylight,Rain/Snow,NEPONSET AVENUE / VICTORY ROAD,,,,,,236742.2658,894034.0626
2906375,BOSTON,11-Feb-2012,3:55 AM,Property damage only (none injured),1,0,0,Single vehicle crash,V1: Travelling straight ahead,V1:Westbound ,V1: Collision with median barrier ,V1: Passenger car,Wet,Dark - lighted roadway,Rain,,Rte 90 W,,,,,228955.8379,900930.8658
3043546,BOSTON (CHARLESTOWN),11-Feb-2012,4:00 AM,Non-fatal injury,2,1,0,Rear-end,V1: Slowing or stopped in traffic / V2:Not reported,V1:Northbound / V2:Not reported ,V1: Collision with motor vehicle in traffic / V2: Not reported ,V1: Passenger car / V2:Not reported,Dry,Dark - unknown roadway lighting,Clear/Rain,,ALFRED STREET Rte 99 / Rte 99,,,,,,
3045130,BOSTON,11-Feb-2012,4:15 AM,Not Reported,2,0,0,Angle,V1: Not reported / V2:Parked,V1:Not reported / V2:Not reported ,V1: Not reported / V2: Not reported ,"V1: Light truck(van, mini-van, panel, pickup, sport utility) with only four tires / V2:Light truck(van, mini-van, panel, pickup, sport utility) with only four tires",Wet,Dark - lighted roadway,Rain,ADAMS STREET / DIX STREET,,,,,,236575.4219,894082.9376
3053902,BOSTON (CHARLESTOWN),11-Feb-2012,9:35 AM,Non-fatal injury,2,1,0,Angle,V1: Travelling straight ahead / V2:Slowing or stopped in traffic,V1:Southbound / V2:Westbound ,V1: Collision with motor vehicle in traffic / V2: Collision with motor vehicle in traffic ,V1: Passenger car / V2:Passenger car,Wet,Daylight,Rain/Rain,MEDFORD STREET / MYSTIC STREET,,,,,,236085.422,903466.8751
2923152,BOSTON,11-Feb-2012,10:05 AM,Non-fatal injury,1,1,0,Single vehicle crash,V1: Travelling straight ahead,V1:Eastbound ,V1: Collision with guardrail ,"V1: Light truck(van, mini-van, panel, pickup, sport utility) with only four tires",Wet,Daylight,Rain,,STORROW DRIVE / CHARLESGATE OVERPASS,,,BOWKER OVERPASS ONRAMP,,233513.5059,900132.3657
2903009,BOSTON,11-Feb-2012,11:25 AM,Property damage only (none injured),2,0,0,Angle,V1: Travelling straight ahead / V2:Slowing or stopped in traffic,V1:Southbound / V2:Westbound ,V1: Collision with motor vehicle in traffic / V2: Collision with motor vehicle in traffic ,"V1: Light truck(van, mini-van, panel, pickup, sport utility) with only four tires / V2:Light truck(van, mini-van, panel, pickup, sport utility) with only four tires",Wet,Daylight,Cloudy/Rain,NORTH BEACON STREET Rte 20 W / SOLDIERS FIELD ROAD / PARSONS STREET,,,,@ NO BEACON CIRCLE,,228152.7188,900975.5
3045131,BOSTON (DORCHESTER),11-Feb-2012,6:16 PM,Non-fatal injury,2,2,0,"Sideswipe, same direction",V1: Parked / V2:Travelling straight ahead,V1:Not reported / V2:Not reported ,V1: Collision with parked motor vehicle / V2: Collision with motor vehicle in traffic ,V1: Passenger car / V2:Passenger car,Dry,Dark - lighted roadway,Clear/Clear,,5 MELVILLE AVENUE,,,,,235379.5529,893763.9083
3163755,BOSTON,11-Feb-2012,6:37 PM,Non-fatal injury,2,1,0,Rear-end,V1: Slowing or stopped in traffic / V2:Travelling straight ahead,V1:Southbound / V2:Southbound ,V1: Collision with motor vehicle in traffic / V2: Collision with motor vehicle in traffic ,V1: Passenger car / V2:Passenger car,Dry,Dark - lighted roadway,Cloudy,,GENERAL CASIMIR PULASKI SKYWAY Rte 93 S / RAMP - RT 93 SB TO COLUMBIA RD,,,,,236629.6248,897168.4999
2914987,BOSTON,11-Feb-2012,10:33 PM,Not Reported,1,0,0,Single vehicle crash,V1: Travelling straight ahead,V1:Northbound ,V1: Collision with median barrier ,V1: Passenger car,Dry,Dark - lighted roadway,Not Reported,,Rte 93 N,,Exit 16 on Rte 93 N,,,236362.3112,897582.16