Crash Number,City/Town Name,Crash Date,Crash Time,Crash Severity,Number of Vehicles,Total Nonfatal Injuries,Total Fatal Injuries,Manner of Collision,Vehicle Action Prior to Crash,Vehicle Travel Directions,Most Harmful Events,Vehicle Configuration,Road Surface Condition,Ambient Light,Weather Condition,At Roadway Intersection,Distance from Nearest Roadway Intersection,Distance from Nearest Milemarker,Distance from Nearest Exit,Distance from Nearest Landmark,Non Motorist Type,X Coordinate,Y Coordinate
3053914,BOSTON,11-Feb-2012,11:06 PM,Property damage only (none injured),2,0,0,Rear-end,V1: Travelling straight ahead / V2:Travelling straight ahead,V1:Westbound / V2:Westbound ,V1: Collision with motor vehicle in traffic / V2: Collision with motor vehicle in traffic ,V1: Passenger car / V2:Passenger car,Dry,Dark - lighted roadway,Clear/Clear,CAMBRIDGE STREET / BLOSSOM STREET,,,,,,235676.3607,901282.612
3380281,BOSTON,11-Feb-2012,11:40 PM,Property damage only (none injured),2,0,0,Rear-end,V1: Slowing or stopped in traffic / V2:Slowing or stopped in traffic,V1:Eastbound / V2:Eastbound ,V1: Collision with motor vehicle in traffic / V2: Collision with motor vehicle in traffic ,"V1: Passenger car / V2:Light truck(van, mini-van, panel, pickup, sport utility) with only four tires",Dry,Dark - lighted roadway,Clear,,MASSACHUSETTS AVENUE CONNECTOR / FRONTAGE ROAD,,,MASS AVE CONNECTOR,,235863.8416,898418.1206
3053925,BOSTON,12-Feb-2012,1:02 AM,Property damage only (none injured),1,0,0,Single vehicle crash,V1: Travelling straight ahead,V1:Not reported ,V1: Collision with pedestrian ,"V1: Light truck(van, mini-van, panel, pickup, sport utility) with only four tires",Dry,Dark - lighted roadway,Clear/Clear,CHURCH STREET / WINCHESTER STREET,,,,,P2:Pedestrian,235560.0645,899990.6235
2905859,BOSTON,12-Feb-2012,1:51 AM,Non-fatal injury,1,1,0,Single vehicle crash,V1: Travelling straight ahead,V1:Northbound ,V1: Collision with median barrier ,V1: Passenger car,Dry,Dark - lighted roadway,Clear,,MCCLELLAN HIGHWAY Rte 1A S / EAST BOSTON EXPRESSWAY Rte 1A S,,,BEFORE ROUTE 145/BENNINGTON ST E,,239394.3609,903751.0272
3045132,BOSTON (DORCHESTER),12-Feb-2012,2:15 AM,Not Reported,1,0,0,Single vehicle crash,V1: Not reported,V1:Not reported ,V1: Not reported ,"V1: Light truck(van, mini-van, panel, pickup, sport utility) with only four tires",Dry,Dark - lighted roadway,Clear,COLUMBIA ROAD / RICHFIELD STREET,,,,,,235262.0595,895595.2269
2964712,BOSTON,12-Feb-2012,3:40 AM,Non-fatal injury,2,4,0,Rear-end,V1: Travelling straight ahead / V2:Travelling straight ahead,V1:Southbound / V2:Southbound ,V1: Collision with motor vehicle in traffic / V2: Collision with motor vehicle in traffic ,V1: Passenger car / V2:Passenger car,Dry,Dark - lighted roadway,Not Reported,,Rte 93 S,,Exit 12 on Rte 93 S,,,237620.5493,892713.0989
2914976,BOSTON,12-Feb-2012,3:51 AM,Property damage only (none injured),1,0,0,Single vehicle crash,V1: Turning right,V1:Eastbound ,V1: Collision with guardrail ,V1: Passenger car,Dry,Dark - lighted roadway,Clear,MASSACHUSETTS AVENUE CONNECTOR / FRONTAGE ROAD / RAMP - FRONTAGE ROAD TO RT 93 NB,,,,FRONTAGE RD NB,,235865.0173,898419.1854
3056130,BOSTON,12-Feb-2012,6:08 AM,Unknown,2,0,0,Rear-end,V1: Travelling straight ahead / V2:Travelling straight ahead,V1:Not reported / V2:Not reported ,V1: Not reported / V2: Unknown ,"V1: Light truck(van, mini-van, panel, pickup, sport utility) with only four tires / V2:Light truck(van, mini-van, panel, pickup, sport utility) with only four tires",Dry,Daylight,Clear,DUDLEY STREET / WASHINGTON STREET,,,,,,234195.9531,897684.1249
3096030,BOSTON (ROXBURY),12-Feb-2012,8:00 AM,Non-fatal injury,2,3,0,Head-on,V1: Backing / V2:Overtaking/passing,V1:Not reported / V2:Not reported ,V1: Collision with motor vehicle in traffic / V2: Unknown ,V1: Other / V2:Passenger car,Dry,Daylight,Clear,HARRISON AVENUE / DUDLEY STREET,,,,,,234390.0625,897652.5627
3043233,BOSTON (BRIGHTON),12-Feb-2012,10:23 AM,Property damage only (none injured),2,0,0,Angle,V1: Travelling straight ahead / V2:Not reported,V1:Westbound / V2:Eastbound ,V1: Collision with motor vehicle in traffic / V2: Not reported ,"V1: Not reported / V2:Light truck(van, mini-van, panel, pickup, sport utility) with only four tires",Dry,Daylight,Clear,,WASHINGTON STREET,,,,,,
2940363,BOSTON,12-Feb-2012,1:35 PM,Non-fatal injury,2,1,0,Angle,V1: Turning left / V2:Travelling straight ahead,V1:Southbound / V2:Northbound ,V1: Collision with motor vehicle in traffic / V2: Collision with motor vehicle in traffic ,"V1: Light truck(van, mini-van, panel, pickup, sport utility) with only four tires / V2:Passenger car",Dry,Daylight,Clear,WILLIAM T MORRISSEY BOULEVARD / DOMINIC J BANCULLI BOULEVARD / UNNAMED ROAD,,,,,,237369.7223,896004.065
3053905,BOSTON (CHARLESTOWN),12-Feb-2012,7:51 PM,Not Reported,2,0,0,"Sideswipe, same direction",V1: Parked / V2:Not reported,V1:Not reported / V2:Not reported ,V1: Not reported / V2: Not reported ,"V1: Light truck(van, mini-van, panel, pickup, sport utility) with only four tires / V2:Not reported",Dry,Dark - lighted roadway,Clear/Unknown,,32 DUNSTABLE STREET,,,,,235606.979,903072.1413
2959340,BOSTON,13-Feb-2012,7:39 AM,Property damage only (none injured),2,0,0,"Sideswipe, same direction",V1: Parked / V2:Travelling straight ahead,V1:Northbound / V2:Northbound ,V1: Collision with parked motor vehicle / V2: Collision with parked motor vehicle ,"V1: Passenger car / V2:Bus (seats for more than 15 people, including driver)",Dry,Daylight,Clear/Clear,HAMMOND STREET / TREMONT STREET,,,,,,234283.4063,898622.1872
2914860,BOSTON,13-Feb-2012,7:50 AM,Property damage only (none injured),2,0,0,Rear-end,V1: Slowing or stopped in traffic / V2:Travelling straight ahead,V1:Southbound / V2:Southbound ,V1: Collision with motor vehicle in traffic / V2: Collision with motor vehicle in traffic ,"V1: Light truck(van, mini-van, panel, pickup, sport utility) with only four tires / V2:Passenger car",Dry,Daylight,Clear,,Rte 93 S,,Exit 24 on Rte 93 S,,,236397.1933,901565.6511
3043436,BOSTON (BRIGHTON),13-Feb-2012,9:34 AM,Non-fatal injury,1,1,0,Single vehicle crash,V1: Travelling straight ahead,V1:Southbound ,V1: Collision with pedestrian ,V1: Passenger car,Dry,Daylight,Cloudy,,35 SOUTH STREET,,,,P2:Pedestrian,236485.7944,900266.2995
3040530,BOSTON (EAST BOSTON),13-Feb-2012,9:39 AM,Property damage only (none injured),2,0,0,"Sideswipe, opposite direction",V1: Parked / V2:Turning right,V1:Not reported / V2:Northbound ,V1: Collision with parked motor vehicle / V2: Collision with parked motor vehicle ,V1: Not reported / V2:Not reported,Dry,Daylight,Clear/Clear,CONDOR STREET / BROOK STREET,,,,,,238201.1248,903668.9375
3346867,BOSTON (JAMAICA PLAIN),13-Feb-2012,12:54 PM,Non-fatal injury,1,1,0,Not reported,V1: Not reported,V1:Not reported ,V1: Not reported ,"V1: Unknown heavy truck, cannot classify",Not reported,Not reported,Not Reported,CENTRE STREET / GREEN STREET,,,,,"P2:Pedalcyclist (bicycle, tricycle, unicycle, pedal car)",231813.6719,895932.4377
3074130,BOSTON,13-Feb-2012,12:55 PM,Non-fatal injury,2,1,0,Rear-end,V1: Parked / V2:Travelling straight ahead,V1:Not reported / V2:Not reported ,V1: Collision with motor vehicle in traffic / V2: Collision with motor vehicle in traffic ,"V1: Bus (seats for 7-15 people, including driver) / V2:Bus (seats for more than 15 people, including driver)",Dry,Daylight,Clear,,60 TEMPLE PLACE,,,,,236096.9935,900603.2307
3043547,BOSTON (CHARLESTOWN),13-Feb-2012,2:25 PM,Property damage only (none injured),2,0,0,Rear-end,V1: Travelling straight ahead / V2:Slowing or stopped in traffic,V1:Southbound / V2:Southbound ,V1: Collision with motor vehicle in traffic / V2: Collision with motor vehicle in traffic ,"V1: Light truck(van, mini-van, panel, pickup, sport utility) with only four tires / V2:Light truck(van, mini-van, panel, pickup, sport utility) with only four tires",Dry,Daylight,Clear/Clear,RUTHERFORD AVENUE / CAMBRIDGE STREET,,,,,,235103.7143,903798.1873
2998926,BOSTON,13-Feb-2012,3:07 PM,Property damage only (none injured),2,0,0,Rear-end,V1: Slowing or stopped in traffic / V2:Travelling straight ahead,V1:Westbound / V2:Westbound ,V1: Collision with motor vehicle in traffic / V2: Collision with motor vehicle in traffic ,"V1: Passenger car / V2:Light truck(van, mini-van, panel, pickup, sport utility) with only four tires",Dry,Daylight,Not Reported,,STORROW DRIVE Rte 3A N / RAMP - LEVERETT CONNECTOR TO STORROW DRI Rte 3 N,,,@ LEE POOL,,235426.4143,901663.114
2916373,BOSTON (EAST BOSTON),13-Feb-2012,3:09 PM,Property damage only (none injured),1,0,0,Single vehicle crash,V1: Turning right,V1:Northbound ,V1: Collision with utility pole ,V1: Truck/trailer,Dry,Daylight,Clear/Clear,BENNINGTON STREET / SARATOGA STREET,,,,,,240612.6407,904134.7499
3039572,BOSTON,13-Feb-2012,4:08 PM,Non-fatal injury,1,1,0,Angle,V1: Travelling straight ahead,V1:Northbound ,V1: Collision with pedestrian ,V1: Passenger car,Dry,Daylight,Clear/Clear,,124 NEW CHARDON STREET / MERRIMAC STREET,,,,P2:Pedestrian,236265.3711,901490.5475
3091933,BOSTON,13-Feb-2012,4:27 PM,Not Reported,2,0,0,Rear-end,V1: Not reported / V2:Not reported,V1:Not reported / V2:Not reported ,V1: Not reported / V2: Not reported ,"V1: Passenger car / V2:Light truck(van, mini-van, panel, pickup, sport utility) with only four tires",Dry,Daylight,Cloudy/Cloudy,,97 DAKOTA STREET,,,,,235583.6964,894454.0015
3380282,BOSTON,13-Feb-2012,5:07 PM,Property damage only (none injured),2,0,0,Rear-end,V1: Travelling straight ahead / V2:Slowing or stopped in traffic,V1:Westbound / V2:Westbound ,V1: Collision with motor vehicle in traffic / V2: Collision with motor vehicle in traffic ,V1: Passenger car / V2:Passenger car,Dry,Dark - lighted roadway,Clear,,RAMP - LEVERETT CONNECTOR TO STORROW DRI Rte 3A N / RAMP-RT 93 NB TO STORROW DRIVE Rte 3 N,,,STATION TUNNEL TOWARDS STORROW,,235716.1348,901878.0021
3283675,BOSTON,14-Feb-2012,1:35 PM,Not Reported,2,0,0,Not reported,V1: Not reported / V2:Not reported,V1:Not reported / V2:Not reported ,V1: Not reported / V2: Not reported ,"V1: Single-unit truck (2-axle, 6-tire) / V2:Light truck(van, mini-van, panel, pickup, sport utility) with only four tires",Not reported,Not reported,Not Reported,,132 SOUTH STREET,,,,,236468.2992,900145.8087
2914977,BOSTON,14-Feb-2012,4:45 PM,Non-fatal injury,3,1,0,Rear-end,V1: Travelling straight ahead / V2:Travelling straight ahead / V3:Travelling straight ahead,V1:Northbound / V2:Northbound / V3:Northbound ,V1: Collision with motor vehicle in traffic / V2: Collision with motor vehicle in traffic / V3: Collision with motor vehicle in traffic ,"V1: Passenger car / V2:Light truck(van, mini-van, panel, pickup, sport utility) with only four tires / V3:Light truck(van, mini-van, panel, pickup, sport utility) with only four tires",Dry,Daylight,Clear,,Rte 93 N,,Exit 26 on Rte 93 N,,,236359.8943,901656.8113
2920585,BOSTON,14-Feb-2012,5:45 PM,Property damage only (none injured),2,0,0,Rear-end,V1: Travelling straight ahead / V2:Travelling straight ahead,V1:Eastbound / V2:Eastbound ,V1: Collision with motor vehicle in traffic / V2: Collision with motor vehicle in traffic ,"V1: Passenger car / V2:Light truck(van, mini-van, panel, pickup, sport utility) with only four tires",Dry,Dark - lighted roadway,Clear,,Rte 90 E,,,,,232547.8686,899858.4408
2937715,BOSTON,14-Feb-2012,6:42 PM,Property damage only (none injured),4,0,0,Rear-end,V1: Slowing or stopped in traffic / V2:Slowing or stopped in traffic / V3:Slowing or stopped in traffic / V4:Travelling straight ahead,V1:Southbound / V2:Southbound / V3:Southbound / V4:Southbound ,V1: Collision with motor vehicle in traffic / V2: Collision with motor vehicle in traffic / V3: Collision with motor vehicle in traffic / V4: Collision with motor vehicle in traffic ,"V1: Passenger car / V2:Light truck(van, mini-van, panel, pickup, sport utility) with only four tires / V3:Passenger car / V4:Not reported",Dry,Dark - lighted roadway,Not Reported,,Rte 93 S,,Exit 12 on Rte 93 S,,,237620.5493,892713.0989
2914901,BOSTON,14-Feb-2012,7:35 PM,Property damage only (none injured),3,0,0,Rear-end,V1: Slowing or stopped in traffic / V2:Slowing or stopped in traffic / V3:Travelling straight ahead,V1:Southbound / V2:Southbound / V3:Southbound ,V1: Collision with motor vehicle in traffic / V2: Collision with motor vehicle in traffic / V3: Collision with motor vehicle in traffic ,"V1: Passenger car / V2:Passenger car / V3:Light truck(van, mini-van, panel, pickup, sport utility) with only four tires",Dry,Dark - lighted roadway,Not Reported,,Rte 93 S,,Exit 12 on Rte 93 S,,,237620.5491,892713.0989
3061837,BOSTON,14-Feb-2012,8:42 PM,Not Reported,2,0,0,Not reported,V1: Not reported / V2:Not reported,V1:Not reported / V2:Not reported ,V1: Not reported / V2: Not reported ,"V1: Light truck(van, mini-van, panel, pickup, sport utility) with only four tires / V2:Light truck(van, mini-van, panel, pickup, sport utility) with only four tires",Not reported,Not reported,Not Reported,DARTMOUTH STREET / COMMONWEALTH AVENUE,,,,,,234742.0743,900259.0507
3284911,BOSTON (JAMAICA PLAIN),15-Feb-2012,9:56 AM,Not Reported,1,0,0,Not reported,V1: Not reported,V1:Not reported ,V1: Not reported ,V1: Passenger car,Not reported,Not reported,Not Reported,GREENOUGH AVENUE / CENTRE STREET,,,,,P2:Pedestrian,231730.0935,895585.6873
2920586,BOSTON,15-Feb-2012,12:43 PM,Non-fatal injury,2,1,0,Single vehicle crash,V1: Travelling straight ahead / V2:Changing lanes,V1:Northbound / V2:Northbound ,V1: Collision with motor vehicle in traffic / V2: Collision with motor vehicle in traffic ,V1: Passenger car / V2:Passenger car,Dry,Daylight,Clear,,Rte 93 N,,Exit 16 on Rte 93 N,,,236362.4036,897582.0282
2914989,BOSTON,15-Feb-2012,2:28 PM,Property damage only (none injured),2,0,0,Rear-end,V1: Leaving traffic lane / V2:Slowing or stopped in traffic,V1:Northbound / V2:Northbound ,V1: Collision with motor vehicle in traffic / V2: Collision with motor vehicle in traffic ,V1: Passenger car / V2:Passenger car,Dry,Daylight,Clear,KOSCIUSZKO CIRCLE / WILLIAM T MORRISSEY BOULEVARD / WILLIAM DAY BOULEVARD,,,,KOSCOUSZKO CIRCLE,,237017.0782,896879.6065
3068569,BOSTON,15-Feb-2012,5:33 PM,Non-fatal injury,1,1,0,Single vehicle crash,V1: Turning right,V1:Northbound ,"V1: Collision with cyclist (bicycle, tricycle, unicycle, pedal car) ",V1: Passenger car,Dry,Dark - lighted roadway,Cloudy/Cloudy,HARRISON AVENUE / HERALD STREET,,,,,"P2:Pedalcyclist (bicycle, tricycle, unicycle, pedal car)",235986.6332,899631.092
3069846,BOSTON,15-Feb-2012,6:35 PM,Not Reported,2,0,0,Rear-end,V1: Slowing or stopped in traffic / V2:Travelling straight ahead,V1:Northbound / V2:Northbound ,V1: Collision with motor vehicle in traffic / V2: Collision with motor vehicle in traffic ,V1: Passenger car / V2:Passenger car,Dry,Dark - lighted roadway,Cloudy,,WILLIAM T MORRISSEY BOULEVARD / FREEPORT STREET,,,,,237175.7656,894558.6879
3071532,BOSTON,16-Feb-2012,7:35 AM,Not Reported,2,0,0,Rear-end,V1: Overtaking/passing / V2:Slowing or stopped in traffic,V1:Southbound / V2:Southbound ,V1: Collision with parked motor vehicle / V2: Collision with motor vehicle in traffic ,"V1: Bus (seats for more than 15 people, including driver) / V2:Single-unit truck (2-axle, 6-tire)",Dry,Daylight,Clear,DORCHESTER AVENUE / TRANSIT STREET,,,,,,236514.8815,897808.6443
2914863,BOSTON,16-Feb-2012,9:25 AM,Non-fatal injury,2,1,0,Rear-end,V1: Travelling straight ahead / V2:Travelling straight ahead,V1:Westbound / V2:Westbound ,V1: Collision with motor vehicle in traffic / V2: Collision with motor vehicle in traffic ,V1: Passenger car / V2:Passenger car,Dry,Daylight,Clear,,PARKMAN DRIVE / PERKINS STREET,,,,,231001.3788,896606.9435
2914980,BOSTON,16-Feb-2012,9:55 AM,Non-fatal injury,2,1,0,Rear-end,V1: Travelling straight ahead / V2:Travelling straight ahead,V1:Eastbound / V2:Eastbound ,V1: Collision with motor vehicle in traffic / V2: Collision with motor vehicle in traffic ,"V1: Light truck(van, mini-van, panel, pickup, sport utility) with only four tires / V2:Light truck(van, mini-van, panel, pickup, sport utility) with only four tires",Dry,Daylight,Clear,,CHARLES STREET / BLOSSOM STREET,,,,,235439.8182,901626.7042
3044730,BOSTON (BRIGHTON),16-Feb-2012,2:16 PM,Not Reported,2,0,0,Angle,V1: Travelling straight ahead / V2:Travelling straight ahead,V1:Southbound / V2:Westbound ,V1: Collision with motor vehicle in traffic / V2: Collision with motor vehicle in traffic ,"V1: Light truck(van, mini-van, panel, pickup, sport utility) with only four tires / V2:Light truck(van, mini-van, panel, pickup, sport utility) with only four tires",Dry,Daylight,Cloudy,PARSONS STREET / FANEUIL STREET,,,,,,228329.4689,900596.5002
2914861,BOSTON,16-Feb-2012,5:20 PM,Property damage only (none injured),2,0,0,Angle,V1: Turning left / V2:Travelling straight ahead,V1:Eastbound / V2:Westbound ,V1: Not reported / V2: Not reported ,"V1: Light truck(van, mini-van, panel, pickup, sport utility) with only four tires / V2:Passenger car",Dry,Dark - lighted roadway,Clear,HOTEL DRIVE / SR-2,,,,,,239100.7308,902296.287
3659368,BOSTON,16-Feb-2012,6:00 PM,Fatal injury,1,0,1,Not reported,V1: Not reported,V1:Not reported ,V1: Not reported ,"V1: Unknown heavy truck, cannot classify",Not reported,Not reported,Not Reported,WASHINGTON STREET / CHESTNUT HILL AVENUE,,,,,P2:Pedestrian,228556.1159,899905.3581
3381570,BOSTON,16-Feb-2012,9:30 PM,Non-fatal injury,4,3,0,Rear-end,V1: Slowing or stopped in traffic / V2:Slowing or stopped in traffic / V3:Travelling straight ahead / V4:Travelling straight ahead,V1:Northbound / V2:Northbound / V3:Northbound / V4:Northbound ,V1: Other / V2: Collision with motor vehicle in traffic / V3: Collision with motor vehicle in traffic / V4: Collision with motor vehicle in traffic ,"V1: Passenger car / V2:Passenger car / V3:Light truck(van, mini-van, panel, pickup, sport utility) with only four tires / V4:Light truck(van, mini-van, panel, pickup, sport utility) with only four tires",Wet,Dark - lighted roadway,Rain,,Rte 93 N,,,SAVIN HILL OVERPASS,,236866.2023,895720.9619
2922227,BOSTON,16-Feb-2012,10:00 PM,Property damage only (none injured),2,0,0,Rear-end,V1: Backing / V2:Travelling straight ahead,V1:Southbound / V2:Northbound ,V1: Not reported / V2: Not reported ,"V1: Passenger car / V2:Light truck(van, mini-van, panel, pickup, sport utility) with only four tires",Wet,Dark - lighted roadway,Not Reported,,TRUMAN HIGHWAY / WILLIAMS AVENUE,,,,,231380.0159,889077.313
2912750,BOSTON,16-Feb-2012,11:01 PM,Non-fatal injury,3,2,0,Rear-end,V1: Slowing or stopped in traffic / V2:Slowing or stopped in traffic / V3:Not reported,V1:Eastbound / V2:Eastbound / V3:Not reported ,V1: Collision with motor vehicle in traffic / V2: Collision with motor vehicle in traffic / V3: Not reported ,V1: Passenger car / V2:Passenger car / V3:Not reported,Wet,Dark - lighted roadway,Not Reported,STORROW DRIVE Rte 28 N / REVERE STREET,,,,REVERE ST,,235248.1945,901083.0333
3045139,BOSTON (DORCHESTER),17-Feb-2012,7:44 AM,Not Reported,2,0,0,Angle,V1: Travelling straight ahead / V2:Travelling straight ahead,V1:Not reported / V2:Not reported ,V1: Not reported / V2: Not reported ,V1: Passenger car / V2:Passenger car,Wet,Daylight,Rain/Cloudy,DRAPER STREET / WESTVILLE STREET,,,,,,235994.3905,894705.1251
3043930,BOSTON (ALLSTON),17-Feb-2012,8:33 AM,Non-fatal injury,1,1,0,Not reported,V1: Slowing or stopped in traffic,V1:Not reported ,V1: Collision with pedestrian ,"V1: Light truck(van, mini-van, panel, pickup, sport utility) with only four tires",Not reported,Not reported,Not Reported,CAMBRIDGE STREET / LINDEN STREET,,,,,P2:Pedestrian,230370.7924,900680.5609
2924690,BOSTON,17-Feb-2012,8:35 AM,Property damage only (none injured),2,0,0,Rear-end,V1: Other / V2:Travelling straight ahead,V1:Northbound / V2:Northbound ,V1: Collision with motor vehicle in traffic / V2: Collision with motor vehicle in traffic ,"V1: Light truck(van, mini-van, panel, pickup, sport utility) with only four tires / V2:Single-unit truck (2-axle, 6-tire)",Dry,Daylight,Clear,,Rte 93 N,,Exit 26 on Rte 93 N,,,236359.991,901656.6829
2914871,BOSTON,17-Feb-2012,9:50 AM,Property damage only (none injured),3,0,0,Rear-end,V1: Slowing or stopped in traffic / V2:Slowing or stopped in traffic / V3:Slowing or stopped in traffic,V1:Northbound / V2:Northbound / V3:Northbound ,V1: Collision with motor vehicle in traffic / V2: Collision with motor vehicle in traffic / V3: Collision with motor vehicle in traffic ,"V1: Passenger car / V2:Light truck(van, mini-van, panel, pickup, sport utility) with only four tires / V3:Passenger car",Wet,Daylight,Cloudy/Rain,,Rte 93 N,,Exit 14 on Rte 93 N,,,237230.7796,894548.2662
2920587,BOSTON,17-Feb-2012,3:35 PM,Non-fatal injury,2,1,0,Rear-end,V1: Travelling straight ahead / V2:Slowing or stopped in traffic,V1:Northbound / V2:Northbound ,V1: Collision with motor vehicle in traffic / V2: Collision with motor vehicle in traffic ,"V1: Passenger car / V2:Light truck(van, mini-van, panel, pickup, sport utility) with only four tires",Dry,Daylight,Clear,,Rte 93 N,,Exit 28 on Rte 93 N,,,234921.8759,903234.5322
3163057,BOSTON (ALLSTON),17-Feb-2012,6:55 PM,Property damage only (none injured),4,0,0,Single vehicle crash,V1: Not reported / V2:Not reported / V3:Travelling straight ahead / V4:Not reported,V1:Not reported / V2:Not reported / V3:Not reported / V4:Not reported ,V1: Not reported / V2: Not reported / V3: Collision with motor vehicle in traffic / V4: Not reported ,V1: Passenger car / V2:Passenger car / V3:Passenger car / V4:Passenger car,Dry,Daylight,Clear,,CAMBRIDGE STREET,,,,,,
2937716,BOSTON,17-Feb-2012,8:05 PM,Property damage only (none injured),3,0,0,Rear-end,V1: Travelling straight ahead / V2:Slowing or stopped in traffic / V3:Slowing or stopped in traffic,V1:Southbound / V2:Southbound / V3:Southbound ,V1: Collision with motor vehicle in traffic / V2: Collision with motor vehicle in traffic / V3: Collision with motor vehicle in traffic ,"V1: Passenger car / V2:Light truck(van, mini-van, panel, pickup, sport utility) with only four tires / V3:Passenger car",Dry,Dark - lighted roadway,Cloudy,,Rte 93 S,,Exit 15 on Rte 93 S,,,236629.6253,897168.5001
3043936,BOSTON (ALLSTON),18-Feb-2012,1:29 AM,Non-fatal injury,1,1,0,Single vehicle crash,V1: Travelling straight ahead,V1:Westbound ,V1: Collision with pedestrian ,V1: Passenger car,Dry,Dark - lighted roadway,Clear/Clear,COMMONWEALTH AVENUE / COLBORNE ROAD,,,,,,229181.3882,899091.6206
3053889,BOSTON,18-Feb-2012,2:30 AM,Property damage only (none injured),2,0,0,"Sideswipe, same direction",V1: Travelling straight ahead / V2:Travelling straight ahead,V1:Northbound / V2:Northbound ,V1: Unknown / V2: Unknown ,V1: Passenger car / V2:Passenger car,"Water (standing, moving)",Dark - lighted roadway,Clear/Clear,CHARLES STREET / BEACON STREET,,,,,,235472.1213,900720.2388
3053912,BOSTON,18-Feb-2012,2:32 AM,Not Reported,1,0,0,Single vehicle crash,V1: Not reported,V1:Not reported ,V1: Not reported ,V1: Passenger car,Dry,Dark - lighted roadway,Clear,,WASHINGTON STREET,,,,,,
2923153,BOSTON,18-Feb-2012,12:07 PM,Property damage only (none injured),2,0,0,Rear-end,V1: Slowing or stopped in traffic / V2:Travelling straight ahead,V1:Eastbound / V2:Eastbound ,V1: Collision with motor vehicle in traffic / V2: Collision with motor vehicle in traffic ,"V1: Light truck(van, mini-van, panel, pickup, sport utility) with only four tires / V2:Light truck(van, mini-van, panel, pickup, sport utility) with only four tires",Dry,Daylight,Clear,,GALLIVAN BOULEVARD / HALLET STREET,,,,,237384.4843,892709.3752
3009948,BOSTON,18-Feb-2012,1:15 PM,Non-fatal injury,2,1,0,Angle,V1: Travelling straight ahead / V2:Travelling straight ahead,V1:Westbound / V2:Southbound ,V1: Collision with motor vehicle in traffic / V2: Collision with motor vehicle in traffic ,"V1: Light truck(van, mini-van, panel, pickup, sport utility) with only four tires / V2:Single-unit truck (2-axle, 6-tire)",Dry,Daylight,Clear,,A STREET / WEST FOURTH STREET,,,,,236559.0784,899052.2499
2931330,BOSTON,18-Feb-2012,3:10 PM,Property damage only (none injured),2,0,0,Angle,V1: Travelling straight ahead / V2:Travelling straight ahead,V1:Southbound / V2:Eastbound ,V1: Collision with motor vehicle in traffic / V2: Collision with motor vehicle in traffic ,V1: Passenger car / V2:Passenger car,Dry,Daylight,Not Reported,RAMP - SOLDIERS FIELD RD WB TO BIRMINGHA / BIRMINGHAM PARKWAY,,,,,,229112.2498,901172.6876
3044735,BOSTON,18-Feb-2012,3:54 PM,Not Reported,2,0,0,Rear-end,V1: Slowing or stopped in traffic / V2:Travelling straight ahead,V1:Not reported / V2:Not reported ,V1: Not reported / V2: Not reported ,V1: Passenger car / V2:Passenger car,Dry,Dark - lighted roadway,Clear,,COMMONWEALTH AVENUE,,,,,,
3289466,BOSTON (DORCHESTER),18-Feb-2012,11:56 PM,Not Reported,2,0,0,Not reported,V1: Travelling straight ahead / V2:Parked,V1:Not reported / V2:Not reported ,V1: Collision with impact attenuator/crash cushion / V2: Collision with impact attenuator/crash cushion ,"V1: Light truck(van, mini-van, panel, pickup, sport utility) with only four tires / V2:Passenger car",Not reported,Not reported,Not Reported,MASCOT STREET / JONES AVENUE,,,,,,234256.8284,892925.8125
3052257,BOSTON,19-Feb-2012,00:00 AM,Not Reported,1,0,0,Not reported,V1: Not reported,V1:Not reported ,V1: Not reported ,V1: Passenger car,Not reported,Not reported,Not Reported,ESSEX STREET / HARRISON AVENUE,,,,,P2:Pedestrian,236157.0585,900316.4239
3054598,BOSTON,19-Feb-2012,00:00 AM,Not Reported,2,0,0,Rear-end,V1: Travelling straight ahead / V2:Travelling straight ahead,V1:Not reported / V2:Not reported ,V1: Not reported / V2: Not reported ,"V1: Passenger car / V2:Light truck(van, mini-van, panel, pickup, sport utility) with only four tires",Dry,Dark - lighted roadway,Clear/Clear,,PURCHASE STREET / SOMERSET STREET,,,,,,
3053893,BOSTON,19-Feb-2012,2:04 AM,Not Reported,1,0,0,Unknown,V1: Not reported,V1:Not reported ,V1: Not reported ,V1: Not reported,Dry,Dark - lighted roadway,Clear,,300 HANOVER STREET,,,,P2:Pedestrian,236731.3657,901613.5842
3056030,BOSTON,19-Feb-2012,12:12 PM,Property damage only (none injured),2,0,0,Head-on,V1: Travelling straight ahead / V2:Travelling straight ahead,V1:Northbound / V2:Southbound ,V1: Collision with motor vehicle in traffic / V2: Collision with motor vehicle in traffic ,V1: Passenger car / V2:Passenger car,Dry,Daylight,Clear/Clear,,75 ALPHEUS ROAD,,,,,230533.9777,891140.8389
2932114,BOSTON,19-Feb-2012,12:49 PM,Property damage only (none injured),2,0,0,Angle,V1: Travelling straight ahead / V2:Travelling straight ahead,V1:Northbound / V2:Northbound ,V1: Collision with motor vehicle in traffic / V2: Collision with motor vehicle in traffic ,"V1: Light truck(van, mini-van, panel, pickup, sport utility) with only four tires / V2:Light truck(van, mini-van, panel, pickup, sport utility) with only four tires",Dry,Daylight,Not Reported,,Rte 93 N,Rte 93  N Milemarker 16.0,Exit 16 on Rte 93 N,,,236126.7354,899275.5786