Crash Number,City/Town Name,Crash Date,Crash Time,Crash Severity,Number of Vehicles,Total Nonfatal Injuries,Total Fatal Injuries,Manner of Collision,Vehicle Action Prior to Crash,Vehicle Travel Directions,Most Harmful Events,Vehicle Configuration,Road Surface Condition,Ambient Light,Weather Condition,At Roadway Intersection,Distance from Nearest Roadway Intersection,Distance from Nearest Milemarker,Distance from Nearest Exit,Distance from Nearest Landmark,Non Motorist Type,X Coordinate,Y Coordinate
2932774,BOSTON,19-Feb-2012,2:02 PM,Property damage only (none injured),3,0,0,Rear-end,V1: Travelling straight ahead / V2:Slowing or stopped in traffic / V3:Slowing or stopped in traffic,V1:Northbound / V2:Northbound / V3:Northbound ,V1: Collision with motor vehicle in traffic / V2: Collision with motor vehicle in traffic / V3: Collision with motor vehicle in traffic ,"V1: Passenger car / V2:Light truck(van, mini-van, panel, pickup, sport utility) with only four tires / V3:Light truck(van, mini-van, panel, pickup, sport utility) with only four tires",Dry,Daylight,Clear,,Rte 93 N,,Exit 12 on Rte 93 N,,,237669.9446,892773.0503
2923149,BOSTON,19-Feb-2012,3:04 PM,Non-fatal injury,1,1,0,Angle,V1: Travelling straight ahead,V1:Westbound ,V1: Collision with curb ,V1: Passenger car,Dry,Daylight,Clear,,DAVID G MUGAR WAY Rte 28 S / STORROW DRIVE,,,@ COMMUNITY BOATING,,235169.2543,900799.9764
3774350,BOSTON (BRIGHTON),19-Feb-2012,3:45 PM,Not Reported,2,0,0,Rear-end,V1: Not reported / V2:Not reported,V1:Not reported / V2:Not reported ,V1: Not reported / V2: Not reported ,V1: Passenger car / V2:Unknown vehicle configuration,Dry,Dark - lighted roadway,Clear,,BEACON STREET,,,CLEVELAND CIRCLE,,,
3090435,BOSTON,19-Feb-2012,7:56 PM,Not Reported,1,0,0,"Sideswipe, same direction",V1: Not reported,V1:Not reported ,V1: Not reported ,"V1: Light truck(van, mini-van, panel, pickup, sport utility) with only four tires",Dry,Dark - lighted roadway,Clear,COMMONWEALTH AVENUE / BUICK STREET,,,,,,231658.3751,900150.8749
2920588,BOSTON,19-Feb-2012,10:35 PM,Not Reported,1,0,0,Single vehicle crash,V1: Travelling straight ahead,V1:Southbound ,V1: Collision with median barrier ,V1: Passenger car,Dry,Dark - lighted roadway,Cloudy,,RAMP - LEVERETT CIRCLE TO RT 93 SB Rte 3 S / Rte 93 S,,,RAMP FROM LEVERETT CIRCLE SB (LC,,235961.5544,902009.513
2939142,BOSTON,19-Feb-2012,11:02 PM,Non-fatal injury,1,4,0,Single vehicle crash,V1: Travelling straight ahead,V1:Southbound ,V1: Collision with other movable object ,V1: Passenger car,Dry,Dark - lighted roadway,Cloudy,,Rte 93 S,,Exit 12 on Rte 93 S,,,237620.5493,892713.0989
2920590,BOSTON,19-Feb-2012,11:08 PM,Not Reported,2,0,0,"Sideswipe, same direction",V1: Making U-turn / V2:Travelling straight ahead,V1:Eastbound / V2:Eastbound ,V1: Collision with motor vehicle in traffic / V2: Collision with motor vehicle in traffic ,"V1: Light truck(van, mini-van, panel, pickup, sport utility) with only four tires / V2:Motorcycle",Dry,Dark - lighted roadway,Not Reported,,PERKINS STREET / PARKMAN DRIVE,,,,,231001.3788,896606.9435
2934972,BOSTON,20-Feb-2012,1:10 AM,Property damage only (none injured),2,0,0,Angle,V1: Turning right / V2:Travelling straight ahead,V1:Westbound / V2:Northbound ,V1: Collision with motor vehicle in traffic / V2: Collision with motor vehicle in traffic ,"V1: Light truck(van, mini-van, panel, pickup, sport utility) with only four tires / V2:Light truck(van, mini-van, panel, pickup, sport utility) with only four tires",Dry,Dark - lighted roadway,Clear,RAMP - SOLDIERS FIELD RD WB TO WESTERN A / CAMBRIDGE STREET,,,,,,231514.4842,901235.6252
3054567,BOSTON,20-Feb-2012,1:54 AM,Not Reported,2,0,0,Unknown,V1: Not reported / V2:Not reported,V1:Not reported / V2:Not reported ,V1: Not reported / V2: Not reported ,V1: Not reported / V2:Not reported,Dry,Dark - roadway not lighted,Clear,OXFORD STREET,,,,,,,
3056230,BOSTON,20-Feb-2012,5:29 AM,Not Reported,2,0,0,"Sideswipe, same direction",V1: Not reported / V2:Not reported,V1:Not reported / V2:Not reported ,V1: Not reported / V2: Not reported ,V1: Passenger car / V2:Not reported,Dry,Dark - lighted roadway,Clear/Clear,,157 INTERVALE STREET,,,,,235080.3812,895520.7179
2949435,BOSTON,20-Feb-2012,7:40 AM,Property damage only (none injured),2,0,0,Rear-end,V1: Travelling straight ahead / V2:Travelling straight ahead,V1:Northbound / V2:Northbound ,V1: Collision with motor vehicle in traffic / V2: Collision with motor vehicle in traffic ,"V1: Passenger car / V2:Light truck(van, mini-van, panel, pickup, sport utility) with only four tires",Dry,Daylight,Clear,AIRPORT ROAD - DEPARTURE LEVEL / LOGAN AIRPORT TERMINAL B,,,,,,239549.3125,901701.6251
2914978,BOSTON,20-Feb-2012,7:42 AM,Not Reported,2,0,0,"Sideswipe, opposite direction",V1: Turning left / V2:Travelling straight ahead,V1:Eastbound / V2:Westbound ,V1: Collision with motor vehicle in traffic / V2: Collision with motor vehicle in traffic ,"V1: Light truck(van, mini-van, panel, pickup, sport utility) with only four tires / V2:Light truck(van, mini-van, panel, pickup, sport utility) with only four tires",Dry,Daylight,Clear,SR-2 / HOTEL DRIVE,,,,,,239100.7308,902296.287
2940478,BOSTON,20-Feb-2012,8:48 AM,Non-fatal injury,2,1,0,Rear-end,V1: Slowing or stopped in traffic / V2:Travelling straight ahead,V1:Northbound / V2:Northbound ,V1: Collision with motor vehicle in traffic / V2: Collision with motor vehicle in traffic ,"V1: Passenger car / V2:Single-unit truck (2-axle, 6-tire)",Dry,Daylight,Clear,,Rte 93 N,,,DYC,,236792.5755,895219.6809
3044755,BOSTON (DORCHESTER),20-Feb-2012,9:00 AM,Non-fatal injury,2,1,0,Angle,V1: Travelling straight ahead / V2:Turning left,V1:Northbound / V2:Westbound ,V1: Collision with motor vehicle in traffic / V2: Collision with motor vehicle in traffic ,V1: Passenger car / V2:Passenger car,Dry,Daylight,Clear/Clear,GREENBRIER STREET / PARK STREET,,,,,,235438.3749,894035.4998
3063143,BOSTON,20-Feb-2012,10:15 AM,Not Reported,2,0,0,Not reported,V1: Not reported / V2:Not reported,V1:Not reported / V2:Not reported ,V1: Not reported / V2: Not reported ,"V1: Passenger car / V2:Light truck(van, mini-van, panel, pickup, sport utility) with only four tires",Not reported,Not reported,Not Reported,ALBANY STREET / MALDEN STREET,,,,,,235802.1094,898830.7499
2937717,BOSTON,20-Feb-2012,3:38 PM,Property damage only (none injured),2,0,0,Rear-end,V1: Travelling straight ahead / V2:Slowing or stopped in traffic,V1:Eastbound / V2:Eastbound ,V1: Collision with motor vehicle in traffic / V2: Collision with motor vehicle in traffic ,"V1: Light truck(van, mini-van, panel, pickup, sport utility) with only four tires / V2:Light truck(van, mini-van, panel, pickup, sport utility) with only four tires",Dry,Daylight,Clear,,GALLIVAN BOULEVARD / MARSH STREET,,,,,237104.299,892631.7376
3344816,BOSTON (JAMAICA PLAIN),20-Feb-2012,4:35 PM,Non-fatal injury,2,3,0,Head-on,V1: Turning left / V2:Travelling straight ahead,V1:Westbound / V2:Eastbound ,V1: Collision with motor vehicle in traffic / V2: Collision with motor vehicle in traffic ,"V1: Passenger car / V2:Light truck(van, mini-van, panel, pickup, sport utility) with only four tires",Dry,Daylight,Clear/Clear,WASHINGTON STREET / WILLIAMS STREET,,,,,,,
2919177,BOSTON,20-Feb-2012,9:14 PM,Property damage only (none injured),3,0,0,Rear-end,V1: Slowing or stopped in traffic / V2:Slowing or stopped in traffic / V3:Travelling straight ahead,V1:Southbound / V2:Southbound / V3:Southbound ,V1: Collision with motor vehicle in traffic / V2: Collision with motor vehicle in traffic / V3: Collision with motor vehicle in traffic ,"V1: Light truck(van, mini-van, panel, pickup, sport utility) with only four tires / V2:Light truck(van, mini-van, panel, pickup, sport utility) with only four tires / V3:Passenger car",Dry,Dark - lighted roadway,Clear,,RAMP - SB FRONTAGE RD TO BOSTON ST / SOUTHBOUND FRONTAGE ROAD,,,,,236223.1783,897714.2945
3028858,BOSTON (SOUTH BOSTON),20-Feb-2012,9:30 PM,Not Reported,2,0,0,Angle,V1: Turning left / V2:Slowing or stopped in traffic,V1:Eastbound / V2:Not reported ,V1: Collision with parked motor vehicle / V2: Not reported ,V1: Not reported / V2:Not reported,Dry,Dark - lighted roadway,Clear/Clear,B STREET / FLAHERTY WAY,,,,,,236628.4999,898872.2501
2940477,BOSTON,20-Feb-2012,11:55 PM,Not Reported,1,0,0,Single vehicle crash,V1: Travelling straight ahead,V1:Westbound ,V1: Collision with light pole or other post/support ,V1: Passenger car,Dry,Dark - lighted roadway,Not Reported,,JAMAICAWAY / BYNNER STREET,,,ADJACENT HOME FOR LITTLE WANDERE,,231761.9221,897172.3749
2915556,BOSTON,21-Feb-2012,00:00 AM,Property damage only (none injured),1,0,0,Single vehicle crash,V1: Travelling straight ahead,V1:Westbound ,V1: Collision with fence ,V1: Passenger car,Dry,Dark - lighted roadway,Clear,,STORROW DRIVE / DAVID G MUGAR WAY Rte 28 S,,,WEST OF COPLEY,,235039.9422,900671.4279
3285061,BOSTON,21-Feb-2012,2:55 AM,Not Reported,2,0,0,Rear-end,V1: Not reported / V2:Not reported,V1:Not reported / V2:Not reported ,V1: Not reported / V2: Not reported ,V1: Not reported / V2:Not reported,Dry,Dark - lighted roadway,Clear,KNEELAND STREET / HUDSON STREET,,,,,,236231.4767,900068.7649
2927994,BOSTON,21-Feb-2012,7:44 AM,Property damage only (none injured),3,0,0,Angle,V1: Slowing or stopped in traffic / V2:Travelling straight ahead / V3:Travelling straight ahead,V1:Northbound / V2:Northbound / V3:Northbound ,V1: Collision with motor vehicle in traffic / V2: Collision with motor vehicle in traffic / V3: Collision with motor vehicle in traffic ,V1: Passenger car / V2:Single-unit truck (3-or-more axles) / V3:Passenger car,Dry,Daylight,Clear,,Rte 93 N,Rte 93  N Milemarker 18.3,,,,235946.0672,902167.2569
3053908,BOSTON (CHARLESTOWN),21-Feb-2012,8:10 AM,Property damage only (none injured),2,0,0,"Sideswipe, same direction",V1: Travelling straight ahead / V2:Travelling straight ahead,V1:Not reported / V2:Not reported ,V1: Collision with motor vehicle in traffic / V2: Collision with motor vehicle in traffic ,V1: Passenger car / V2:Passenger car,Dry,Daylight,Clear/Clear,,200 feet N from Intersection MAFFA WAY / CAMBRIDGE STREET,,,,,235008.6028,903850.5679
2955702,BOSTON,21-Feb-2012,8:58 AM,Property damage only (none injured),3,0,0,Single vehicle crash,V1: Travelling straight ahead / V2:Travelling straight ahead / V3:Travelling straight ahead,V1:Southbound / V2:Southbound / V3:Southbound ,V1: Collision with motor vehicle in traffic / V2: Collision with motor vehicle in traffic / V3: Collision with motor vehicle in traffic ,"V1: Light truck(van, mini-van, panel, pickup, sport utility) with only four tires / V2:Passenger car / V3:Passenger car",Dry,Daylight,Clear,,Rte 93 S,,Exit 20 on Rte 93 S,,,236954.209,900826.9442
2955703,BOSTON,21-Feb-2012,9:47 AM,Property damage only (none injured),2,0,0,"Sideswipe, same direction",V1: Travelling straight ahead / V2:Travelling straight ahead,V1:Southbound / V2:Southbound ,V1: Collision with motor vehicle in traffic / V2: Collision with motor vehicle in traffic ,"V1: Light truck(van, mini-van, panel, pickup, sport utility) with only four tires / V2:Passenger car",Dry,Daylight,Clear,,Rte 93 S,,Exit 18 on Rte 93 S,,,236013.2783,899092.9981
2955945,BOSTON,21-Feb-2012,10:34 AM,Property damage only (none injured),2,0,0,Rear-end,V1: Travelling straight ahead / V2:Travelling straight ahead,V1:Southbound / V2:Southbound ,V1: Collision with motor vehicle in traffic / V2: Collision with motor vehicle in traffic ,"V1: Passenger car / V2:Light truck(van, mini-van, panel, pickup, sport utility) with only four tires",Dry,Daylight,Clear,,Rte 93 S,,,,,236373.351,900269.6989
3113430,BOSTON (BRIGHTON),21-Feb-2012,3:29 PM,Non-fatal injury,2,1,0,Single vehicle crash,V1: Changing lanes / V2:Parked,V1:Westbound / V2:Not reported ,V1: Collision with parked motor vehicle / V2: Not reported ,V1: Passenger car / V2:Passenger car,Dry,Daylight,Clear,FANEUIL STREET / ADAIR ROAD,,,,,,227458.5625,900167.5625
3063154,BOSTON,21-Feb-2012,3:53 PM,Not Reported,2,0,0,Not reported,V1: Not reported / V2:Not reported,V1:Not reported / V2:Not reported ,V1: Not reported / V2: Not reported ,"V1: Passenger car / V2:Light truck(van, mini-van, panel, pickup, sport utility) with only four tires",Not reported,Not reported,Not Reported,FRONTAGE ROAD / ALBANY STREET,,,,,,,
2920589,BOSTON,21-Feb-2012,6:23 PM,Property damage only (none injured),1,0,0,Single vehicle crash,V1: Travelling straight ahead,V1:Northbound ,V1: Collision with median barrier ,V1: Passenger car,Dry,Dark - lighted roadway,Clear,,Rte 93 N,,2640 feet S  from Exit 23 on Rte 93 N,1/2 MILE PRIOR TO EXIT 23,,236625.4422,900311.9903
3063148,BOSTON,21-Feb-2012,8:19 PM,Property damage only (none injured),2,0,0,Angle,V1: Travelling straight ahead / V2:Not reported,V1:Southbound / V2:Southbound ,V1: Collision with motor vehicle in traffic / V2: Not reported ,"V1: Light truck(van, mini-van, panel, pickup, sport utility) with only four tires / V2:Passenger car",Dry,Dark - lighted roadway,Cloudy/Cloudy,ALBANY STREET / TRAVELER STREET,,,,,,236086.8879,899375.6393
2919182,BOSTON,21-Feb-2012,9:07 PM,Non-fatal injury,2,2,0,Angle,V1: Turning left / V2:Travelling straight ahead,V1:Eastbound / V2:Westbound ,V1: Collision with motor vehicle in traffic / V2: Collision with motor vehicle in traffic ,"V1: Light truck(van, mini-van, panel, pickup, sport utility) with only four tires / V2:Light truck(van, mini-van, panel, pickup, sport utility) with only four tires",Wet,Dark - lighted roadway,Cloudy/Rain,,MORTON STREET / HARVARD STREET,,,,,233493.5311,893100.9999
3053910,BOSTON,21-Feb-2012,11:27 PM,Property damage only (none injured),3,0,0,Rear-end,V1: Turning left / V2:Parked / V3:Parked,V1:Not reported / V2:Not reported / V3:Not reported ,V1: Not reported / V2: Not reported / V3: Not reported ,V1: Passenger car / V2:Passenger car / V3:Passenger car,Wet,Dark - lighted roadway,Cloudy/Rain,,504 MEDFORD STREET,,,,,235482.8469,903787.2155
3063146,BOSTON,21-Feb-2012,11:45 PM,Not Reported,2,0,0,"Sideswipe, same direction",V1: Travelling straight ahead / V2:Parked,V1:Eastbound / V2:Not reported ,V1: Collision with parked motor vehicle / V2: Collision with motor vehicle in traffic ,"V1: Light truck(van, mini-van, panel, pickup, sport utility) with only four tires / V2:Light truck(van, mini-van, panel, pickup, sport utility) with only four tires",Dry,Daylight,Clear,,380 STUART STREET,,,,,235141.2844,899942.9788
3054577,BOSTON,22-Feb-2012,3:25 AM,Unknown,2,0,0,Angle,V1: Not reported / V2:Not reported,V1:Not reported / V2:Not reported ,V1: Not reported / V2: Not reported ,V1: Not reported / V2:Not reported,Wet,Dark - lighted roadway,Clear/Clear,MERRIMAC STREET / NEW CHARDON STREET,,,,,,236265.3711,901490.5474
2929092,BOSTON,22-Feb-2012,7:57 AM,Property damage only (none injured),2,0,0,Angle,V1: Travelling straight ahead / V2:Turning left,V1:Southbound / V2:Westbound ,V1: Collision with motor vehicle in traffic / V2: Collision with motor vehicle in traffic ,V1: Passenger car / V2:Passenger car,Dry,Daylight,Not Reported,,RIVERWAY / LONGWOOD AVENUE,,,,,232142.9084,898941.3686
2927336,BOSTON,22-Feb-2012,8:45 AM,Non-fatal injury,2,1,0,Angle,V1: Entering traffic lane / V2:Travelling straight ahead,V1:Westbound / V2:Eastbound ,V1: Collision with motor vehicle in traffic / V2: Collision with motor vehicle in traffic ,V1: Passenger car / V2:Passenger car,Dry,Daylight,Clear,,DEDHAM PARKWAY / ALWIN STREET,,,,,229412.1251,889419.1874
3056330,BOSTON,22-Feb-2012,4:17 PM,Property damage only (none injured),2,0,0,Rear-end,V1: Not reported / V2:Travelling straight ahead,V1:Not reported / V2:Not reported ,V1: Collision with motor vehicle in traffic / V2: Collision with motor vehicle in traffic ,V1: Not reported / V2:Passenger car,Dry,Daylight,Clear,,677 HUNTINGTON AVENUE,,,,,232798.5163,898387.7919
2966328,BOSTON (DORCHESTER),22-Feb-2012,5:00 PM,Non-fatal injury,1,1,0,Single vehicle crash,V1: Not reported,V1:Not reported ,V1: Not reported ,V1: Not reported,Dry,Daylight,Clear/Clear,,WASHINGTON STREET,,,,P2:Pedestrian,,
3056331,BOSTON,22-Feb-2012,8:08 PM,Non-fatal injury,2,2,0,Angle,V1: Travelling straight ahead / V2:Entering traffic lane,V1:Eastbound / V2:Eastbound ,V1: Collision with motor vehicle in traffic / V2: Collision with motor vehicle in traffic ,"V1: Light truck(van, mini-van, panel, pickup, sport utility) with only four tires / V2:Passenger car",Dry,Dark - lighted roadway,Clear,,330 KING BOULEVARD,,,,,,
2937720,BOSTON,22-Feb-2012,10:09 PM,Property damage only (none injured),1,0,0,Single vehicle crash,V1: Travelling straight ahead,V1:Southbound ,V1: Collision with curb ,V1: Passenger car,Dry,Dark - lighted roadway,Clear,,TRUMAN HIGHWAY,,,,,,
3053898,BOSTON (CHARLESTOWN),22-Feb-2012,11:50 PM,Not Reported,2,0,0,Angle,V1: Travelling straight ahead / V2:Parked,V1:Not reported / V2:Not reported ,V1: Collision with parked motor vehicle / V2: Not reported ,"V1: Unknown heavy truck, cannot classify / V2:Passenger car",Dry,Dark - lighted roadway,Cloudy/Cloudy,,15 GREEN STREET,,,,,235932.8402,902954.6551
3054566,BOSTON,23-Feb-2012,2:20 AM,Property damage only (none injured),3,0,0,Rear-to-rear,V1: Other / V2:Not reported / V3:Not reported,V1:Not reported / V2:Not reported / V3:Not reported ,V1: Collision with parked motor vehicle / V2: Not reported / V3: Not reported ,"V1: Not reported / V2:Light truck(van, mini-van, panel, pickup, sport utility) with only four tires / V3:Passenger car",Dry,Dark - lighted roadway,Clear/Clear,,83 DEVONSHIRE STREET,,,,,236467.9936,900878.9671
2922178,BOSTON,23-Feb-2012,3:31 AM,Property damage only (none injured),1,0,0,Single vehicle crash,V1: Travelling straight ahead,V1:Westbound ,V1: Collision with guardrail ,"V1: Light truck(van, mini-van, panel, pickup, sport utility) with only four tires",Dry,Dark - lighted roadway,Not Reported,STORROW DRIVE / CHARLESGATE OVERPASS,,,,BOWKER OVERPASS,,233287.6718,900098.5623
2955704,BOSTON,23-Feb-2012,8:23 AM,Non-fatal injury,3,2,0,Rear-end,V1: Slowing or stopped in traffic / V2:Slowing or stopped in traffic / V3:Travelling straight ahead,V1:Southbound / V2:Southbound / V3:Southbound ,V1: Collision with motor vehicle in traffic / V2: Collision with motor vehicle in traffic / V3: Collision with motor vehicle in traffic ,"V1: Passenger car / V2:Passenger car / V3:Light truck(van, mini-van, panel, pickup, sport utility) with only four tires",Dry,Daylight,Cloudy,,Rte 93 S,,,,,236596.9377,901372.2454
2923155,BOSTON,23-Feb-2012,9:21 AM,Property damage only (none injured),2,0,0,"Sideswipe, same direction",V1: Parked / V2:Travelling straight ahead,V1:Southbound / V2:Southbound ,V1: Collision with motor vehicle in traffic / V2: Collision with motor vehicle in traffic ,"V1: Light truck(van, mini-van, panel, pickup, sport utility) with only four tires / V2:Light truck(van, mini-van, panel, pickup, sport utility) with only four tires",Dry,Daylight,Clear,,VETERANS OF FOREIGN WARS PARKWAY / SPRING STREET,,,DUNKIN DONUTS,,227008.6251,891284.9375
2934857,BOSTON,23-Feb-2012,2:15 PM,Property damage only (none injured),3,0,0,"Sideswipe, same direction",V1: Travelling straight ahead / V2:Travelling straight ahead / V3:Slowing or stopped in traffic,V1:Northbound / V2:Northbound / V3:Northbound ,V1: Collision with motor vehicle in traffic / V2: Collision with motor vehicle in traffic / V3: Collision with motor vehicle in traffic ,"V1: Light truck(van, mini-van, panel, pickup, sport utility) with only four tires / V2:Passenger car / V3:Passenger car",Dry,Daylight,Clear,,Rte 93 N,,Exit 11 on Rte 93 N,,,237113.1203,891743.2617
2934855,BOSTON,23-Feb-2012,2:20 PM,Property damage only (none injured),2,0,0,Rear-end,V1: Slowing or stopped in traffic / V2:Slowing or stopped in traffic,V1:Eastbound / V2:Eastbound ,V1: Collision with motor vehicle in traffic / V2: Collision with motor vehicle in traffic ,"V1: Light truck(van, mini-van, panel, pickup, sport utility) with only four tires / V2:Light truck(van, mini-van, panel, pickup, sport utility) with only four tires",Dry,Daylight,Clear,,STORROW DRIVE Rte 28 N / RAMP - STORROW DRIVE TO LEVERETT CONNECT,,,275 CHARLES MGH,,235340.1315,901426.9369
2922222,BOSTON,23-Feb-2012,4:20 PM,Property damage only (none injured),2,0,0,Rear-end,V1: Slowing or stopped in traffic / V2:Travelling straight ahead,V1:Eastbound / V2:Eastbound ,V1: Collision with motor vehicle in traffic / V2: Collision with motor vehicle in traffic ,"V1: Passenger car / V2:Light truck(van, mini-van, panel, pickup, sport utility) with only four tires",Dry,Daylight,Clear,,STORROW DRIVE Rte 28 N / REVERE STREET,,,MUGAR WAY E/B BY REVERE ST.,,235245.1637,901066.8698
3386774,BOSTON,23-Feb-2012,5:50 PM,Property damage only (none injured),2,0,0,Rear-end,V1: Travelling straight ahead / V2:Travelling straight ahead,V1:Southbound / V2:Southbound ,V1: Collision with motor vehicle in traffic / V2: Other ,"V1: Passenger car / V2:Light truck(van, mini-van, panel, pickup, sport utility) with only four tires",Dry,Dark - lighted roadway,Cloudy,,SUMNER TUNNEL / RAMP - SUMNER TUNNEL TO MARKET STREET,,,SUMNER TUNNEL,,236694.0613,901488.1925
2934859,BOSTON,23-Feb-2012,9:45 PM,Non-fatal injury,2,1,0,Single vehicle crash,V1: Travelling straight ahead / V2:Not reported,V1:Eastbound / V2:Not reported ,V1: Collision with pedestrian / V2: Not reported ,V1: Passenger car / V2:Passenger car,Dry,Dark - lighted roadway,Clear/Cloudy,TURTLE POND PARKWAY / ALWIN STREET,,,,,P3:Pedestrian,229822.0441,889369.1323
2950812,BOSTON,23-Feb-2012,11:05 PM,Property damage only (none injured),2,0,0,"Sideswipe, same direction",V1: Slowing or stopped in traffic / V2:Travelling straight ahead,V1:Southbound / V2:Southbound ,V1: Collision with motor vehicle in traffic / V2: Collision with motor vehicle in traffic ,"V1: Passenger car / V2:Light truck(van, mini-van, panel, pickup, sport utility) with only four tires",Dry,Dark - lighted roadway,Clear,,Rte 93 S,,Exit 18 on Rte 93 S,,,236013.2783,899092.9981
3179585,BOSTON (MATTAPAN),24-Feb-2012,00:00 AM,Non-fatal injury,2,1,0,Rear-end,V1: Not reported / V2:Not reported,V1:Not reported / V2:Not reported ,V1: Not reported / V2: Not reported ,V1: Passenger car / V2:Passenger car,Dry,Dark - lighted roadway,Cloudy,,675 CUMMINS HIGHWAY,,,,,232710.9275,891256.2735
3063153,BOSTON,24-Feb-2012,00:00 AM,Not Reported,2,0,0,Rear-end,V1: Unknown / V2:Slowing or stopped in traffic,V1:Eastbound / V2:Not reported ,V1: Collision with parked motor vehicle / V2: Collision with motor vehicle in traffic ,"V1: Light truck(van, mini-van, panel, pickup, sport utility) with only four tires / V2:Passenger car",Dry,Dark - lighted roadway,Clear,,384 BOYLSTON STREET,,,,,235259.8563,900202.8659
3071330,BOSTON (SOUTH BOSTON),24-Feb-2012,5:50 AM,Not Reported,2,0,0,"Sideswipe, same direction",V1: Slowing or stopped in traffic / V2:Travelling straight ahead,V1:Eastbound / V2:Eastbound ,V1: Not reported / V2: Not reported ,"V1: Bus (seats for more than 15 people, including driver) / V2:Passenger car",Dry,Dark - lighted roadway,Cloudy,SUMMER STREET / EAST FIRST STREET,,,,,,238277.6791,898731.9954
3056531,BOSTON (ROXBURY),24-Feb-2012,8:44 AM,Non-fatal injury,1,1,0,Not reported,V1: Turning right,V1:Westbound ,V1: Collision with pedestrian ,V1: Passenger car,Not reported,Not reported,Not Reported,,1427 TREMONT STREET,,,,P2:Pedestrian,233287.175,897983.9145
3063144,BOSTON,24-Feb-2012,10:37 AM,Property damage only (none injured),2,0,0,Angle,V1: Travelling straight ahead / V2:Travelling straight ahead,V1:Northbound / V2:Eastbound ,V1: Collision with motor vehicle in traffic / V2: Collision with motor vehicle in traffic ,V1: Passenger car / V2:Passenger car,Wet,Daylight,Rain/Rain,WASHINGTON STREET / HERALD STREET,,,,,,235876.0627,899659.9375
3063141,BOSTON,24-Feb-2012,11:36 AM,Property damage only (none injured),2,0,0,Rear-end,V1: Slowing or stopped in traffic / V2:Travelling straight ahead,V1:Not reported / V2:Not reported ,V1: Not reported / V2: Not reported ,"V1: Light truck(van, mini-van, panel, pickup, sport utility) with only four tires / V2:Passenger car",Wet,Daylight,Cloudy/Cloudy,COLUMBUS AVENUE / MASSACHUSETTS AVENUE,,,,,,234465.8396,898985.8578
2998927,BOSTON,24-Feb-2012,11:40 AM,Property damage only (none injured),2,0,0,"Sideswipe, same direction",V1: Travelling straight ahead / V2:Changing lanes,V1:Southbound / V2:Southbound ,V1: Collision with motor vehicle in traffic / V2: Collision with motor vehicle in traffic ,"V1: Light truck(van, mini-van, panel, pickup, sport utility) with only four tires / V2:Passenger car",Dry,Daylight,Clear,RAMP - LEVERETT CONNECTOR TO STORROW DRI Rte 3A N / RAMP-RT 93 NB TO STORROW DRIVE Rte 3 N / LEVERETT CONNECTOR SOUTH,,,,ON RAMP 93S/B,,235752.9932,901867.4291
2927335,BOSTON,24-Feb-2012,12:13 PM,Non-fatal injury,1,1,0,Single vehicle crash,V1: Travelling straight ahead,V1:Eastbound ,V1: Collision with utility pole ,V1: Passenger car,Wet,Daylight,Cloudy/Rain,,TURTLE POND PARKWAY / ENNEKING PARKWAY,,,,,229687.9375,889839.1252
2976117,BOSTON,24-Feb-2012,3:04 PM,Non-fatal injury,1,1,0,Single vehicle crash,V1: Travelling straight ahead,V1:Northbound ,V1: Other ,V1: Passenger car,Wet,Daylight,Cloudy/Rain,,NORTH HARVARD STREET / SOLDIERS FIELD ROAD,,,,P2:Pedestrian,230992.2801,902048.053
2929872,BOSTON,24-Feb-2012,4:19 PM,Property damage only (none injured),1,0,0,Single vehicle crash,V1: Turning left,V1:Northbound ,V1: Collision with guardrail ,"V1: Light truck(van, mini-van, panel, pickup, sport utility) with only four tires",Wet,Daylight,Not Reported,,STORROW DRIVE / CHARLESGATE OVERPASS,,,,,233518.1633,900133.7251
2926394,BOSTON,24-Feb-2012,4:40 PM,Property damage only (none injured),3,0,0,Angle,V1: Travelling straight ahead / V2:Travelling straight ahead / V3:Changing lanes,V1:Eastbound / V2:Eastbound / V3:Eastbound ,V1: Collision with motor vehicle in traffic / V2: Collision with motor vehicle in traffic / V3: Collision with motor vehicle in traffic ,"V1: Passenger car / V2:Light truck(van, mini-van, panel, pickup, sport utility) with only four tires / V3:Passenger car",Wet,Daylight,Cloudy/Rain,,Rte 90 E,,Exit 24 on Rte 90 E,,,236020.7529,899669.4658
2949213,BOSTON,24-Feb-2012,5:25 PM,Property damage only (none injured),3,0,0,Angle,V1: Travelling straight ahead / V2:Changing lanes / V3:Travelling straight ahead,V1:Northbound / V2:Northbound / V3:Northbound ,V1: Collision with motor vehicle in traffic / V2: Collision with motor vehicle in traffic / V3: Collision with motor vehicle in traffic ,V1: Passenger car / V2:Passenger car / V3:Passenger car,Wet,Dark - lighted roadway,Rain,,Rte 93 N,,Exit 28 on Rte 93 N,,,234921.8759,903234.5322