Crash Number,City/Town Name,Crash Date,Crash Time,Crash Severity,Number of Vehicles,Total Nonfatal Injuries,Total Fatal Injuries,Manner of Collision,Vehicle Action Prior to Crash,Vehicle Travel Directions,Most Harmful Events,Vehicle Configuration,Road Surface Condition,Ambient Light,Weather Condition,At Roadway Intersection,Distance from Nearest Roadway Intersection,Distance from Nearest Milemarker,Distance from Nearest Exit,Distance from Nearest Landmark,Non Motorist Type,X Coordinate,Y Coordinate
2924699,BOSTON,24-Feb-2012,6:35 PM,Property damage only (none injured),2,0,0,Angle,V1: Travelling straight ahead / V2:Turning left,V1:Westbound / V2:Northbound ,V1: Collision with motor vehicle in traffic / V2: Collision with motor vehicle in traffic ,V1: Passenger car / V2:Passenger car,Wet,Dark - lighted roadway,Rain,NEPONSET VALLEY PARKWAY / TRUMAN HIGHWAY,,,,,,230941.0155,887276.4376
3380283,BOSTON,24-Feb-2012,7:10 PM,Property damage only (none injured),3,0,0,Rear-end,V1: Slowing or stopped in traffic / V2:Slowing or stopped in traffic / V3:Travelling straight ahead,V1:Northbound / V2:Northbound / V3:Northbound ,V1: Collision with motor vehicle in traffic / V2: Collision with motor vehicle in traffic / V3: Collision with motor vehicle in traffic ,V1: Passenger car / V2:Passenger car / V3:Passenger car,Wet,Dark - lighted roadway,Rain,,Rte 93 N,,,ZAKIM BRIDGE,,236018.8761,902082.6188
2922223,BOSTON,24-Feb-2012,8:05 PM,Property damage only (none injured),1,0,0,Angle,V1: Travelling straight ahead,V1:Westbound ,V1: Collision with fence ,V1: Passenger car,Wet,Dark - lighted roadway,Rain,UNNAMED ROAD / UNNAMED ROAD,,,,RAMP FROM BOWKER OVERPASS TO STO,,232881.9712,900154.1102
2937718,BOSTON,24-Feb-2012,8:50 PM,Non-fatal injury,2,1,0,Rear-end,V1: Slowing or stopped in traffic / V2:Slowing or stopped in traffic,V1:Southbound / V2:Southbound ,V1: Collision with motor vehicle in traffic / V2: Collision with motor vehicle in traffic ,"V1: Passenger car / V2:Light truck(van, mini-van, panel, pickup, sport utility) with only four tires",Wet,Dark - lighted roadway,Rain,,Rte 93 S,,Exit 11 on Rte 93 S,@ KEYSTONE,,237076.8671,891681.5326
2939139,BOSTON,24-Feb-2012,9:23 PM,Non-fatal injury,2,2,0,Angle,V1: Travelling straight ahead / V2:Turning left,V1:Westbound / V2:Eastbound ,V1: Collision with motor vehicle in traffic / V2: Collision with motor vehicle in traffic ,"V1: Light truck(van, mini-van, panel, pickup, sport utility) with only four tires / V2:Passenger car",Wet,Dark - lighted roadway,Rain,,GALLIVAN BOULEVARD / DORCHESTER AVENUE,,,,,235804.4062,892252.5627
3163754,BOSTON,24-Feb-2012,10:40 PM,Property damage only (none injured),2,0,0,Rear-end,V1: Travelling straight ahead / V2:Slowing or stopped in traffic,V1:Eastbound / V2:Westbound ,V1: Collision with motor vehicle in traffic / V2: Collision with motor vehicle in traffic ,"V1: Unknown heavy truck, cannot classify / V2:Passenger car",Wet,Dark - lighted roadway,Rain,,MORTON STREET Rte 203 / EVANS STREET,,,,,234273.0086,892342.2902
3091930,BOSTON (DORCHESTER),25-Feb-2012,1:20 AM,Non-fatal injury,2,2,0,Rear-end,V1: Travelling straight ahead / V2:Not reported,V1:Not reported / V2:Not reported ,V1: Collision with tree / V2: Not reported ,"V1: Light truck(van, mini-van, panel, pickup, sport utility) with only four tires / V2:Not reported",Wet,Dark - lighted roadway,Clear,WALDECK STREET / TREMLETT STREET,,,,,,235701.2459,893982.4663
3063142,BOSTON,25-Feb-2012,7:24 AM,Non-fatal injury,2,2,0,Angle,V1: Travelling straight ahead / V2:Parked,V1:Westbound / V2:Southbound ,V1: Collision with motor vehicle in traffic / V2: Collision with motor vehicle in traffic ,V1: Passenger car / V2:Passenger car,Dry,Daylight,Clear/Clear,MASSACHUSETTS AVENUE / ALBANY STREET,,,,,,235158.7194,898212.7833
3001176,BOSTON,25-Feb-2012,9:45 AM,Non-fatal injury,2,1,0,"Sideswipe, same direction",V1: Changing lanes / V2:Travelling straight ahead,V1:Northbound / V2:Northbound ,V1: Collision with motor vehicle in traffic / V2: Collision with motor vehicle in traffic ,V1: Passenger car / V2:Passenger car,Dry,Daylight,Clear,,ARBORWAY / CENTRE STREET,,,ROTARY,,231269.4377,895461.1869
3380284,BOSTON,25-Feb-2012,9:55 AM,Property damage only (none injured),1,0,0,Single vehicle crash,V1: Travelling straight ahead,V1:Southbound ,V1: Other ,V1: Passenger car,Dry,Daylight,Clear,,JOHN F FITZGERALD EXPRESSWAY Rte 93 S / RAMP - RT 93 SB TO MASSACHUSETTS AVENUE,,,NEAR ALBANY STREET ONRAMP TO 93,,236039.773,899160.9566
2955946,BOSTON,25-Feb-2012,10:10 AM,Property damage only (none injured),3,0,0,Angle,V1: Changing lanes / V2:Travelling straight ahead / V3:Other,V1:Northbound / V2:Not reported / V3:Northbound ,V1: Collision with motor vehicle in traffic / V2: Collision with motor vehicle in traffic / V3: Collision with motor vehicle in traffic ,"V1: Passenger car / V2:Light truck(van, mini-van, panel, pickup, sport utility) with only four tires / V3:Light truck(van, mini-van, panel, pickup, sport utility) with only four tires",Dry,Daylight,Clear,,Rte 93 N,Rte 93  N Milemarker 16.9,,,,236742.6233,900426.5825
2957797,BOSTON,25-Feb-2012,10:25 AM,Non-fatal injury,1,1,0,Single vehicle crash,V1: Travelling straight ahead,V1:Westbound ,V1: Collision with median barrier ,V1: Passenger car,Dry,Daylight,Clear,,Rte 93 N,,Exit 20 on Rte 93 N,KK RAMP,,235897.3427,898279.3375
3053901,BOSTON,25-Feb-2012,7:38 PM,Property damage only (none injured),1,0,0,Single vehicle crash,V1: Turning right,V1:Westbound ,"V1: Collision with other fixed object (wall, building, tunnel, etc.) ",V1: Not reported,Dry,Dark - lighted roadway,Clear/Clear,,3 AVERY STREET,,,,,236033.5102,900401.5712
2963490,BOSTON,26-Feb-2012,00:00 AM,Non-fatal injury,2,2,0,Angle,V1: Travelling straight ahead / V2:Turning left,V1:Southbound / V2:Westbound ,V1: Collision with motor vehicle in traffic / V2: Collision with motor vehicle in traffic ,"V1: Passenger car / V2:Light truck(van, mini-van, panel, pickup, sport utility) with only four tires",Dry,Dark - lighted roadway,Clear,,GALLIVAN BOULEVARD / DORCHESTER AVENUE,,,,,235804.4062,892252.5627
3080739,BOSTON,26-Feb-2012,3:40 AM,Non-fatal injury,2,2,0,"Sideswipe, opposite direction",V1: Travelling straight ahead / V2:Entering traffic lane,V1:Southbound / V2:Eastbound ,V1: Not reported / V2: Collision with motor vehicle in traffic ,V1: Passenger car / V2:Passenger car,Dry,Dark - lighted roadway,Clear/Clear,,1283 DORCHESTER AVENUE / HECLA STREET,,,,,236395.9531,895265.4999
2937709,BOSTON,26-Feb-2012,5:10 AM,Not Reported,1,0,0,Single vehicle crash,V1: Travelling straight ahead,V1:Eastbound ,V1: Collision with motor vehicle in traffic ,V1: Passenger car,Dry,Dark - lighted roadway,Cloudy,,RAMP TO CHARLES CIRCLE / WEST HILL PLACE,,,CHARLES CIRCLE,,235260.6509,901157.8929
3063145,BOSTON,26-Feb-2012,10:38 AM,Not Reported,2,0,0,Not reported,V1: Not reported / V2:Not reported,V1:Not reported / V2:Not reported ,V1: Not reported / V2: Not reported ,V1: Not reported / V2:Passenger car,Dry,Daylight,Clear/Clear,BEACON STREET / PARK DRIVE,,,,,,232535.3748,899651.148
2934858,BOSTON,26-Feb-2012,10:43 AM,Non-fatal injury,3,2,0,Rear-end,V1: Travelling straight ahead / V2:Slowing or stopped in traffic / V3:Slowing or stopped in traffic,V1:Eastbound / V2:Eastbound / V3:Eastbound ,V1: Collision with motor vehicle in traffic / V2: Collision with motor vehicle in traffic / V3: Collision with motor vehicle in traffic ,"V1: Light truck(van, mini-van, panel, pickup, sport utility) with only four tires / V2:Light truck(van, mini-van, panel, pickup, sport utility) with only four tires / V3:Light truck(van, mini-van, panel, pickup, sport utility) with only four tires",Dry,Daylight,Clear,,WILLIAM DAY BOULEVARD / I STREET,,,,,237807.0798,897849.8413
2943225,BOSTON,26-Feb-2012,12:40 PM,Property damage only (none injured),2,0,0,Angle,V1: Travelling straight ahead / V2:Turning left,V1:Southbound / V2:Westbound ,V1: Collision with motor vehicle in traffic / V2: Collision with motor vehicle in traffic ,"V1: Passenger car / V2:Light truck(van, mini-van, panel, pickup, sport utility) with only four tires",Dry,Daylight,Clear,NORTH HARVARD STREET / SOLDIERS FIELD ROAD,,,,,,230992.2801,902048.053
3004532,BOSTON,26-Feb-2012,1:03 PM,Non-fatal injury,2,1,0,Angle,V1: Changing lanes / V2:Travelling straight ahead,V1:Eastbound / V2:Eastbound ,V1: Collision with motor vehicle in traffic / V2: Collision with motor vehicle in traffic ,V1: Passenger car / V2:Passenger car,Dry,Daylight,Clear,,Rte 90 E,Rte 90  E Milemarker 132.0,,AREA HOUSE OF BLUES,,232547.8686,899858.4408
2949436,BOSTON,26-Feb-2012,1:37 PM,Non-fatal injury,2,1,0,Angle,V1: Slowing or stopped in traffic / V2:Turning left,V1:Northbound / V2:Eastbound ,V1: Not reported / V2: Not reported ,"V1: Light truck(van, mini-van, panel, pickup, sport utility) with only four tires / V2:Passenger car",Dry,Daylight,Clear,SR-2 / HOTEL DRIVE,,,,,,239100.7308,902296.287
2940479,BOSTON,27-Feb-2012,00:00 AM,Property damage only (none injured),1,0,0,Single vehicle crash,V1: Travelling straight ahead,V1:Southbound ,V1: Other ,V1: Passenger car,Dry,Dark - lighted roadway,Clear,,Rte 93,,Exit 15 on Rte 93,SAVIN HILL OVERPASS,,236629.6253,897168.5001
3380285,BOSTON,27-Feb-2012,5:27 AM,Property damage only (none injured),1,0,0,Single vehicle crash,V1: Travelling straight ahead,V1:Southbound ,V1: Collision with guardrail ,V1: Passenger car,Wet,Dark - lighted roadway,Cloudy,,RAMP - LEVERETT CIRCLE TO RT 93 SB Rte 3 S / Rte 93 S,,,LOWER DECK,,236182.8819,901849.7378
2937710,BOSTON,27-Feb-2012,6:27 AM,Property damage only (none injured),2,0,0,"Sideswipe, same direction",V1: Entering traffic lane / V2:Travelling straight ahead,V1:Northbound / V2:Northbound ,V1: Collision with motor vehicle in traffic / V2: Collision with motor vehicle in traffic ,"V1: Light truck(van, mini-van, panel, pickup, sport utility) with only four tires / V2:Light truck(van, mini-van, panel, pickup, sport utility) with only four tires",Dry,Daylight,Clear,,LEVERETT CIRCLE / LEVERETT CIRCLE CONNECTOR,,,,,235616.8745,901859.5295
3054569,BOSTON (CHARLESTOWN),27-Feb-2012,7:03 AM,Property damage only (none injured),2,0,0,Rear-end,V1: Travelling straight ahead / V2:Not reported,V1:Southbound / V2:Not reported ,V1: Unknown / V2: Not reported ,V1: Passenger car / V2:Not reported,Dry,Daylight,Clear/Clear,,171 ALFORD STREET,,,,,235430.3612,904645.1481
2939138,BOSTON,27-Feb-2012,3:36 PM,Property damage only (none injured),3,0,0,Angle,V1: Entering traffic lane / V2:Slowing or stopped in traffic / V3:Travelling straight ahead,V1:Southbound / V2:Westbound / V3:Westbound ,V1: Collision with motor vehicle in traffic / V2: Collision with motor vehicle in traffic / V3: Collision with motor vehicle in traffic ,"V1: Passenger car / V2:Light truck(van, mini-van, panel, pickup, sport utility) with only four tires / V3:Light truck(van, mini-van, panel, pickup, sport utility) with only four tires",Dry,Daylight,Clear,,COLUMBIA ROAD / BUTTONWOOD STREET,,,,,236609.5872,896844.6625
3080740,BOSTON,27-Feb-2012,4:47 PM,Not Reported,1,0,0,Single vehicle crash,V1: Slowing or stopped in traffic,V1:Not reported ,V1: Collision with utility pole ,V1: Passenger car,Dry,Daylight,Clear/Cloudy,CLERMONT STREET / FULLER STREET,,,,,,235717.9064,892633.5623
2932769,BOSTON,27-Feb-2012,6:00 PM,Property damage only (none injured),2,0,0,Rear-end,V1: Travelling straight ahead / V2:Travelling straight ahead,V1:Northbound / V2:Northbound ,V1: Collision with motor vehicle in traffic / V2: Collision with motor vehicle in traffic ,"V1: Light truck(van, mini-van, panel, pickup, sport utility) with only four tires / V2:Passenger car",Dry,Dark - lighted roadway,Clear,,LEVERETT CONNECTOR NORTH / RAMP - LEVERETT CONNECTOR TO RT 1 NB,,,LEVERETT CONNECTOR N/B,,235025.0445,902987.898
3054564,BOSTON,28-Feb-2012,8:30 AM,Not Reported,2,0,0,"Sideswipe, same direction",V1: Travelling straight ahead / V2:Turning left,V1:Not reported / V2:Not reported ,V1: Collision with motor vehicle in traffic / V2: Not reported ,V1: Passenger car / V2:Not reported,Dry,Daylight,Clear,BOYLSTON STREET / TREMONT STREET,,,,,,235874.8974,900298.4584
2929093,BOSTON,28-Feb-2012,9:15 AM,Property damage only (none injured),2,0,0,"Sideswipe, same direction",V1: Travelling straight ahead / V2:Changing lanes,V1:Northbound / V2:Northbound ,V1: Collision with motor vehicle in traffic / V2: Collision with motor vehicle in traffic ,"V1: Light truck(van, mini-van, panel, pickup, sport utility) with only four tires / V2:Passenger car",Dry,Daylight,Clear,,RIVERWAY / 110,,,,,232648.8246,899257.6799
2975034,BOSTON (BRIGHTON),28-Feb-2012,9:39 AM,Property damage only (none injured),2,0,0,Angle,V1: Travelling straight ahead / V2:Travelling straight ahead,V1:Eastbound / V2:Eastbound ,"V1: Collision with motor vehicle in traffic / V2: Collision with railway vehicle (e.g., train, engine) ","V1: Unknown heavy truck, cannot classify / V2:Passenger car",Dry,Daylight,Clear/Clear,COMMONWEALTH AVENUE / SOUTH STREET,,,,,,228200.2293,898858.2008
3284915,BOSTON (JAMAICA PLAIN),29-Feb-2012,5:52 AM,Not Reported,2,0,0,Not reported,V1: Travelling straight ahead / V2:Parked,V1:Eastbound / V2:Not reported ,V1: Collision with tree / V2: Collision with unknown movable object ,V1: Passenger car / V2:Not reported,Not reported,Not reported,Not Reported,CENTRE STREET / OAKVIEW TERRACE,,,,,,232060.844,896721.8127
3284912,BOSTON,29-Feb-2012,5:52 AM,Not Reported,2,0,0,Not reported,V1: Parked / V2:Travelling straight ahead,V1:Not reported / V2:Not reported ,V1: Collision with unknown movable object / V2: Collision with unknown movable object ,V1: Passenger car / V2:Passenger car,Not reported,Not reported,Not Reported,CENTRE STREET / OAKVIEW TERRACE,,,,,,232060.844,896721.8127
3054597,BOSTON,29-Feb-2012,5:56 AM,Not Reported,2,0,0,"Sideswipe, same direction",V1: Travelling straight ahead / V2:Parked,V1:Not reported / V2:Not reported ,V1: Collision with parked motor vehicle / V2: Collision with motor vehicle in traffic ,"V1: Light truck(van, mini-van, panel, pickup, sport utility) with only four tires / V2:Passenger car",Dry,Dawn,Clear/Clear,PARK PLACE / COLUMBUS AVENUE,,,,,,,
3005031,BOSTON,29-Feb-2012,8:39 AM,Non-fatal injury,2,2,0,"Sideswipe, same direction",V1: Changing lanes / V2:Travelling straight ahead,V1:Eastbound / V2:Eastbound ,V1: Collision with motor vehicle in traffic / V2: Collision with motor vehicle in traffic ,"V1: Unknown heavy truck, cannot classify / V2:Passenger car",Dry,Daylight,Cloudy,,Rte 90 E,Rte 90  E Milemarker 137.0,,,,239158.7282,901670.4404
2940364,BOSTON,29-Feb-2012,10:06 AM,Property damage only (none injured),2,0,0,Rear-end,V1: Slowing or stopped in traffic / V2:Slowing or stopped in traffic,V1:Northbound / V2:Northbound ,V1: Collision with motor vehicle in traffic / V2: Collision with motor vehicle in traffic ,V1: Passenger car / V2:Passenger car,Wet,Daylight,Cloudy/Rain,,Rte 93 N,,Exit 13 on Rte 93 N,,,237394.3029,894142.3759
3321615,BOSTON,29-Feb-2012,10:25 AM,Not Reported,2,0,0,Rear-end,V1: Travelling straight ahead / V2:Parked,V1:Not reported / V2:Not reported ,V1: Collision with parked motor vehicle / V2: Collision with motor vehicle in traffic ,"V1: Light truck(van, mini-van, panel, pickup, sport utility) with only four tires / V2:Passenger car",Dry,Daylight,Cloudy,,1033 MASSACHUSETTS AVENUE,,,,,235678.6831,897491.1995
2937711,BOSTON,29-Feb-2012,2:00 PM,Property damage only (none injured),2,0,0,"Sideswipe, same direction",V1: Travelling straight ahead / V2:Travelling straight ahead,V1:Eastbound / V2:Eastbound ,V1: Collision with motor vehicle in traffic / V2: Collision with motor vehicle in traffic ,V1: Passenger car / V2:Passenger car,Wet,Daylight,Cloudy/Rain,,STORROW DRIVE / CHARLESGATE OVERPASS,,,,,233518.1633,900133.725
3265909,BOSTON,29-Feb-2012,4:15 PM,Non-fatal injury,2,1,0,Angle,V1: Travelling straight ahead / V2:Turning right,V1:Southbound / V2:Westbound ,V1: Collision with motor vehicle in traffic / V2: Collision with motor vehicle in traffic ,V1: Passenger car / V2:Passenger car,Wet,Daylight,Cloudy/Rain,JAMAICAWAY / RAMP - RT 9 TO JAMAICAWAY,,,,RAMP FROM RTE 9E TO JAMAICAWAY S,,231904.5468,897861.5626
3284913,BOSTON (JAMAICA PLAIN),29-Feb-2012,5:52 PM,Not Reported,2,0,0,Not reported,V1: Travelling straight ahead / V2:Slowing or stopped in traffic,V1:Eastbound / V2:Northbound ,V1: Collision with tree / V2: Collision with motor vehicle in traffic ,"V1: Passenger car / V2:Light truck(van, mini-van, panel, pickup, sport utility) with only four tires",Not reported,Not reported,Not Reported,CENTRE STREET / OAKVIEW TERRACE,,,,,,232060.844,896721.8127
2949437,BOSTON,29-Feb-2012,6:17 PM,Non-fatal injury,2,1,0,Rear-end,V1: Slowing or stopped in traffic / V2:Travelling straight ahead,V1:Eastbound / V2:Eastbound ,V1: Collision with motor vehicle in traffic / V2: Collision with motor vehicle in traffic ,"V1: Light truck(van, mini-van, panel, pickup, sport utility) with only four tires / V2:Light truck(van, mini-van, panel, pickup, sport utility) with only four tires",Wet,Dark - lighted roadway,Snow,,BOYLSTON STREET / PARK DRIVE,,,,,233428.6248,899533.0624
3380286,BOSTON,29-Feb-2012,7:21 PM,Property damage only (none injured),1,0,0,Single vehicle crash,V1: Changing lanes,V1:Southbound ,V1: Collision with motor vehicle in traffic ,V1: Passenger car,Wet,Dark - lighted roadway,Rain,,JOHN F FITZGERALD EXPRESSWAY Rte 93 S / RAMP - SURFACE ARTERY TO RT 93 SB,,,TUNNEL EXIT PORTAL,,236246.3533,899890.1944
3056630,BOSTON,01-Mar-2012,00:00 AM,Unknown,1,0,0,Rear-end,V1: Not reported,V1:Not reported ,V1: Not reported ,V1: Passenger car,Slush,Dark - lighted roadway,"Snow/Sleet, hail (freezing rain or drizzle)",,QUINCY STREET,,,,,,
3222830,BOSTON (ROSLINDALE),01-Mar-2012,1:04 AM,Not Reported,2,0,0,Not reported,V1: Not reported / V2:Not reported,V1:Eastbound / V2:Northbound ,V1: Not reported / V2: Not reported ,"V1: Light truck(van, mini-van, panel, pickup, sport utility) with only four tires / V2:Not reported",Wet,Daylight,Rain,BEECHLAND STREET / WASHINGTON STREET,,,,,,229882.6931,891976.2199
2937697,BOSTON,01-Mar-2012,4:24 AM,Property damage only (none injured),1,0,0,Single vehicle crash,V1: Travelling straight ahead,V1:Westbound ,V1: Collision with guardrail ,V1: Passenger car,Ice,Dark - lighted roadway,"Snow/Sleet, hail (freezing rain or drizzle)",,Rte 90 W,,,,,228154.8166,900866.0695
3063140,BOSTON,01-Mar-2012,8:26 AM,Property damage only (none injured),2,0,0,Angle,V1: Travelling straight ahead / V2:Slowing or stopped in traffic,V1:Eastbound / V2:Southbound ,V1: Collision with motor vehicle in traffic / V2: Collision with motor vehicle in traffic ,V1: Passenger car / V2:Passenger car,Wet,Daylight,"Rain/Sleet, hail (freezing rain or drizzle)",COMMONWEALTH AVENUE / CLARENDON STREET,,,,,,234919.8438,900324.7501
2955955,BOSTON,01-Mar-2012,8:30 AM,Property damage only (none injured),2,0,0,Angle,V1: Turning left / V2:Travelling straight ahead,V1:Westbound / V2:Eastbound ,V1: Collision with motor vehicle in traffic / V2: Collision with motor vehicle in traffic ,V1: Passenger car / V2:Passenger car,Dry,Daylight,Clear,,MORTON STREET / 599,,,,,233495.4432,893066.2188
3804077,BOSTON,01-Mar-2012,9:00 AM,Property damage only (none injured),2,0,0,"Sideswipe, same direction",V1: Entering traffic lane / V2:Travelling straight ahead,V1:Westbound / V2:Not reported ,V1: Collision with motor vehicle in traffic / V2: Collision with motor vehicle in traffic ,V1: Passenger car / V2:Passenger car,Wet,Daylight,"Rain/Sleet, hail (freezing rain or drizzle)",CUMMINS HIGHWAY / ROCKDALE STREET,,,,,,233323.3095,891005.3056
3222631,BOSTON,01-Mar-2012,12:00 PM,Non-fatal injury,2,1,0,Angle,V1: Travelling straight ahead / V2:Travelling straight ahead,V1:Eastbound / V2:Northbound ,V1: Collision with motor vehicle in traffic / V2: Collision with motor vehicle in traffic ,"V1: Light truck(van, mini-van, panel, pickup, sport utility) with only four tires / V2:Passenger car",Wet,Daylight,"Rain/Sleet, hail (freezing rain or drizzle)",WEST FIRST STREET / D STREET,,,,,,237197.0314,899008.5
3056631,BOSTON (ROXBURY),01-Mar-2012,12:12 PM,Non-fatal injury,1,1,0,Single vehicle crash,V1: Travelling straight ahead,V1:Eastbound ,V1: Collision with pedestrian ,"V1: Light truck(van, mini-van, panel, pickup, sport utility) with only four tires",Wet,Daylight,"Rain/Sleet, hail (freezing rain or drizzle)",,135 DUDLEY STREET,,,,P3:Pedestrian,234311.0641,897660.2047
2937712,BOSTON,01-Mar-2012,1:26 PM,Property damage only (none injured),1,0,0,Single vehicle crash,V1: Travelling straight ahead,V1:Eastbound ,V1: Collision with guardrail ,V1: Passenger car,Wet,Daylight,Cloudy,,STORROW DRIVE Rte 28 N / RAMP TO CHARLES CIRCLE,,,LONGFELLOW BRIDGE,,235227.3972,901262.6553
2939241,BOSTON,01-Mar-2012,4:45 PM,Property damage only (none injured),2,0,0,Angle,V1: Changing lanes / V2:Slowing or stopped in traffic,V1:Eastbound / V2:Eastbound ,V1: Collision with motor vehicle in traffic / V2: Collision with motor vehicle in traffic ,"V1: Light truck(van, mini-van, panel, pickup, sport utility) with only four tires / V2:Passenger car",Wet,Dark - lighted roadway,Cloudy/Rain,,Rte 90,,Exit 20 on Rte 90,,,231437.7943,900554.1631
3079231,BOSTON,01-Mar-2012,6:51 PM,Not Reported,2,0,0,Not reported,V1: Not reported / V2:Not reported,V1:Not reported / V2:Not reported ,V1: Not reported / V2: Not reported ,"V1: Passenger car / V2:Light truck(van, mini-van, panel, pickup, sport utility) with only four tires",Not reported,Not reported,Not Reported,CHILD STREET / RESERVATION ROAD,,,,,,230379.6095,889271.8748
3091935,BOSTON (DORCHESTER),01-Mar-2012,8:14 PM,Not Reported,2,0,0,Rear-end,V1: Not reported / V2:Not reported,V1:Northbound / V2:Northbound ,V1: Not reported / V2: Not reported ,V1: Passenger car / V2:Passenger car,Wet,Dark - lighted roadway,"Snow/Sleet, hail (freezing rain or drizzle)",,1602 DORCHESTER AVENUE,,,,,236159.355,893995.9312
2955705,BOSTON,01-Mar-2012,9:12 PM,Property damage only (none injured),2,0,0,"Sideswipe, same direction",V1: Travelling straight ahead / V2:Travelling straight ahead,V1:Eastbound / V2:Eastbound ,V1: Collision with motor vehicle in traffic / V2: Collision with motor vehicle in traffic ,"V1: Light truck(van, mini-van, panel, pickup, sport utility) with only four tires / V2:Passenger car",Wet,Dawn,Rain,,MASSACHUSETTS TURNPIKE Rte 90 E,,,ABOUT 50 YARDS EAST OF THE TOLLS,,231282.5674,900777.9754
2955948,BOSTON,02-Mar-2012,2:49 AM,Property damage only (none injured),1,0,0,Single vehicle crash,V1: Entering traffic lane,V1:Westbound ,V1: Collision with median barrier ,"V1: Light truck(van, mini-van, panel, pickup, sport utility) with only four tires",Wet,Dark - lighted roadway,Cloudy,,Rte 90 W,,,PRUDENTIAL TUNNEL,,234974.2868,899800.9216
3046497,BOSTON (EAST BOSTON),02-Mar-2012,6:10 AM,Property damage only (none injured),2,0,0,Angle,V1: Turning left / V2:Travelling straight ahead,V1:Westbound / V2:Southbound ,V1: Collision with motor vehicle in traffic / V2: Collision with motor vehicle in traffic ,"V1: Bus (seats for more than 15 people, including driver) / V2:Passenger car",Ice,Dawn,Cloudy,SARATOGA STREET / NEPTUNE ROAD,,,,,,239023.211,903432.0499
3289327,BOSTON,02-Mar-2012,7:34 AM,Not Reported,1,0,0,Not reported,V1: Travelling straight ahead,V1:Not reported ,V1: Collision with impact attenuator/crash cushion ,"V1: Light truck(van, mini-van, panel, pickup, sport utility) with only four tires",Not reported,Not reported,Not Reported,FREMONT STREET / BABSON STREET,,,,,,233624.2186,891273.3125
3052260,BOSTON,02-Mar-2012,7:40 AM,Property damage only (none injured),2,0,0,"Sideswipe, same direction",V1: Slowing or stopped in traffic / V2:Travelling straight ahead,V1:Westbound / V2:Westbound ,V1: Collision with motor vehicle in traffic / V2: Collision with motor vehicle in traffic ,"V1: Single-unit truck (3-or-more axles) / V2:Light truck(van, mini-van, panel, pickup, sport utility) with only four tires",Dry,Daylight,Clear/Clear,FRANKLIN STREET / CONGRESS STREET,,,,,,236604.7856,900669.1991
3380287,BOSTON,02-Mar-2012,7:46 AM,Non-fatal injury,3,1,0,Rear-end,V1: Slowing or stopped in traffic / V2:Slowing or stopped in traffic / V3:Slowing or stopped in traffic,V1:Northbound / V2:Northbound / V3:Northbound ,V1: Collision with motor vehicle in traffic / V2: Collision with motor vehicle in traffic / V3: Collision with motor vehicle in traffic ,"V1: Light truck(van, mini-van, panel, pickup, sport utility) with only four tires / V2:Passenger car / V3:Passenger car",Wet,Daylight,Cloudy,,Rte 93 N / RAMP - RT 90 TO RT 93 NB,,,AREA RAMP D MERGE,,236581.0871,900205.8115
3297679,BOSTON (JAMAICA PLAIN),02-Mar-2012,7:58 AM,Property damage only (none injured),2,0,0,Angle,V1: Not reported / V2:Not reported,V1:Not reported / V2:Not reported ,V1: Not reported / V2: Not reported ,"V1: Light truck(van, mini-van, panel, pickup, sport utility) with only four tires / V2:Light truck(van, mini-van, panel, pickup, sport utility) with only four tires",Dry,Daylight,Clear/Clear,,55 SOUTH HUNTINGTON AVENUE / COLBURN STREET,,,,,232011.4871,897883.5649
2949438,BOSTON,02-Mar-2012,8:58 AM,Non-fatal injury,2,1,0,Rear-end,V1: Travelling straight ahead / V2:Slowing or stopped in traffic,V1:Westbound / V2:Westbound ,V1: Collision with motor vehicle in traffic / V2: Collision with motor vehicle in traffic ,V1: Passenger car / V2:Passenger car,Wet,Daylight,Cloudy/Rain,,STORROW DRIVE / MASSACHUSETTS AVENUE,,,,,233792.9041,900201.1471
3052267,BOSTON,02-Mar-2012,9:15 AM,Not Reported,1,0,0,Single vehicle crash,V1: Backing,V1:Not reported ,V1: Collision with utility pole ,V1: Single-unit truck (3-or-more axles),Dry,Daylight,Cloudy,,16 BEACON STREET,,,,,236027.9971,900920.4891
2954170,BOSTON,02-Mar-2012,9:39 AM,Property damage only (none injured),1,0,0,Single vehicle crash,V1: Travelling straight ahead,V1:Westbound ,V1: Collision with guardrail ,V1: Passenger car,Wet,Daylight,Cloudy,,1000 feet S from Intersection SOLDIERS FIELD ROAD / CAMBRIDGE STREET,,,PRIOR TO LIGHT POLE #2726,,231464.2733,900839.4922
3363769,BOSTON,02-Mar-2012,11:26 AM,Non-fatal injury,2,1,0,Head-on,V1: Turning right / V2:Slowing or stopped in traffic,V1:Northbound / V2:Southbound ,V1: Collision with motor vehicle in traffic / V2: Collision with motor vehicle in traffic ,"V1: Passenger car / V2:Light truck(van, mini-van, panel, pickup, sport utility) with only four tires",Dry,Daylight,Clear,,LEVERETT CIRCLE / NASHUA STREET,,,,,235565.4707,901894.5497
3083133,BOSTON,02-Mar-2012,12:11 PM,Not Reported,2,0,0,Angle,V1: Travelling straight ahead / V2:Turning left,V1:Southbound / V2:Northbound ,V1: Collision with motor vehicle in traffic / V2: Not reported ,V1: Passenger car / V2:Truck/trailer,Dry,Daylight,Cloudy,,D STREET / CONGRESS STREET,,,,,237867.9285,899829.5682