Crash Number,City/Town Name,Crash Date,Crash Time,Crash Severity,Number of Vehicles,Total Nonfatal Injuries,Total Fatal Injuries,Manner of Collision,Vehicle Action Prior to Crash,Vehicle Travel Directions,Most Harmful Events,Vehicle Configuration,Road Surface Condition,Ambient Light,Weather Condition,At Roadway Intersection,Distance from Nearest Roadway Intersection,Distance from Nearest Milemarker,Distance from Nearest Exit,Distance from Nearest Landmark,Non Motorist Type,X Coordinate,Y Coordinate
2997673,BOSTON,08-Mar-2012,10:07 AM,Not Reported,1,0,0,Single vehicle crash,V1: Not reported,V1:Not reported ,V1: Not reported ,V1: Not reported,Dry,Daylight,Clear/Clear,CAMBRIDGE STREET / BLOSSOM STREET,,,,,P2:Pedestrian,235676.3607,901282.612
2969093,BOSTON,08-Mar-2012,11:56 AM,Property damage only (none injured),2,0,0,Rear-end,V1: Travelling straight ahead / V2:Slowing or stopped in traffic,V1:Not reported / V2:Not reported ,V1: Collision with motor vehicle in traffic / V2: Collision with motor vehicle in traffic ,V1: Passenger car / V2:Passenger car,Dry,Daylight,Clear,,SAINT THOMAS MORE ROAD,,,CHESTNUT HILL RESERVOIR,,227769.9262,898215.6888
2954165,BOSTON,08-Mar-2012,12:57 PM,Property damage only (none injured),2,0,0,Angle,V1: Slowing or stopped in traffic / V2:Turning left,V1:Southbound / V2:Northbound ,V1: Collision with motor vehicle in traffic / V2: Collision with motor vehicle in traffic ,"V1: Light truck(van, mini-van, panel, pickup, sport utility) with only four tires / V2:Passenger car",Dry,Daylight,Clear,,SUMMER STREET / ELKINS STREET,,,SUMMER STREET @ ELKIN STREET,,238275.5,898851.9375
3002939,BOSTON,08-Mar-2012,3:05 PM,Property damage only (none injured),1,0,0,Single vehicle crash,V1: Travelling straight ahead,V1:Westbound ,V1: Collision with overhead sign support ,V1: Truck/trailer,Dry,Daylight,Clear,,MASSACHUSETTS TURNPIKE Rte 90 W,,,CONNECTOR TUNNEL @ UR105W,,237737.1951,899779.5574
2951618,BOSTON,08-Mar-2012,3:34 PM,Property damage only (none injured),2,0,0,Rear-end,V1: Slowing or stopped in traffic / V2:Travelling straight ahead,V1:Westbound / V2:Westbound ,V1: Collision with motor vehicle in traffic / V2: Collision with motor vehicle in traffic ,V1: Passenger car / V2:Passenger car,Dry,Daylight,Clear/Cloudy,,STORROW DRIVE / CHARLESGATE OVERPASS,,,,,233518.1633,900133.725
2950820,BOSTON,08-Mar-2012,4:58 PM,Property damage only (none injured),2,0,0,"Sideswipe, same direction",V1: Travelling straight ahead / V2:Changing lanes,V1:Eastbound / V2:Eastbound ,V1: Collision with motor vehicle in traffic / V2: Collision with motor vehicle in traffic ,V1: Passenger car / V2:Passenger car,Dry,Daylight,Clear/Cloudy,,STORROW DRIVE / RAMP - STORROW DRIVE TO CLARENDON STREET,,,IN THE AREA OF COPLEY SQUARE,,234587.7057,900481.7264
2949433,BOSTON,08-Mar-2012,4:58 PM,Property damage only (none injured),1,0,0,Single vehicle crash,V1: Travelling straight ahead,V1:Westbound ,V1: Collision with curb ,V1: Passenger car,Dry,Daylight,Clear/Cloudy,,Rte 90 W,,Exit 20 on Rte 90 W,,,231452.5043,900558.3731
3298804,BOSTON (JAMAICA PLAIN),08-Mar-2012,5:30 PM,Non-fatal injury,2,2,0,Angle,V1: Travelling straight ahead / V2:Travelling straight ahead,V1:Northbound / V2:Westbound ,V1: Collision with motor vehicle in traffic / V2: Collision with motor vehicle in traffic ,"V1: Passenger car / V2:Light truck(van, mini-van, panel, pickup, sport utility) with only four tires",Dry,Dawn,Cloudy,SOUTH HUNTINGTON AVENUE / PERKINS STREET,,,,,,231975.1096,896863.1877
2951627,BOSTON,08-Mar-2012,6:04 PM,Non-fatal injury,1,1,0,Single vehicle crash,V1: Travelling straight ahead,V1:Eastbound ,V1: Collision with pedestrian ,"V1: Light truck(van, mini-van, panel, pickup, sport utility) with only four tires",Dry,Dark - lighted roadway,Clear,,WILLIAM DAY BOULEVARD / 1825 L STREET,,,@ COLUMBIA YACHT CLUB,P3:Pedestrian,238272.7312,897753.5062
2955950,BOSTON,08-Mar-2012,6:25 PM,Property damage only (none injured),2,0,0,Rear-end,V1: Travelling straight ahead / V2:Slowing or stopped in traffic,V1:Southbound / V2:Southbound ,V1: Collision with motor vehicle in traffic / V2: Collision with motor vehicle in traffic ,V1: Passenger car / V2:Passenger car,Dry,Dark - lighted roadway,Clear,,Rte 93 S,,Exit 23 on Rte 93 S,,,236856.2793,901152.8251
2949434,BOSTON,08-Mar-2012,6:40 PM,Property damage only (none injured),3,0,0,Rear-end,V1: Slowing or stopped in traffic / V2:Slowing or stopped in traffic / V3:Slowing or stopped in traffic,V1:Westbound / V2:Westbound / V3:Westbound ,V1: Collision with motor vehicle in traffic / V2: Collision with motor vehicle in traffic / V3: Collision with motor vehicle in traffic ,"V1: Light truck(van, mini-van, panel, pickup, sport utility) with only four tires / V2:Light truck(van, mini-van, panel, pickup, sport utility) with only four tires / V3:Passenger car",Dry,Dark - lighted roadway,Clear,,Rte 90 W,,,,,232572.2182,899870.4883
3298016,BOSTON,08-Mar-2012,7:24 PM,Unknown,1,0,0,Single vehicle crash,V1: Travelling straight ahead,V1:Northbound ,V1: Collision with median barrier ,V1: Passenger car,Dry,Dark - lighted roadway,Severe crosswinds,HYDE PARK AVENUE / WALK HILL STREET,,,,,,231647.8279,894025.4374
3028851,BOSTON (DORCHESTER),08-Mar-2012,7:25 PM,Non-fatal injury,2,2,0,"Sideswipe, same direction",V1: Turning left / V2:Overtaking/passing,V1:Northbound / V2:Northbound ,V1: Not reported / V2: Collision with motor vehicle in traffic ,"V1: Light truck(van, mini-van, panel, pickup, sport utility) with only four tires / V2:Passenger car",Dry,Dark - lighted roadway,Cloudy,,767 DORCHESTER AVENUE / HOWELL STREET,,,CORPORATION UHALL,,236526.1629,897241.8931
3002432,BOSTON,09-Mar-2012,6:20 AM,Non-fatal injury,2,1,0,Angle,V1: Travelling straight ahead / V2:Turning left,V1:Eastbound / V2:Northbound ,V1: Collision with motor vehicle in traffic / V2: Collision with motor vehicle in traffic ,V1: Passenger car / V2:Passenger car,Dry,Daylight,Clear,,SOLDIERS FIELD ROAD,,,,,228269.4389,901002.0686
2950814,BOSTON,09-Mar-2012,8:45 AM,Property damage only (none injured),2,0,0,Rear-end,V1: Travelling straight ahead / V2:Travelling straight ahead,V1:Northbound / V2:Northbound ,V1: Collision with motor vehicle in traffic / V2: Collision with motor vehicle in traffic ,V1: Passenger car / V2:Passenger car,Dry,Daylight,Clear,,Rte 93 N,,Exit 23 on Rte 93 N,,,236935.5032,901011.367
3099071,BOSTON,09-Mar-2012,8:50 AM,Not Reported,2,0,0,Not reported,V1: Not reported / V2:Not reported,V1:Not reported / V2:Not reported ,V1: Not reported / V2: Not reported ,V1: Passenger car / V2:Passenger car,Not reported,Not reported,Not Reported,NEWBURY STREET / DARTMOUTH STREET,,,,,,234789.6458,900130.7041
2972763,BOSTON,09-Mar-2012,8:55 AM,Non-fatal injury,2,1,0,Rear-end,V1: Slowing or stopped in traffic / V2:Slowing or stopped in traffic,V1:Westbound / V2:Westbound ,V1: Collision with motor vehicle in traffic / V2: Collision with motor vehicle in traffic ,"V1: Light truck(van, mini-van, panel, pickup, sport utility) with only four tires / V2:Light truck(van, mini-van, panel, pickup, sport utility) with only four tires",Dry,Daylight,Not Reported,,PARKMAN DRIVE / PERKINS STREET,,,,,231007.4685,896603.125
3004533,BOSTON,09-Mar-2012,11:47 AM,Non-fatal injury,1,1,0,Single vehicle crash,V1: Turning left,V1:Northbound ,V1: Collision with median barrier ,V1: Passenger car,Dry,Daylight,Clear,,Rte 93 N,,Exit 27 on Rte 93 N,,,235602.2947,902509.7622
3113130,BOSTON (BRIGHTON),09-Mar-2012,1:16 PM,Property damage only (none injured),2,0,0,Unknown,V1: Unknown / V2:Unknown,V1:Not reported / V2:Not reported ,V1: Unknown / V2: Collision with motor vehicle in traffic ,V1: Passenger car / V2:Passenger car,Dry,Daylight,Clear,PARSONS STREET / ARLINGTON STREET,,,,,,228471.2345,900268.6251
2962740,BOSTON,10-Mar-2012,00:00 AM,Property damage only (none injured),2,0,0,Rear-end,V1: Slowing or stopped in traffic / V2:Travelling straight ahead,V1:Not reported / V2:Not reported ,V1: Not reported / V2: Not reported ,"V1: Passenger car / V2:Light truck(van, mini-van, panel, pickup, sport utility) with only four tires",Dry,Dark - lighted roadway,Clear,AMERICAN LEGION HIGHWAY / WALK HILL STREET,,,,,,232432.2186,893104.1252
2998738,BOSTON,10-Mar-2012,4:30 AM,Property damage only (none injured),1,0,0,Single vehicle crash,V1: Travelling straight ahead,V1:Westbound ,V1: Collision with median barrier ,V1: Passenger car,Dry,Dark - lighted roadway,Cloudy,,Rte 90 W,,Exit 24 on Rte 90 W,,,238090.4393,899691.5691
2955958,BOSTON,10-Mar-2012,4:45 AM,Property damage only (none injured),2,0,0,"Sideswipe, same direction",V1: Travelling straight ahead / V2:Changing lanes,V1:Westbound / V2:Westbound ,V1: Collision with motor vehicle in traffic / V2: Collision with motor vehicle in traffic ,V1: Passenger car / V2:Passenger car,Dry,Dark - lighted roadway,Clear,,MORTON STREET / JAMES SHEA CIRCLE,,,,,232426.4151,894490.4999
2955706,BOSTON,10-Mar-2012,1:00 PM,Property damage only (none injured),3,0,0,Rear-to-rear,V1: Travelling straight ahead / V2:Slowing or stopped in traffic / V3:Slowing or stopped in traffic,V1:Eastbound / V2:Eastbound / V3:Eastbound ,V1: Collision with motor vehicle in traffic / V2: Collision with motor vehicle in traffic / V3: Collision with motor vehicle in traffic ,"V1: Passenger car / V2:Passenger car / V3:Light truck(van, mini-van, panel, pickup, sport utility) with only four tires",Dry,Daylight,Clear,,Rte 90 E,,,PRU TUNNEL,,234788.7439,899777.5458
3113034,BOSTON (BRIGHTON),10-Mar-2012,7:01 PM,Property damage only (none injured),2,0,0,"Sideswipe, opposite direction",V1: Travelling straight ahead / V2:Travelling straight ahead,V1:Westbound / V2:Southbound ,V1: Collision with motor vehicle in traffic / V2: Collision with motor vehicle in traffic ,V1: Passenger car / V2:Passenger car,Dry,Dark - lighted roadway,Clear,FANEUIL STREET / SOUTH HOBART STREET,,,,,,228171.4846,900453.8125
3003345,BOSTON,10-Mar-2012,11:03 PM,Property damage only (none injured),2,0,0,"Sideswipe, same direction",V1: Travelling straight ahead / V2:Entering traffic lane,V1:Eastbound / V2:Eastbound ,V1: Collision with motor vehicle in traffic / V2: Collision with motor vehicle in traffic ,"V1: Light truck(van, mini-van, panel, pickup, sport utility) with only four tires / V2:Passenger car",Dry,Dark - lighted roadway,Clear,,GALLIVAN BOULEVARD / MORTON STREET,,,,,234631.4265,892127.267
3389277,BOSTON,11-Mar-2012,00:00 AM,Property damage only (none injured),2,0,0,"Sideswipe, same direction",V1: Travelling straight ahead / V2:Travelling straight ahead,V1:Eastbound / V2:Eastbound ,V1: Collision with motor vehicle in traffic / V2: Collision with motor vehicle in traffic ,"V1: Passenger car / V2:Light truck(van, mini-van, panel, pickup, sport utility) with only four tires",Dry,Dark - lighted roadway,Not Reported,,KOSCIUSZKO CIRCLE,,,COLUMBIA CIRCLE,,237020.6238,896892.1848
3347284,BOSTON (ROXBURY),11-Mar-2012,00:00 AM,Property damage only (none injured),3,0,0,Head-on,V1: Travelling straight ahead / V2:Travelling straight ahead / V3:Not reported,V1:Not reported / V2:Not reported / V3:Not reported ,V1: Collision with motor vehicle in traffic / V2: Collision with motor vehicle in traffic / V3: Not reported ,"V1: Light truck(van, mini-van, panel, pickup, sport utility) with only four tires / V2:Passenger car / V3:Not reported",Dry,Dark - lighted roadway,Clear/Clear,COLUMBUS AVENUE / CENTRE STREET / RITCHIE STREET,,,,,,233103.7189,896974.8124
2954175,BOSTON,11-Mar-2012,1:38 AM,Non-fatal injury,2,1,0,Angle,V1: Travelling straight ahead / V2:Travelling straight ahead,V1:Northbound / V2:Eastbound ,V1: Collision with motor vehicle in traffic / V2: Collision with motor vehicle in traffic ,V1: Passenger car / V2:Passenger car,Dry,Dark - lighted roadway,Not Reported,,COLUMBIA ROAD / DORCHESTER AVENUE,,,,,236535.6564,896787.6252
3005556,BOSTON,11-Mar-2012,3:43 AM,Non-fatal injury,1,1,0,Single vehicle crash,V1: Travelling straight ahead,V1:Southbound ,V1: Collision with light pole or other post/support ,V1: Passenger car,Dry,Dark - lighted roadway,Clear,,ALBANY STREET / SURFACE ARTERY,,,,,,
3099069,BOSTON,11-Mar-2012,10:00 AM,Not Reported,2,0,0,Not reported,V1: Not reported / V2:Not reported,V1:Not reported / V2:Not reported ,V1: Not reported / V2: Not reported ,V1: Not reported / V2:Passenger car,Not reported,Not reported,Not Reported,ARLINGTON STREET / SAINT JAMES AVENUE,,,,,,235404.1405,900152.0627
3028846,BOSTON (SOUTH BOSTON),11-Mar-2012,2:04 PM,Non-fatal injury,1,1,0,Rear-end,V1: Slowing or stopped in traffic,V1:Northbound ,"V1: Collision with cyclist (bicycle, tricycle, unicycle, pedal car) ",V1: Passenger car,Dry,Daylight,Clear,,28 BOSTON STREET,,,,"P2:Pedalcyclist (bicycle, tricycle, unicycle, pedal car)",236458.5225,897657.171
2995046,BOSTON,11-Mar-2012,3:13 PM,Property damage only (none injured),1,0,0,Angle,V1: Changing lanes,V1:Westbound ,"V1: Collision with cyclist (bicycle, tricycle, unicycle, pedal car) ",V1: Passenger car,Dry,Daylight,Not Reported,WEST ROXBURY CENTRE STREET ROTARY / CENTRE STREET,,,,HOLY NAME ROTARY,"P2:Pedalcyclist (bicycle, tricycle, unicycle, pedal car)",229086.7189,893052.9374
3002434,BOSTON,11-Mar-2012,3:28 PM,Non-fatal injury,3,2,0,Rear-end,V1: Slowing or stopped in traffic / V2:Slowing or stopped in traffic / V3:Travelling straight ahead,V1:Northbound / V2:Northbound / V3:Northbound ,V1: Collision with motor vehicle in traffic / V2: Collision with motor vehicle in traffic / V3: Collision with motor vehicle in traffic ,"V1: Light truck(van, mini-van, panel, pickup, sport utility) with only four tires / V2:Passenger car / V3:Light truck(van, mini-van, panel, pickup, sport utility) with only four tires",Dry,Daylight,Not Reported,,Rte 93 N,,Exit 15 on Rte 93 N,,,236950.5387,896542.3648
3073832,BOSTON,12-Mar-2012,9:32 AM,Non-fatal injury,1,1,0,Single vehicle crash,V1: Turning left,V1:Northbound ,V1: Collision with pedestrian ,V1: Passenger car,Dry,Daylight,Clear/Clear,HERALD STREET / WASHINGTON STREET,,,,,P2:Pedestrian,235876.0627,899659.9375
2998739,BOSTON,12-Mar-2012,11:30 AM,Property damage only (none injured),2,0,0,Angle,V1: Turning right / V2:Turning right,V1:Southbound / V2:Southbound ,V1: Collision with motor vehicle in traffic / V2: Collision with motor vehicle in traffic ,V1: Passenger car / V2:Passenger car,Dry,Daylight,Clear,,Rte 93 S,,Exit 18 on Rte 93 S,,,236013.2783,899092.9981
3113030,BOSTON,12-Mar-2012,12:00 PM,Non-fatal injury,2,2,0,Angle,V1: Turning left / V2:Travelling straight ahead,V1:Eastbound / V2:Westbound ,V1: Collision with motor vehicle in traffic / V2: Collision with motor vehicle in traffic ,V1: Passenger car / V2:Motorcycle,Dry,Daylight,Clear,COMMONWEALTH AVENUE / HARVARD AVENUE,,,,,,230403.9531,900047.9373
3004305,BOSTON,12-Mar-2012,3:10 PM,Non-fatal injury,2,2,0,Angle,V1: Turning left / V2:Travelling straight ahead,V1:Southbound / V2:Not reported ,V1: Collision with motor vehicle in traffic / V2: Collision with motor vehicle in traffic ,"V1: Light truck(van, mini-van, panel, pickup, sport utility) with only four tires / V2:Passenger car",Dry,Daylight,Clear,Rte 203 E / THEODORE STREET,,,,,,233874.1719,892647.9373
2960356,BOSTON,12-Mar-2012,3:40 PM,Non-fatal injury,2,1,0,Rear-end,V1: Travelling straight ahead / V2:Slowing or stopped in traffic,V1:Northbound / V2:Northbound ,V1: Collision with motor vehicle in traffic / V2: Collision with motor vehicle in traffic ,V1: Passenger car / V2:Passenger car,Dry,Daylight,Clear,WILLIAM T MORRISSEY BOULEVARD / FREEPORT STREET,,,,,,237175.7656,894558.6879
2997671,BOSTON,12-Mar-2012,4:45 PM,Non-fatal injury,1,1,0,Single vehicle crash,V1: Travelling straight ahead,V1:Northbound ,V1: Collision with pedestrian ,V1: Passenger car,Dry,Daylight,Clear/Clear,CROSS STREET / HANOVER STREET,,,,,P2:Pedestrian,236590.3646,901433.2034
2964697,BOSTON,12-Mar-2012,8:05 PM,Non-fatal injury,2,1,0,"Sideswipe, same direction",V1: Slowing or stopped in traffic / V2:Slowing or stopped in traffic,V1:Northbound / V2:Northbound ,V1: Collision with parked motor vehicle / V2: Collision with parked motor vehicle ,"V1: Light truck(van, mini-van, panel, pickup, sport utility) with only four tires / V2:Passenger car",Wet,Dark - lighted roadway,Cloudy/Rain,,Rte 93 N,,Exit 26 on Rte 93 N,,,236359.991,901656.6829
3002346,BOSTON,12-Mar-2012,11:00 PM,Property damage only (none injured),2,0,0,Rear-end,V1: Slowing or stopped in traffic / V2:Travelling straight ahead,V1:Southbound / V2:Southbound ,V1: Collision with motor vehicle in traffic / V2: Collision with motor vehicle in traffic ,V1: Passenger car / V2:Passenger car,Dry,Dark - lighted roadway,Clear,,COLUMBIA ROAD / RAMP - RT 93 SB TO COLUMBIA RD,,,,,236745.2344,896875.3748
3089900,BOSTON (EAST BOSTON),13-Mar-2012,2:30 AM,Not Reported,2,0,0,"Sideswipe, opposite direction",V1: Backing / V2:Not reported,V1:Northbound / V2:Not reported ,V1: Not reported / V2: Not reported ,V1: Passenger car / V2:Not reported,Dry,Daylight,Clear,,71 MARION STREET,,,,,238085.1067,903219.7599
2960431,BOSTON,13-Mar-2012,8:01 AM,Property damage only (none injured),2,0,0,"Sideswipe, same direction",V1: Slowing or stopped in traffic / V2:Changing lanes,V1:Northbound / V2:Northbound ,V1: Collision with motor vehicle in traffic / V2: Collision with motor vehicle in traffic ,V1: Passenger car / V2:Passenger car,Wet,Daylight,Cloudy/Rain,,CALLAHAN TUNNEL,,,,,,
2966886,BOSTON,13-Mar-2012,8:28 AM,Property damage only (none injured),2,0,0,Rear-end,V1: Slowing or stopped in traffic / V2:Travelling straight ahead,V1:Eastbound / V2:Eastbound ,V1: Collision with motor vehicle in traffic / V2: Collision with motor vehicle in traffic ,V1: Passenger car / V2:Passenger car,Wet,Daylight,Cloudy,,Rte 90 E,,,,,229761.5309,900823.963
2980069,BOSTON,13-Mar-2012,9:34 AM,Property damage only (none injured),2,0,0,Head-on,V1: Travelling straight ahead / V2:Turning left,V1:Southbound / V2:Northbound ,V1: Collision with motor vehicle in traffic / V2: Collision with motor vehicle in traffic ,V1: Passenger car / V2:Passenger car,Dry,Daylight,Clear,RIVERWAY / BROOKLINE AVENUE,,,,,,232136.0747,898499.2837
3003333,BOSTON,13-Mar-2012,11:30 AM,Property damage only (none injured),2,0,0,"Sideswipe, same direction",V1: Travelling straight ahead / V2:Entering traffic lane,V1:Southbound / V2:Southbound ,V1: Collision with motor vehicle in traffic / V2: Collision with motor vehicle in traffic ,"V1: Passenger car / V2:Light truck(van, mini-van, panel, pickup, sport utility) with only four tires",Dry,Daylight,Cloudy,,ARBORWAY / CENTRE STREET,,,ROTARY,,231269.4377,895461.1869
3175799,BOSTON,13-Mar-2012,3:35 PM,Non-fatal injury,2,1,0,Rear-end,V1: Travelling straight ahead / V2:Slowing or stopped in traffic,V1:Westbound / V2:Westbound ,V1: Collision with motor vehicle in traffic / V2: Collision with motor vehicle in traffic ,"V1: Passenger car / V2:Light truck(van, mini-van, panel, pickup, sport utility) with only four tires",Dry,Daylight,Clear,,MORTON STREET Rte 203 / WILDWOOD STREET,,,,,233901.0974,892582.753
2966309,BOSTON,13-Mar-2012,8:30 PM,Property damage only (none injured),1,0,0,Single vehicle crash,V1: Travelling straight ahead,V1:Northbound ,V1: Collision with pedestrian ,V1: Passenger car,Dry,Dark - lighted roadway,Cloudy,,Rte 93 N,,,,,235943.114,898828.9688
2986956,BOSTON,14-Mar-2012,7:35 AM,Non-fatal injury,1,1,0,Single vehicle crash,V1: Travelling straight ahead,V1:Westbound ,V1: Collision with curb ,V1: MOPED,Dry,Daylight,Cloudy,,STORROW DRIVE,,,LEE POOL,,235411.5544,901620.2122
3006360,BOSTON (ROXBURY),14-Mar-2012,9:46 AM,Non-fatal injury,4,1,0,Not reported,V1: Travelling straight ahead / V2:Slowing or stopped in traffic / V3:Slowing or stopped in traffic / V4:Travelling straight ahead,V1:Northbound / V2:Not reported / V3:Northbound / V4:Southbound ,V1: Collision with motor vehicle in traffic / V2: Collision with motor vehicle in traffic / V3: Collision with motor vehicle in traffic / V4: Collision with motor vehicle in traffic ,V1: Not reported / V2:Not reported / V3:Not reported / V4:Not reported,Not reported,Not reported,Not Reported,DUDLEY STREET / HARRISON AVENUE,,,,,,234390.0625,897652.5627
3046046,BOSTON,14-Mar-2012,10:10 AM,Property damage only (none injured),2,0,0,Angle,V1: Making U-turn / V2:Travelling straight ahead,V1:Westbound / V2:Southbound ,V1: Collision with motor vehicle in traffic / V2: Collision with motor vehicle in traffic ,V1: Passenger car / V2:Passenger car,Dry,Daylight,Not Reported,,JAMAICAWAY / RIVERWAY,,,,,231901.0309,897993.2628
3389278,BOSTON,14-Mar-2012,12:11 PM,Property damage only (none injured),2,0,0,Rear-end,V1: Travelling straight ahead / V2:Slowing or stopped in traffic,V1:Southbound / V2:Westbound ,V1: Collision with motor vehicle in traffic / V2: Collision with motor vehicle in traffic ,"V1: Light truck(van, mini-van, panel, pickup, sport utility) with only four tires / V2:Single-unit truck (2-axle, 6-tire)",Dry,Daylight,Clear,COLUMBIA ROAD ROTARY / PREBLE STREET / VINTON STREET,,,,PREBBLE CIRCLE.,,236869.4374,897748.4377
2972762,BOSTON,14-Mar-2012,4:10 PM,Non-fatal injury,2,2,0,Rear-end,V1: Travelling straight ahead / V2:Slowing or stopped in traffic,V1:Southbound / V2:Southbound ,V1: Collision with motor vehicle in traffic / V2: Collision with motor vehicle in traffic ,"V1: Passenger car / V2:Light truck(van, mini-van, panel, pickup, sport utility) with only four tires",Dry,Daylight,Cloudy,,RAMP - RT 93 SB TO PURCHASE STREET / Rte 93 S,,Exit 20A on Rte 93 S,,,236872.8761,900579.3812
3298017,BOSTON,14-Mar-2012,4:47 PM,Property damage only (none injured),1,0,0,Single vehicle crash,V1: Travelling straight ahead,V1:Westbound ,V1: Collision with pedestrian ,"V1: Light truck(van, mini-van, panel, pickup, sport utility) with only four tires",Dry,Dusk,Cloudy/Cloudy,,358 WALNUT AVENUE,,,,P2:Pedestrian,233461.6457,896039.7439
2998740,BOSTON,14-Mar-2012,11:07 PM,Property damage only (none injured),3,0,0,Rear-end,V1: Travelling straight ahead / V2:Travelling straight ahead / V3:Not reported,V1:Northbound / V2:Northbound / V3:Not reported ,V1: Collision with motor vehicle in traffic / V2: Collision with motor vehicle in traffic / V3: Not reported ,V1: Passenger car / V2:Passenger car / V3:Not reported,Dry,Dark - lighted roadway,Clear,,Rte 93 N,,,,,236612.9046,900287.568
3004304,BOSTON,15-Mar-2012,3:05 AM,Property damage only (none injured),1,0,0,Single vehicle crash,V1: Travelling straight ahead,V1:Eastbound ,V1: Collision with curb ,V1: Passenger car,Dry,Dark - lighted roadway,Clear,,WILLIAM T MORRISSEY BOULEVARD / TOLMAN STREET,,,,,237470.2341,893376.8169
2997654,BOSTON,15-Mar-2012,8:24 AM,Non-fatal injury,1,1,0,Single vehicle crash,V1: Turning left,V1:Not reported ,V1: Collision with pedestrian ,V1: Not reported,Dry,Daylight,Cloudy,,228 CAMBRIDGE STREET / BLOSSOM STREET,,,,,235676.3607,901282.612
2960432,BOSTON,15-Mar-2012,12:31 PM,Property damage only (none injured),2,0,0,Angle,V1: Travelling straight ahead / V2:Travelling straight ahead,V1:Southbound / V2:Westbound ,V1: Collision with motor vehicle in traffic / V2: Collision with motor vehicle in traffic ,"V1: Light truck(van, mini-van, panel, pickup, sport utility) with only four tires / V2:Passenger car",Dry,Daylight,Cloudy,,CHARLESGATE WEST / BEACON STREET,,,,,233543.9754,900022.1832
2964698,BOSTON,15-Mar-2012,3:00 PM,Property damage only (none injured),2,0,0,"Sideswipe, same direction",V1: Travelling straight ahead / V2:Travelling straight ahead,V1:Northbound / V2:Northbound ,V1: Collision with motor vehicle in traffic / V2: Collision with motor vehicle in traffic ,"V1: Light truck(van, mini-van, panel, pickup, sport utility) with only four tires / V2:Passenger car",Dry,Daylight,Clear,,FRONTAGE ROAD / SOUTH BOSTON BYPASS ROAD,,,HAGGERTY BRIDGE,,235950.9524,898250.4215
2964699,BOSTON,15-Mar-2012,3:48 PM,Property damage only (none injured),2,0,0,Angle,V1: Travelling straight ahead / V2:Travelling straight ahead,V1:Southbound / V2:Southbound ,V1: Collision with motor vehicle in traffic / V2: Collision with motor vehicle in traffic ,V1: Passenger car / V2:Passenger car,Dry,Daylight,Cloudy,,Rte 93 S,,Exit 23 on Rte 93 S,,,236856.2793,901152.8251
2964700,BOSTON,15-Mar-2012,5:00 PM,Property damage only (none injured),2,0,0,Rear-end,V1: Slowing or stopped in traffic / V2:Travelling straight ahead,V1:Southbound / V2:Southbound ,V1: Collision with motor vehicle in traffic / V2: Collision with motor vehicle in traffic ,V1: Passenger car / V2:Passenger car,Dry,Daylight,Cloudy,,Rte 93 S,,Exit 24 on Rte 93 S,,,236397.1933,901565.6511
3175789,BOSTON,15-Mar-2012,7:05 PM,Property damage only (none injured),2,0,0,"Sideswipe, same direction",V1: Travelling straight ahead / V2:Changing lanes,V1:Southbound / V2:Southbound ,V1: Collision with motor vehicle in traffic / V2: Collision with motor vehicle in traffic ,"V1: Passenger car / V2:Light truck(van, mini-van, panel, pickup, sport utility) with only four tires",Dry,Dark - lighted roadway,Clear,,GALLIVAN BOULEVARD Rte 203 S / NEPONSET AVENUE,,,,,237735.2263,892889.9254
2963491,BOSTON,15-Mar-2012,9:35 PM,Property damage only (none injured),2,0,0,Rear-end,V1: Travelling straight ahead / V2:Slowing or stopped in traffic,V1:Southbound / V2:Southbound ,V1: Collision with motor vehicle in traffic / V2: Collision with motor vehicle in traffic ,"V1: Light truck(van, mini-van, panel, pickup, sport utility) with only four tires / V2:Passenger car",Dry,Dark - lighted roadway,Clear,,Rte 93 S,,Exit 12 on Rte 93 S,,,237620.5493,892713.0989
2999230,BOSTON,15-Mar-2012,10:45 PM,Non-fatal injury,1,1,0,Single vehicle crash,V1: Travelling straight ahead,V1:Westbound ,"V1: Collision with other fixed object (wall, building, tunnel, etc.) ",V1: Not reported,Dry,Dark - lighted roadway,Cloudy,,840 COMMONWEALTH AVENUE,,,,,231900.3821,900091.3206
3072030,BOSTON,15-Mar-2012,11:48 PM,Non-fatal injury,2,2,0,"Sideswipe, same direction",V1: Travelling straight ahead / V2:Changing lanes,V1:Northbound / V2:Northbound ,V1: Collision with motor vehicle in traffic / V2: Collision with motor vehicle in traffic ,V1: Passenger car / V2:Passenger car,Dry,Dark - lighted roadway,Clear/Clear,EAST BERKELEY STREET / SHAWMUT AVENUE,,,,,,235672.9845,899403.0625
2966891,BOSTON,16-Mar-2012,8:09 AM,Non-fatal injury,5,2,0,Angle,V1: Travelling straight ahead / V2:Changing lanes / V3:Travelling straight ahead / V4:Travelling straight ahead / V5:Travelling straight ahead,V1:Northbound / V2:Northbound / V3:Northbound / V4:Northbound / V5:Northbound ,V1: Collision with motor vehicle in traffic / V2: Collision with motor vehicle in traffic / V3: Collision with motor vehicle in traffic / V4: Collision with motor vehicle in traffic / V5: Collision with motor vehicle in traffic ,"V1: Passenger car / V2:Passenger car / V3:Passenger car / V4:Light truck(van, mini-van, panel, pickup, sport utility) with only four tires / V5:Passenger car",Dry,Daylight,Cloudy,,Rte 93 N,,,,,236561.1862,901424.8477