Crash Number,City/Town Name,Crash Date,Crash Time,Crash Severity,Number of Vehicles,Total Nonfatal Injuries,Total Fatal Injuries,Manner of Collision,Vehicle Action Prior to Crash,Vehicle Travel Directions,Most Harmful Events,Vehicle Configuration,Road Surface Condition,Ambient Light,Weather Condition,At Roadway Intersection,Distance from Nearest Roadway Intersection,Distance from Nearest Milemarker,Distance from Nearest Exit,Distance from Nearest Landmark,Non Motorist Type,X Coordinate,Y Coordinate
2976129,BOSTON,16-Mar-2012,8:30 AM,Property damage only (none injured),2,0,0,Angle,V1: Turning left / V2:Travelling straight ahead,V1:Northbound / V2:Southbound ,V1: Collision with motor vehicle in traffic / V2: Collision with motor vehicle in traffic ,"V1: Light truck(van, mini-van, panel, pickup, sport utility) with only four tires / V2:Light truck(van, mini-van, panel, pickup, sport utility) with only four tires",Dry,Daylight,Clear,HYDE PARK AVENUE / MILTON STREET,,,,,,230361.0311,887703.4375
3052331,BOSTON (DORCHESTER),16-Mar-2012,8:45 AM,Non-fatal injury,2,2,0,Angle,V1: Travelling straight ahead / V2:Slowing or stopped in traffic,V1:Not reported / V2:Not reported ,V1: Not reported / V2: Not reported ,V1: Passenger car / V2:Passenger car,Dry,Daylight,Clear,PLEASANT STREET / HOWES STREET,,,,,,236356.1564,896497.8127
2997650,BOSTON (CHARLESTOWN),16-Mar-2012,1:55 PM,Non-fatal injury,3,1,0,Rear-end,V1: Travelling straight ahead / V2:Travelling straight ahead / V3:Slowing or stopped in traffic,V1:Southbound / V2:Southbound / V3:Southbound ,V1: Collision with motor vehicle in traffic / V2: Collision with motor vehicle in traffic / V3: Collision with motor vehicle in traffic ,V1: Not reported / V2:Not reported / V3:Not reported,Dry,Daylight,Cloudy,,220 ALFORD STREET,,,,,235512.8545,904786.3134
2972765,BOSTON,16-Mar-2012,2:50 PM,Non-fatal injury,2,1,0,Rear-end,V1: Slowing or stopped in traffic / V2:Travelling straight ahead,V1:Southbound / V2:Southbound ,V1: Collision with motor vehicle in traffic / V2: Collision with motor vehicle in traffic ,V1: Passenger car / V2:Passenger car,Wet,Daylight,Not Reported,,FENWAY / AVENUE LOUIS PASTEUR,,,,,232894.0801,898949.3464
3052330,BOSTON (DORCHESTER),16-Mar-2012,4:00 PM,Non-fatal injury,2,2,0,Angle,V1: Travelling straight ahead / V2:Travelling straight ahead,V1:Not reported / V2:Not reported ,V1: Collision with motor vehicle in traffic / V2: Collision with motor vehicle in traffic ,V1: Passenger car / V2:Passenger car,Wet,Daylight,Rain/Rain,DRAPER STREET / LONGFELLOW STREET,,,,,,235935.9846,894836.6251
3020208,BOSTON,16-Mar-2012,5:02 PM,Property damage only (none injured),4,0,0,Rear-end,V1: Slowing or stopped in traffic / V2:Slowing or stopped in traffic / V3:Slowing or stopped in traffic / V4:Slowing or stopped in traffic,V1:Southbound / V2:Southbound / V3:Southbound / V4:Southbound ,V1: Collision with motor vehicle in traffic / V2: Collision with motor vehicle in traffic / V3: Collision with motor vehicle in traffic / V4: Collision with motor vehicle in traffic ,"V1: Bus (seats for more than 15 people, including driver) / V2:Light truck(van, mini-van, panel, pickup, sport utility) with only four tires / V3:Bus (seats for 7-15 people, including driver) / V4:Passenger car",Dry,Daylight,Rain,,ALFORD STREET Rte 99 / MAIN STREET,,,,,,
2964711,BOSTON,16-Mar-2012,11:25 PM,Property damage only (none injured),2,0,0,Rear-end,V1: Travelling straight ahead / V2:Travelling straight ahead,V1:Westbound / V2:Westbound ,V1: Collision with motor vehicle in traffic / V2: Collision with motor vehicle in traffic ,V1: Passenger car / V2:Passenger car,Wet,Dark - lighted roadway,Cloudy,,RAMP-LEVERETT CONNECTOR TO STORROW DRIVE / STORROW DRIVE,,,LEE POOL,,235439.3924,901700.6013
2997647,BOSTON,17-Mar-2012,00:00 AM,Non-fatal injury,1,1,0,Single vehicle crash,V1: Travelling straight ahead,V1:Northbound ,V1: Collision with pedestrian ,V1: Not reported,Dry,Dark - lighted roadway,Clear,CONGRESS STREET / SUDBURY STREET,,,,,P3:Pedestrian,236378.0285,901425.9965
3382322,BOSTON,17-Mar-2012,1:15 AM,Property damage only (none injured),1,0,0,Single vehicle crash,V1: Travelling straight ahead,V1:Westbound ,V1: Collision with curb ,V1: Passenger car,Dry,Dark - lighted roadway,Clear,,Rte 203 / UNKNOWN,,,SHEA ROTARY,,232473.2971,894531.5629
3003330,BOSTON,17-Mar-2012,1:56 AM,Property damage only (none injured),2,0,0,"Sideswipe, same direction",V1: Turning right / V2:Travelling straight ahead,V1:Eastbound / V2:Southbound ,V1: Collision with motor vehicle in traffic / V2: Collision with motor vehicle in traffic ,"V1: Light truck(van, mini-van, panel, pickup, sport utility) with only four tires / V2:Passenger car",Dry,Dark - lighted roadway,Not Reported,,NORTH HARVARD STREET / SOLDIERS FIELD ROAD,,,,,230992.2801,902048.053
3343586,BOSTON (JAMAICA PLAIN),17-Mar-2012,4:58 AM,Non-fatal injury,1,1,0,Not reported,V1: Travelling straight ahead,V1:Not reported ,V1: Not reported ,"V1: Light truck(van, mini-van, panel, pickup, sport utility) with only four tires",Not reported,Not reported,Not Reported,WASHINGTON STREET / GARTLAND STREET,,,,,P2:Pedestrian,232400.2969,895237.2498
3386777,BOSTON,17-Mar-2012,6:15 AM,Property damage only (none injured),1,0,0,Single vehicle crash,V1: Travelling straight ahead,V1:Southbound ,V1: Collision with guardrail ,V1: Passenger car,Dry,Daylight,Clear,,Rte 93 S,,Exit 26 on Rte 93 S,LEVERETT CONNECTOR SOUTH,,234851.4113,903728.5151
2976105,BOSTON,17-Mar-2012,9:25 AM,Not Reported,2,0,0,Angle,V1: Travelling straight ahead / V2:Not reported,V1:Westbound / V2:Not reported ,V1: Collision with motor vehicle in traffic / V2: Not reported ,V1: Passenger car / V2:Not reported,Dry,Daylight,Clear,,Rte 90 W,,,,,229752.0583,900842.7985
3005344,BOSTON,17-Mar-2012,9:42 AM,Property damage only (none injured),2,0,0,"Sideswipe, same direction",V1: Leaving traffic lane / V2:Travelling straight ahead,V1:Northbound / V2:Northbound ,V1: Collision with motor vehicle in traffic / V2: Collision with motor vehicle in traffic ,V1: Passenger car / V2:Passenger car,Dry,Daylight,Clear,,COLUMBIA ROAD / OLD COLONY AVENUE,,,,,236914.0076,897778.485
2976108,BOSTON,17-Mar-2012,12:53 PM,Property damage only (none injured),3,0,0,Rear-end,V1: Slowing or stopped in traffic / V2:Slowing or stopped in traffic / V3:Not reported,V1:Southbound / V2:Southbound / V3:Not reported ,V1: Collision with motor vehicle in traffic / V2: Collision with motor vehicle in traffic / V3: Not reported ,"V1: Light truck(van, mini-van, panel, pickup, sport utility) with only four tires / V2:Passenger car / V3:Not reported",Dry,Daylight,Clear,,FRONTAGE ROAD,,,SOUTH BAY,,,
3063196,BOSTON,17-Mar-2012,2:45 PM,Property damage only (none injured),2,0,0,"Sideswipe, opposite direction",V1: Travelling straight ahead / V2:Travelling straight ahead,V1:Not reported / V2:Not reported ,V1: Collision with motor vehicle in traffic / V2: Collision with motor vehicle in traffic ,V1: Passenger car / V2:Passenger car,Dry,Daylight,Clear,SOUTH STREET / BEACH STREET,,,,,,236463.9068,900111.8666
2969096,BOSTON,17-Mar-2012,5:35 PM,Non-fatal injury,2,1,0,Angle,V1: Entering traffic lane / V2:Travelling straight ahead,V1:Southbound / V2:Westbound ,V1: Collision with motor vehicle in traffic / V2: Collision with motor vehicle in traffic ,"V1: Light truck(van, mini-van, panel, pickup, sport utility) with only four tires / V2:Passenger car",Dry,Daylight,Clear,,OLD COLONY AVENUE / PREBLE STREET,,,PREBLE CIRCLE,,236869.4374,897748.4378
2966310,BOSTON,17-Mar-2012,6:40 PM,Property damage only (none injured),2,0,0,Rear-end,V1: Travelling straight ahead / V2:Slowing or stopped in traffic,V1:Westbound / V2:Westbound ,V1: Collision with motor vehicle in traffic / V2: Collision with motor vehicle in traffic ,V1: Passenger car / V2:Passenger car,Dry,Daylight,Cloudy,,MASSACHUSETTS TURNPIKE Rte 90 W,,,AT TOLL PLAZA,,231194.607,900839.4074
3018333,BOSTON,17-Mar-2012,7:27 PM,Property damage only (none injured),2,0,0,"Sideswipe, same direction",V1: Travelling straight ahead / V2:Travelling straight ahead,V1:Southbound / V2:Southbound ,V1: Collision with motor vehicle in traffic / V2: Collision with motor vehicle in traffic ,V1: Passenger car / V2:Not reported,Dry,Dusk,Clear,,Rte 93 S,,Exit 26 on Rte 93 S,LCS RAMP TO LEVERETT CIRCLE,,234851.4113,903728.5151
2976230,BOSTON,17-Mar-2012,11:52 PM,Non-fatal injury,2,1,0,Rear-end,V1: Travelling straight ahead / V2:Travelling straight ahead,V1:Westbound / V2:Westbound ,V1: Collision with motor vehicle in traffic / V2: Collision with motor vehicle in traffic ,V1: Passenger car / V2:Passenger car,Dry,Dark - lighted roadway,Clear,,MORTON STREET / 875 NORFOLK STREET,,,,,234066.8436,892435.125
2989548,BOSTON,18-Mar-2012,8:17 AM,Not Reported,1,0,0,Single vehicle crash,V1: Travelling straight ahead,V1:Westbound ,V1: Collision with median barrier ,"V1: Light truck(van, mini-van, panel, pickup, sport utility) with only four tires",Dry,Daylight,Clear,,Rte 90 W,,,,,231312.2051,900784.6587
3063191,BOSTON,18-Mar-2012,12:00 PM,Not Reported,2,0,0,Unknown,V1: Not reported / V2:Not reported,V1:Not reported / V2:Not reported ,V1: Not reported / V2: Not reported ,V1: Not reported / V2:Not reported,Unknown,Dark - lighted roadway,Unknown,,5 BROAD STREET,,,,,236694.7742,901050.3677
2976115,BOSTON,18-Mar-2012,12:33 PM,Property damage only (none injured),2,0,0,"Sideswipe, same direction",V1: Travelling straight ahead / V2:Changing lanes,V1:Eastbound / V2:Eastbound ,V1: Collision with motor vehicle in traffic / V2: Collision with motor vehicle in traffic ,"V1: Passenger car / V2:Light truck(van, mini-van, panel, pickup, sport utility) with only four tires",Dry,Daylight,Not Reported,RAMP - STORROW DRIVE TO LEVERETT CONNECT / EMBANKMENT ROAD Rte 28 N,,,,BY CHARLES/ MGH,,235446.4686,901669.7367
2975355,BOSTON,18-Mar-2012,1:04 PM,Property damage only (none injured),3,0,0,"Sideswipe, same direction",V1: Travelling straight ahead / V2:Travelling straight ahead / V3:Travelling straight ahead,V1:Eastbound / V2:Eastbound / V3:Eastbound ,V1: Collision with motor vehicle in traffic / V2: Collision with motor vehicle in traffic / V3: Collision with motor vehicle in traffic ,V1: Passenger car / V2:Passenger car / V3:Passenger car,Dry,Daylight,Clear,,Rte 90 E,,,,,235750.5848,899752.0839
3013888,BOSTON,18-Mar-2012,2:35 PM,Property damage only (none injured),2,0,0,Rear-end,V1: Slowing or stopped in traffic / V2:Travelling straight ahead,V1:Southbound / V2:Southbound ,V1: Collision with motor vehicle in traffic / V2: Collision with motor vehicle in traffic ,V1: Passenger car / V2:Passenger car,Dry,Daylight,Clear,,Rte 93 S,,Exit 12 on Rte 93 S,,,237620.5493,892713.0989
3004302,BOSTON,18-Mar-2012,2:50 PM,Property damage only (none injured),2,0,0,Angle,V1: Turning right / V2:Turning right,V1:Southbound / V2:Southbound ,V1: Collision with motor vehicle in traffic / V2: Collision with motor vehicle in traffic ,V1: Passenger car / V2:Passenger car,Dry,Daylight,Clear,BEACON STREET / CHARLESGATE WEST,,,,,,233543.9754,900022.1832
2966895,BOSTON,18-Mar-2012,3:40 PM,Property damage only (none injured),1,0,0,Single vehicle crash,V1: Not reported,V1:Not reported ,V1: Collision with guardrail ,V1: Passenger car,Dry,Daylight,Clear,,TURTLE POND PARKWAY / 75,,,BAJKO RINK,,229813.7041,888747.4802
2995142,BOSTON,18-Mar-2012,5:04 PM,Non-fatal injury,3,3,0,Rear-end,V1: Slowing or stopped in traffic / V2:Slowing or stopped in traffic / V3:Travelling straight ahead,V1:Northbound / V2:Northbound / V3:Northbound ,V1: Collision with motor vehicle in traffic / V2: Collision with motor vehicle in traffic / V3: Collision with motor vehicle in traffic ,"V1: Light truck(van, mini-van, panel, pickup, sport utility) with only four tires / V2:Light truck(van, mini-van, panel, pickup, sport utility) with only four tires / V3:Passenger car",Dry,Daylight,Clear,,Rte 93 N,,Exit 14 on Rte 93 N,,,237230.7106,894548.3884
3013965,BOSTON,19-Mar-2012,6:05 AM,Non-fatal injury,1,1,0,Single vehicle crash,V1: Travelling straight ahead,V1:Westbound ,V1: Collision with pedestrian ,V1: Passenger car,Dry,Dark - lighted roadway,Cloudy,,NORTH BEACON STREET / BIRMINGHAM PARKWAY,,,,P2:Pedestrian,228439.0625,900920.8752
2999130,BOSTON,19-Mar-2012,7:00 AM,Not Reported,1,0,0,Not reported,V1: Not reported,V1:Not reported ,V1: Not reported ,V1: Not reported,Not reported,Not reported,Not Reported,WASHINGTON STREET / KNEELAND STREET,,,,,P2:Pedestrian,236001.5815,900139.4772
3099067,BOSTON,19-Mar-2012,8:00 AM,Not Reported,1,0,0,Not reported,V1: Not reported,V1:Not reported ,V1: Not reported ,"V1: Light truck(van, mini-van, panel, pickup, sport utility) with only four tires",Not reported,Not reported,Not Reported,,380 HARRISON AVENUE,,,,,235912.6156,899379.0023
2976111,BOSTON,19-Mar-2012,8:36 AM,Property damage only (none injured),2,0,0,Rear-end,V1: Travelling straight ahead / V2:Not reported,V1:Westbound / V2:Not reported ,V1: Not reported / V2: Not reported ,"V1: Light truck(van, mini-van, panel, pickup, sport utility) with only four tires / V2:Light truck(van, mini-van, panel, pickup, sport utility) with only four tires",Dry,Daylight,Clear,,LOGAN AIRPORT TERMINAL B / AIRPORT ROAD - DEPARTURE LEVEL,,,,,239645.1825,901724.5601
3088235,BOSTON (WEST BOSTON),19-Mar-2012,9:51 AM,Property damage only (none injured),2,0,0,Angle,V1: Backing / V2:Parked,V1:Eastbound / V2:Not reported ,V1: Collision with parked motor vehicle / V2: Not reported ,V1: Passenger car / V2:Passenger car,Dry,Dark - lighted roadway,Clear,,152 MAPLE STREET,,,,,234033.1986,895246.7216
2972764,BOSTON,19-Mar-2012,11:45 AM,Property damage only (none injured),2,0,0,"Sideswipe, same direction",V1: Changing lanes / V2:Travelling straight ahead,V1:Westbound / V2:Westbound ,V1: Collision with motor vehicle in traffic / V2: Collision with motor vehicle in traffic ,"V1: Light truck(van, mini-van, panel, pickup, sport utility) with only four tires / V2:Passenger car",Dry,Daylight,Clear,STORROW DRIVE / RAMP - STORROW DR TO RT 2A WB,,,,MASS AVE,,233929.9107,900269.172
3071430,BOSTON,19-Mar-2012,12:00 PM,Not Reported,2,0,0,"Sideswipe, same direction",V1: Parked / V2:Not reported,V1:Not reported / V2:Not reported ,V1: Collision with parked motor vehicle / V2: Not reported ,V1: Passenger car / V2:Not reported,Unknown,Unknown,Unknown,,KILMARNOCK STREET / BOYLSTON STREET,,,,,232959.7838,899352.5238
3022081,BOSTON,19-Mar-2012,2:17 PM,Non-fatal injury,4,1,0,Rear-end,V1: Slowing or stopped in traffic / V2:Slowing or stopped in traffic / V3:Travelling straight ahead / V4:Travelling straight ahead,V1:Southbound / V2:Southbound / V3:Southbound / V4:Southbound ,V1: Collision with motor vehicle in traffic / V2: Collision with motor vehicle in traffic / V3: Collision with motor vehicle in traffic / V4: Collision with motor vehicle in traffic ,"V1: Passenger car / V2:Light truck(van, mini-van, panel, pickup, sport utility) with only four tires / V3:Light truck(van, mini-van, panel, pickup, sport utility) with only four tires / V4:Passenger car",Dry,Daylight,Clear,,Rte 93 S,,Exit 11 on Rte 93 S,,,237076.8671,891681.5326
3347288,BOSTON (ROXBURY),19-Mar-2012,4:00 PM,Property damage only (none injured),2,0,0,Angle,V1: Travelling straight ahead / V2:Not reported,V1:Southbound / V2:Not reported ,V1: Collision with motor vehicle in traffic / V2: Not reported ,V1: Passenger car / V2:Not reported,Dry,Daylight,Clear/Clear,WASHINGTON STREET / COLUMBUS AVENUE,,,,,,233124.0724,896238.1806
2989490,BOSTON,19-Mar-2012,7:15 PM,Non-fatal injury,2,2,0,Angle,V1: Travelling straight ahead / V2:Travelling straight ahead,V1:Southbound / V2:Not reported ,V1: Collision with motor vehicle in traffic / V2: Collision with motor vehicle in traffic ,"V1: Bus (seats for more than 15 people, including driver) / V2:Passenger car",Dry,Dusk,Clear,ALBANY STREET / TRAVELER STREET,,,,,,236086.8879,899375.6393
2969094,BOSTON,20-Mar-2012,1:37 AM,Property damage only (none injured),1,0,0,Single vehicle crash,V1: Travelling straight ahead,V1:Westbound ,V1: Collision with median barrier ,V1: Passenger car,Dry,Dark - lighted roadway,Not Reported,,SOLDIERS FIELD ROAD / NORTH HARVARD STREET,,,,,230992.3482,902048.2872
3013943,BOSTON,20-Mar-2012,5:54 AM,Property damage only (none injured),2,0,0,Rear-end,V1: Travelling straight ahead / V2:Slowing or stopped in traffic,V1:Southbound / V2:Southbound ,V1: Collision with motor vehicle in traffic / V2: Collision with motor vehicle in traffic ,V1: Passenger car / V2:Passenger car,Dry,Dawn,Other,,Rte 93 S,,Exit 23 on Rte 93 S,,,236856.2793,901152.8251
3005345,BOSTON,20-Mar-2012,6:30 AM,Property damage only (none injured),2,0,0,"Sideswipe, same direction",V1: Travelling straight ahead / V2:Travelling straight ahead,V1:Northbound / V2:Northbound ,V1: Collision with motor vehicle in traffic / V2: Collision with motor vehicle in traffic ,V1: Passenger car / V2:Tractor/semi-trailer,Dry,Dusk,Clear,,Rte 93 N,,Exit 11 on Rte 93,,,237113.1203,891743.2617
2976116,BOSTON,20-Mar-2012,8:18 AM,Property damage only (none injured),2,0,0,"Sideswipe, same direction",V1: Turning left / V2:Travelling straight ahead,V1:Southbound / V2:Southbound ,V1: Collision with motor vehicle in traffic / V2: Collision with motor vehicle in traffic ,V1: Passenger car / V2:Passenger car,Dry,Daylight,Not Reported,,PARK DRIVE / BEACON STREET,,,,,232535.3748,899651.148
2997640,BOSTON,20-Mar-2012,9:51 AM,Not Reported,1,0,0,Head-on,V1: Turning right,V1:Not reported ,V1: Not reported ,V1: Not reported,Dry,Daylight,Clear,LINDALL PLACE / CAMBRIDGE STREET,,,,,"P2:Pedalcyclist (bicycle, tricycle, unicycle, pedal car)",235470.0953,901264.0991
3028845,BOSTON (SOUTH BOSTON),20-Mar-2012,2:25 PM,Not Reported,2,0,0,Single vehicle crash,V1: Not reported / V2:Not reported,V1:Not reported / V2:Not reported ,V1: Not reported / V2: Not reported ,"V1: Light truck(van, mini-van, panel, pickup, sport utility) with only four tires / V2:Light truck(van, mini-van, panel, pickup, sport utility) with only four tires",Wet,Dark - lighted roadway,Cloudy/Cloudy,,510 SOUTHAMPTON STREET,,,,,236434.8754,897781.8863
3292264,BOSTON,20-Mar-2012,3:45 PM,Property damage only (none injured),1,0,0,Single vehicle crash,V1: Travelling straight ahead,V1:Northbound ,V1: Collision with pedestrian ,V1: Passenger car,Dry,Daylight,Clear,BAIRD STREET / MORTON STREET,,,,,P2:Pedestrian,233551.406,892908.7501
3046229,BOSTON (CHARLESTOWN),20-Mar-2012,4:35 PM,Not Reported,4,0,0,Rear-end,V1: Slowing or stopped in traffic / V2:Travelling straight ahead / V3:Travelling straight ahead / V4:Travelling straight ahead,V1:Eastbound / V2:Eastbound / V3:Eastbound / V4:Eastbound ,V1: Not reported / V2: Not reported / V3: Not reported / V4: Not reported ,V1: Not reported / V2:Passenger car / V3:Passenger car / V4:Passenger car,Dry,Daylight,Clear,,171 ALFORD STREET Rte 99 E,,,,,235430.3612,904645.1481
3168361,BOSTON,20-Mar-2012,9:12 PM,Property damage only (none injured),2,0,0,Rear-end,V1: Travelling straight ahead / V2:Slowing or stopped in traffic,V1:Southbound / V2:Southbound ,V1: Collision with motor vehicle in traffic / V2: Collision with motor vehicle in traffic ,V1: Passenger car / V2:Passenger car,Dry,Dark - lighted roadway,Clear,Rte 93 S / RAMP - COLUMBIA RD TO RT 93 SB,Rte 93 / UNKNOWN Rte RAMP -,,,,,236956.3473,896468.511
2989450,BOSTON,20-Mar-2012,10:23 PM,Non-fatal injury,1,1,0,Single vehicle crash,V1: Travelling straight ahead,V1:Southbound ,V1: Collision with guardrail ,V1: Passenger car,Dry,Dark - lighted roadway,Clear,,Rte 90 E,,Exit 24C on Rte 90 E,,,236020.7529,899669.4659
3389281,BOSTON,20-Mar-2012,11:18 PM,Property damage only (none injured),3,0,0,Not reported,V1: Travelling straight ahead / V2:Travelling straight ahead / V3:Travelling straight ahead,V1:Northbound / V2:Northbound / V3:Northbound ,V1: Collision with motor vehicle in traffic / V2: Other / V3: Collision with motor vehicle in traffic ,"V1: Passenger car / V2:Truck/trailer / V3:Light truck(van, mini-van, panel, pickup, sport utility) with only four tires",Dry,Dark - lighted roadway,Clear,,Rte 93,,Exit 11 on Rte 93,NORTH OF GRANITE AVE,,237094.7253,891674.8051
3381573,BOSTON,21-Mar-2012,1:56 AM,Non-fatal injury,2,1,0,Rear-end,V1: Travelling straight ahead / V2:Travelling straight ahead,V1:Northbound / V2:Northbound ,V1: Collision with motor vehicle in traffic / V2: Collision with motor vehicle in traffic ,V1: Passenger car / V2:Passenger car,Dry,Dark - lighted roadway,Clear,,Rte 93 N / RAMP - COLUMBIA RD TO RT 93 NB,,,BETWEEN EXITS 15 AND 16,,236622.1942,897208.1742
3054578,BOSTON,21-Mar-2012,10:58 AM,Non-fatal injury,2,2,0,Unknown,V1: Travelling straight ahead / V2:Travelling straight ahead,V1:Not reported / V2:Not reported ,V1: Collision with motor vehicle in traffic / V2: Not reported ,"V1: Bus (seats for more than 15 people, including driver) / V2:Passenger car",Dry,Daylight,Clear,BAY STATE ROAD / RALEIGH STREET,,,,,,233345.5115,900018.2274
3013889,BOSTON,21-Mar-2012,11:10 AM,Property damage only (none injured),3,0,0,Rear-end,V1: Slowing or stopped in traffic / V2:Slowing or stopped in traffic / V3:Travelling straight ahead,V1:Northbound / V2:Northbound / V3:Northbound ,V1: Collision with motor vehicle in traffic / V2: Collision with motor vehicle in traffic / V3: Collision with motor vehicle in traffic ,V1: Passenger car / V2:Passenger car / V3:Passenger car,Dry,Daylight,Clear,,Rte 93 N,,Exit 15 on Rte 93 N,,,236950.5387,896542.3648
3014646,BOSTON,21-Mar-2012,2:19 PM,Property damage only (none injured),2,0,0,Rear-end,V1: Turning left / V2:Slowing or stopped in traffic,V1:Northbound / V2:Northbound ,V1: Collision with motor vehicle in traffic / V2: Collision with motor vehicle in traffic ,V1: Passenger car / V2:Passenger car,Dry,Daylight,Not Reported,,CHARLES STREET CIRCLE / LONGFELLOW BRIDGE,,,,,235347.5491,901249.6724
2976109,BOSTON,21-Mar-2012,4:48 PM,Property damage only (none injured),2,0,0,"Sideswipe, same direction",V1: Travelling straight ahead / V2:Changing lanes,V1:Southbound / V2:Southbound ,V1: Collision with motor vehicle in traffic / V2: Collision with motor vehicle in traffic ,V1: Passenger car / V2:Passenger car,Dry,Daylight,Clear,,Rte 93 S,,Exit 23 on Rte 93 S,,,236856.2793,901152.8251
3063193,BOSTON,21-Mar-2012,5:13 PM,Non-fatal injury,1,1,0,"Sideswipe, opposite direction",V1: Turning left,V1:Not reported ,"V1: Collision with cyclist (bicycle, tricycle, unicycle, pedal car) ",V1: Not reported,Dry,Daylight,Clear/Clear,CAMBRIDGE STREET / IRVING STREET,,,,,"P2:Pedalcyclist (bicycle, tricycle, unicycle, pedal car)",235719.8443,901275.1849
3069382,BOSTON,21-Mar-2012,6:14 PM,Not Reported,2,0,0,Angle,V1: Not reported / V2:Not reported,V1:Not reported / V2:Not reported ,V1: Not reported / V2: Not reported ,"V1: Light truck(van, mini-van, panel, pickup, sport utility) with only four tires / V2:Passenger car",Dry,Daylight,Clear,MASSACHUSETTS AVENUE / MELNEA CASS BOULEVARD,,,,,,235266.4401,898096.4559
3380292,BOSTON,21-Mar-2012,8:06 PM,Not Reported,1,0,0,Single vehicle crash,V1: Other,V1:Northbound ,V1: Other ,V1: Motorcycle,"Sand, mud, dirt, oil, gravel",Dark - lighted roadway,Clear,,Rte 93,,Exit 23 on Rte 93,PRIOR TO EXIT 23,,236957.4837,900943.9828
3386779,BOSTON,22-Mar-2012,1:10 AM,Non-fatal injury,3,1,0,"Sideswipe, same direction",V1: Travelling straight ahead / V2:Slowing or stopped in traffic / V3:Slowing or stopped in traffic,V1:Northbound / V2:Northbound / V3:Northbound ,V1: Collision with motor vehicle in traffic / V2: Collision with motor vehicle in traffic / V3: Collision with motor vehicle in traffic ,"V1: Passenger car / V2:Single-unit truck (2-axle, 6-tire) / V3:Single-unit truck (2-axle, 6-tire)",Dry,Dark - lighted roadway,Clear,,RAMP - RT 90 EB TO RT 93,,,RAMP D AT RAMP D-N,,236391.6062,899676.0005
3005140,BOSTON,22-Mar-2012,2:44 AM,Property damage only (none injured),2,0,0,"Sideswipe, same direction",V1: Entering traffic lane / V2:Travelling straight ahead,V1:Southbound / V2:Southbound ,V1: Collision with motor vehicle in traffic / V2: Collision with motor vehicle in traffic ,"V1: Passenger car / V2:Unknown heavy truck, cannot classify",Dry,Dark - lighted roadway,Clear,,Rte 93 S,Rte 93  S Milemarker 15.4,,,,235863.7765,898289.7074
3022075,BOSTON,22-Mar-2012,10:05 AM,Not Reported,1,0,0,Single vehicle crash,V1: Travelling straight ahead,V1:Westbound ,V1: Collision with curb ,V1: Motorcycle,Dry,Daylight,Clear,,SOLDIERS FIELD ROAD,,,RAMP AT BOWKER,,,
3013890,BOSTON,22-Mar-2012,11:05 AM,Property damage only (none injured),1,0,0,Single vehicle crash,V1: Travelling straight ahead,V1:Northbound ,V1: Collision with motor vehicle in traffic ,"V1: Light truck(van, mini-van, panel, pickup, sport utility) with only four tires",Dry,Daylight,Clear,,Rte 93,,Exit 11 on Rte 93,,,237113.1203,891743.2617
3005346,BOSTON,22-Mar-2012,2:17 PM,Property damage only (none injured),2,0,0,Rear-end,V1: Slowing or stopped in traffic / V2:Travelling straight ahead,V1:Northbound / V2:Northbound ,V1: Collision with motor vehicle in traffic / V2: Collision with motor vehicle in traffic ,"V1: Passenger car / V2:Light truck(van, mini-van, panel, pickup, sport utility) with only four tires",Dry,Daylight,Not Reported,,Rte 93 N,,Exit 13 on Rte 93 N,,,237394.3029,894142.3759
3013883,BOSTON,22-Mar-2012,3:15 PM,Property damage only (none injured),1,0,0,Head-on,V1: Travelling straight ahead,V1:Westbound ,"V1: Collision with cyclist (bicycle, tricycle, unicycle, pedal car) ",V1: Passenger car,Dry,Daylight,Clear,,SOLDIERS FIELD ROAD EXTENSION / SOLDIERS FIELD ROAD,,,ELLIOT BRIDGE,"P2:Pedalcyclist (bicycle, tricycle, unicycle, pedal car)",230577.1615,902577.0689
2989451,BOSTON,22-Mar-2012,4:25 PM,Property damage only (none injured),2,0,0,Rear-end,V1: Slowing or stopped in traffic / V2:Slowing or stopped in traffic,V1:Southbound / V2:Southbound ,V1: Collision with motor vehicle in traffic / V2: Collision with motor vehicle in traffic ,"V1: Light truck(van, mini-van, panel, pickup, sport utility) with only four tires / V2:Passenger car",Dry,Daylight,Clear,,Rte 93 S,,Exit 26 on Rte 93 S,,,234851.4113,903728.5151