Crash Number,City/Town Name,Crash Date,Crash Time,Crash Severity,Number of Vehicles,Total Nonfatal Injuries,Total Fatal Injuries,Manner of Collision,Vehicle Action Prior to Crash,Vehicle Travel Directions,Most Harmful Events,Vehicle Configuration,Road Surface Condition,Ambient Light,Weather Condition,At Roadway Intersection,Distance from Nearest Roadway Intersection,Distance from Nearest Milemarker,Distance from Nearest Exit,Distance from Nearest Landmark,Non Motorist Type,X Coordinate,Y Coordinate
3381415,BOSTON,22-Mar-2012,4:30 PM,Property damage only (none injured),3,0,0,Rear-end,V1: Slowing or stopped in traffic / V2:Slowing or stopped in traffic / V3:Travelling straight ahead,V1:Eastbound / V2:Eastbound / V3:Eastbound ,V1: Collision with motor vehicle in traffic / V2: Collision with motor vehicle in traffic / V3: Collision with motor vehicle in traffic ,"V1: Light truck(van, mini-van, panel, pickup, sport utility) with only four tires / V2:Light truck(van, mini-van, panel, pickup, sport utility) with only four tires / V3:Light truck(van, mini-van, panel, pickup, sport utility) with only four tires",Dry,Daylight,Clear,,STORROW DRIVE / RAMP - STORROW DRIVE TO CLARENDON STREET,,,STORROW DR AT STORROW TUNNEL,,234796.7869,900567.892
3380293,BOSTON,22-Mar-2012,6:00 PM,Property damage only (none injured),2,0,0,Rear-end,V1: Slowing or stopped in traffic / V2:Travelling straight ahead,V1:Southbound / V2:Southbound ,V1: Collision with motor vehicle in traffic / V2: Collision with motor vehicle in traffic ,V1: Passenger car / V2:Passenger car,Dry,Daylight,Clear,,RAMP - RT 1 SB TO LEVERETT CONNECTOR / RAMP - RT 1 SB FROM TOBIN BRIDGE Rte 1 S,,,,,235530.1478,902490.6307
2976110,BOSTON,22-Mar-2012,11:23 PM,Property damage only (none injured),2,0,0,Rear-end,V1: Slowing or stopped in traffic / V2:Slowing or stopped in traffic,V1:Northbound / V2:Northbound ,V1: Collision with motor vehicle in traffic / V2: Collision with motor vehicle in traffic ,"V1: Passenger car / V2:Light truck(van, mini-van, panel, pickup, sport utility) with only four tires",Dry,Dark - lighted roadway,Clear,,Rte 93 N,,,,,236821.1761,901235.3472
3063192,BOSTON,22-Mar-2012,11:30 PM,Non-fatal injury,1,1,0,Single vehicle crash,V1: Travelling straight ahead,V1:Eastbound ,V1: Collision with pedestrian ,"V1: Light truck(van, mini-van, panel, pickup, sport utility) with only four tires",Dry,Dark - lighted roadway,Clear/Clear,,30 feet E from Intersection 7 CONGRESS STREET / SUDBURY STREET,,,250 feet W from CITY HALL PLAZA,P2:Pedestrian,,
3284824,BOSTON (JAMAICA PLAIN),23-Mar-2012,5:20 AM,Non-fatal injury,2,1,0,Angle,V1: Travelling straight ahead / V2:Travelling straight ahead,V1:Not reported / V2:Not reported ,V1: Collision with motor vehicle in traffic / V2: Collision with motor vehicle in traffic ,"V1: Passenger car / V2:Unknown heavy truck, cannot classify",Dry,Daylight,Clear,SOUTH HUNTINGTON AVENUE / PERKINS STREET,,,,,,231975.1096,896863.1877
3013944,BOSTON,23-Mar-2012,7:40 AM,Non-fatal injury,3,1,0,Rear-end,V1: Slowing or stopped in traffic / V2:Travelling straight ahead / V3:Travelling straight ahead,V1:Southbound / V2:Southbound / V3:Southbound ,V1: Collision with motor vehicle in traffic / V2: Collision with motor vehicle in traffic / V3: Collision with motor vehicle in traffic ,"V1: Passenger car / V2:Light truck(van, mini-van, panel, pickup, sport utility) with only four tires / V3:Light truck(van, mini-van, panel, pickup, sport utility) with only four tires",Dry,Daylight,Clear,,Rte 93 S,,Exit 23 on Rte 93 S,,,236856.2793,901152.8251
2995043,BOSTON,23-Mar-2012,8:50 AM,Property damage only (none injured),4,0,0,Rear-end,V1: Travelling straight ahead / V2:Slowing or stopped in traffic / V3:Slowing or stopped in traffic / V4:Slowing or stopped in traffic,V1:Southbound / V2:Southbound / V3:Southbound / V4:Southbound ,V1: Collision with motor vehicle in traffic / V2: Collision with motor vehicle in traffic / V3: Collision with motor vehicle in traffic / V4: Collision with motor vehicle in traffic ,"V1: Light truck(van, mini-van, panel, pickup, sport utility) with only four tires / V2:Light truck(van, mini-van, panel, pickup, sport utility) with only four tires / V3:Light truck(van, mini-van, panel, pickup, sport utility) with only four tires / V4:Passenger car",Dry,Daylight,Clear,,Rte 93 S,,Exit 12 on Rte 93 S,,,237620.5493,892713.0989
2985769,BOSTON,23-Mar-2012,9:15 AM,Non-fatal injury,2,1,0,Rear-end,V1: Slowing or stopped in traffic / V2:Travelling straight ahead,V1:Northbound / V2:Northbound ,V1: Collision with motor vehicle in traffic / V2: Collision with motor vehicle in traffic ,V1: Passenger car / V2:Passenger car,Dry,Daylight,Clear,,MORTON STREET / 815,,,,,234042.7875,892456.3122
3069372,BOSTON,23-Mar-2012,10:14 AM,Not Reported,2,0,0,Not reported,V1: Not reported / V2:Not reported,V1:Not reported / V2:Not reported ,V1: Not reported / V2: Not reported ,"V1: Not reported / V2:Light truck(van, mini-van, panel, pickup, sport utility) with only four tires",Dry,Daylight,Clear,MASSACHUSETTS AVENUE / MELNEA CASS BOULEVARD,,,,,,235266.4401,898096.4559
2980075,BOSTON,23-Mar-2012,2:50 PM,Non-fatal injury,2,2,0,"Sideswipe, same direction",V1: Slowing or stopped in traffic / V2:Travelling straight ahead,V1:Westbound / V2:Westbound ,V1: Collision with motor vehicle in traffic / V2: Collision with motor vehicle in traffic ,V1: Passenger car / V2:Passenger car,Dry,Daylight,Clear,,WILLIAM T MORRISSEY BOULEVARD / NEPONSET AVENUE,,,NEPONSET CIRCLE,,237696.0819,892924.3425
3004734,BOSTON,23-Mar-2012,3:30 PM,Property damage only (none injured),2,0,0,Angle,V1: Travelling straight ahead / V2:Travelling straight ahead,V1:Eastbound / V2:Eastbound ,V1: Not reported / V2: Not reported ,"V1: Passenger car / V2:Light truck(van, mini-van, panel, pickup, sport utility) with only four tires",Dry,Daylight,Clear,,Rte 90,Rte 90  Milemarker 130.0,,,,229761.5309,900823.963
2980072,BOSTON,23-Mar-2012,4:37 PM,Property damage only (none injured),2,0,0,Rear-end,V1: Slowing or stopped in traffic / V2:Travelling straight ahead,V1:Westbound / V2:Westbound ,V1: Collision with motor vehicle in traffic / V2: Collision with motor vehicle in traffic ,"V1: Light truck(van, mini-van, panel, pickup, sport utility) with only four tires / V2:Passenger car",Dry,Daylight,Clear,SOLDIERS FIELD ROAD / NORTH HARVARD STREET,,,,,,230992.3482,902048.2872
3052131,BOSTON (DORCHESTER),23-Mar-2012,6:44 PM,Not Reported,2,0,0,Rear-end,V1: Not reported / V2:Not reported,V1:Not reported / V2:Southbound ,V1: Not reported / V2: Not reported ,V1: Not reported / V2:Passenger car,Dry,Daylight,Clear,,WASHINGTON STREET / FENELON STREET,,,,,234728.4531,894892.4377
3089899,BOSTON (ALLSTON),24-Mar-2012,2:14 AM,Property damage only (none injured),2,0,0,Angle,V1: Travelling straight ahead / V2:Travelling straight ahead,V1:Not reported / V2:Not reported ,V1: Collision with motor vehicle in traffic / V2: Collision with motor vehicle in traffic ,V1: Passenger car / V2:Passenger car,Dry,Dark - lighted roadway,Clear,NORTH HARVARD STREET / RENA STREET,,,,,,230498.9214,901240.8824
3063195,BOSTON,24-Mar-2012,2:29 AM,Non-fatal injury,2,2,0,Rear-end,V1: Travelling straight ahead / V2:Overtaking/passing,V1:Eastbound / V2:Eastbound ,V1: Collision with motor vehicle in traffic / V2: Unknown ,V1: Passenger car / V2:Passenger car,Dry,Dark - lighted roadway,Clear,ESSEX STREET / HARRISON AVENUE / CHAUNCY STREET,,,,,,236157.0585,900316.4239
3028841,BOSTON,24-Mar-2012,11:54 AM,Property damage only (none injured),2,0,0,"Sideswipe, same direction",V1: Parked / V2:Travelling straight ahead,V1:Not reported / V2:Not reported ,V1: Collision with motor vehicle in traffic / V2: Collision with motor vehicle in traffic ,"V1: Passenger car / V2:Light truck(van, mini-van, panel, pickup, sport utility) with only four tires",Dry,Daylight,Cloudy,,601 EAST BROADWAY,,,,,237885.1555,898441.7816
3028843,BOSTON (SOUTH BOSTON),24-Mar-2012,1:14 PM,Non-fatal injury,2,2,0,Angle,V1: Travelling straight ahead / V2:Travelling straight ahead,V1:Westbound / V2:Eastbound ,V1: Collision with motor vehicle in traffic / V2: Collision with motor vehicle in traffic ,"V1: Light truck(van, mini-van, panel, pickup, sport utility) with only four tires / V2:Light truck(van, mini-van, panel, pickup, sport utility) with only four tires",Dry,Daylight,Cloudy,WEST FOURTH STREET / A STREET,,,,,,236559.0784,899052.2498
3024866,BOSTON,24-Mar-2012,1:30 PM,Non-fatal injury,2,1,0,Rear-end,V1: Slowing or stopped in traffic / V2:Slowing or stopped in traffic,V1:Westbound / V2:Westbound ,V1: Collision with motor vehicle in traffic / V2: Collision with motor vehicle in traffic ,"V1: Bus (seats for more than 15 people, including driver) / V2:Passenger car",Dry,Daylight,Clear/Clear,COMMONWEALTH AVENUE Rte 30 W / SILBER WAY,,,,,,232911.5468,899950.5001
2995141,BOSTON,24-Mar-2012,4:13 PM,Not Reported,2,0,0,Rear-end,V1: Slowing or stopped in traffic / V2:Travelling straight ahead,V1:Westbound / V2:Westbound ,V1: Collision with motor vehicle in traffic / V2: Collision with motor vehicle in traffic ,V1: Passenger car / V2:Passenger car,Dry,Daylight,Not Reported,,STORROW DRIVE / CHARLESGATE OVERPASS,,,STORROW DR W/B AT MASS BRIDGE,,233803.0148,900248.9604
2980071,BOSTON,24-Mar-2012,7:27 PM,Property damage only (none injured),2,0,0,"Sideswipe, same direction",V1: Travelling straight ahead / V2:Slowing or stopped in traffic,V1:Northbound / V2:Northbound ,V1: Collision with motor vehicle in traffic / V2: Collision with motor vehicle in traffic ,V1: Passenger car / V2:Passenger car,Dry,Dark - lighted roadway,Clear,CHARLES STREET CIRCLE / CAMBRIDGE STREET,,,,,,235415.2094,901277.6906
3175790,BOSTON,24-Mar-2012,7:34 PM,Property damage only (none injured),3,0,0,Rear-end,V1: Changing lanes / V2:Slowing or stopped in traffic / V3:Slowing or stopped in traffic,V1:Northbound / V2:Northbound / V3:Northbound ,V1: Collision with motor vehicle in traffic / V2: Collision with motor vehicle in traffic / V3: Collision with motor vehicle in traffic ,V1: Passenger car / V2:Passenger car / V3:Passenger car,Dry,Dark - lighted roadway,Clear,,GALLIVAN BOULEVARD Rte 203 / GRANITE AVENUE,,,,,236643.2967,892556.1249
3005347,BOSTON,25-Mar-2012,1:41 AM,Property damage only (none injured),2,0,0,Head-on,V1: Travelling straight ahead / V2:Entering traffic lane,V1:Southbound / V2:Southbound ,V1: Collision with motor vehicle in traffic / V2: Collision with motor vehicle in traffic ,V1: Passenger car / V2:Passenger car,Dry,Dark - lighted roadway,Clear,,WILLIAM DAY BOULEVARD / G STREET,,,,,237574.4594,897847.2389
3063194,BOSTON,25-Mar-2012,2:00 AM,Property damage only (none injured),1,0,0,Single vehicle crash,V1: Travelling straight ahead,V1:Eastbound ,"V1: Collision with other fixed object (wall, building, tunnel, etc.) ",V1: Passenger car,Dry,Dark - lighted roadway,Clear,,83 ESSEX STREET,,,,,236241.7173,900322.3698
3381574,BOSTON,25-Mar-2012,2:50 AM,Property damage only (none injured),2,0,0,"Sideswipe, same direction",V1: Changing lanes / V2:Travelling straight ahead,V1:Southbound / V2:Southbound ,V1: Collision with motor vehicle in traffic / V2: Collision with motor vehicle in traffic ,V1: Passenger car / V2:Passenger car,Dry,Dark - lighted roadway,Cloudy,,Rte 93 S / RAMP - MORRISSEY BLVD TO RT 93 SB,,,PRIOR TO EXIT 12,,237670.9,892840.9011
3005578,BOSTON,25-Mar-2012,5:30 AM,Property damage only (none injured),2,0,0,Angle,V1: Turning right / V2:Travelling straight ahead,V1:Southbound / V2:Northbound ,V1: Collision with motor vehicle in traffic / V2: Collision with motor vehicle in traffic ,"V1: Light truck(van, mini-van, panel, pickup, sport utility) with only four tires / V2:Light truck(van, mini-van, panel, pickup, sport utility) with only four tires",Dry,Dark - lighted roadway,Clear,,SAINT THOMAS MORE ROAD / COMMONWEALTH AVENUE,,,,,227513.9025,898878.2282
3013906,BOSTON,25-Mar-2012,3:30 PM,Non-fatal injury,1,1,0,Single vehicle crash,V1: Travelling straight ahead,V1:Southbound ,V1: Reported but invalid ,V1: Motorcycle,Wet,Daylight,Cloudy/Rain,,1435 VETERANS OF FOREIGN WARS PARKWAY / VETERANS OF FOREIGN WARS PARKWAY,,,DUNKIN DONUTS,,227025.2093,891198.7309
3344849,BOSTON (JAMAICA PLAIN),25-Mar-2012,5:34 PM,Non-fatal injury,3,2,0,Single vehicle crash,V1: Not reported / V2:Not reported / V3:Travelling straight ahead,V1:Not reported / V2:Not reported / V3:Not reported ,V1: Not reported / V2: Not reported / V3: Unknown ,V1: Passenger car / V2:Passenger car / V3:Motorcycle,Dry,Dark - lighted roadway,Clear,COLUMBUS AVENUE / HEATH STREET,,,,,,233100.8312,897238.0956
2985767,BOSTON,26-Mar-2012,7:35 AM,Non-fatal injury,2,1,0,Angle,V1: Travelling straight ahead / V2:Travelling straight ahead,V1:Not reported / V2:Not reported ,V1: Collision with motor vehicle in traffic / V2: Collision with motor vehicle in traffic ,"V1: Passenger car / V2:Light truck(van, mini-van, panel, pickup, sport utility) with only four tires",Dry,Daylight,Cloudy,,WESTERN AVENUE / SOLDIERS FIELD ROAD,,,RAMP TO BIRMINGHAM PKWY,,229148.0236,901285.5601
3052130,BOSTON (DORCHESTER),26-Mar-2012,1:47 PM,Non-fatal injury,1,1,0,"Sideswipe, same direction",V1: Travelling straight ahead,V1:Not reported ,V1: Collision with pedestrian ,V1: Passenger car,Dry,Daylight,Clear,,BOWDOIN STREET / BULLARD STREET,,,,,235325.953,894749.6876
3089892,BOSTON (BRIGHTON),26-Mar-2012,1:50 PM,Property damage only (none injured),2,0,0,Angle,V1: Turning left / V2:Travelling straight ahead,V1:Not reported / V2:Not reported ,V1: Collision with motor vehicle in traffic / V2: Collision with motor vehicle in traffic ,"V1: Light truck(van, mini-van, panel, pickup, sport utility) with only four tires / V2:Passenger car",Dry,Daylight,Clear/Clear,WASHINGTON STREET / ALLSTON STREET,,,,,,229506.4217,899250.1875
3344836,BOSTON (JAMAICA PLAIN),26-Mar-2012,2:36 PM,Non-fatal injury,1,1,0,Single vehicle crash,V1: Travelling straight ahead,V1:Not reported ,V1: Collision with pedestrian ,V1: Passenger car,Dry,Daylight,Clear/Clear,HEATH STREET / SCHILLER STREET,,,,,P2:Pedestrian,232538.1565,897366.9373
3028836,BOSTON (SOUTH BOSTON),26-Mar-2012,5:12 PM,Not Reported,2,0,0,"Sideswipe, same direction",V1: Not reported / V2:Not reported,V1:Not reported / V2:Not reported ,V1: Not reported / V2: Not reported ,"V1: Light truck(van, mini-van, panel, pickup, sport utility) with only four tires / V2:Passenger car",Dry,Daylight,Cloudy,,MASSACHUSETTS AVENUE / ALLSTATE ROAD,,,,,235842.2517,897233.6888
3005576,BOSTON,26-Mar-2012,5:45 PM,Property damage only (none injured),2,0,0,Rear-end,V1: Slowing or stopped in traffic / V2:Travelling straight ahead,V1:Southbound / V2:Southbound ,V1: Collision with motor vehicle in traffic / V2: Collision with motor vehicle in traffic ,"V1: Light truck(van, mini-van, panel, pickup, sport utility) with only four tires / V2:Passenger car",Dry,Daylight,Clear,,LONGFELLOW BRIDGE / CHARLES STREET CIRCLE,,,,,235347.5491,901249.6724
2985764,BOSTON,26-Mar-2012,7:35 PM,Not Reported,2,0,0,Angle,V1: Travelling straight ahead / V2:Changing lanes,V1:Westbound / V2:Westbound ,V1: Collision with motor vehicle in traffic / V2: Collision with motor vehicle in traffic ,"V1: Light truck(van, mini-van, panel, pickup, sport utility) with only four tires / V2:Passenger car",Dry,Dark - lighted roadway,Clear,,Rte 90 W,,,,,231312.2051,900784.6587
3017758,BOSTON,26-Mar-2012,7:40 PM,Property damage only (none injured),2,0,0,Angle,V1: Turning left / V2:Travelling straight ahead,V1:Southbound / V2:Westbound ,V1: Collision with motor vehicle in traffic / V2: Collision with motor vehicle in traffic ,"V1: Passenger car / V2:Light truck(van, mini-van, panel, pickup, sport utility) with only four tires",Dry,Dark - lighted roadway,Clear,,Rte 93 S,,Exit 18 on Rte 93 S,AT SOUTH FRONTAGE,,236013.2783,899092.9981
3013945,BOSTON,26-Mar-2012,10:20 PM,Property damage only (none injured),2,0,0,Rear-end,V1: Slowing or stopped in traffic / V2:Travelling straight ahead,V1:Northbound / V2:Northbound ,V1: Collision with motor vehicle in traffic / V2: Collision with motor vehicle in traffic ,V1: Passenger car / V2:Passenger car,Dry,Dark - lighted roadway,Clear,,Rte 93 N,,,,,236361.4209,899696.7901
3062964,BOSTON,27-Mar-2012,4:50 AM,Property damage only (none injured),2,0,0,Rear-end,V1: Slowing or stopped in traffic / V2:Travelling straight ahead,V1:Westbound / V2:Westbound ,V1: Collision with motor vehicle in traffic / V2: Collision with motor vehicle in traffic ,"V1: Light truck(van, mini-van, panel, pickup, sport utility) with only four tires / V2:Light truck(van, mini-van, panel, pickup, sport utility) with only four tires",Dry,Dark - lighted roadway,Clear,,Rte 90 W,,,START OF THE WEST BOUND PORTAL,,238690.1464,900161.8679
3024869,BOSTON,27-Mar-2012,11:37 AM,Non-fatal injury,2,5,0,"Sideswipe, same direction",V1: Turning right / V2:Travelling straight ahead,V1:Northbound / V2:Northbound ,V1: Collision with motor vehicle in traffic / V2: Collision with motor vehicle in traffic ,"V1: Truck/trailer / V2:Bus (seats for more than 15 people, including driver)",Dry,Daylight,Clear,WASHINGTON STREET / MONSIGNOR REYNOLDS WAY,,,,,,235375.5345,899010.8045
3389283,BOSTON,27-Mar-2012,2:39 PM,Property damage only (none injured),2,0,0,Rear-end,V1: Travelling straight ahead / V2:Slowing or stopped in traffic,V1:Southbound / V2:Southbound ,V1: Collision with motor vehicle in traffic / V2: Collision with motor vehicle in traffic ,"V1: Passenger car / V2:Light truck(van, mini-van, panel, pickup, sport utility) with only four tires",Dry,Daylight,Clear,,Rte 93 S,,,NORTH HOV BUILDING,,236765.9302,895396.4805
3052430,BOSTON (DORCHESTER),27-Mar-2012,3:20 PM,Non-fatal injury,2,3,0,Angle,V1: Travelling straight ahead / V2:Entering traffic lane,V1:Not reported / V2:Not reported ,V1: Collision with motor vehicle in traffic / V2: Collision with motor vehicle in traffic ,"V1: Passenger car / V2:Light truck(van, mini-van, panel, pickup, sport utility) with only four tires",Dry,Daylight,Clear/Clear,,27 GRANITE AVENUE,,,,,236673.9981,892469.0744
3052332,BOSTON (DORCHESTER),27-Mar-2012,6:31 PM,Property damage only (none injured),2,0,0,Single vehicle crash,V1: Travelling straight ahead / V2:Making U-turn,V1:Not reported / V2:Not reported ,V1: Collision with motor vehicle in traffic / V2: Collision with motor vehicle in traffic ,"V1: Passenger car / V2:Light truck(van, mini-van, panel, pickup, sport utility) with only four tires",Dry,Daylight,Clear,DORCHESTER AVENUE / TAFT STREET,,,,,,236543.7342,896387.8126
3041032,BOSTON,27-Mar-2012,8:52 PM,Property damage only (none injured),2,0,0,"Sideswipe, same direction",V1: Travelling straight ahead / V2:Overtaking/passing,V1:Eastbound / V2:Eastbound ,V1: Collision with motor vehicle in traffic / V2: Collision with motor vehicle in traffic ,V1: Passenger car / V2:Passenger car,Unknown,Unknown,Unknown,,312 HUNTINGTON AVENUE,,,,,234009.9659,899019.0648
3062967,BOSTON,27-Mar-2012,11:05 PM,Property damage only (none injured),2,0,0,Rear-end,V1: Slowing or stopped in traffic / V2:Travelling straight ahead,V1:Southbound / V2:Southbound ,V1: Collision with motor vehicle in traffic / V2: Collision with motor vehicle in traffic ,"V1: Light truck(van, mini-van, panel, pickup, sport utility) with only four tires / V2:Passenger car",Dry,Dark - lighted roadway,Clear,,Rte 93 S,,,IBEW CUTOUT AT DYC,,236767.6302,895231.3826
3052031,BOSTON (CHARLESTOWN),27-Mar-2012,11:10 PM,Property damage only (none injured),1,0,0,Single vehicle crash,V1: Travelling straight ahead,V1:Northbound ,V1: Not reported ,V1: Not reported,Dry,Dark - lighted roadway,Clear,ALFORD STREET / SULLIVAN SQUARE,,,,,,235183.8592,903917.6875
3005337,BOSTON,28-Mar-2012,8:15 AM,Property damage only (none injured),2,0,0,Rear-end,V1: Travelling straight ahead / V2:Slowing or stopped in traffic,V1:Eastbound / V2:Eastbound ,V1: Collision with motor vehicle in traffic / V2: Collision with motor vehicle in traffic ,V1: Passenger car / V2:Passenger car,Dry,Daylight,Cloudy,,Rte 90 E,Rte 90  E Milemarker 129.0,,,,228164.3301,900848.8102
3013966,BOSTON,28-Mar-2012,3:58 PM,Property damage only (none injured),2,0,0,"Sideswipe, same direction",V1: Changing lanes / V2:Travelling straight ahead,V1:Westbound / V2:Westbound ,V1: Collision with motor vehicle in traffic / V2: Collision with motor vehicle in traffic ,"V1: Passenger car / V2:Light truck(van, mini-van, panel, pickup, sport utility) with only four tires",Dry,Daylight,Clear,STORROW DRIVE / CHARLESGATE OVERPASS,,,,JUST WEST OF THE BOWKER,,233287.6718,900098.5623
3027177,BOSTON,28-Mar-2012,6:30 PM,Not Reported,1,0,0,Angle,V1: Leaving traffic lane,V1:Westbound ,V1: Collision with median barrier ,V1: Passenger car,Dry,Daylight,Clear,,Rte 90 W,,,,,235774.8312,899761.4554
3380294,BOSTON,29-Mar-2012,00:00 AM,Not Reported,1,0,0,Single vehicle crash,V1: Travelling straight ahead,V1:Northbound ,V1: Collision with median barrier ,"V1: Light truck(van, mini-van, panel, pickup, sport utility) with only four tires",Wet,Dark - lighted roadway,Rain,,RAMP - RT 1 NB TO TOBIN BRIDGE Rte 1 N / RAMP - RUTHERFORD AVENUE TO RT 1 NB,,,CANA TUNNEL,,236088.5254,902389.096
2998748,BOSTON,29-Mar-2012,3:34 AM,Property damage only (none injured),1,0,0,Single vehicle crash,V1: Travelling straight ahead,V1:Eastbound ,V1: Collision with motor vehicle in traffic ,V1: Passenger car,Wet,Dark - lighted roadway,Rain,,STORROW DRIVE Rte 28 N / RAMP - STORROW DRIVE TO LEVERETT CONNECT,,,AT MASS EYE AND EAR,,235343.8941,901432.4537
3014631,BOSTON,29-Mar-2012,7:48 AM,Property damage only (none injured),3,0,0,Rear-end,V1: Travelling straight ahead / V2:Slowing or stopped in traffic / V3:Travelling straight ahead,V1:Southbound / V2:Southbound / V3:Southbound ,V1: Collision with motor vehicle in traffic / V2: Collision with motor vehicle in traffic / V3: Collision with motor vehicle in traffic ,"V1: Single-unit truck (3-or-more axles) / V2:Truck/trailer / V3:Light truck(van, mini-van, panel, pickup, sport utility) with only four tires",Dry,Daylight,Clear,,Rte 93 S,,Exit 24 on Rte 93 S,,,236397.1933,901565.6511
3013884,BOSTON,29-Mar-2012,9:31 AM,Property damage only (none injured),2,0,0,Angle,V1: Changing lanes / V2:Travelling straight ahead,V1:Eastbound / V2:Eastbound ,V1: Collision with motor vehicle in traffic / V2: Collision with motor vehicle in traffic ,V1: Passenger car / V2:Passenger car,Dry,Daylight,Cloudy,,SOLDIERS FIELD ROAD / NORTH HARVARD STREET,,,ACROSS FROM NEWELL BOAT HOUSE,,230992.3482,902048.2872
3022787,BOSTON (SOUTH BOSTON),29-Mar-2012,12:28 PM,Property damage only (none injured),1,0,0,"Sideswipe, same direction",V1: Making U-turn,V1:Not reported ,V1: Collision with utility pole ,V1: Single-unit truck (3-or-more axles),Dry,Daylight,Cloudy,BOSTON STREET / WEST HOWELL STREET / HOWELL STREET,,,,,,236338.3203,897291.4025
3013962,BOSTON,29-Mar-2012,3:11 PM,Property damage only (none injured),2,0,0,Rear-end,V1: Slowing or stopped in traffic / V2:Travelling straight ahead,V1:Northbound / V2:Northbound ,V1: Collision with motor vehicle in traffic / V2: Collision with motor vehicle in traffic ,V1: Passenger car / V2:Passenger car,Dry,Daylight,Clear,FENWAY / WESTLAND ENTRANCE,,,,,,233723.459,899400.5184
3079230,BOSTON (HYDE PARK),29-Mar-2012,4:22 PM,Non-fatal injury,2,1,0,Not reported,V1: Slowing or stopped in traffic / V2:Travelling straight ahead,V1:Eastbound / V2:Eastbound ,V1: Collision with motor vehicle in traffic / V2: Collision with motor vehicle in traffic ,"V1: Light truck(van, mini-van, panel, pickup, sport utility) with only four tires / V2:Light truck(van, mini-van, panel, pickup, sport utility) with only four tires",Not reported,Not reported,Not Reported,NEWPORT STREET / PRESCOTT STREET,,,,,,,
2998741,BOSTON,29-Mar-2012,5:40 PM,Property damage only (none injured),2,0,0,Angle,V1: Changing lanes / V2:Travelling straight ahead,V1:Westbound / V2:Westbound ,V1: Collision with motor vehicle in traffic / V2: Collision with motor vehicle in traffic ,V1: Passenger car / V2:Passenger car,Dry,Daylight,Cloudy,,Rte 90 W,,,,,231312.2051,900784.6587
3013878,BOSTON,29-Mar-2012,8:40 PM,Property damage only (none injured),2,0,0,"Sideswipe, same direction",V1: Travelling straight ahead / V2:Changing lanes,V1:Eastbound / V2:Eastbound ,V1: Collision with motor vehicle in traffic / V2: Collision with motor vehicle in traffic ,V1: Passenger car / V2:Passenger car,Dry,Dark - lighted roadway,Clear,STORROW DRIVE / DAVID G MUGAR WAY,,,,,,235140.5767,900710.6152
2998742,BOSTON,29-Mar-2012,11:10 PM,Property damage only (none injured),1,0,0,Single vehicle crash,V1: Travelling straight ahead,V1:Northbound ,V1: Other ,"V1: Light truck(van, mini-van, panel, pickup, sport utility) with only four tires",Dry,Dark - lighted roadway,Clear,,Rte 93 N,,,,,236956.219,900947.8086
3017760,BOSTON,29-Mar-2012,11:20 PM,Not Reported,1,0,0,Single vehicle crash,V1: Entering traffic lane,V1:Westbound ,V1: Collision with median barrier ,V1: Passenger car,Dry,Dark - lighted roadway,Clear,,CHARLESGATE OVERPASS / CHARLESGATE OVERPASS,,,,,233573.0235,900181.8422
3024761,BOSTON,30-Mar-2012,5:45 AM,Property damage only (none injured),2,0,0,Head-on,V1: Travelling straight ahead / V2:Other,V1:Northbound / V2:Northbound ,V1: Collision with motor vehicle in traffic / V2: Collision with motor vehicle in traffic ,"V1: Light truck(van, mini-van, panel, pickup, sport utility) with only four tires / V2:Passenger car",Dry,Dark - lighted roadway,Clear,,Rte 93 N,,Exit 14 on Rte 93 N,,,237258.9796,894483.3974
2998743,BOSTON,30-Mar-2012,8:32 AM,Property damage only (none injured),3,0,0,Rear-end,V1: Slowing or stopped in traffic / V2:Slowing or stopped in traffic / V3:Travelling straight ahead,V1:Eastbound / V2:Eastbound / V3:Eastbound ,V1: Collision with motor vehicle in traffic / V2: Collision with motor vehicle in traffic / V3: Collision with motor vehicle in traffic ,"V1: Light truck(van, mini-van, panel, pickup, sport utility) with only four tires / V2:Light truck(van, mini-van, panel, pickup, sport utility) with only four tires / V3:Light truck(van, mini-van, panel, pickup, sport utility) with only four tires",Dry,Daylight,Clear,,Rte 90 E,,,,,235110.3634,899790.3153
3013893,BOSTON,30-Mar-2012,10:05 AM,Non-fatal injury,2,2,0,Head-on,V1: Travelling straight ahead / V2:Travelling straight ahead,V1:Northbound / V2:Southbound ,V1: Collision with motor vehicle in traffic / V2: Collision with motor vehicle in traffic ,"V1: Passenger car / V2:Light truck(van, mini-van, panel, pickup, sport utility) with only four tires",Dry,Daylight,Clear,GALLIVAN BOULEVARD / GRANITE AVENUE,,,,,,236643.2967,892556.1249
3052530,BOSTON,30-Mar-2012,12:00 PM,Property damage only (none injured),2,0,0,Angle,V1: Not reported / V2:Not reported,V1:Not reported / V2:Not reported ,V1: Not reported / V2: Not reported ,V1: Not reported / V2:Passenger car,Dry,Dark - lighted roadway,Clear,,PONTIAC STREET / TREADWAY ROAD,,,,,,