Crash Number,City/Town Name,Crash Date,Crash Time,Crash Severity,Number of Vehicles,Total Nonfatal Injuries,Total Fatal Injuries,Manner of Collision,Vehicle Action Prior to Crash,Vehicle Travel Directions,Most Harmful Events,Vehicle Configuration,Road Surface Condition,Ambient Light,Weather Condition,At Roadway Intersection,Distance from Nearest Roadway Intersection,Distance from Nearest Milemarker,Distance from Nearest Exit,Distance from Nearest Landmark,Non Motorist Type,X Coordinate,Y Coordinate
3006933,BOSTON (DORCHESTER),30-Mar-2012,12:15 PM,Property damage only (none injured),2,0,0,Rear-end,V1: Travelling straight ahead / V2:Travelling straight ahead,V1:Southbound / V2:Southbound ,V1: Not reported / V2: Not reported ,V1: Passenger car / V2:Passenger car,Dry,Daylight,Cloudy,HILL TOP STREET / HALLET STREET,,,,,,237290.328,892393.25
3027665,BOSTON,30-Mar-2012,2:06 PM,Property damage only (none injured),3,0,0,"Sideswipe, same direction",V1: Travelling straight ahead / V2:Not reported / V3:Travelling straight ahead,V1:Southbound / V2:Southbound / V3:Southbound ,V1: Collision with motor vehicle in traffic / V2: Collision with motor vehicle in traffic / V3: Collision with motor vehicle in traffic ,V1: Tractor/semi-trailer / V2:Passenger car / V3:Passenger car,Dry,Daylight,Clear,,Rte 93 S,,Exit 24 on Rte 93 S,,,236397.1933,901565.6511
3380295,BOSTON,30-Mar-2012,3:55 PM,Property damage only (none injured),2,0,0,Rear-end,V1: Travelling straight ahead / V2:Travelling straight ahead,V1:Northbound / V2:Northbound ,V1: Collision with motor vehicle in traffic / V2: Collision with motor vehicle in traffic ,"V1: Light truck(van, mini-van, panel, pickup, sport utility) with only four tires / V2:Passenger car",Dry,Daylight,Clear,,RAMP - RT 1 NB TO TOBIN BRIDGE Rte 1 N / JOHN F FITZGERALD EXPRESSWAY Rte 93 N,,,LEVERETT BY PASS RAMP NORTHBOUND,,235596.4266,902501.0619
3005573,BOSTON,30-Mar-2012,3:58 PM,Property damage only (none injured),2,0,0,"Sideswipe, same direction",V1: Changing lanes / V2:Travelling straight ahead,V1:Southbound / V2:Southbound ,V1: Collision with motor vehicle in traffic / V2: Collision with motor vehicle in traffic ,"V1: Single-unit truck (2-axle, 6-tire) / V2:Passenger car",Dry,Daylight,Clear,,Rte 93 S,,Exit 18 on Rte 93 S,,,236013.2783,899092.9981
3052531,BOSTON (DORCHESTER),30-Mar-2012,4:00 PM,Non-fatal injury,2,1,0,Rear-end,V1: Travelling straight ahead / V2:Parked,V1:Not reported / V2:Not reported ,V1: Collision with pedestrian / V2: Collision with pedestrian ,"V1: Not reported / V2:Light truck(van, mini-van, panel, pickup, sport utility) with only four tires",Dry,Daylight,Clear/Clear,,37 HAMILTON STREET,,,,,235382.4342,895485.9306
3064133,BOSTON,30-Mar-2012,6:10 PM,Not Reported,2,0,0,Angle,V1: Not reported / V2:Not reported,V1:Northbound / V2:Not reported ,V1: Not reported / V2: Not reported ,V1: Not reported / V2:Not reported,Dry,Daylight,Cloudy/Clear,CONGRESS STREET / MILK STREET,,,,,,236549.9125,900797.6962
3018334,BOSTON,30-Mar-2012,8:30 PM,Property damage only (none injured),1,0,0,Single vehicle crash,V1: Travelling straight ahead,V1:Northbound ,V1: Collision with median barrier ,"V1: Light truck(van, mini-van, panel, pickup, sport utility) with only four tires",Dry,Dark - lighted roadway,Clear,,Rte 93 N,,Exit 27 on Rte 93 N,,,235602.2947,902509.7622
3046227,BOSTON,31-Mar-2012,5:17 AM,Not Reported,1,0,0,Unknown,V1: Not reported,V1:Not reported ,V1: Not reported ,V1: Passenger car,Dry,Dark - lighted roadway,Clear,,83 HARRISON AVENUE,,,,,236130.9087,900130.5721
3089880,BOSTON,31-Mar-2012,9:40 AM,Non-fatal injury,1,1,0,Single vehicle crash,V1: Travelling straight ahead,V1:Southbound ,V1: Collision with pedestrian ,V1: Passenger car,Wet,Daylight,Cloudy/Rain,CHESTNUT HILL AVENUE / BEACON STREET,,,,,P2:Pedestrian,228769.047,898446.7499
3018148,BOSTON,31-Mar-2012,10:08 AM,Non-fatal injury,1,1,0,Single vehicle crash,V1: Turning left,V1:Westbound ,V1: Collision with fence ,"V1: Light truck(van, mini-van, panel, pickup, sport utility) with only four tires",Wet,Daylight,Cloudy/Rain,,NEPONSET VALLEY PARKWAY / MILTON STREET,,,,,230226.9685,887751.6874
3027195,BOSTON,31-Mar-2012,10:48 AM,Property damage only (none injured),1,0,0,Single vehicle crash,V1: Travelling straight ahead,V1:Westbound ,V1: Collision with curb ,V1: Passenger car,Wet,Daylight,Cloudy/Rain,,MORTON STREET / JAMES SHEA CIRCLE,,,,,232426.4151,894490.4999
3005566,BOSTON,31-Mar-2012,10:54 AM,Property damage only (none injured),3,0,0,Rear-end,V1: Slowing or stopped in traffic / V2:Slowing or stopped in traffic / V3:Travelling straight ahead,V1:Eastbound / V2:Eastbound / V3:Eastbound ,V1: Collision with motor vehicle in traffic / V2: Collision with motor vehicle in traffic / V3: Collision with motor vehicle in traffic ,"V1: Light truck(van, mini-van, panel, pickup, sport utility) with only four tires / V2:Passenger car / V3:Light truck(van, mini-van, panel, pickup, sport utility) with only four tires",Wet,Daylight,Cloudy,,STORROW DRIVE Rte 28 N / RAMP - STORROW DRIVE TO LEVERETT CONNECT,,,BY S CURVES @ MASS EYE & EAR,,235367.5321,901476.3728
3013946,BOSTON,31-Mar-2012,1:38 PM,Property damage only (none injured),3,0,0,Rear-end,V1: Slowing or stopped in traffic / V2:Travelling straight ahead / V3:Travelling straight ahead,V1:Westbound / V2:Westbound / V3:Westbound ,V1: Collision with motor vehicle in traffic / V2: Collision with motor vehicle in traffic / V3: Collision with motor vehicle in traffic ,"V1: Passenger car / V2:Passenger car / V3:Light truck(van, mini-van, panel, pickup, sport utility) with only four tires",Dry,Daylight,Cloudy,,Rte 93 S,,Exit 26 on Rte 93 S,STATION TUNNEL,,234851.4113,903728.5151
3344840,BOSTON,31-Mar-2012,2:00 PM,Property damage only (none injured),2,0,0,"Sideswipe, opposite direction",V1: Backing / V2:Slowing or stopped in traffic,V1:Southbound / V2:Not reported ,V1: Collision with parked motor vehicle / V2: Other non-collision ,V1: Passenger car / V2:Passenger car,Dry,Daylight,Cloudy/Clear,,3141 WASHINGTON STREET,,,,,232981.1323,896037.6861
3380296,BOSTON,31-Mar-2012,2:40 PM,Non-fatal injury,2,1,0,Rear-end,V1: Travelling straight ahead / V2:Travelling straight ahead,V1:Northbound / V2:Northbound ,V1: Collision with motor vehicle in traffic / V2: Collision with motor vehicle in traffic ,V1: Passenger car / V2:Passenger car,Dry,Daylight,Clear,Rte 93 N / RAMP - RT 90 TO RT 93 NB,,,,AT RAMP D,,236586.4586,900220.4936
3017761,BOSTON,31-Mar-2012,4:10 PM,Non-fatal injury,2,1,0,Rear-end,V1: Slowing or stopped in traffic / V2:Travelling straight ahead,V1:Northbound / V2:Northbound ,V1: Collision with motor vehicle in traffic / V2: Collision with motor vehicle in traffic ,"V1: Light truck(van, mini-van, panel, pickup, sport utility) with only four tires / V2:Passenger car",Dry,Daylight,Clear,,Rte 93,,Exit 11 on Rte 93,,,237113.1203,891743.2617
3013912,BOSTON,31-Mar-2012,6:00 PM,Property damage only (none injured),1,0,0,Single vehicle crash,V1: Travelling straight ahead,V1:Northbound ,V1: Collision with motor vehicle in traffic ,V1: Passenger car,Dry,Daylight,Cloudy,,ENNEKING PARKWAY,,,,,,
3013963,BOSTON,01-Apr-2012,00:00 AM,Property damage only (none injured),1,0,0,"Sideswipe, same direction",V1: Travelling straight ahead,V1:Eastbound ,V1: Collision with motor vehicle in traffic ,V1: Passenger car,Wet,Dark - lighted roadway,Not Reported,,BOYLSTON STREET,,,PRIOR TO BOWKER BRIDGE,,233549.5889,899666.5282
3380297,BOSTON,01-Apr-2012,1:20 AM,Property damage only (none injured),1,0,0,Single vehicle crash,V1: Travelling straight ahead,V1:Southbound ,V1: Collision with median barrier ,V1: Passenger car,Dry,Dark - lighted roadway,Clear,,RAMP - LEVERETT CIRCLE TO RT 93 SB Rte 3 S / JOHN F FITZGERALD EXPRESSWAY Rte 1 S,,,,,236141.9208,901889.6867
3013895,BOSTON,01-Apr-2012,9:10 AM,Not Reported,1,0,0,"Sideswipe, opposite direction",V1: Slowing or stopped in traffic,V1:Northbound ,"V1: Collision with cyclist (bicycle, tricycle, unicycle, pedal car) ",V1: Passenger car,Dry,Daylight,Clear,GALLIVAN BOULEVARD / ADAMS STREET,,,,,,236381.9376,892485.5001
3013913,BOSTON,01-Apr-2012,11:18 AM,Property damage only (none injured),2,0,0,Head-on,V1: Travelling straight ahead / V2:Turning left,V1:Not reported / V2:Not reported ,V1: Collision with motor vehicle in traffic / V2: Collision with motor vehicle in traffic ,V1: Passenger car / V2:Passenger car,Dry,Daylight,Clear,BLUE HILL AVENUE / HARVARD STREET,,,,,,233988.4687,893907.875
3018336,BOSTON,01-Apr-2012,1:59 PM,Property damage only (none injured),1,0,0,Single vehicle crash,V1: Travelling straight ahead,V1:Northbound ,V1: Collision with median barrier ,V1: Passenger car,Dry,Daylight,Clear,,Rte 93 N,,Exit 18 on Rte 93 N,,,236105.114,897951.9569
3077238,BOSTON,01-Apr-2012,3:06 PM,Property damage only (none injured),2,0,0,Rear-end,V1: Turning right / V2:Changing lanes,V1:Not reported / V2:Not reported ,V1: Collision with motor vehicle in traffic / V2: Collision with motor vehicle in traffic ,"V1: Light truck(van, mini-van, panel, pickup, sport utility) with only four tires / V2:Passenger car",Dry,Daylight,Clear,ALBANY STREET / EAST BERKELEY STREET,,,,,,236048.2334,899259.9647
3013896,BOSTON,01-Apr-2012,4:30 PM,Non-fatal injury,3,1,0,Rear-end,V1: Slowing or stopped in traffic / V2:Slowing or stopped in traffic / V3:Travelling straight ahead,V1:Eastbound / V2:Eastbound / V3:Eastbound ,V1: Collision with motor vehicle in traffic / V2: Collision with motor vehicle in traffic / V3: Collision with motor vehicle in traffic ,V1: Passenger car / V2:Passenger car / V3:Passenger car,Dry,Daylight,Clear,,NEPONSET AVENUE / GALLIVAN BOULEVARD,,,,,237735.2263,892889.9254
3095326,BOSTON (CHARLESTOWN),01-Apr-2012,6:15 PM,Non-fatal injury,2,1,0,Rear-end,V1: Slowing or stopped in traffic / V2:Travelling straight ahead,V1:Eastbound / V2:Eastbound ,V1: Not reported / V2: Not reported ,"V1: Passenger car / V2:Light truck(van, mini-van, panel, pickup, sport utility) with only four tires",Wet,Dark - roadway not lighted,Rain/Rain,,2 RUTHERFORD AVENUE,,,,,,
3055032,BOSTON (CHARLESTOWN),01-Apr-2012,6:17 PM,Non-fatal injury,1,3,0,"Sideswipe, same direction",V1: Travelling straight ahead,V1:Eastbound ,V1: Collision with median barrier ,"V1: Light truck(van, mini-van, panel, pickup, sport utility) with only four tires",Wet,Dusk,Rain/Rain,,SULLIVAN SQUARE,,,,,235090.2148,903885.0598
3027178,BOSTON,01-Apr-2012,6:25 PM,Property damage only (none injured),3,0,0,"Sideswipe, same direction",V1: Changing lanes / V2:Travelling straight ahead / V3:Travelling straight ahead,V1:Northbound / V2:Northbound / V3:Northbound ,V1: Collision with motor vehicle in traffic / V2: Collision with motor vehicle in traffic / V3: Collision with motor vehicle in traffic ,"V1: Passenger car / V2:Passenger car / V3:Light truck(van, mini-van, panel, pickup, sport utility) with only four tires",Dry,Daylight,Cloudy,,Rte 93 N,,Exit 20 on Rte 93 N,,,235935.6734,898219.8317
3013947,BOSTON,01-Apr-2012,9:37 PM,Property damage only (none injured),1,0,0,Single vehicle crash,V1: Travelling straight ahead,V1:Northbound ,V1: Collision with median barrier ,V1: Passenger car,Wet,Dark - lighted roadway,Rain,,Rte 93,,1320 feet N  from Exit 23 on Rte 93,1/4 MILE BEFORE EXIT 23,,236703.3076,901323.3442
3380298,BOSTON,01-Apr-2012,10:50 PM,Property damage only (none injured),1,0,0,Single vehicle crash,V1: Turning right,V1:Westbound ,V1: Collision with median barrier ,V1: Passenger car,Wet,Dark - unknown roadway lighting,Rain,,RAMP - RT 90 EB TO RT 93 SB / RAMP - RT 90 EB TO RT 93,,,RAMP D,,236392.53,899676.9011
3380299,BOSTON,02-Apr-2012,00:00 AM,Property damage only (none injured),1,0,0,Single vehicle crash,V1: Travelling straight ahead,V1:Southbound ,V1: Collision with median barrier ,V1: Passenger car,Wet,Dark - lighted roadway,Cloudy,,RAMP - RT 1 SB FROM TOBIN BRIDGE Rte 1 S / RAMP - RT 1 SB TO LEVERETT CONNECTOR,,,RAMP T-C,,235512.4885,902495.3674
3013914,BOSTON,02-Apr-2012,3:38 AM,Non-fatal injury,1,1,0,Single vehicle crash,V1: Travelling straight ahead,V1:Eastbound ,V1: Collision with tree ,V1: Passenger car,Wet,Dark - roadway not lighted,Rain,,ENNEKING PARKWAY / SMITH FIELD ROAD,,,,,230079.5939,889809.25
3022067,BOSTON,02-Apr-2012,7:05 AM,Property damage only (none injured),3,0,0,"Sideswipe, same direction",V1: Slowing or stopped in traffic / V2:Travelling straight ahead / V3:Travelling straight ahead,V1:Southbound / V2:Southbound / V3:Southbound ,V1: Collision with motor vehicle in traffic / V2: Collision with motor vehicle in traffic / V3: Collision with motor vehicle in traffic ,"V1: Light truck(van, mini-van, panel, pickup, sport utility) with only four tires / V2:Passenger car / V3:Passenger car",Dry,Daylight,Clear,,Rte 93 S,,Exit 24 on Rte 93 S,,,236397.1933,901565.6511
3023839,BOSTON,02-Apr-2012,11:05 AM,Property damage only (none injured),3,0,0,Head-on,V1: Turning left / V2:Travelling straight ahead / V3:Slowing or stopped in traffic,V1:Northbound / V2:Southbound / V3:Northbound ,V1: Collision with motor vehicle in traffic / V2: Collision with motor vehicle in traffic / V3: Collision with motor vehicle in traffic ,"V1: Light truck(van, mini-van, panel, pickup, sport utility) with only four tires / V2:Passenger car / V3:Passenger car",Dry,Daylight,Clear,WILLIAM DAY BOULEVARD / I STREET,,,,,,237929.5155,897835.3748
3014831,BOSTON,02-Apr-2012,11:59 AM,Non-fatal injury,2,1,0,Rear-end,V1: Travelling straight ahead / V2:Travelling straight ahead,V1:Northbound / V2:Northbound ,V1: Collision with motor vehicle in traffic / V2: Collision with motor vehicle in traffic ,V1: Passenger car / V2:Tractor/semi-trailer,Dry,Daylight,Clear,,Rte 93 S,,Exit 16 on Rte 93,,,236403.9842,897524.312
3013897,BOSTON,02-Apr-2012,12:59 PM,Non-fatal injury,2,1,0,"Sideswipe, same direction",V1: Turning left / V2:Travelling straight ahead,V1:Northbound / V2:Northbound ,V1: Collision with motor vehicle in traffic / V2: Collision with motor vehicle in traffic ,V1: Passenger car / V2:Passenger car,Dry,Daylight,Clear,,GALLIVAN BOULEVARD,,,NEPONSET CIRCLE,,237731.8737,892907.403
3013879,BOSTON,02-Apr-2012,6:00 PM,Property damage only (none injured),2,0,0,Rear-end,V1: Travelling straight ahead / V2:Travelling straight ahead,V1:Westbound / V2:Westbound ,V1: Collision with motor vehicle in traffic / V2: Collision with motor vehicle in traffic ,V1: Passenger car / V2:Passenger car,Dry,Daylight,Clear,,STORROW DRIVE Rte 28 S,,,COMMUNITY BOATING,,235238.4028,901109.7985
3022077,BOSTON,02-Apr-2012,6:07 PM,Property damage only (none injured),7,0,0,Rear-end,V1: Slowing or stopped in traffic / V2:Slowing or stopped in traffic / V3:Slowing or stopped in traffic / V4:Slowing or stopped in traffic / V5:Slowing or stopped in traffic / V6:Slowing or stopped in traffic / V7:Slowing or stopped in traffic,V1:Eastbound / V2:Eastbound / V3:Eastbound / V4:Eastbound / V5:Eastbound / V6:Eastbound / V7:Eastbound ,V1: Collision with motor vehicle in traffic / V2: Collision with motor vehicle in traffic / V3: Collision with motor vehicle in traffic / V4: Collision with motor vehicle in traffic / V5: Collision with motor vehicle in traffic / V6: Collision with motor vehicle in traffic / V7: Collision with motor vehicle in traffic ,"V1: Passenger car / V2:Passenger car / V3:Passenger car / V4:Passenger car / V5:Light truck(van, mini-van, panel, pickup, sport utility) with only four tires / V6:Light truck(van, mini-van, panel, pickup, sport utility) with only four tires / V7:Light truck(van, mini-van, panel, pickup, sport utility) with only four tires",Dry,Daylight,Clear,,STORROW DRIVE / CHARLESGATE OVERPASS,,,,,233518.1633,900133.725
3013885,BOSTON,02-Apr-2012,6:44 PM,Property damage only (none injured),3,0,0,Rear-end,V1: Slowing or stopped in traffic / V2:Slowing or stopped in traffic / V3:Travelling straight ahead,V1:Eastbound / V2:Eastbound / V3:Eastbound ,V1: Collision with motor vehicle in traffic / V2: Collision with motor vehicle in traffic / V3: Collision with motor vehicle in traffic ,V1: Passenger car / V2:Passenger car / V3:Passenger car,Dry,Dark - lighted roadway,Clear,RAMP-SOLDIERS FIELD RD EB TO WESTERN AV / WESTERN AVENUE,,,,,,231453.9064,901588.7501
3013916,BOSTON,02-Apr-2012,9:40 PM,Non-fatal injury,2,3,0,Head-on,V1: Travelling straight ahead / V2:Travelling straight ahead,V1:Northbound / V2:Southbound ,V1: Collision with motor vehicle in traffic / V2: Collision with motor vehicle in traffic ,"V1: Passenger car / V2:Light truck(van, mini-van, panel, pickup, sport utility) with only four tires",Dry,Dark - lighted roadway,Clear,,ENNEKING PARKWAY / TURTLE POND PARKWAY,,,,,229687.9375,889839.1252
3063190,BOSTON,03-Apr-2012,10:55 AM,Property damage only (none injured),1,0,0,Not reported,V1: Not reported,V1:Not reported ,V1: Not reported ,V1: Not reported,Not reported,Not reported,Not Reported,,120 TREMONT STREET,,,,P2:Pedestrian,236107.4189,900788.461
3380300,BOSTON,03-Apr-2012,6:00 PM,Property damage only (none injured),2,0,0,Rear-end,V1: Travelling straight ahead / V2:Slowing or stopped in traffic,V1:Eastbound / V2:Eastbound ,V1: Collision with motor vehicle in traffic / V2: Collision with motor vehicle in traffic ,"V1: Light truck(van, mini-van, panel, pickup, sport utility) with only four tires / V2:Light truck(van, mini-van, panel, pickup, sport utility) with only four tires",Dry,Daylight,Clear,,MASSACHUSETTS TURNPIKE Rte 90 E / MASSACHUSETTS TURNPIKE Rte 90 E,,,FENWAY PARK,,233188.491,899773.4217
3018339,BOSTON,03-Apr-2012,6:35 PM,Non-fatal injury,2,1,0,Rear-end,V1: Slowing or stopped in traffic / V2:Travelling straight ahead,V1:Southbound / V2:Southbound ,V1: Collision with motor vehicle in traffic / V2: Collision with motor vehicle in traffic ,V1: Passenger car / V2:Passenger car,Dry,Daylight,Not Reported,,Rte 93,,Exit 15 on Rte 93,,,236629.6253,897168.5001
3024880,BOSTON (BRIGHTON),03-Apr-2012,6:50 PM,Property damage only (none injured),2,0,0,Rear-end,V1: Slowing or stopped in traffic / V2:Travelling straight ahead,V1:Westbound / V2:Westbound ,V1: Collision with motor vehicle in traffic / V2: Collision with motor vehicle in traffic ,"V1: Bus (seats for more than 15 people, including driver) / V2:Passenger car",Dry,Daylight,Clear,WASHINGTON STREET / OAK SQUARE AVENUE,,,,,,227661.8905,899961.375
3013898,BOSTON,04-Apr-2012,2:40 PM,Property damage only (none injured),2,0,0,Rear-end,V1: Slowing or stopped in traffic / V2:Slowing or stopped in traffic,V1:Southbound / V2:Southbound ,V1: Collision with motor vehicle in traffic / V2: Collision with motor vehicle in traffic ,"V1: Passenger car / V2:Light truck(van, mini-van, panel, pickup, sport utility) with only four tires",Dry,Daylight,Clear,,Rte 93 S,,Exit 12 on Rte 93 S,,,237620.5493,892713.0989
3099056,BOSTON,04-Apr-2012,7:45 PM,Not Reported,1,0,0,Not reported,V1: Not reported,V1:Not reported ,V1: Not reported ,V1: Passenger car,Not reported,Not reported,Not Reported,,249 RUGGLES STREET,,,,,233719.4341,898453.7411
3018146,BOSTON,04-Apr-2012,8:30 PM,Property damage only (none injured),3,0,0,Rear-end,V1: Slowing or stopped in traffic / V2:Slowing or stopped in traffic / V3:Travelling straight ahead,V1:Westbound / V2:Westbound / V3:Westbound ,V1: Collision with motor vehicle in traffic / V2: Collision with motor vehicle in traffic / V3: Collision with motor vehicle in traffic ,"V1: Light truck(van, mini-van, panel, pickup, sport utility) with only four tires / V2:Passenger car / V3:Passenger car",Dry,Dark - lighted roadway,Clear,,GALLIVAN BOULEVARD / CLOVER STREET,,,PAPA GINO'S,,237537.7346,892795.6252
3044350,BOSTON,04-Apr-2012,11:50 PM,Property damage only (none injured),2,0,0,Rear-end,V1: Travelling straight ahead / V2:Travelling straight ahead,V1:Southbound / V2:Southbound ,V1: Collision with motor vehicle in traffic / V2: Collision with motor vehicle in traffic ,"V1: Light truck(van, mini-van, panel, pickup, sport utility) with only four tires / V2:Passenger car",Dry,Dark - lighted roadway,Clear,,Rte 93 S,,Exit 15 on Rte 93 S,JUST PRIOR TO EXIT 15,,236629.6253,897168.5001
3102298,BOSTON,05-Apr-2012,00:00 AM,Non-fatal injury,2,1,0,Angle,V1: Overtaking/passing / V2:Slowing or stopped in traffic,V1:Not reported / V2:Not reported ,V1: Collision with motor vehicle in traffic / V2: Collision with motor vehicle in traffic ,V1: Passenger car / V2:Passenger car,Dry,Dark - lighted roadway,Clear,MASSACHUSETTS AVENUE / ALBANY STREET,,,,,,235158.7194,898212.7833
3018142,BOSTON,05-Apr-2012,8:10 AM,Non-fatal injury,4,4,0,Rear-end,V1: Slowing or stopped in traffic / V2:Slowing or stopped in traffic / V3:Slowing or stopped in traffic / V4:Travelling straight ahead,V1:Eastbound / V2:Westbound / V3:Westbound / V4:Westbound ,V1: Collision with motor vehicle in traffic / V2: Collision with motor vehicle in traffic / V3: Collision with motor vehicle in traffic / V4: Collision with motor vehicle in traffic ,V1: Passenger car / V2:Passenger car / V3:Passenger car / V4:Passenger car,Dry,Daylight,Clear,,Rte 90 W,,,,,228154.8166,900866.0695
3027179,BOSTON,05-Apr-2012,8:15 AM,Non-fatal injury,2,1,0,Rear-end,V1: Slowing or stopped in traffic / V2:Slowing or stopped in traffic,V1:Northbound / V2:Northbound ,V1: Collision with motor vehicle in traffic / V2: Collision with motor vehicle in traffic ,"V1: Passenger car / V2:Light truck(van, mini-van, panel, pickup, sport utility) with only four tires",Dry,Daylight,Clear,,Rte 93 N,,Exit 23 on Rte 93 N,,,236957.4837,900943.9828
3089876,BOSTON,05-Apr-2012,8:50 AM,Non-fatal injury,1,1,0,Single vehicle crash,V1: Parked,V1:Not reported ,V1: Not reported ,V1: Not reported,Dry,Daylight,Clear,,916 COMMONWEALTH AVENUE,,,,"P2:Pedalcyclist (bicycle, tricycle, unicycle, pedal car)",231563.006,900144.8647
3050054,BOSTON,05-Apr-2012,11:12 AM,Property damage only (none injured),2,0,0,"Sideswipe, same direction",V1: Changing lanes / V2:Travelling straight ahead,V1:Northbound / V2:Northbound ,V1: Collision with motor vehicle in traffic / V2: Collision with motor vehicle in traffic ,"V1: Passenger car / V2:Light truck(van, mini-van, panel, pickup, sport utility) with only four tires",Dry,Daylight,Clear,,Rte 93 N / Rte 90,,,,,236330.5725,899646.3282
3244255,BOSTON,05-Apr-2012,11:17 AM,Property damage only (none injured),2,0,0,"Sideswipe, same direction",V1: Travelling straight ahead / V2:Travelling straight ahead,V1:Southbound / V2:Southbound ,V1: Collision with motor vehicle in traffic / V2: Collision with motor vehicle in traffic ,V1: Truck/trailer / V2:Passenger car,Dry,Daylight,Clear,,Rte 1 S,,,TOBIN BRIDGE TOLL PLAZA,,237031.1375,903581.2631
3380302,BOSTON,05-Apr-2012,12:50 PM,Property damage only (none injured),2,0,0,Rear-end,V1: Travelling straight ahead / V2:Slowing or stopped in traffic,V1:Westbound / V2:Westbound ,V1: Collision with motor vehicle in traffic / V2: Collision with motor vehicle in traffic ,"V1: Passenger car / V2:Light truck(van, mini-van, panel, pickup, sport utility) with only four tires",Dry,Daylight,Clear,,MASSACHUSETTS AVENUE CONNECTOR / MASSACHUSETTS AVENUE CONNECTOR,,,MASS AVE CONNECTOR,,235344.1765,898206.3582
3023835,BOSTON,05-Apr-2012,3:16 PM,Property damage only (none injured),2,0,0,"Sideswipe, same direction",V1: Entering traffic lane / V2:Entering traffic lane,V1:Northbound / V2:Northbound ,V1: Collision with motor vehicle in traffic / V2: Collision with motor vehicle in traffic ,"V1: Passenger car / V2:Light truck(van, mini-van, panel, pickup, sport utility) with only four tires",Dry,Daylight,Not Reported,Rte 93 N / RAMP - RT 3A NB TO RT 93 NB Rte 3A N,,,,NEPONSET CIRCLE RAMP,,237634.4299,893472.9536
3013880,BOSTON,05-Apr-2012,3:30 PM,Property damage only (none injured),2,0,0,Angle,V1: Travelling straight ahead / V2:Travelling straight ahead,V1:Northbound / V2:Westbound ,V1: Collision with motor vehicle in traffic / V2: Collision with motor vehicle in traffic ,V1: Passenger car / V2:Passenger car,Dry,Daylight,Clear,CHARLESGATE EAST / BEACON STREET,,,,,,233644.865,900055.8984
3013917,BOSTON,05-Apr-2012,3:41 PM,Non-fatal injury,2,2,0,Angle,V1: Travelling straight ahead / V2:Travelling straight ahead,V1:Eastbound / V2:Southbound ,V1: Collision with motor vehicle in traffic / V2: Collision with motor vehicle in traffic ,V1: Passenger car / V2:Passenger car,Dry,Daylight,Clear,,TRUMAN HIGHWAY / DANA AVENUE,,,,,231159.8029,888909.0317
3022068,BOSTON,05-Apr-2012,3:42 PM,Property damage only (none injured),3,0,0,Rear-end,V1: Slowing or stopped in traffic / V2:Slowing or stopped in traffic / V3:Changing lanes,V1:Southbound / V2:Southbound / V3:Southbound ,V1: Collision with motor vehicle in traffic / V2: Collision with motor vehicle in traffic / V3: Collision with motor vehicle in traffic ,"V1: Passenger car / V2:Light truck(van, mini-van, panel, pickup, sport utility) with only four tires / V3:Light truck(van, mini-van, panel, pickup, sport utility) with only four tires",Dry,Daylight,Cloudy,,Rte 93 S,,Exit 24B on Rte 93 S,,,236397.1933,901565.6511
3380303,BOSTON,05-Apr-2012,6:25 PM,Property damage only (none injured),2,0,0,Rear-end,V1: Travelling straight ahead / V2:Travelling straight ahead,V1:Northbound / V2:Northbound ,V1: Collision with motor vehicle in traffic / V2: Collision with motor vehicle in traffic ,V1: Passenger car / V2:Passenger car,Dry,Daylight,Cloudy,,Rte 93 N,,,ZAKIM BRIDGE,,235964.5334,902146
3046132,BOSTON,05-Apr-2012,6:46 PM,Non-fatal injury,3,3,0,Rear-end,V1: Slowing or stopped in traffic / V2:Slowing or stopped in traffic / V3:Slowing or stopped in traffic,V1:Southbound / V2:Southbound / V3:Southbound ,V1: Collision with motor vehicle in traffic / V2: Collision with motor vehicle in traffic / V3: Collision with motor vehicle in traffic ,V1: Passenger car / V2:Passenger car / V3:Passenger car,Dry,Dusk,Not Reported,,Rte 93 S,,Exit 15 on Rte 93 S,,,236629.6253,897168.5001
3022069,BOSTON,05-Apr-2012,6:52 PM,Non-fatal injury,3,1,0,Angle,V1: Changing lanes / V2:Travelling straight ahead / V3:Travelling straight ahead,V1:Southbound / V2:Southbound / V3:Southbound ,V1: Collision with motor vehicle in traffic / V2: Collision with motor vehicle in traffic / V3: Collision with motor vehicle in traffic ,"V1: Passenger car / V2:Light truck(van, mini-van, panel, pickup, sport utility) with only four tires / V3:Passenger car",Dry,Daylight,Cloudy,,Rte 93 S,,Exit 26 on Rte 93 S,,,234851.4113,903728.5151
3043544,BOSTON,05-Apr-2012,7:15 PM,Property damage only (none injured),2,0,0,Angle,V1: Travelling straight ahead / V2:Travelling straight ahead,V1:Eastbound / V2:Southbound ,V1: Not reported / V2: Not reported ,"V1: Passenger car / V2:Bus (seats for more than 15 people, including driver)",Dry,Daylight,Clear,DEVONSHIRE STREET / WATER STREET,,,,,,236467.9936,900881.4077