Crash Number,City/Town Name,Crash Date,Crash Time,Crash Severity,Number of Vehicles,Total Nonfatal Injuries,Total Fatal Injuries,Manner of Collision,Vehicle Action Prior to Crash,Vehicle Travel Directions,Most Harmful Events,Vehicle Configuration,Road Surface Condition,Ambient Light,Weather Condition,At Roadway Intersection,Distance from Nearest Roadway Intersection,Distance from Nearest Milemarker,Distance from Nearest Exit,Distance from Nearest Landmark,Non Motorist Type,X Coordinate,Y Coordinate
3028928,BOSTON,06-Apr-2012,8:54 AM,Property damage only (none injured),2,0,0,Rear-end,V1: Slowing or stopped in traffic / V2:Travelling straight ahead,V1:Eastbound / V2:Eastbound ,V1: Collision with motor vehicle in traffic / V2: Collision with motor vehicle in traffic ,"V1: Light truck(van, mini-van, panel, pickup, sport utility) with only four tires / V2:Passenger car",Dry,Daylight,Clear,,SOLDIERS FIELD ROAD / NORTH HARVARD STREET,,,,,230992.3482,902048.2872
3077731,BOSTON,06-Apr-2012,9:12 AM,Property damage only (none injured),2,0,0,"Sideswipe, opposite direction",V1: Travelling straight ahead / V2:Travelling straight ahead,V1:Northbound / V2:Eastbound ,V1: Collision with motor vehicle in traffic / V2: Collision with motor vehicle in traffic ,"V1: Light truck(van, mini-van, panel, pickup, sport utility) with only four tires / V2:Light truck(van, mini-van, panel, pickup, sport utility) with only four tires",Dry,Daylight,Clear/Clear,BERKELEY STREET / BACK STREET,,,,,,235009.6998,900623.457
3027188,BOSTON,06-Apr-2012,10:58 AM,Property damage only (none injured),2,0,0,Rear-end,V1: Slowing or stopped in traffic / V2:Travelling straight ahead,V1:Northbound / V2:Northbound ,V1: Collision with motor vehicle in traffic / V2: Collision with motor vehicle in traffic ,V1: Passenger car / V2:Passenger car,Dry,Daylight,Clear,,Rte 93 N,,Exit 16 on Rte 93 N,,,236403.9842,897524.312
3380304,BOSTON,06-Apr-2012,12:40 PM,Property damage only (none injured),2,0,0,Rear-end,V1: Travelling straight ahead / V2:Slowing or stopped in traffic,V1:Southbound / V2:Southbound ,V1: Collision with motor vehicle in traffic / V2: Collision with motor vehicle in traffic ,"V1: Passenger car / V2:Light truck(van, mini-van, panel, pickup, sport utility) with only four tires",Dry,Daylight,Cloudy,,SUMNER TUNNEL / RAMP - SUMNER TUNNEL TO MARKET STREET,,,,,237318.5421,902028.8857
3018337,BOSTON,06-Apr-2012,1:11 PM,Property damage only (none injured),2,0,0,"Sideswipe, same direction",V1: Travelling straight ahead / V2:Changing lanes,V1:Southbound / V2:Southbound ,V1: Collision with motor vehicle in traffic / V2: Collision with motor vehicle in traffic ,V1: Single-unit truck (3-or-more axles) / V2:Passenger car,Dry,Daylight,Clear,,MASSACHUSETTS AVENUE CONNECTOR / MASSACHUSETTS AVENUE,,,,,,
3024032,BOSTON,06-Apr-2012,4:00 PM,Property damage only (none injured),1,0,0,Single vehicle crash,V1: Travelling straight ahead,V1:Eastbound ,V1: Collision with overhead sign support ,"V1: Single-unit truck (2-axle, 6-tire)",Dry,Daylight,Clear,SOLDIERS FIELD ROAD / NORTH HARVARD STREET,,,,,,230992.3482,902048.2872
3020037,BOSTON,06-Apr-2012,4:25 PM,Property damage only (none injured),2,0,0,Rear-end,V1: Slowing or stopped in traffic / V2:Travelling straight ahead,V1:Southbound / V2:Southbound ,V1: Collision with motor vehicle in traffic / V2: Collision with motor vehicle in traffic ,"V1: Light truck(van, mini-van, panel, pickup, sport utility) with only four tires / V2:Passenger car",Dry,Daylight,Clear,,WILLIAM T MORRISSEY BOULEVARD / FREEPORT STREET,,,,,237175.0058,894654.1212
3013921,BOSTON,06-Apr-2012,5:45 PM,Non-fatal injury,2,2,0,Rear-end,V1: Slowing or stopped in traffic / V2:Travelling straight ahead,V1:Eastbound / V2:Eastbound ,V1: Collision with motor vehicle in traffic / V2: Collision with motor vehicle in traffic ,"V1: Light truck(van, mini-van, panel, pickup, sport utility) with only four tires / V2:Passenger car",Dry,Daylight,Clear,,CENTRE STREET / 1000,,,,,230969.5329,895117.1035
3038825,BOSTON,06-Apr-2012,6:12 PM,Property damage only (none injured),2,0,0,Rear-end,V1: Slowing or stopped in traffic / V2:Slowing or stopped in traffic,V1:Southbound / V2:Southbound ,V1: Collision with motor vehicle in traffic / V2: Collision with motor vehicle in traffic ,"V1: Passenger car / V2:Light truck(van, mini-van, panel, pickup, sport utility) with only four tires",Dry,Daylight,Clear,,Rte 93 S,,Exit 26 on Rte 93 S,,,234851.4113,903728.5151
3038687,BOSTON,06-Apr-2012,7:44 PM,Non-fatal injury,2,1,0,Rear-end,V1: Not reported / V2:Not reported,V1:Not reported / V2:Not reported ,V1: Not reported / V2: Not reported ,V1: Passenger car / V2:Passenger car,Dry,Dark - lighted roadway,Not Reported,,WILLIAM DAY BOULEVARD / BABE RUTH PARK DRIVE,,,@ MCCORMACK BATH HOUSE,,237199.2137,897419.1514
3052032,BOSTON (DORCHESTER),06-Apr-2012,9:51 PM,Not Reported,2,0,0,Not reported,V1: Not reported / V2:Not reported,V1:Southbound / V2:Not reported ,V1: Not reported / V2: Not reported ,V1: Passenger car / V2:Passenger car,Not reported,Not reported,Not Reported,,517 ADAMS STREET,,,,,236504.1887,893607.4236
3018143,BOSTON,06-Apr-2012,11:56 PM,Property damage only (none injured),2,0,0,Rear-end,V1: Slowing or stopped in traffic / V2:Slowing or stopped in traffic,V1:Southbound / V2:Southbound ,V1: Collision with motor vehicle in traffic / V2: Collision with motor vehicle in traffic ,V1: Passenger car / V2:Passenger car,Dry,Dark - lighted roadway,Clear,,Rte 93 S,,Exit 26 on Rte 93 S,,,234851.4113,903728.5151
3063197,BOSTON,07-Apr-2012,1:20 AM,Property damage only (none injured),2,0,0,"Sideswipe, same direction",V1: Travelling straight ahead / V2:Changing lanes,V1:Northbound / V2:Northbound ,V1: Collision with motor vehicle in traffic / V2: Collision with motor vehicle in traffic ,V1: Passenger car / V2:Passenger car,Dry,Dark - lighted roadway,Clear,,10 CHARLES STREET,,,,,235464.0718,900741.3342
3063199,BOSTON,07-Apr-2012,2:00 AM,Non-fatal injury,2,2,0,Rear-end,V1: Slowing or stopped in traffic / V2:Travelling straight ahead,V1:Not reported / V2:Not reported ,V1: Not reported / V2: Not reported ,V1: Passenger car / V2:Passenger car,Dry,Dark - lighted roadway,Clear,PURCHASE STREET / BROAD STREET,,,,,,,
3013964,BOSTON,07-Apr-2012,2:20 AM,Property damage only (none injured),1,0,0,Single vehicle crash,V1: Travelling straight ahead,V1:Eastbound ,V1: Collision with median barrier ,V1: Passenger car,Dry,Dark - lighted roadway,Not Reported,,RAMP - STORROW DRIVE TO LEVERETT CONNECT / EMBANKMENT ROAD Rte 28 N,,,93 NB OFFRAMP,,235580.9149,901853.7892
3052033,BOSTON (DORCHESTER),07-Apr-2012,2:30 AM,Non-fatal injury,2,2,0,"Sideswipe, opposite direction",V1: Travelling straight ahead / V2:Turning left,V1:Northbound / V2:Southbound ,V1: Collision with motor vehicle in traffic / V2: Collision with motor vehicle in traffic ,"V1: Passenger car / V2:Light truck(van, mini-van, panel, pickup, sport utility) with only four tires",Dry,Dark - lighted roadway,Clear,QUINCY STREET / COLUMBIA ROAD,,,,,,235432.4218,895739.2499
3774345,BOSTON,07-Apr-2012,2:56 AM,Non-fatal injury,2,3,0,Not reported,V1: Travelling straight ahead / V2:Parked,V1:Not reported / V2:Not reported ,V1: Collision with parked motor vehicle / V2: Collision with motor vehicle in traffic ,"V1: Passenger car / V2:Light truck(van, mini-van, panel, pickup, sport utility) with only four tires",Not reported,Not reported,Not Reported,,1854 COLUMBUS AVENUE,,,,,233115.7253,896572.4033
3242287,BOSTON,07-Apr-2012,3:00 AM,Not Reported,4,0,0,Unknown,V1: Not reported / V2:Not reported / V3:Not reported / V4:Not reported,V1:Not reported / V2:Not reported / V3:Not reported / V4:Not reported ,V1: Not reported / V2: Not reported / V3: Not reported / V4: Not reported ,V1: Not reported / V2:Not reported / V3:Not reported / V4:Not reported,Dry,Dark - lighted roadway,Clear,EXCHANGE PLACE / KILBY STREET,,,,,,236610.5164,900955.9892
3028929,BOSTON,07-Apr-2012,1:24 PM,Property damage only (none injured),3,0,0,Rear-end,V1: Slowing or stopped in traffic / V2:Slowing or stopped in traffic / V3:Travelling straight ahead,V1:Southbound / V2:Southbound / V3:Southbound ,V1: Collision with motor vehicle in traffic / V2: Collision with motor vehicle in traffic / V3: Collision with motor vehicle in traffic ,"V1: Passenger car / V2:Light truck(van, mini-van, panel, pickup, sport utility) with only four tires / V3:Passenger car",Dry,Daylight,Clear,,Rte 93 S,,Exit 15 on Rte 93 S,,,236629.6253,897168.5001
3013899,BOSTON,07-Apr-2012,1:45 PM,Property damage only (none injured),2,0,0,Rear-end,V1: Changing lanes / V2:Slowing or stopped in traffic,V1:Northbound / V2:Northbound ,V1: Collision with motor vehicle in traffic / V2: Collision with motor vehicle in traffic ,"V1: Light truck(van, mini-van, panel, pickup, sport utility) with only four tires / V2:Light truck(van, mini-van, panel, pickup, sport utility) with only four tires",Dry,Daylight,Clear,,Rte 93 N,,Exit 15 on Rte 93 N,,,236950.5387,896542.3648
3017759,BOSTON,07-Apr-2012,2:21 PM,Property damage only (none injured),3,0,0,Rear-end,V1: Slowing or stopped in traffic / V2:Travelling straight ahead / V3:Travelling straight ahead,V1:Northbound / V2:Northbound / V3:Northbound ,V1: Collision with motor vehicle in traffic / V2: Collision with motor vehicle in traffic / V3: Collision with motor vehicle in traffic ,"V1: Light truck(van, mini-van, panel, pickup, sport utility) with only four tires / V2:Light truck(van, mini-van, panel, pickup, sport utility) with only four tires / V3:Passenger car",Dry,Daylight,Cloudy,,Rte 93 N,,Exit 18 on Rte 93 N,,,236105.114,897951.9569
3380305,BOSTON,07-Apr-2012,3:52 PM,Non-fatal injury,3,1,0,Rear-end,V1: Travelling straight ahead / V2:Slowing or stopped in traffic / V3:Slowing or stopped in traffic,V1:Northbound / V2:Northbound / V3:Northbound ,V1: Collision with motor vehicle in traffic / V2: Collision with motor vehicle in traffic / V3: Collision with motor vehicle in traffic ,"V1: Passenger car / V2:Light truck(van, mini-van, panel, pickup, sport utility) with only four tires / V3:Light truck(van, mini-van, panel, pickup, sport utility) with only four tires",Dry,Daylight,Clear,,Rte 93 N / RAMP - RT 90 TO RT 93 NB,,,AREA RAMP D MERGE,,236582.128,900208.6566
3380389,BOSTON,07-Apr-2012,7:47 PM,Non-fatal injury,1,1,0,Single vehicle crash,V1: Travelling straight ahead,V1:Northbound ,V1: Collision with median barrier ,V1: Passenger car,Dry,Dark - lighted roadway,Clear,,Rte 93,,Exit 23 on Rte 93,PRIOR TO EXIT 23,,236957.4837,900943.9828
3080434,BOSTON,07-Apr-2012,9:00 PM,Non-fatal injury,2,2,0,Angle,V1: Not reported / V2:Not reported,V1:Not reported / V2:Not reported ,V1: Not reported / V2: Not reported ,V1: Passenger car / V2:Passenger car,Dry,Dark - lighted roadway,Clear,HUMBOLDT AVENUE / HOMESTEAD STREET,,,,,,233759.1562,895793.6248
3033161,BOSTON,08-Apr-2012,2:38 AM,Non-fatal injury,2,2,0,"Sideswipe, same direction",V1: Overtaking/passing / V2:Travelling straight ahead,V1:Northbound / V2:Northbound ,V1: Collision with motor vehicle in traffic / V2: Collision with motor vehicle in traffic ,V1: Passenger car / V2:Passenger car,Dry,Dark - lighted roadway,Clear,,MAURICE TOBIN BRIDGE Rte 1 N,,,TOBIN BRIDGE,,237259.4994,903919.0627
3046047,BOSTON,08-Apr-2012,11:28 AM,Property damage only (none injured),3,0,0,"Sideswipe, same direction",V1: Travelling straight ahead / V2:Parked / V3:Parked,V1:Eastbound / V2:Eastbound / V3:Eastbound ,V1: Collision with motor vehicle in traffic / V2: Collision with motor vehicle in traffic / V3: Collision with motor vehicle in traffic ,V1: Passenger car / V2:Passenger car / V3:Passenger car,Dry,Daylight,Clear,COLUMBIA ROAD / DORCHESTER AVENUE,,,,,,236535.6564,896787.6252
3567740,BOSTON (DORCHESTER),08-Apr-2012,7:00 PM,Property damage only (none injured),2,0,0,Angle,V1: Turning right / V2:Travelling straight ahead,V1:Eastbound / V2:Northbound ,V1: Collision with motor vehicle in traffic / V2: Collision with motor vehicle in traffic ,"V1: Passenger car / V2:Bus (seats for more than 15 people, including driver)",Dry,Dusk,Clear/Clear,GENEVA AVENUE / CORONA STREET,,,,,,235587.3751,894660.9999
3018144,BOSTON,08-Apr-2012,9:04 PM,Property damage only (none injured),1,0,0,Single vehicle crash,V1: Travelling straight ahead,V1:Westbound ,V1: Collision with curb ,V1: Passenger car,Dry,Dark - lighted roadway,Clear,,Rte 90 W,,,,,232416.2369,899910.03
3050831,BOSTON (DORCHESTER),09-Apr-2012,2:50 AM,Property damage only (none injured),1,0,0,Single vehicle crash,V1: Travelling straight ahead,V1:Southbound ,"V1: Collision with other fixed object (wall, building, tunnel, etc.) ",V1: Passenger car,Dry,Dark - lighted roadway,Clear,TALBOT AVENUE / DORCHESTER AVENUE,,,,,,235935.2007,892897.3591
3052630,BOSTON (DORCHESTER),09-Apr-2012,7:34 AM,Non-fatal injury,2,1,0,Angle,V1: Not reported / V2:Not reported,V1:Not reported / V2:Not reported ,V1: Not reported / V2: Not reported ,V1: Passenger car / V2:Other,Dry,Daylight,Clear,DORCHESTER AVENUE / SUDAN STREET,,,,,,236544.6717,896365.5626
3046133,BOSTON,09-Apr-2012,8:03 AM,Property damage only (none injured),2,0,0,Rear-end,V1: Slowing or stopped in traffic / V2:Travelling straight ahead,V1:Northbound / V2:Northbound ,V1: Collision with motor vehicle in traffic / V2: Collision with motor vehicle in traffic ,V1: Passenger car / V2:Passenger car,Dry,Daylight,Clear,,Rte 93,,Exit 11 on Rte 93,,,237094.7253,891674.8051
3351018,BOSTON (HYDE PARK),09-Apr-2012,8:33 AM,Property damage only (none injured),2,0,0,"Sideswipe, same direction",V1: Travelling straight ahead / V2:Slowing or stopped in traffic,V1:Northbound / V2:Northbound ,V1: Collision with motor vehicle in traffic / V2: Collision with motor vehicle in traffic ,"V1: Passenger car / V2:Bus (seats for more than 15 people, including driver)",Dry,Daylight,Clear/Clear,,30 feet N from Intersection HYDE PARK AVENUE / NORTHBOURNE ROAD,,,,,231509.9062,893492.4983
3038222,BOSTON,09-Apr-2012,12:01 PM,Property damage only (none injured),2,0,0,Angle,V1: Travelling straight ahead / V2:Travelling straight ahead,V1:Northbound / V2:Westbound ,V1: Collision with motor vehicle in traffic / V2: Collision with motor vehicle in traffic ,V1: Passenger car / V2:Passenger car,Dry,Daylight,Clear,CHARLESGATE EAST / BEACON STREET,,,,,,233644.865,900055.8984
3041230,BOSTON,09-Apr-2012,12:10 PM,Non-fatal injury,2,2,0,Angle,V1: Turning left / V2:Travelling straight ahead,V1:Westbound / V2:Westbound ,V1: Collision with motor vehicle in traffic / V2: Collision with motor vehicle in traffic ,"V1: Light truck(van, mini-van, panel, pickup, sport utility) with only four tires / V2:Passenger car",Dry,Daylight,Clear,,SOLDIERS FIELD ROAD,,,WEST OF ELIOT INTERCHANGE,,230452.1394,902468.3484
3049846,BOSTON,09-Apr-2012,1:10 PM,Property damage only (none injured),2,0,0,"Sideswipe, same direction",V1: Changing lanes / V2:Travelling straight ahead,V1:Westbound / V2:Westbound ,V1: Collision with motor vehicle in traffic / V2: Collision with motor vehicle in traffic ,"V1: Light truck(van, mini-van, panel, pickup, sport utility) with only four tires / V2:Motorcycle",Dry,Daylight,Not Reported,STORROW DRIVE / DAVID G MUGAR WAY,,,,,,235140.5767,900710.6152
3043550,BOSTON (HYDE PARK),09-Apr-2012,2:17 PM,Non-fatal injury,2,3,0,Rear-end,V1: Slowing or stopped in traffic / V2:Travelling straight ahead,V1:Southbound / V2:Southbound ,V1: Collision with other movable object / V2: Collision with other movable object ,"V1: Bus (seats for more than 15 people, including driver) / V2:Passenger car",Dry,Daylight,Clear/Clear,HYDE PARK AVENUE / CUMMINS HIGHWAY,,,,,,231428.7354,892236.6369
3017762,BOSTON,09-Apr-2012,6:30 PM,Non-fatal injury,3,1,0,Rear-end,V1: Slowing or stopped in traffic / V2:Slowing or stopped in traffic / V3:Travelling straight ahead,V1:Northbound / V2:Northbound / V3:Northbound ,V1: Collision with motor vehicle in traffic / V2: Collision with motor vehicle in traffic / V3: Collision with motor vehicle in traffic ,"V1: Passenger car / V2:Light truck(van, mini-van, panel, pickup, sport utility) with only four tires / V3:Passenger car",Dry,Daylight,Cloudy,,Rte 93 N,,Exit 13 on Rte 93 N,,,237394.3029,894142.3759
3020035,BOSTON,09-Apr-2012,7:44 PM,Property damage only (none injured),2,0,0,Rear-end,V1: Parked / V2:Travelling straight ahead,V1:Eastbound / V2:Eastbound ,V1: Collision with motor vehicle in traffic / V2: Other ,V1: Passenger car / V2:Passenger car,Dry,Dark - roadway not lighted,Clear,,Rte 90 E,,,,,228164.3301,900848.8102
3386784,BOSTON,09-Apr-2012,9:54 PM,Property damage only (none injured),2,0,0,Rear-end,V1: Travelling straight ahead / V2:Not reported,V1:Eastbound / V2:Not reported ,V1: Collision with motor vehicle in traffic / V2: Not reported ,"V1: Light truck(van, mini-van, panel, pickup, sport utility) with only four tires / V2:Not reported",Dry,Dark - roadway not lighted,Cloudy,,EAST BOSTON EXPRESSWAY Rte 1A E / PORTER STREET,,,CALLAHAN TUNNEL,,238144.1474,902669.3547
3055533,BOSTON,10-Apr-2012,2:01 AM,Non-fatal injury,1,1,0,Single vehicle crash,V1: Parked,V1:Not reported ,"V1: Collision with cyclist (bicycle, tricycle, unicycle, pedal car) ",V1: Passenger car,Dry,Daylight,Clear,,DORCHESTER STREET / SUMMER STREET,,,,"P2:Pedalcyclist (bicycle, tricycle, unicycle, pedal car)",,
3049851,BOSTON,10-Apr-2012,6:53 AM,Property damage only (none injured),3,0,0,Rear-end,V1: Slowing or stopped in traffic / V2:Slowing or stopped in traffic / V3:Travelling straight ahead,V1:Northbound / V2:Northbound / V3:Northbound ,V1: Collision with motor vehicle in traffic / V2: Collision with motor vehicle in traffic / V3: Collision with motor vehicle in traffic ,"V1: Passenger car / V2:Light truck(van, mini-van, panel, pickup, sport utility) with only four tires / V3:Light truck(van, mini-van, panel, pickup, sport utility) with only four tires",Dry,Daylight,Clear,,Rte 93 N,,Exit 14 on Rte 93 N,HOV LANE,,237258.9796,894483.3974
3027180,BOSTON,10-Apr-2012,9:08 AM,Property damage only (none injured),3,0,0,Rear-end,V1: Travelling straight ahead / V2:Slowing or stopped in traffic / V3:Slowing or stopped in traffic,V1:Southbound / V2:Southbound / V3:Southbound ,V1: Collision with motor vehicle in traffic / V2: Collision with motor vehicle in traffic / V3: Collision with motor vehicle in traffic ,"V1: Light truck(van, mini-van, panel, pickup, sport utility) with only four tires / V2:Light truck(van, mini-van, panel, pickup, sport utility) with only four tires / V3:Passenger car",Dry,Daylight,Clear,,Rte 93 S,,Exit 24 on Rte 93 S,,,236397.1933,901565.6511
3073552,BOSTON (DORCHESTER),10-Apr-2012,11:20 AM,Non-fatal injury,2,2,0,Angle,V1: Turning right / V2:Not reported,V1:Eastbound / V2:Eastbound ,V1: Collision with motor vehicle in traffic / V2: Not reported ,"V1: Passenger car / V2:Bus (seats for more than 15 people, including driver)",Dry,Daylight,Clear/Unknown,,855 MORTON STREET / HANNON STREET,,,,,234147.0069,892377.4768
3055535,BOSTON,10-Apr-2012,12:00 PM,Property damage only (none injured),2,0,0,Rear-end,V1: Parked / V2:Turning right,V1:Northbound / V2:Northbound ,V1: Collision with motor vehicle in traffic / V2: Collision with motor vehicle in traffic ,"V1: Light truck(van, mini-van, panel, pickup, sport utility) with only four tires / V2:Not reported",Dry,Daylight,Clear,,82 DECATUR STREET,,,,,237891.7562,902544.3081
3055531,BOSTON,10-Apr-2012,12:15 PM,Non-fatal injury,1,1,0,Not reported,V1: Not reported,V1:Not reported ,V1: Not reported ,V1: Passenger car,Not reported,Not reported,Not Reported,,SURFACE ARTERY / CENTRAL STREET,,,,P2:Pedestrian,,
3036185,BOSTON,10-Apr-2012,1:04 PM,Non-fatal injury,4,3,0,Rear-end,V1: Travelling straight ahead / V2:Slowing or stopped in traffic / V3:Slowing or stopped in traffic / V4:Slowing or stopped in traffic,V1:Westbound / V2:Westbound / V3:Westbound / V4:Westbound ,V1: Collision with motor vehicle in traffic / V2: Collision with motor vehicle in traffic / V3: Collision with motor vehicle in traffic / V4: Collision with motor vehicle in traffic ,"V1: Passenger car / V2:Light truck(van, mini-van, panel, pickup, sport utility) with only four tires / V3:Passenger car / V4:Light truck(van, mini-van, panel, pickup, sport utility) with only four tires",Dry,Daylight,Clear,,CHARLES STREET CIRCLE / LONGFELLOW BRIDGE Rte 3 S,,,,,235343.5638,901254.5876
3246025,BOSTON,10-Apr-2012,2:16 PM,Property damage only (none injured),2,0,0,Rear-end,V1: Travelling straight ahead / V2:Travelling straight ahead,V1:Southbound / V2:Southbound ,V1: Collision with motor vehicle in traffic / V2: Not reported ,V1: Passenger car / V2:Passenger car,Dry,Daylight,Clear,DORCHESTER AVENUE / ALGER STREET,,,,,,236508.6873,898138.9376
3102305,BOSTON (WEST BOSTON),10-Apr-2012,7:16 PM,Property damage only (none injured),2,0,0,Rear-end,V1: Slowing or stopped in traffic / V2:Travelling straight ahead,V1:Northbound / V2:Northbound ,V1: Collision with motor vehicle in traffic / V2: Collision with motor vehicle in traffic ,"V1: Passenger car / V2:Light truck(van, mini-van, panel, pickup, sport utility) with only four tires",Dry,Dark - lighted roadway,Clear,,319 BOSTON STREET,,,DAIRY QUEEN,,,
3386785,BOSTON,11-Apr-2012,6:50 AM,Non-fatal injury,2,1,0,Rear-end,V1: Travelling straight ahead / V2:Travelling straight ahead,V1:Southbound / V2:Southbound ,V1: Collision with motor vehicle in traffic / V2: Collision with motor vehicle in traffic ,V1: Passenger car / V2:Passenger car,Dry,Daylight,Clear,,MAURICE TOBIN BRIDGE Rte 1 S,,,TOBIN BRIDGE,,236880.0872,903353.0566
3038227,BOSTON,11-Apr-2012,7:46 AM,Non-fatal injury,1,1,0,Single vehicle crash,V1: Travelling straight ahead,V1:Southbound ,V1: Collision with pedestrian ,V1: Passenger car,Dry,Daylight,Clear,SOLDIERS FIELD ROAD / NORTH HARVARD STREET,,,,,P2:Pedestrian,230992.3482,902048.2872
3247128,BOSTON (ROXBURY),11-Apr-2012,1:33 PM,Non-fatal injury,2,1,0,Rear-end,V1: Slowing or stopped in traffic / V2:Travelling straight ahead,V1:Eastbound / V2:Eastbound ,V1: Collision with motor vehicle in traffic / V2: Collision with motor vehicle in traffic ,"V1: Passenger car / V2:Light truck(van, mini-van, panel, pickup, sport utility) with only four tires",Dry,Daylight,Clear,,100 ALLSTATE ROAD / SOUTHAMPTON STREET,,,,,235977.6834,897329.2205
3024758,BOSTON,11-Apr-2012,4:25 PM,Property damage only (none injured),3,0,0,Rear-end,V1: Slowing or stopped in traffic / V2:Slowing or stopped in traffic / V3:Travelling straight ahead,V1:Westbound / V2:Westbound / V3:Westbound ,V1: Collision with motor vehicle in traffic / V2: Collision with motor vehicle in traffic / V3: Collision with motor vehicle in traffic ,V1: Passenger car / V2:Passenger car / V3:Passenger car,Dry,Daylight,Clear,,Rte 90 W,,,,,231312.2051,900784.6587
3054592,BOSTON,12-Apr-2012,1:46 AM,Non-fatal injury,2,1,0,"Sideswipe, same direction",V1: Travelling straight ahead / V2:Travelling straight ahead,V1:Eastbound / V2:Eastbound ,V1: Collision with motor vehicle in traffic / V2: Collision with motor vehicle in traffic ,V1: Not reported / V2:Passenger car,Dry,Dark - lighted roadway,Clear,KNEELAND STREET / ATLANTIC AVENUE,,,,,,236497.41,899985.3463
3027191,BOSTON,12-Apr-2012,8:05 AM,Property damage only (none injured),2,0,0,Rear-end,V1: Turning right / V2:Slowing or stopped in traffic,V1:Southbound / V2:Southbound ,V1: Collision with motor vehicle in traffic / V2: Collision with motor vehicle in traffic ,"V1: Passenger car / V2:Light truck(van, mini-van, panel, pickup, sport utility) with only four tires",Dry,Daylight,Clear,,WILLIAM T MORRISSEY BOULEVARD / RAMP - RT 3A NB TO RT 93 NB Rte 3A N,,,,,237714.0812,893079.64
3099063,BOSTON,12-Apr-2012,12:20 PM,Not Reported,2,0,0,Not reported,V1: Not reported / V2:Not reported,V1:Not reported / V2:Not reported ,V1: Not reported / V2: Not reported ,"V1: Light truck(van, mini-van, panel, pickup, sport utility) with only four tires / V2:Passenger car",Not reported,Not reported,Not Reported,,645 BEACON STREET,,,,,233159.1417,899875.2254
3055036,BOSTON,12-Apr-2012,1:45 PM,Property damage only (none injured),2,0,0,"Sideswipe, same direction",V1: Turning right / V2:Turning right,V1:Westbound / V2:Westbound ,V1: Collision with motor vehicle in traffic / V2: Collision with motor vehicle in traffic ,V1: Passenger car / V2:Passenger car,Wet,Daylight,Rain/Rain,NEW CHARDON STREET / SURFACE ARTERY,,,,,,,
3027503,BOSTON,12-Apr-2012,2:55 PM,Fatal injury,2,1,1,Angle,V1: Turning left / V2:Travelling straight ahead,V1:Northbound / V2:Eastbound ,V1: Collision with motor vehicle in traffic / V2: Collision with motor vehicle in traffic ,"V1: Passenger car / V2:Light truck(van, mini-van, panel, pickup, sport utility) with only four tires",Dry,Daylight,Not Reported,,COLUMBIA ROAD / DORCHESTER AVENUE,,,,,236535.6564,896787.6252
3381416,BOSTON,12-Apr-2012,5:30 PM,Property damage only (none injured),3,0,0,Rear-end,V1: Slowing or stopped in traffic / V2:Slowing or stopped in traffic / V3:Travelling straight ahead,V1:Eastbound / V2:Eastbound / V3:Eastbound ,V1: Collision with motor vehicle in traffic / V2: Collision with motor vehicle in traffic / V3: Collision with motor vehicle in traffic ,"V1: Light truck(van, mini-van, panel, pickup, sport utility) with only four tires / V2:Light truck(van, mini-van, panel, pickup, sport utility) with only four tires / V3:Passenger car",Dry,Daylight,Cloudy,,STORROW DRIVE / RAMP - STORROW DRIVE TO CLARENDON STREET,,,STORROW DR AT COPLEY EXIT,,234471.4151,900438.4579
3027666,BOSTON,12-Apr-2012,5:46 PM,Non-fatal injury,1,2,0,Single vehicle crash,V1: Travelling straight ahead,V1:Westbound ,V1: Reported but invalid ,"V1: Light truck(van, mini-van, panel, pickup, sport utility) with only four tires",Wet,Daylight,Not Reported,,SOLDIERS FIELD ROAD / NORTH HARVARD STREET,,,,,230992.3482,902048.2872
3038680,BOSTON,12-Apr-2012,9:32 PM,Non-fatal injury,2,1,0,Single vehicle crash,V1: Changing lanes / V2:Changing lanes,V1:Northbound / V2:Northbound ,V1: Collision with guardrail / V2: Other ,V1: Not reported / V2:Passenger car,Dry,Dark - lighted roadway,Clear,,Rte 93 N,,Exit 28 on Rte 93 N,,,234953.5188,903173.3157
3380306,BOSTON,13-Apr-2012,00:00 AM,Property damage only (none injured),1,0,0,Single vehicle crash,V1: Turning right,V1:Southbound ,V1: Collision with median barrier ,V1: Passenger car,"Water (standing, moving)",Dark - lighted roadway,Clear,,LEVERETT CONNECTOR SOUTH,,,RAMP LCS,,235932.7518,901866.9687
3027193,BOSTON,13-Apr-2012,1:14 AM,Property damage only (none injured),1,0,0,Single vehicle crash,V1: Not reported,V1:Not reported ,V1: Not reported ,"V1: Light truck(van, mini-van, panel, pickup, sport utility) with only four tires",Dry,Dark - lighted roadway,Not Reported,GALLIVAN BOULEVARD / CLOVER STREET,,,,,,237537.7346,892795.6252