Crash Number,City/Town Name,Crash Date,Crash Time,Crash Severity,Number of Vehicles,Total Nonfatal Injuries,Total Fatal Injuries,Manner of Collision,Vehicle Action Prior to Crash,Vehicle Travel Directions,Most Harmful Events,Vehicle Configuration,Road Surface Condition,Ambient Light,Weather Condition,At Roadway Intersection,Distance from Nearest Roadway Intersection,Distance from Nearest Milemarker,Distance from Nearest Exit,Distance from Nearest Landmark,Non Motorist Type,X Coordinate,Y Coordinate
3027198,BOSTON,13-Apr-2012,2:10 AM,Property damage only (none injured),2,0,0,Rear-end,V1: Changing lanes / V2:Parked,V1:Southbound / V2:Southbound ,V1: Not reported / V2: Not reported ,"V1: Light truck(van, mini-van, panel, pickup, sport utility) with only four tires / V2:Passenger car",Dry,Dark - lighted roadway,Not Reported,,TRUMAN HIGHWAY / 775 DANA AVENUE,,,,,231210.6312,888958.8647
3208042,BOSTON,13-Apr-2012,2:18 AM,Non-fatal injury,2,1,0,Angle,V1: Other / V2:Travelling straight ahead,V1:Westbound / V2:Southbound ,V1: Collision with motor vehicle in traffic / V2: Collision with motor vehicle in traffic ,"V1: Passenger car / V2:Light truck(van, mini-van, panel, pickup, sport utility) with only four tires",Dry,Dark - lighted roadway,Clear,,COLUMBIA ROAD / QUINCY STREET,,,,,235432.4218,895739.2499
3081130,BOSTON (ROXBURY),13-Apr-2012,3:07 AM,Unknown,2,0,0,Angle,V1: Travelling straight ahead / V2:Travelling straight ahead,V1:Not reported / V2:Not reported ,V1: Unknown / V2: Unknown ,"V1: Passenger car / V2:Light truck(van, mini-van, panel, pickup, sport utility) with only four tires",Wet,Dark - lighted roadway,Rain/Rain,HARRISON AVENUE / EUSTIS STREET,,,,,,234541.8905,897925.3127
3030222,BOSTON,13-Apr-2012,9:05 AM,Non-fatal injury,2,1,0,Rear-end,V1: Travelling straight ahead / V2:Travelling straight ahead,V1:Eastbound / V2:Eastbound ,V1: Collision with motor vehicle in traffic / V2: Collision with motor vehicle in traffic ,V1: Passenger car / V2:Passenger car,Dry,Daylight,Clear,,STORROW DRIVE / CHARLESGATE WEST,,,BAYSTATE RD FOOTBRIDGE,,232894.4264,900122.0422
3052030,BOSTON,13-Apr-2012,10:15 AM,Non-fatal injury,1,2,0,Single vehicle crash,V1: Not reported,V1:Not reported ,V1: Not reported ,V1: Passenger car,Dry,Daylight,Clear/Clear,CONGRESS STREET / WATER STREET,,,,,P3:Pedestrian,236543.7747,900883.5489
3052732,BOSTON (DORCHESTER),13-Apr-2012,12:26 PM,Non-fatal injury,2,1,0,Single vehicle crash,V1: Travelling straight ahead / V2:Parked,V1:Southbound / V2:Not reported ,"V1: Collision with other fixed object (wall, building, tunnel, etc.) / V2: Collision with motor vehicle in traffic ","V1: Light truck(van, mini-van, panel, pickup, sport utility) with only four tires / V2:Passenger car",Dry,Daylight,Clear/Clear,,17 ROWELL STREET,,,,,235928.8859,895906.0604
3386787,BOSTON,13-Apr-2012,2:45 PM,Property damage only (none injured),4,0,0,Rear-end,V1: Slowing or stopped in traffic / V2:Slowing or stopped in traffic / V3:Slowing or stopped in traffic / V4:Slowing or stopped in traffic,V1:Northbound / V2:Northbound / V3:Northbound / V4:Northbound ,V1: Collision with motor vehicle in traffic / V2: Collision with motor vehicle in traffic / V3: Collision with motor vehicle in traffic / V4: Collision with motor vehicle in traffic ,"V1: Passenger car / V2:Light truck(van, mini-van, panel, pickup, sport utility) with only four tires / V3:Passenger car / V4:Light truck(van, mini-van, panel, pickup, sport utility) with only four tires",Dry,Daylight,Clear,,Rte 93 N / RAMP - BROADWAY TO RT 93 NB,,,INSIDE PORTAL,,236462.4317,899887.6612
3027181,BOSTON,13-Apr-2012,6:05 PM,Non-fatal injury,5,1,0,Rear-end,V1: Leaving traffic lane / V2:Travelling straight ahead / V3:Slowing or stopped in traffic / V4:Slowing or stopped in traffic / V5:Slowing or stopped in traffic,V1:Westbound / V2:Westbound / V3:Westbound / V4:Westbound / V5:Westbound ,V1: Collision with motor vehicle in traffic / V2: Collision with motor vehicle in traffic / V3: Collision with motor vehicle in traffic / V4: Collision with motor vehicle in traffic / V5: Collision with motor vehicle in traffic ,"V1: Light truck(van, mini-van, panel, pickup, sport utility) with only four tires / V2:Light truck(van, mini-van, panel, pickup, sport utility) with only four tires / V3:Passenger car / V4:Passenger car / V5:Light truck(van, mini-van, panel, pickup, sport utility) with only four tires",Dry,Daylight,Clear,,MASSACHUSETTS TURNPIKE Rte 90 W / COMMONWEALTH AVENUE,,,ABOUT 1/2 MILE BEFORE TOLL,,232030.9051,900114.7619
3039930,BOSTON,13-Apr-2012,6:35 PM,Property damage only (none injured),2,0,0,Rear-end,V1: Travelling straight ahead / V2:Changing lanes,V1:Southbound / V2:Southbound ,V1: Collision with motor vehicle in traffic / V2: Collision with motor vehicle in traffic ,"V1: Passenger car / V2:Single-unit truck (2-axle, 6-tire)",Dry,Daylight,Not Reported,,Rte 93 S,,Exit 15 on Rte 93,,,236629.6253,897168.5001
3380307,BOSTON,13-Apr-2012,7:53 PM,Property damage only (none injured),1,0,0,Single vehicle crash,V1: Travelling straight ahead,V1:Eastbound ,V1: Collision with median barrier ,V1: Passenger car,Dry,Dusk,Clear,,MASSACHUSETTS TURNPIKE Rte 90 E / TED WILLIAMS TUNNEL,,,TWT,,239051.4028,900924.2439
3050059,BOSTON,13-Apr-2012,11:00 PM,Non-fatal injury,2,1,0,"Sideswipe, same direction",V1: Travelling straight ahead / V2:Overtaking/passing,V1:Northbound / V2:Northbound ,V1: Collision with motor vehicle in traffic / V2: Collision with motor vehicle in traffic ,V1: Passenger car / V2:Passenger car,Dry,Dark - lighted roadway,Clear,,Rte 93 N,,Exit 13 on Rte 93 N,,,237420.1414,894076.5227
3048083,BOSTON,13-Apr-2012,11:50 PM,Property damage only (none injured),2,0,0,Angle,V1: Travelling straight ahead / V2:Travelling straight ahead,V1:Southbound / V2:Westbound ,V1: Collision with motor vehicle in traffic / V2: Collision with motor vehicle in traffic ,V1: Passenger car / V2:Passenger car,Dry,Dark - lighted roadway,Clear,,NORTH BEACON STREET / SOLDIERS FIELD ROAD,,,,,228076.4974,901010.8434
3030131,BOSTON,14-Apr-2012,9:30 AM,Non-fatal injury,2,2,0,Rear-end,V1: Slowing or stopped in traffic / V2:Slowing or stopped in traffic,V1:Westbound / V2:Westbound ,V1: Collision with motor vehicle in traffic / V2: Collision with motor vehicle in traffic ,V1: Passenger car / V2:Passenger car,Dry,Daylight,Clear,MORTON STREET / HARVARD STREET,,,,,,233493.5311,893100.9999
3038688,BOSTON,14-Apr-2012,11:15 AM,Non-fatal injury,1,1,0,Not reported,V1: Travelling straight ahead,V1:Southbound ,V1: Collision with pedestrian ,V1: Passenger car,Dry,Daylight,Clear,,WILLIAM T MORRISSEY BOULEVARD / COLUMBIA ROAD,,,JFK T STATION,,237021.6665,896785.8328
3048331,BOSTON,14-Apr-2012,11:20 AM,Property damage only (none injured),1,0,0,Unknown,V1: Turning left,V1:Southbound ,V1: Collision with curb ,"V1: Unknown heavy truck, cannot classify",Dry,Daylight,Clear,HAWLEY STREET / SUMMER STREET,,,,,,236269.7897,900594.5736
3047885,BOSTON,14-Apr-2012,12:25 PM,Property damage only (none injured),3,0,0,Rear-end,V1: Slowing or stopped in traffic / V2:Slowing or stopped in traffic / V3:Travelling straight ahead,V1:Northbound / V2:Northbound / V3:Northbound ,V1: Collision with motor vehicle in traffic / V2: Collision with motor vehicle in traffic / V3: Collision with motor vehicle in traffic ,V1: Passenger car / V2:Passenger car / V3:Passenger car,Dry,Daylight,Clear,WILLIAM T MORRISSEY BOULEVARD / FREEPORT STREET,,,,,,237175.7655,894558.6875
3027182,BOSTON,14-Apr-2012,12:39 PM,Property damage only (none injured),2,0,0,Angle,V1: Travelling straight ahead / V2:Travelling straight ahead,V1:Northbound / V2:Eastbound ,V1: Collision with motor vehicle in traffic / V2: Collision with motor vehicle in traffic ,V1: Passenger car / V2:Passenger car,Dry,Daylight,Cloudy,,FRONTAGE ROAD / BROADWAY,,,,,236165.6755,899351.7012
3046481,BOSTON,14-Apr-2012,2:09 PM,Property damage only (none injured),2,0,0,"Sideswipe, same direction",V1: Turning left / V2:Turning left,V1:Northbound / V2:Northbound ,V1: Collision with motor vehicle in traffic / V2: Collision with motor vehicle in traffic ,"V1: Bus (seats for more than 15 people, including driver) / V2:Passenger car",Dry,Daylight,Clear/Clear,ESSEX STREET Rte 1 E / ATLANTIC AVENUE,,,,,,,
3054603,BOSTON (BRIGHTON),14-Apr-2012,3:00 PM,Property damage only (none injured),2,0,0,Angle,V1: Turning left / V2:Travelling straight ahead,V1:Eastbound / V2:Eastbound ,"V1: Collision with railway vehicle (e.g., train, engine) / V2: Collision with motor vehicle in traffic ","V1: Light truck(van, mini-van, panel, pickup, sport utility) with only four tires / V2:Not reported",Dry,Daylight,Clear,COMMONWEALTH AVENUE / BOSTON UNIVERSITY BRIDGE,,,,,,232056.9154,900089.59
3389290,BOSTON,14-Apr-2012,3:45 PM,Non-fatal injury,4,1,0,Rear-end,V1: Entering traffic lane / V2:Entering traffic lane / V3:Not reported / V4:Travelling straight ahead,V1:Northbound / V2:Northbound / V3:Not reported / V4:Northbound ,V1: Collision with motor vehicle in traffic / V2: Collision with motor vehicle in traffic / V3: Not reported / V4: Collision with motor vehicle in traffic ,"V1: Passenger car / V2:Passenger car / V3:Passenger car / V4:Light truck(van, mini-van, panel, pickup, sport utility) with only four tires",Dry,Daylight,Cloudy,Rte 93 N / RAMP - RT 3A NB TO RT 93 NB Rte 3A N,,,,NEPONSET,,237634.4299,893472.9536
3027183,BOSTON,14-Apr-2012,5:12 PM,Property damage only (none injured),2,0,0,Rear-end,V1: Slowing or stopped in traffic / V2:Slowing or stopped in traffic,V1:Northbound / V2:Northbound ,V1: Collision with motor vehicle in traffic / V2: Collision with motor vehicle in traffic ,V1: Passenger car / V2:Passenger car,Dry,Daylight,Clear,,Rte 93 N,Rte 93  N Milemarker 16.8,,O'NEILL TUNNEL,,236728.1796,900415.9215
3038228,BOSTON,14-Apr-2012,5:15 PM,Property damage only (none injured),5,0,0,Rear-end,V1: Slowing or stopped in traffic / V2:Slowing or stopped in traffic / V3:Slowing or stopped in traffic / V4:Slowing or stopped in traffic / V5:Travelling straight ahead,V1:Northbound / V2:Northbound / V3:Northbound / V4:Northbound / V5:Northbound ,V1: Collision with motor vehicle in traffic / V2: Collision with motor vehicle in traffic / V3: Collision with motor vehicle in traffic / V4: Collision with motor vehicle in traffic / V5: Collision with motor vehicle in traffic ,"V1: Light truck(van, mini-van, panel, pickup, sport utility) with only four tires / V2:Passenger car / V3:Light truck(van, mini-van, panel, pickup, sport utility) with only four tires / V4:Passenger car / V5:Passenger car",Dry,Daylight,Clear,,Rte 93 N,,Exit 14 on Rte 93 N,,,237258.9796,894483.3974
3027194,BOSTON,14-Apr-2012,5:25 PM,Property damage only (none injured),2,0,0,Rear-end,V1: Travelling straight ahead / V2:Slowing or stopped in traffic,V1:Northbound / V2:Northbound ,V1: Collision with motor vehicle in traffic / V2: Collision with motor vehicle in traffic ,"V1: Passenger car / V2:Light truck(van, mini-van, panel, pickup, sport utility) with only four tires",Dry,Daylight,Clear,,Rte 93 N,,Exit 14 on Rte 93 N,,,237258.9796,894483.3974
3038689,BOSTON,14-Apr-2012,5:52 PM,Property damage only (none injured),1,0,0,Single vehicle crash,V1: Travelling straight ahead,V1:Northbound ,V1: Collision with median barrier ,V1: Passenger car,Dry,Daylight,Clear,,Rte 93 N,,Exit 14 on Rte 93 N,,,237258.9796,894483.3974
3038829,BOSTON,14-Apr-2012,6:12 PM,Non-fatal injury,2,1,0,Angle,V1: Travelling straight ahead / V2:Travelling straight ahead,V1:Northbound / V2:Westbound ,V1: Collision with motor vehicle in traffic / V2: Collision with motor vehicle in traffic ,V1: Passenger car / V2:Passenger car,Dry,Daylight,Clear,CHARLESGATE EAST / BEACON STREET,,,,,,233644.865,900055.8984
3077831,BOSTON,14-Apr-2012,6:16 PM,Not Reported,2,0,0,Not reported,V1: Not reported / V2:Not reported,V1:Not reported / V2:Not reported ,V1: Not reported / V2: Not reported ,V1: Passenger car / V2:Motorcycle,Not reported,Not reported,Not Reported,,331 NEWBURY STREET,,,,,234059.4971,899860.4969
3060494,BOSTON,14-Apr-2012,8:32 PM,Non-fatal injury,1,1,0,Angle,V1: Turning right,V1:Westbound ,"V1: Collision with cyclist (bicycle, tricycle, unicycle, pedal car) ",V1: Passenger car,Dry,Dark - lighted roadway,Not Reported,CHARLESGATE EAST / BEACON STREET,,,,,"P1:Pedalcyclist (bicycle, tricycle, unicycle, pedal car)",233644.865,900055.8984
3080436,BOSTON (ROXBURY),15-Apr-2012,1:35 AM,Not Reported,2,0,0,"Sideswipe, same direction",V1: Not reported / V2:Not reported,V1:Not reported / V2:Not reported ,V1: Not reported / V2: Not reported ,V1: Passenger car / V2:Passenger car,Dry,Dark - lighted roadway,Clear,,3 ABBOTSFORD STREET,,,,,233506.8472,896132.6612
3063338,BOSTON,15-Apr-2012,2:20 AM,Non-fatal injury,1,1,0,Single vehicle crash,V1: Leaving traffic lane,V1:Westbound ,V1: Collision with light pole or other post/support ,V1: Passenger car,Dry,Dark - lighted roadway,Clear,,WILLIAM DAY BOULEVARD / KOSCIUSZKO CIRCLE,,,,,237000,896933.5626
3049834,BOSTON,15-Apr-2012,2:34 AM,Not Reported,2,0,0,Rear-end,V1: Travelling straight ahead / V2:Not reported,V1:Eastbound / V2:Not reported ,V1: Collision with motor vehicle in traffic / V2: Not reported ,V1: Passenger car / V2:Not reported,Dry,Dark - lighted roadway,Cloudy,,EAST BOSTON EXPRESSWAY Rte 1A / CALLAHAN TUNNEL,,,,,238035.7765,902633.3468
3027184,BOSTON,15-Apr-2012,5:45 AM,Non-fatal injury,1,4,0,Single vehicle crash,V1: Turning left,V1:Eastbound ,V1: Collision with guardrail ,V1: Passenger car,Dry,Daylight,Clear,FRONTAGE ROAD / MASSACHUSETTS AVENUE CONNECTOR,,,,,,235865.0173,898419.1854
3038692,BOSTON,15-Apr-2012,10:50 AM,Property damage only (none injured),2,0,0,Rear-end,V1: Travelling straight ahead / V2:Slowing or stopped in traffic,V1:Westbound / V2:Westbound ,V1: Collision with motor vehicle in traffic / V2: Collision with motor vehicle in traffic ,V1: Passenger car / V2:Passenger car,Dry,Daylight,Clear,,ARBORWAY / MURRAY CIRCLE,,,CENTRE ST. ROTARY,,231216.1249,895485.9374
3052631,BOSTON,15-Apr-2012,11:17 AM,Property damage only (none injured),2,0,0,"Sideswipe, opposite direction",V1: Travelling straight ahead / V2:Travelling straight ahead,V1:Northbound / V2:Southbound ,V1: Collision with motor vehicle in traffic / V2: Collision with motor vehicle in traffic ,V1: Passenger car / V2:Passenger car,Dry,Daylight,Cloudy/Cloudy,,2 RICHFIELD STREET,,,,,235234.0037,895518.2945
3044450,BOSTON,15-Apr-2012,1:04 PM,Non-fatal injury,1,1,0,Single vehicle crash,V1: Travelling straight ahead,V1:Eastbound ,V1: Collision with pedestrian ,V1: Passenger car,Dry,Daylight,Clear,WILLIAM DAY BOULEVARD / COLUMBIA ROAD / G STREET,,,,,"P2:Other non-motorist (wheelchair, etc.)",237574.4593,897847.2389
3080738,BOSTON,15-Apr-2012,2:35 PM,Non-fatal injury,1,1,0,Single vehicle crash,V1: Turning left,V1:Southbound ,V1: Collision with pedestrian ,V1: Passenger car,Dry,Daylight,Clear/Clear,TREMONT STREET / UNION PARK,,,,,P2:Pedestrian,235241.5467,899323.1874
3052730,BOSTON (DORCHESTER),15-Apr-2012,2:42 PM,Non-fatal injury,2,2,0,Rear-end,V1: Travelling straight ahead / V2:Travelling straight ahead,V1:Southbound / V2:Southbound ,V1: Collision with motor vehicle in traffic / V2: Collision with motor vehicle in traffic ,V1: Passenger car / V2:Passenger car,Dry,Daylight,Clear/Clear,,DORCHESTER AVENUE / THORNLEY STREET,,,,,236521.5155,896035.2499
3116442,BOSTON,15-Apr-2012,6:08 PM,Not Reported,2,0,0,Head-on,V1: Travelling straight ahead / V2:Turning left,V1:Southbound / V2:Westbound ,V1: Not reported / V2: Not reported ,"V1: Light truck(van, mini-van, panel, pickup, sport utility) with only four tires / V2:MOPED",Dry,Daylight,Not Reported,MORTON STREET / HARVARD STREET,,,,,,233493.5311,893100.9999
3030221,BOSTON,15-Apr-2012,6:23 PM,Property damage only (none injured),2,0,0,"Sideswipe, same direction",V1: Travelling straight ahead / V2:Turning right,V1:Southbound / V2:Southbound ,V1: Collision with motor vehicle in traffic / V2: Collision with motor vehicle in traffic ,V1: Passenger car / V2:Passenger car,Dry,Daylight,Not Reported,,CHARLESGATE WEST / BEACON STREET,,,,,233543.9754,900022.1832
3033062,BOSTON,15-Apr-2012,11:37 PM,Property damage only (none injured),2,0,0,Angle,V1: Travelling straight ahead / V2:Travelling straight ahead,V1:Eastbound / V2:Westbound ,V1: Collision with motor vehicle in traffic / V2: Collision with motor vehicle in traffic ,"V1: Passenger car / V2:Light truck(van, mini-van, panel, pickup, sport utility) with only four tires",Dry,Dark - lighted roadway,Clear,,CHARLESGATE WEST / COMMONWEALTH AVENUE,,,,,233546.2737,899931.2545
3027200,BOSTON,16-Apr-2012,1:05 AM,Property damage only (none injured),1,0,0,Single vehicle crash,V1: Travelling straight ahead,V1:Northbound ,V1: Collision with curb ,V1: Passenger car,Wet,Dark - lighted roadway,Rain,,VETERANS OF FOREIGN WARS PARKWAY / WEST ROXBURY VFW PARKWAY ROTARY,,,,,229244.3438,894033.7502
3083130,BOSTON,16-Apr-2012,7:00 AM,Not Reported,2,0,0,Angle,V1: Travelling straight ahead / V2:Turning left,V1:Northbound / V2:Northbound ,V1: Collision with motor vehicle in traffic / V2: Collision with motor vehicle in traffic ,"V1: Light truck(van, mini-van, panel, pickup, sport utility) with only four tires / V2:Truck/trailer",Dry,Daylight,Clear,,FRONTAGE ROAD Rte 93 N / MASSACHUSETTS AVENUE Rte 93,,,MASS AVE CONNECTOR,,236479.2994,899929.6865
3190630,BOSTON (SOUTH BOSTON),16-Apr-2012,11:07 AM,Non-fatal injury,2,1,0,Angle,V1: Turning left / V2:Travelling straight ahead,V1:Southbound / V2:Northbound ,V1: Collision with motor vehicle in traffic / V2: Collision with motor vehicle in traffic ,V1: Passenger car / V2:Motorcycle,Dry,Daylight,Clear,SIXTH STREET / EAST EIGHTH STREET,,,,SAL PIZZERIA,,,
3055537,BOSTON (CHARLESTOWN),16-Apr-2012,2:15 PM,Property damage only (none injured),2,0,0,"Sideswipe, opposite direction",V1: Travelling straight ahead / V2:Travelling straight ahead,V1:Southbound / V2:Eastbound ,V1: Collision with motor vehicle in traffic / V2: Collision with motor vehicle in traffic ,V1: Passenger car / V2:Passenger car,Dry,Daylight,Clear/Clear,,MAFFA WAY,,,,,,
3049852,BOSTON,16-Apr-2012,4:34 PM,Non-fatal injury,1,1,0,Single vehicle crash,V1: Travelling straight ahead,V1:Southbound ,V1: Collision with pedestrian ,V1: Passenger car,Dry,Daylight,Clear,,WILLIAM DAY BOULEVARD / COLUMBIA ROAD,,,CARSON BEACH,P2:Pedestrian,237184.4718,897175.5204
3381329,BOSTON,16-Apr-2012,4:40 PM,Property damage only (none injured),2,0,0,"Sideswipe, same direction",V1: Changing lanes / V2:Travelling straight ahead,V1:Northbound / V2:Northbound ,V1: Not reported / V2: Not reported ,"V1: Light truck(van, mini-van, panel, pickup, sport utility) with only four tires / V2:Light truck(van, mini-van, panel, pickup, sport utility) with only four tires",Dry,Daylight,Clear,,STORROW DRIVE / CHARLESGATE OVERPASS,,,BOWKER OVER PASS,,233597.4674,900152.1906
3121130,BOSTON,16-Apr-2012,8:50 PM,Not Reported,2,0,0,Angle,V1: Turning left / V2:Travelling straight ahead,V1:Northbound / V2:Southbound ,V1: Not reported / V2: Not reported ,V1: Passenger car / V2:Passenger car,Dry,Dark - lighted roadway,Not Reported,CENTRE STREET / ARDALE STREET,,,,,,229910.0001,893716.6251
3038229,BOSTON,16-Apr-2012,9:45 PM,Non-fatal injury,2,1,0,Rear-end,V1: Travelling straight ahead / V2:Slowing or stopped in traffic,V1:Westbound / V2:Westbound ,V1: Collision with motor vehicle in traffic / V2: Collision with motor vehicle in traffic ,V1: Passenger car / V2:Passenger car,Dry,Dark - lighted roadway,Not Reported,,GALLIVAN BOULEVARD / WASHINGTON STREET,,,,,235509.2971,892128.6873
3049967,BOSTON,17-Apr-2012,4:35 AM,Fatal injury,1,0,3,Single vehicle crash,V1: Turning right,V1:Northbound ,V1: Collision with highway traffic sign post ,V1: Passenger car,Dry,Dark - lighted roadway,Clear,,200 feet S from Intersection 875 WILLIAM T MORRISSEY BOULEVARD / TENEAN STREET,,,BRIDGE INBOUND BY DUNKIN DONUTS,,237310.7784,893762.5432
3080630,BOSTON (ROXBURY),17-Apr-2012,6:03 AM,Non-fatal injury,2,2,0,Angle,V1: Not reported / V2:Not reported,V1:Not reported / V2:Not reported ,V1: Not reported / V2: Not reported ,"V1: Passenger car / V2:Light truck(van, mini-van, panel, pickup, sport utility) with only four tires",Dry,Daylight,Clear,TREMONT STREET / SAINT ALPHONSUS STREET,,,,,,232856.9062,898128.8752
3038220,BOSTON,17-Apr-2012,12:35 PM,Property damage only (none injured),2,0,0,"Sideswipe, same direction",V1: Travelling straight ahead / V2:Changing lanes,V1:Northbound / V2:Northbound ,V1: Collision with motor vehicle in traffic / V2: Collision with motor vehicle in traffic ,V1: Passenger car / V2:Passenger car,Dry,Daylight,Clear,,Rte 93 N,,Exit 20 on Rte 93 N,,,235935.6734,898219.8317
3033132,BOSTON,17-Apr-2012,2:40 PM,Property damage only (none injured),2,0,0,Rear-end,V1: Slowing or stopped in traffic / V2:Slowing or stopped in traffic,V1:Northbound / V2:Northbound ,V1: Collision with motor vehicle in traffic / V2: Collision with motor vehicle in traffic ,"V1: Light truck(van, mini-van, panel, pickup, sport utility) with only four tires / V2:Light truck(van, mini-van, panel, pickup, sport utility) with only four tires",Dry,Daylight,Clear,,Rte 93 N,,Exit 26 on Rte 93 N,LEVERETT CONNECTOR,,236402.7433,901600.0342
3039932,BOSTON,17-Apr-2012,5:00 PM,Not Reported,2,0,0,Rear-end,V1: Slowing or stopped in traffic / V2:Travelling straight ahead,V1:Eastbound / V2:Eastbound ,V1: Collision with motor vehicle in traffic / V2: Collision with motor vehicle in traffic ,V1: Passenger car / V2:Motorcycle,Dry,Daylight,Not Reported,,WILLIAM DAY BOULEVARD / BABE RUTH PARK DRIVE,,,,,237329.8124,897671.1252
3380390,BOSTON,17-Apr-2012,5:10 PM,Property damage only (none injured),2,0,0,Rear-end,V1: Slowing or stopped in traffic / V2:Slowing or stopped in traffic,V1:Northbound / V2:Northbound ,V1: Collision with motor vehicle in traffic / V2: Collision with motor vehicle in traffic ,V1: Passenger car / V2:Passenger car,Dry,Daylight,Clear,,Rte 93 N / RAMP - RT 1 NB TO TOBIN BRIDGE Rte 1 N,,,ZAKIM BRIDGE,,235940.3625,902173.8317
3386810,BOSTON,17-Apr-2012,5:10 PM,Property damage only (none injured),2,0,0,Rear-end,V1: Travelling straight ahead / V2:Slowing or stopped in traffic,V1:Northbound / V2:Northbound ,V1: Collision with motor vehicle in traffic / V2: Collision with motor vehicle in traffic ,"V1: Passenger car / V2:Bus (seats for more than 15 people, including driver)",Dry,Daylight,Clear,,MAURICE TOBIN BRIDGE Rte 1 N / RAMP - RT 1 NB TO TOBIN BRIDGE Rte 1 N,,,TOBIN BRIDGE,,235848.1406,902282.2336
3038685,BOSTON,17-Apr-2012,5:15 PM,Property damage only (none injured),2,0,0,Rear-end,V1: Travelling straight ahead / V2:Slowing or stopped in traffic,V1:Westbound / V2:Westbound ,V1: Collision with motor vehicle in traffic / V2: Collision with motor vehicle in traffic ,V1: Passenger car / V2:Passenger car,Dry,Daylight,Clear,,STORROW DRIVE / RAMP - STORROW DR TO RT 2A WB,,,AFTER MASS AVE EXIT,,233890.528,900262.8992
3033133,BOSTON,17-Apr-2012,5:25 PM,Property damage only (none injured),2,0,0,Rear-end,V1: Slowing or stopped in traffic / V2:Travelling straight ahead,V1:Northbound / V2:Northbound ,V1: Collision with motor vehicle in traffic / V2: Collision with motor vehicle in traffic ,"V1: Light truck(van, mini-van, panel, pickup, sport utility) with only four tires / V2:Passenger car",Dry,Daylight,Clear,,LEVERETT CONNECTOR NORTH,,,,,,
3065714,BOSTON,17-Apr-2012,5:40 PM,Not Reported,4,0,0,Rear-end,V1: Slowing or stopped in traffic / V2:Travelling straight ahead / V3:Travelling straight ahead / V4:Travelling straight ahead,V1:Eastbound / V2:Eastbound / V3:Eastbound / V4:Eastbound ,V1: Collision with motor vehicle in traffic / V2: Collision with motor vehicle in traffic / V3: Collision with motor vehicle in traffic / V4: Not reported ,"V1: Passenger car / V2:Passenger car / V3:Passenger car / V4:Light truck(van, mini-van, panel, pickup, sport utility) with only four tires",Dry,Daylight,Not Reported,SOLDIERS FIELD ROAD / WESTERN AVENUE,,,,,,231463.2281,901589.1256
3039933,BOSTON,17-Apr-2012,9:15 PM,Property damage only (none injured),2,0,0,"Sideswipe, same direction",V1: Travelling straight ahead / V2:Changing lanes,V1:Northbound / V2:Northbound ,V1: Collision with motor vehicle in traffic / V2: Collision with motor vehicle in traffic ,V1: Passenger car / V2:Passenger car,Dry,Dark - lighted roadway,Not Reported,,GALLIVAN BOULEVARD / PLEASANT HILL AVENUE,,,,,235240.1249,892043.7501
3067652,BOSTON,17-Apr-2012,10:55 PM,Not Reported,2,0,0,Single vehicle crash,V1: Travelling straight ahead / V2:Travelling straight ahead,V1:Southbound / V2:Southbound ,V1: Collision with light pole or other post/support / V2: Collision with moped ,V1: MOPED / V2:MOPED,Dry,Dark - lighted roadway,Clear,,WILLIAM DAY BOULEVARD / G STREET,,,,,237574.4594,897847.2389
3044351,BOSTON,17-Apr-2012,11:33 PM,Non-fatal injury,3,1,0,Rear-end,V1: Travelling straight ahead / V2:Travelling straight ahead / V3:Travelling straight ahead,V1:Southbound / V2:Southbound / V3:Southbound ,V1: Collision with motor vehicle in traffic / V2: Collision with motor vehicle in traffic / V3: Collision with motor vehicle in traffic ,"V1: Passenger car / V2:Passenger car / V3:Light truck(van, mini-van, panel, pickup, sport utility) with only four tires",Dry,Dark - lighted roadway,Clear,,Rte 93 S,,Exit 15 on Rte 93 S,,,236629.6253,897168.5001
3054596,BOSTON,18-Apr-2012,00:00 AM,Property damage only (none injured),2,0,0,Single vehicle crash,V1: Parked / V2:Not reported,V1:Not reported / V2:Not reported ,V1: Collision with unknown movable object / V2: Not reported ,V1: Passenger car / V2:Not reported,Dry,Daylight,Clear/Clear,,8 HARRISON AVENUE,,,,,236146.4197,900272.7335
3033163,BOSTON,18-Apr-2012,1:02 AM,Property damage only (none injured),1,0,0,Single vehicle crash,V1: Not reported,V1:Not reported ,V1: Not reported ,"V1: Light truck(van, mini-van, panel, pickup, sport utility) with only four tires",Dry,Dark - lighted roadway,Clear,,Rte 93 S,,,IN AREA PRIOR TO EXIT 15,,,
3038224,BOSTON,18-Apr-2012,6:04 AM,Not Reported,1,0,0,Single vehicle crash,V1: Entering traffic lane,V1:Westbound ,V1: Collision with guardrail ,"V1: Light truck(van, mini-van, panel, pickup, sport utility) with only four tires",Dry,Dawn,Not Reported,STORROW DRIVE Rte 28 S / RAMP - RT 3 TO RT 28 SB,,,,LONGFELLOW BRIDGE,,235200.8678,901325.5785
3047887,BOSTON,18-Apr-2012,6:15 AM,Non-fatal injury,2,1,0,Rear-end,V1: Travelling straight ahead / V2:Making U-turn,V1:Northbound / V2:Westbound ,V1: Collision with motor vehicle in traffic / V2: Collision with motor vehicle in traffic ,V1: Passenger car / V2:Passenger car,Dry,Daylight,Clear,,CENTRE STREET / WALTER STREET,,,,,230504.5157,894255.4377