Crash Number,City/Town Name,Crash Date,Crash Time,Crash Severity,Number of Vehicles,Total Nonfatal Injuries,Total Fatal Injuries,Manner of Collision,Vehicle Action Prior to Crash,Vehicle Travel Directions,Most Harmful Events,Vehicle Configuration,Road Surface Condition,Ambient Light,Weather Condition,At Roadway Intersection,Distance from Nearest Roadway Intersection,Distance from Nearest Milemarker,Distance from Nearest Exit,Distance from Nearest Landmark,Non Motorist Type,X Coordinate,Y Coordinate
3044451,BOSTON,18-Apr-2012,6:20 AM,Property damage only (none injured),2,0,0,Rear-end,V1: Slowing or stopped in traffic / V2:Travelling straight ahead,V1:Northbound / V2:Northbound ,V1: Collision with motor vehicle in traffic / V2: Collision with motor vehicle in traffic ,"V1: Light truck(van, mini-van, panel, pickup, sport utility) with only four tires / V2:Passenger car",Dry,Daylight,Clear,,Rte 93 N,,Exit 13 on Rte 93 N,PRIOR TO EXIT 13,,237420.1414,894076.5227
3046335,BOSTON,18-Apr-2012,8:16 AM,Property damage only (none injured),2,0,0,Angle,V1: Parked / V2:Backing,V1:Not reported / V2:Westbound ,V1: Collision with motor vehicle in traffic / V2: Collision with tree ,V1: Passenger car / V2:Passenger car,Dry,Daylight,Clear,,SOLDIERS FIELD ROAD,,,,,229484.3702,901489.0009
3049835,BOSTON,18-Apr-2012,10:23 AM,Property damage only (none injured),2,0,0,Angle,V1: Turning left / V2:Travelling straight ahead,V1:Westbound / V2:Westbound ,V1: Collision with motor vehicle in traffic / V2: Collision with motor vehicle in traffic ,"V1: Light truck(van, mini-van, panel, pickup, sport utility) with only four tires / V2:Light truck(van, mini-van, panel, pickup, sport utility) with only four tires",Dry,Daylight,Cloudy,,Rte 90 W,,,,,239140.6683,901686.0259
3380391,BOSTON,18-Apr-2012,11:14 AM,Property damage only (none injured),2,0,0,Rear-end,V1: Travelling straight ahead / V2:Changing lanes,V1:Northbound / V2:Northbound ,V1: Collision with motor vehicle in traffic / V2: Collision with motor vehicle in traffic ,V1: Passenger car / V2:Passenger car,Dry,Daylight,Clear,,Rte 93 N / RAMP - RT 1 NB TO TOBIN BRIDGE Rte 1 N,,,ZAKIM BRIDGE,,235922.5161,902195.7226
3051931,BOSTON,18-Apr-2012,12:14 PM,Not Reported,1,0,0,Single vehicle crash,V1: Slowing or stopped in traffic,V1:Not reported ,V1: Not reported ,V1: Passenger car,Dry,Daylight,Clear,MERRIMAC STREET / NEW CHARDON STREET,,,,,P2:Pedestrian,236265.3711,901490.5474
3044352,BOSTON,18-Apr-2012,12:42 PM,Property damage only (none injured),1,0,0,Single vehicle crash,V1: Travelling straight ahead,V1:Northbound ,V1: Collision with other movable object ,"V1: Light truck(van, mini-van, panel, pickup, sport utility) with only four tires",Dry,Daylight,Clear,,Rte 93 N,,Exit 13 on Rte 93 N,BETWEEN EXIT 12/13,,237420.1414,894076.5227
3114846,BOSTON (ROXBURY),18-Apr-2012,3:05 PM,Non-fatal injury,2,1,0,Head-on,V1: Turning left / V2:Travelling straight ahead,V1:Westbound / V2:Not reported ,V1: Collision with motor vehicle in traffic / V2: Collision with motor vehicle in traffic ,"V1: Bus (seats for more than 15 people, including driver) / V2:Passenger car",Dry,Daylight,Clear/Clear,MASSACHUSETTS AVENUE / MELNEA CASS BOULEVARD,,,,,,235266.4401,898096.4559
3039532,BOSTON,18-Apr-2012,3:59 PM,Property damage only (none injured),2,0,0,Rear-end,V1: Slowing or stopped in traffic / V2:Travelling straight ahead,V1:Eastbound / V2:Eastbound ,V1: Collision with motor vehicle in traffic / V2: Collision with motor vehicle in traffic ,"V1: Light truck(van, mini-van, panel, pickup, sport utility) with only four tires / V2:Passenger car",Dry,Dark - lighted roadway,Clear,,STORROW DRIVE / RAMP - STORROW DRIVE TO BEACON STREET,,,,,234832.673,900584.1365
3381576,BOSTON,19-Apr-2012,5:00 AM,Property damage only (none injured),2,0,0,Rear-end,V1: Slowing or stopped in traffic / V2:Travelling straight ahead,V1:Northbound / V2:Northbound ,V1: Collision with motor vehicle in traffic / V2: Collision with motor vehicle in traffic ,"V1: Light truck(van, mini-van, panel, pickup, sport utility) with only four tires / V2:Light truck(van, mini-van, panel, pickup, sport utility) with only four tires",Dry,Dawn,Clear,,Rte 93 N / RAMP - RT 93 NB TO COLUMBIA RD,,,JUST PRIOR TO EXIT 15,,236976.0487,896457.9186
3095294,BOSTON,19-Apr-2012,5:32 AM,Not Reported,2,0,0,Single vehicle crash,V1: Travelling straight ahead / V2:Not reported,V1:Southbound / V2:Not reported ,V1: Reported but invalid / V2: Not reported ,"V1: Tractor/semi-trailer / V2:Unknown heavy truck, cannot classify",Dry,Dark - lighted roadway,Clear,,Rte 93 S,Rte 93  S Milemarker 19.5,,,,234855.7597,903591.5463
3089871,BOSTON,19-Apr-2012,12:04 PM,Property damage only (none injured),2,0,0,"Sideswipe, same direction",V1: Travelling straight ahead / V2:Parked,V1:Not reported / V2:Not reported ,V1: Not reported / V2: Collision with parked motor vehicle ,V1: Not reported / V2:Not reported,Dry,Dark - lighted roadway,Clear,,324 CHESTNUT HILL AVENUE,,,,,228616.6623,898622.7833
3038681,BOSTON,19-Apr-2012,4:43 PM,Property damage only (none injured),3,0,0,Rear-end,V1: Slowing or stopped in traffic / V2:Slowing or stopped in traffic / V3:Travelling straight ahead,V1:Southbound / V2:Southbound / V3:Southbound ,V1: Collision with motor vehicle in traffic / V2: Collision with motor vehicle in traffic / V3: Collision with motor vehicle in traffic ,"V1: Passenger car / V2:Light truck(van, mini-van, panel, pickup, sport utility) with only four tires / V3:Light truck(van, mini-van, panel, pickup, sport utility) with only four tires",Dry,Daylight,Clear,FRONTAGE ROAD / SOUTHAMPTON STREET,,,,SOUTH BAY MALL,,236199.9569,897844.042
3054599,BOSTON (CHARLESTOWN),19-Apr-2012,5:30 PM,Property damage only (none injured),1,0,0,Angle,V1: Slowing or stopped in traffic,V1:Not reported ,"V1: Collision with cyclist (bicycle, tricycle, unicycle, pedal car) ",V1: Passenger car,Dry,Dusk,Clear/Clear,,500 RUTHERFORD AVENUE,,,,"P2:Pedalcyclist (bicycle, tricycle, unicycle, pedal car)",235252.8473,903461.2874
3380308,BOSTON,19-Apr-2012,5:31 PM,Non-fatal injury,2,2,0,Rear-end,V1: Slowing or stopped in traffic / V2:Slowing or stopped in traffic,V1:Eastbound / V2:Eastbound ,V1: Collision with motor vehicle in traffic / V2: Collision with motor vehicle in traffic ,"V1: Light truck(van, mini-van, panel, pickup, sport utility) with only four tires / V2:Light truck(van, mini-van, panel, pickup, sport utility) with only four tires",Dry,Daylight,Clear,RAMP - HAUL ROAD TO RT 90 EB / MASSACHUSETTS TURNPIKE Rte 90 E,,,,AT RAMP A,,237830.5602,899715.0917
3105151,BOSTON,19-Apr-2012,5:40 PM,Property damage only (none injured),1,0,0,"Sideswipe, same direction",V1: Entering traffic lane,V1:Not reported ,V1: Collision with motor vehicle in traffic ,V1: Not reported,Dry,Dusk,Clear/Clear,,ESSEX STREET / HARRISON AVENUE,,,,"P2:Pedalcyclist (bicycle, tricycle, unicycle, pedal car)",236157.0585,900316.4239
3386812,BOSTON,19-Apr-2012,6:00 PM,Property damage only (none injured),5,0,0,Rear-end,V1: Travelling straight ahead / V2:Slowing or stopped in traffic / V3:Slowing or stopped in traffic / V4:Slowing or stopped in traffic / V5:Slowing or stopped in traffic,V1:Southbound / V2:Southbound / V3:Southbound / V4:Southbound / V5:Southbound ,V1: Collision with motor vehicle in traffic / V2: Collision with motor vehicle in traffic / V3: Collision with motor vehicle in traffic / V4: Collision with motor vehicle in traffic / V5: Collision with motor vehicle in traffic ,"V1: Passenger car / V2:Light truck(van, mini-van, panel, pickup, sport utility) with only four tires / V3:Light truck(van, mini-van, panel, pickup, sport utility) with only four tires / V4:Passenger car / V5:Passenger car",Dry,Daylight,Clear,RAMP - LEVERETT CIRCLE TO RT 93 SB Rte 3 S / JOHN F FITZGERALD EXPRESSWAY Rte 93 S,,,,ENTRANCE TIP O&AMP;APOS;NEIL TUN,,236192.3118,901840.5409
3147480,BOSTON,19-Apr-2012,7:35 PM,Not Reported,1,0,0,Angle,V1: Travelling straight ahead,V1:Southbound ,V1: Collision with pedestrian ,V1: Passenger car,Dry,Daylight,Clear,CHARLESGATE WEST / COMMONWEALTH AVENUE Rte 2 E,,,,CHARLESGATE WEST AND COMM. AVE W,P1:Pedestrian,233547.2952,899895.2404
3380309,BOSTON,19-Apr-2012,9:12 PM,Property damage only (none injured),3,0,0,"Sideswipe, same direction",V1: Changing lanes / V2:Travelling straight ahead / V3:Travelling straight ahead,V1:Southbound / V2:Southbound / V3:Southbound ,V1: Collision with guardrail / V2: Collision with motor vehicle in traffic / V3: Collision with motor vehicle in traffic ,V1: Passenger car / V2:Passenger car / V3:Passenger car,Dry,Dark - lighted roadway,Clear,,Rte 93 S / SOUTHBOUND FRONTAGE ROAD,,,AT SOUTHAMPTON STREET,,236152.4613,897853.6644
3080633,BOSTON (ROXBURY),20-Apr-2012,3:08 AM,Non-fatal injury,2,4,0,Angle,V1: Travelling straight ahead / V2:Travelling straight ahead,V1:Not reported / V2:Not reported ,V1: Unknown / V2: Unknown ,V1: Passenger car / V2:Passenger car,Dry,Dark - lighted roadway,Clear/Clear,DUDLEY STREET / HARRISON AVENUE,,,,,,234390.0625,897652.5627
3039630,BOSTON,20-Apr-2012,4:15 AM,Property damage only (none injured),2,0,0,Angle,V1: Travelling straight ahead / V2:Travelling straight ahead,V1:Southbound / V2:Eastbound ,V1: Collision with motor vehicle in traffic / V2: Collision with motor vehicle in traffic ,V1: Passenger car / V2:Passenger car,Dry,Dark - lighted roadway,Clear,RIVERWAY / BROOKLINE AVENUE,,,,,,232691.9572,899212.3563
3054594,BOSTON,20-Apr-2012,7:00 AM,Not Reported,2,0,0,"Sideswipe, same direction",V1: Parked / V2:Not reported,V1:Not reported / V2:Not reported ,V1: Collision with parked motor vehicle / V2: Not reported ,V1: Passenger car / V2:Not reported,Dry,Unknown,Clear/Clear,HUDSON STREET / KNEELAND STREET,,,,,,236231.4767,900068.7649
3386814,BOSTON,20-Apr-2012,8:50 AM,Property damage only (none injured),2,0,0,Rear-end,V1: Travelling straight ahead / V2:Slowing or stopped in traffic,V1:Southbound / V2:Southbound ,V1: Collision with motor vehicle in traffic / V2: Collision with motor vehicle in traffic ,V1: Passenger car / V2:Passenger car,Dry,Daylight,Clear,RAMP - LEVERETT CIRCLE TO RT 93 SB Rte 3 S / JOHN F FITZGERALD EXPRESSWAY Rte 1 S,,,,CANA LOOP RAMP TO 93 SB,,236192.3118,901840.5409
3053746,BOSTON,20-Apr-2012,10:23 AM,Non-fatal injury,1,1,0,Single vehicle crash,V1: Travelling straight ahead,V1:Eastbound ,V1: Collision with fence ,V1: Passenger car,Dry,Daylight,Clear,,SOLDIERS FIELD ROAD / NORTH HARVARD STREET,,,NEWELL BOATHOUSE,"P2:Other non-motorist (wheelchair, etc.)",230768.1011,902185.1224
3052831,BOSTON (DORCHESTER),20-Apr-2012,11:42 AM,Non-fatal injury,2,2,0,Angle,V1: Travelling straight ahead / V2:Travelling straight ahead,V1:Not reported / V2:Not reported ,V1: Collision with motor vehicle in traffic / V2: Collision with motor vehicle in traffic ,"V1: Not reported / V2:Light truck(van, mini-van, panel, pickup, sport utility) with only four tires",Dry,Daylight,Clear,FLORIDA STREET / WRENTHAM STREET,,,,,,236401.3127,893201.375
3044353,BOSTON,20-Apr-2012,12:54 PM,Property damage only (none injured),3,0,0,Rear-end,V1: Slowing or stopped in traffic / V2:Slowing or stopped in traffic / V3:Travelling straight ahead,V1:Northbound / V2:Northbound / V3:Northbound ,V1: Collision with motor vehicle in traffic / V2: Collision with motor vehicle in traffic / V3: Collision with motor vehicle in traffic ,V1: Passenger car / V2:Passenger car / V3:Passenger car,Dry,Daylight,Clear,,Rte 93 N,,Exit 15 on Rte 93 N,,,236972.2496,896473.4282
3044452,BOSTON,20-Apr-2012,12:59 PM,Property damage only (none injured),2,0,0,Angle,V1: Travelling straight ahead / V2:Entering traffic lane,V1:Not reported / V2:Not reported ,V1: Collision with motor vehicle in traffic / V2: Collision with motor vehicle in traffic ,"V1: Light truck(van, mini-van, panel, pickup, sport utility) with only four tires / V2:Passenger car",Dry,Daylight,Clear,,GALLIVAN BOULEVARD / MORTON STREET,,,FIRE STATION,,234631.4265,892127.267
3079924,BOSTON,20-Apr-2012,1:45 PM,Not Reported,2,0,0,Angle,V1: Turning left / V2:Travelling straight ahead,V1:Westbound / V2:Northbound ,V1: Collision with motor vehicle in traffic / V2: Collision with motor vehicle in traffic ,"V1: Light truck(van, mini-van, panel, pickup, sport utility) with only four tires / V2:Light truck(van, mini-van, panel, pickup, sport utility) with only four tires",Dry,Daylight,Clear,BROOKLINE AVENUE / PARK DRIVE / BOYLSTON STREET,,,,LANDMARK CTR,,232742.1496,899278.3204
3188838,BOSTON,20-Apr-2012,2:33 PM,Not Reported,2,0,0,Angle,V1: Slowing or stopped in traffic / V2:Turning left,V1:Not reported / V2:Not reported ,V1: Collision with motor vehicle in traffic / V2: Collision with motor vehicle in traffic ,V1: Passenger car / V2:Not reported,Dry,Dark - lighted roadway,Clear/Clear,KNEELAND STREET / WASHINGTON STREET,,,,,,236001.5815,900139.4772
3079903,BOSTON,20-Apr-2012,4:09 PM,Not Reported,2,0,0,Rear-end,V1: Travelling straight ahead / V2:Travelling straight ahead,V1:Northbound / V2:Northbound ,V1: Collision with motor vehicle in traffic / V2: Collision with motor vehicle in traffic ,"V1: Passenger car / V2:Light truck(van, mini-van, panel, pickup, sport utility) with only four tires",Dry,Daylight,Clear,,Rte 93 N,,Exit 23 on Rte 93 N,,,236957.4837,900943.9828
3079031,BOSTON,20-Apr-2012,4:10 PM,Not Reported,1,0,0,Not reported,V1: Travelling straight ahead,V1:Not reported ,V1: Not reported ,V1: Passenger car,Not reported,Not reported,Not Reported,,556 METROPOLITAN AVENUE,,,,,231455.5012,890835.9586
3067742,BOSTON,20-Apr-2012,4:40 PM,Not Reported,2,0,0,Rear-end,V1: Slowing or stopped in traffic / V2:Travelling straight ahead,V1:Westbound / V2:Westbound ,V1: Collision with motor vehicle in traffic / V2: Collision with motor vehicle in traffic ,"V1: Light truck(van, mini-van, panel, pickup, sport utility) with only four tires / V2:Passenger car",Dry,Daylight,Cloudy,,Rte 90 W,,,,,228154.8166,900866.0695
3038682,BOSTON,20-Apr-2012,5:45 PM,Non-fatal injury,2,1,0,Rear-end,V1: Travelling straight ahead / V2:Travelling straight ahead,V1:Southbound / V2:Southbound ,V1: Collision with motor vehicle in traffic / V2: Collision with motor vehicle in traffic ,V1: Passenger car / V2:Passenger car,Dry,Daylight,Clear,,Rte 93 S,,Exit 26 on Rte 93 S,,,234851.4113,903728.5151
3038221,BOSTON,20-Apr-2012,6:47 PM,Property damage only (none injured),2,0,0,Angle,V1: Travelling straight ahead / V2:Travelling straight ahead,V1:Westbound / V2:Westbound ,V1: Collision with motor vehicle in traffic / V2: Collision with motor vehicle in traffic ,V1: Motorcycle / V2:Passenger car,Dry,Daylight,Clear,,Rte 90 W,,,,,232572.2182,899870.4883
3105139,BOSTON,21-Apr-2012,2:00 AM,Not Reported,2,0,0,Rear-end,V1: Parked / V2:Not reported,V1:Not reported / V2:Not reported ,V1: Collision with parked motor vehicle / V2: Not reported ,V1: Passenger car / V2:Not reported,Dry,Dark - lighted roadway,Clear/Clear,INDIA STREET / CENTRAL STREET,,,,,,236753.2948,901018.5664
3381455,BOSTON,21-Apr-2012,10:50 AM,Property damage only (none injured),2,0,0,Rear-end,V1: Slowing or stopped in traffic / V2:Travelling straight ahead,V1:Southbound / V2:Southbound ,V1: Collision with motor vehicle in traffic / V2: Collision with motor vehicle in traffic ,V1: Passenger car / V2:Passenger car,Dry,Daylight,Clear,JOHN F FITZGERALD EXPRESSWAY Rte 93 S / RAMP - RT 93 SB TO COLUMBIA RD,,,,EXIT 15,,236629.6248,897168.4999
3079904,BOSTON,21-Apr-2012,12:21 PM,Not Reported,3,0,0,Angle,V1: Slowing or stopped in traffic / V2:Slowing or stopped in traffic / V3:Changing lanes,V1:Southbound / V2:Southbound / V3:Southbound ,V1: Collision with motor vehicle in traffic / V2: Collision with motor vehicle in traffic / V3: Collision with motor vehicle in traffic ,"V1: Light truck(van, mini-van, panel, pickup, sport utility) with only four tires / V2:Passenger car / V3:Light truck(van, mini-van, panel, pickup, sport utility) with only four tires",Dry,Daylight,Clear,,Rte 93 S,,Exit 24 on Rte 93 S,,,236397.1933,901565.6511
3046044,BOSTON,21-Apr-2012,1:45 PM,Property damage only (none injured),3,0,0,"Sideswipe, same direction",V1: Travelling straight ahead / V2:Travelling straight ahead / V3:Travelling straight ahead,V1:Eastbound / V2:Eastbound / V3:Eastbound ,V1: Collision with motor vehicle in traffic / V2: Collision with motor vehicle in traffic / V3: Collision with motor vehicle in traffic ,"V1: Passenger car / V2:Light truck(van, mini-van, panel, pickup, sport utility) with only four tires / V3:Passenger car",Dry,Daylight,Clear,,Rte 90 E,,,,,229761.5309,900823.963
3039934,BOSTON,21-Apr-2012,2:50 PM,Property damage only (none injured),2,0,0,Rear-end,V1: Slowing or stopped in traffic / V2:Travelling straight ahead,V1:Northbound / V2:Northbound ,V1: Collision with motor vehicle in traffic / V2: Collision with motor vehicle in traffic ,"V1: Light truck(van, mini-van, panel, pickup, sport utility) with only four tires / V2:Passenger car",Dry,Daylight,Not Reported,,GALLIVAN BOULEVARD / GRANVILLE STREET,,,,,236540.9531,892543.1252
3081032,BOSTON (DORCHESTER),22-Apr-2012,00:00 AM,Property damage only (none injured),2,0,0,Rear-end,V1: Slowing or stopped in traffic / V2:Travelling straight ahead,V1:Southbound / V2:Southbound ,V1: Collision with motor vehicle in traffic / V2: Collision with motor vehicle in traffic ,V1: Passenger car / V2:Passenger car,Dry,Dark - lighted roadway,Clear,BLUE HILL AVENUE / SEAVER STREET,,,,,,234238.338,895060.5463
3079905,BOSTON,22-Apr-2012,2:03 AM,Not Reported,1,0,0,Single vehicle crash,V1: Travelling straight ahead,V1:Northbound ,V1: Collision with light pole or other post/support ,"V1: Light truck(van, mini-van, panel, pickup, sport utility) with only four tires",Dry,Dark - lighted roadway,Clear,,Rte 93 N,,Exit 27 on Rte 93 N,,,235655.07,902467.5364
3105134,BOSTON,22-Apr-2012,5:53 AM,Non-fatal injury,2,5,0,Unknown,V1: Travelling straight ahead / V2:Travelling straight ahead,V1:Not reported / V2:Not reported ,V1: Collision with motor vehicle in traffic / V2: Collision with motor vehicle in traffic ,V1: Passenger car / V2:Passenger car,Dry,Dawn,Clear,KNEELAND STREET / LINCOLN STREET,,,,,,236338.8677,900031.647
3297103,BOSTON (JAMAICA PLAIN),22-Apr-2012,8:59 AM,Non-fatal injury,3,1,0,Rear-end,V1: Travelling straight ahead / V2:Parked / V3:Parked,V1:Not reported / V2:Not reported / V3:Not reported ,V1: Collision with parked motor vehicle / V2: Not reported / V3: Not reported ,V1: Passenger car / V2:Passenger car / V3:Passenger car,Wet,Daylight,Rain/Rain,,50 SOUTH HUNTINGTON AVENUE,,,,,232016.3626,897867.484
3038226,BOSTON,22-Apr-2012,9:02 AM,Property damage only (none injured),1,0,0,Single vehicle crash,V1: Travelling straight ahead,V1:Eastbound ,V1: Collision with median barrier ,V1: Passenger car,Wet,Daylight,Cloudy/Rain,,STORROW DRIVE Rte 28 N / RAMP - STORROW DRIVE TO LEVERETT CONNECT,,,@ MASS EYE &AMP; EAR,,235349.5402,901442.3332
3054595,BOSTON,22-Apr-2012,9:27 AM,Not Reported,1,0,0,Not reported,V1: Turning left,V1:Not reported ,V1: Not reported ,"V1: Light truck(van, mini-van, panel, pickup, sport utility) with only four tires",Wet,Daylight,Rain,HUDSON STREET / KNEELAND STREET,,,,,P2:Pedestrian,236231.4767,900068.7649
3344852,BOSTON (JAMAICA PLAIN),22-Apr-2012,9:53 AM,Property damage only (none injured),2,0,0,Head-on,V1: Parked / V2:Changing lanes,V1:Not reported / V2:Northbound ,V1: Collision with motor vehicle in traffic / V2: Collision with parked motor vehicle ,"V1: Light truck(van, mini-van, panel, pickup, sport utility) with only four tires / V2:Passenger car",Wet,Daylight,Rain/Cloudy,,77 SOUTH HUNTINGTON AVENUE,,,,,232037.0384,897801.1877
3190330,BOSTON (SOUTH BOSTON),22-Apr-2012,10:22 AM,Property damage only (none injured),2,0,0,Rear-end,V1: Turning left / V2:Travelling straight ahead,V1:Northbound / V2:Southbound ,V1: Collision with motor vehicle in traffic / V2: Collision with motor vehicle in traffic ,"V1: Passenger car / V2:Light truck(van, mini-van, panel, pickup, sport utility) with only four tires",Wet,Daylight,Clear,L STREET / EAST BROADWAY,,,,,,238284.5532,898452.7142
3175792,BOSTON,22-Apr-2012,3:40 PM,Property damage only (none injured),2,0,0,Angle,V1: Turning left / V2:Travelling straight ahead,V1:Northbound / V2:Southbound ,V1: Collision with motor vehicle in traffic / V2: Collision with motor vehicle in traffic ,"V1: Passenger car / V2:Light truck(van, mini-van, panel, pickup, sport utility) with only four tires",Dry,Daylight,Not Reported,,GALLIVAN BOULEVARD Rte 203 S / WASHINGTON STREET,,,,,231956.5614,894620.448
3079932,BOSTON,22-Apr-2012,4:48 PM,Not Reported,2,0,0,Angle,V1: Travelling straight ahead / V2:Travelling straight ahead,V1:Eastbound / V2:Northbound ,V1: Collision with motor vehicle in traffic / V2: Collision with motor vehicle in traffic ,"V1: Light truck(van, mini-van, panel, pickup, sport utility) with only four tires / V2:Passenger car",Wet,Daylight,Cloudy,,NORTH BEACON STREET / BIRMINGHAM PARKWAY,,,,,228439.0625,900920.8752
3214934,BOSTON,22-Apr-2012,5:15 PM,Not Reported,2,0,0,Not reported,V1: Not reported / V2:Not reported,V1:Not reported / V2:Not reported ,V1: Not reported / V2: Not reported ,V1: Not reported / V2:Not reported,Not reported,Not reported,Not Reported,ALBANY STREET / TRAVELER STREET,,,,,,236086.8879,899375.6393
3289276,BOSTON,22-Apr-2012,6:00 PM,Not Reported,1,0,0,Single vehicle crash,V1: Travelling straight ahead,V1:Northbound ,"V1: Collision with other fixed object (wall, building, tunnel, etc.) ",V1: Passenger car,Dry,Daylight,Clear,,70 TALBOT AVENUE,,,,,234280.2779,893790.0153
3081231,BOSTON (ROXBURY),22-Apr-2012,8:35 PM,Non-fatal injury,3,1,0,Not reported,V1: Turning left / V2:Travelling straight ahead / V3:Travelling straight ahead,V1:Not reported / V2:Not reported / V3:Northbound ,V1: Collision with motor vehicle in traffic / V2: Collision with motor vehicle in traffic / V3: Collision with motor vehicle in traffic ,V1: Not reported / V2:Passenger car / V3:Passenger car,Not reported,Not reported,Not Reported,WASHINGTON STREET / TOWNSEND STREET,,,,,,233463.7967,896700.0624
3175794,BOSTON,22-Apr-2012,8:46 PM,Property damage only (none injured),2,0,0,Single vehicle crash,V1: Travelling straight ahead / V2:Travelling straight ahead,V1:Southbound / V2:Southbound ,V1: Collision with light pole or other post/support / V2: Collision with light pole or other post/support ,V1: Passenger car / V2:Passenger car,Wet,Dark - lighted roadway,Rain,,MORTON STREET Rte 203 S / FAIRMOUNT STREET,,,,,234613.4958,892139.3072
3196133,BOSTON,22-Apr-2012,9:09 PM,Non-fatal injury,2,1,0,Single vehicle crash,V1: Travelling straight ahead / V2:Parked,V1:Not reported / V2:Not reported ,"V1: Collision with other fixed object (wall, building, tunnel, etc.) / V2: Not reported ","V1: Light truck(van, mini-van, panel, pickup, sport utility) with only four tires / V2:Passenger car",Wet,Dark - lighted roadway,Rain/Rain,,372 QUINCY STREET,,,,,235628.1041,895626.2501
3067752,BOSTON,22-Apr-2012,10:55 PM,Not Reported,1,0,0,Single vehicle crash,V1: Travelling straight ahead,V1:Northbound ,V1: Collision with curb ,V1: Passenger car,Wet,Dark - lighted roadway,Cloudy/Rain,,MORTON STREET Rte 203 / HARVARD STREET,,,FOREST HILLS CEMETARY,,233493.5311,893100.9999
3067654,BOSTON,23-Apr-2012,00:00 AM,Not Reported,1,0,0,Single vehicle crash,V1: Travelling straight ahead,V1:Southbound ,V1: Collision with light pole or other post/support ,"V1: Light truck(van, mini-van, panel, pickup, sport utility) with only four tires",Wet,Dark - lighted roadway,Cloudy/Rain,,CENTRE STREET / WALTER STREET,,,,,230504.5157,894255.4377
3214930,BOSTON,23-Apr-2012,00:00 AM,Not Reported,2,0,0,Not reported,V1: Not reported / V2:Not reported,V1:Not reported / V2:Not reported ,V1: Not reported / V2: Not reported ,"V1: Light truck(van, mini-van, panel, pickup, sport utility) with only four tires / V2:Not reported",Not reported,Not reported,Not Reported,ESSEX STREET / COMMONWEALTH AVENUE,,,,,,232056.9154,900089.59
3105133,BOSTON,23-Apr-2012,4:34 AM,Not Reported,2,0,0,Not reported,V1: Not reported / V2:Not reported,V1:Not reported / V2:Not reported ,V1: Not reported / V2: Not reported ,V1: Passenger car / V2:Passenger car,Not reported,Not reported,Not Reported,,180 TREMONT STREET,,,,,235885.0531,900347.6366
3049853,BOSTON,23-Apr-2012,5:00 AM,Non-fatal injury,1,1,0,Single vehicle crash,V1: Travelling straight ahead,V1:Northbound ,V1: Collision with motor vehicle in traffic ,"V1: Light truck(van, mini-van, panel, pickup, sport utility) with only four tires",Wet,Dark - lighted roadway,Rain,WILLIAM T MORRISSEY BOULEVARD / NEPONSET AVENUE Rte 3A N / UNNAMED ROAD,,,,"NEPONSET CIRCLE, SHELL GAS STATI","P2:Pedalcyclist (bicycle, tricycle, unicycle, pedal car)",237753.7034,892977.1251
3105149,BOSTON,23-Apr-2012,6:41 AM,Non-fatal injury,2,2,0,Head-on,V1: Travelling straight ahead / V2:Travelling straight ahead,V1:Southbound / V2:Southbound ,V1: Collision with guardrail / V2: Collision with motor vehicle in traffic ,V1: Passenger car / V2:Passenger car,"Water (standing, moving)",Daylight,Rain/Cloudy,,684 RUTHERFORD AVENUE,,,,,235115.3705,903769.8855
3046334,BOSTON,23-Apr-2012,6:55 AM,Property damage only (none injured),2,0,0,Angle,V1: Travelling straight ahead / V2:Entering traffic lane,V1:Southbound / V2:Southbound ,V1: Collision with motor vehicle in traffic / V2: Collision with motor vehicle in traffic ,V1: Passenger car / V2:Passenger car,Wet,Daylight,Cloudy,,EMBANKMENT ROAD / LEVERETT CIRCLE,,,,,235571.2378,901875.5379
3050055,BOSTON,23-Apr-2012,7:05 AM,Non-fatal injury,3,1,0,Rear-end,V1: Travelling straight ahead / V2:Slowing or stopped in traffic / V3:Slowing or stopped in traffic,V1:Northbound / V2:Northbound / V3:Northbound ,V1: Collision with motor vehicle in traffic / V2: Collision with motor vehicle in traffic / V3: Collision with motor vehicle in traffic ,V1: Tractor/semi-trailer / V2:Passenger car / V3:Passenger car,Wet,Daylight,Rain,,Rte 93,,Exit 23 on Rte 93,,,236957.4837,900943.9828
3049847,BOSTON,23-Apr-2012,7:25 AM,Not Reported,1,0,0,Single vehicle crash,V1: Travelling straight ahead,V1:Eastbound ,V1: Collision with guardrail ,V1: Passenger car,Dry,Daylight,Cloudy/Rain,,STORROW DRIVE Rte 28 N / RAMP - STORROW DRIVE TO LEVERETT CONNECT,,,MA EYE AND EAR,,235360.6968,901463.1672
3060502,BOSTON,23-Apr-2012,7:32 AM,Property damage only (none injured),2,0,0,Rear-end,V1: Slowing or stopped in traffic / V2:Travelling straight ahead,V1:Eastbound / V2:Eastbound ,V1: Collision with motor vehicle in traffic / V2: Collision with motor vehicle in traffic ,V1: Passenger car / V2:Passenger car,Wet,Daylight,Rain,,SOLDIERS FIELD ROAD / CAMBRIDGE STREET,,,RAMP FROM CAMBRIDGE STREET,,231497.2189,901228.0458