Crash Number,City/Town Name,Crash Date,Crash Time,Crash Severity,Number of Vehicles,Total Nonfatal Injuries,Total Fatal Injuries,Manner of Collision,Vehicle Action Prior to Crash,Vehicle Travel Directions,Most Harmful Events,Vehicle Configuration,Road Surface Condition,Ambient Light,Weather Condition,At Roadway Intersection,Distance from Nearest Roadway Intersection,Distance from Nearest Milemarker,Distance from Nearest Exit,Distance from Nearest Landmark,Non Motorist Type,X Coordinate,Y Coordinate
3116512,BOSTON (DORCHESTER),23-Apr-2012,9:40 AM,Property damage only (none injured),2,0,0,Not reported,V1: Travelling straight ahead / V2:Changing lanes,V1:Not reported / V2:Not reported ,V1: Collision with motor vehicle in traffic / V2: Collision with motor vehicle in traffic ,"V1: Passenger car / V2:Bus (seats for more than 15 people, including driver)",Wet,Daylight,Rain,,GREENOUGH AVENUE Rte 93 / WILLIAM T MORRISSEY BOULEVARD,,,,,,
3049848,BOSTON,23-Apr-2012,10:50 AM,Not Reported,1,0,0,Single vehicle crash,V1: Travelling straight ahead,V1:Eastbound ,V1: Collision with guardrail ,V1: Passenger car,Wet,Daylight,Rain,,STORROW DRIVE Rte 28 N / RAMP TO CHARLES CIRCLE,,,LONGFELLOW BRIDGE,,235231.79,901314.4593
3057495,BOSTON,23-Apr-2012,10:55 AM,Not Reported,1,0,0,Single vehicle crash,V1: Travelling straight ahead,V1:Westbound ,V1: Collision with guardrail ,V1: Passenger car,Wet,Daylight,Cloudy/Rain,,STORROW DRIVE Rte 28 S / RAMP - RT 3 TO RT 28 SB,,,COMMUNITY BOATING,,235239.2387,901137.9839
3050056,BOSTON,23-Apr-2012,11:05 AM,Property damage only (none injured),2,0,0,"Sideswipe, same direction",V1: Travelling straight ahead / V2:Travelling straight ahead,V1:Southbound / V2:Southbound ,V1: Collision with motor vehicle in traffic / V2: Collision with motor vehicle in traffic ,"V1: Light truck(van, mini-van, panel, pickup, sport utility) with only four tires / V2:Truck/trailer",Wet,Daylight,Rain,,Rte 93 S,,Exit 24 on Rte 93 S,,,236397.1933,901565.6511
3049836,BOSTON,23-Apr-2012,11:37 AM,Property damage only (none injured),2,0,0,Angle,V1: Travelling straight ahead / V2:Travelling straight ahead,V1:Northbound / V2:Eastbound ,V1: Collision with motor vehicle in traffic / V2: Collision with motor vehicle in traffic ,"V1: Passenger car / V2:Light truck(van, mini-van, panel, pickup, sport utility) with only four tires",Wet,Daylight,Rain,,FRONTAGE ROAD,,,,,,
3053748,BOSTON,23-Apr-2012,3:26 PM,Non-fatal injury,3,2,0,Angle,V1: Travelling straight ahead / V2:Travelling straight ahead / V3:Turning left,V1:Eastbound / V2:Eastbound / V3:Westbound ,V1: Collision with motor vehicle in traffic / V2: Collision with motor vehicle in traffic / V3: Collision with motor vehicle in traffic ,"V1: Light truck(van, mini-van, panel, pickup, sport utility) with only four tires / V2:Light truck(van, mini-van, panel, pickup, sport utility) with only four tires / V3:Passenger car",Dry,Daylight,Clear,,NORTH BEACON STREET / BIRMINGHAM PARKWAY,,,,,228439.0625,900920.8752
3190530,BOSTON,23-Apr-2012,4:50 PM,Property damage only (none injured),2,0,0,Angle,V1: Travelling straight ahead / V2:Turning left,V1:Westbound / V2:Northbound ,V1: Collision with motor vehicle in traffic / V2: Collision with motor vehicle in traffic ,"V1: Passenger car / V2:Light truck(van, mini-van, panel, pickup, sport utility) with only four tires",Wet,Daylight,Cloudy,B STREET / CONGRESS STREET,,,,,,237603.6449,899966.4448
3208348,BOSTON (DORCHESTER),23-Apr-2012,5:06 PM,Unknown,3,0,0,Not reported,V1: Not reported / V2:Not reported / V3:Parked,V1:Northbound / V2:Northbound / V3:Not reported ,V1: Not reported / V2: Not reported / V3: Not reported ,"V1: Passenger car / V2:Light truck(van, mini-van, panel, pickup, sport utility) with only four tires / V3:Light truck(van, mini-van, panel, pickup, sport utility) with only four tires",Not reported,Not reported,Not Reported,,TALBOT AVENUE,,,,,,
3049849,BOSTON,23-Apr-2012,5:08 PM,Property damage only (none injured),1,0,0,Single vehicle crash,V1: Travelling straight ahead,V1:Westbound ,V1: Collision with guardrail ,V1: Passenger car,Wet,Daylight,Cloudy,,SOLDIERS FIELD ROAD / NORTH HARVARD STREET,,,,,230992.3482,902048.2872
3146438,BOSTON,23-Apr-2012,5:49 PM,Non-fatal injury,2,1,0,Rear-end,V1: Travelling straight ahead / V2:Travelling straight ahead,V1:Southbound / V2:Southbound ,V1: Collision with motor vehicle in traffic / V2: Collision with motor vehicle in traffic ,"V1: Light truck(van, mini-van, panel, pickup, sport utility) with only four tires / V2:Light truck(van, mini-van, panel, pickup, sport utility) with only four tires",Wet,Daylight,Cloudy/Rain,HYDE PARK AVENUE / DELL AVENUE,,,,,,231137.0782,890110.6875
3105138,BOSTON,23-Apr-2012,6:30 PM,Not Reported,1,0,0,Angle,V1: Not reported,V1:Not reported ,V1: Not reported ,V1: Not reported,Unknown,Daylight,Cloudy/Rain,,110 HUNTINGTON AVENUE,,,,,234624.5782,899697.9233
3046139,BOSTON,23-Apr-2012,6:40 PM,Non-fatal injury,2,1,0,"Sideswipe, opposite direction",V1: Travelling straight ahead / V2:Travelling straight ahead,V1:Southbound / V2:Northbound ,V1: Collision with motor vehicle in traffic / V2: Collision with motor vehicle in traffic ,V1: Passenger car / V2:Passenger car,Wet,Daylight,Cloudy,,ENNEKING PARKWAY,,,,,,
3153563,BOSTON (DORCHESTER),24-Apr-2012,8:26 AM,Non-fatal injury,2,1,0,"Sideswipe, opposite direction",V1: Travelling straight ahead / V2:Entering traffic lane,V1:Eastbound / V2:Westbound ,V1: Collision with motor vehicle in traffic / V2: Collision with motor vehicle in traffic ,"V1: Single-unit truck (2-axle, 6-tire) / V2:Light truck(van, mini-van, panel, pickup, sport utility) with only four tires",Dry,Daylight,Clear/Clear,,6 GIBSON STREET,,,,,236218.6428,894181.5726
3046136,BOSTON,24-Apr-2012,9:25 AM,Property damage only (none injured),2,0,0,Rear-end,V1: Slowing or stopped in traffic / V2:Slowing or stopped in traffic,V1:Southbound / V2:Southbound ,V1: Collision with motor vehicle in traffic / V2: Collision with motor vehicle in traffic ,"V1: Light truck(van, mini-van, panel, pickup, sport utility) with only four tires / V2:Passenger car",Dry,Daylight,Clear,,Rte 93 S,,Exit 15 on Rte 93 S,,,236629.6253,897168.5001
3095295,BOSTON,24-Apr-2012,10:50 AM,Not Reported,2,0,0,"Sideswipe, same direction",V1: Travelling straight ahead / V2:Travelling straight ahead,V1:Westbound / V2:Westbound ,V1: Other / V2: Collision with motor vehicle in traffic ,"V1: Passenger car / V2:Light truck(van, mini-van, panel, pickup, sport utility) with only four tires",Dry,Daylight,Clear,,Rte 90 W,Rte 90  W Milemarker 136.0,,,,238690.1464,900161.8679
3049854,BOSTON,24-Apr-2012,11:20 AM,Non-fatal injury,3,1,0,Rear-end,V1: Slowing or stopped in traffic / V2:Slowing or stopped in traffic / V3:Travelling straight ahead,V1:Northbound / V2:Northbound / V3:Northbound ,V1: Collision with motor vehicle in traffic / V2: Collision with motor vehicle in traffic / V3: Collision with motor vehicle in traffic ,V1: Passenger car / V2:Passenger car / V3:Passenger car,Dry,Daylight,Clear,,Rte 93 N,,Exit 13 on Rte 93 N,,,237420.1414,894076.5227
3214933,BOSTON,24-Apr-2012,12:00 PM,Property damage only (none injured),2,0,0,Angle,V1: Travelling straight ahead / V2:Changing lanes,V1:Eastbound / V2:Eastbound ,V1: Collision with motor vehicle in traffic / V2: Collision with motor vehicle in traffic ,V1: Passenger car / V2:Passenger car,Dry,Daylight,Clear/Clear,,1176 BOYLSTON STREET,,,,,233492.2361,899611.6591
3139143,BOSTON (CHARLESTOWN),24-Apr-2012,5:06 PM,Non-fatal injury,1,1,0,Single vehicle crash,V1: Entering traffic lane,V1:Westbound ,V1: Not reported ,"V1: Light truck(van, mini-van, panel, pickup, sport utility) with only four tires",Dry,Daylight,Clear/Clear,MAIN STREET / SULLIVAN SQUARE,,,,,P2:Pedestrian,235095.149,903898.9816
3386817,BOSTON,24-Apr-2012,5:25 PM,Property damage only (none injured),3,0,0,Rear-end,V1: Slowing or stopped in traffic / V2:Slowing or stopped in traffic / V3:Slowing or stopped in traffic,V1:Northbound / V2:Northbound / V3:Northbound ,V1: Collision with motor vehicle in traffic / V2: Collision with motor vehicle in traffic / V3: Collision with motor vehicle in traffic ,"V1: Passenger car / V2:Light truck(van, mini-van, panel, pickup, sport utility) with only four tires / V3:Passenger car",Dry,Dark - lighted roadway,Clear,JOHN F FITZGERALD EXPRESSWAY Rte 93 N / RAMP - RT 90 TO RT 93 NB,,,,AT RAMP D,,236586.4586,900220.4936
3105136,BOSTON,24-Apr-2012,6:09 PM,Property damage only (none injured),2,0,0,"Sideswipe, same direction",V1: Travelling straight ahead / V2:Travelling straight ahead,V1:Eastbound / V2:Eastbound ,V1: Not reported / V2: Collision with animal - deer ,V1: Unknown vehicle configuration / V2:Passenger car,Dry,Daylight,Cloudy,,62 BEACON STREET,,,,,235508.0502,900734.0556
3089473,BOSTON,24-Apr-2012,6:24 PM,Not Reported,2,0,0,Rear-end,V1: Slowing or stopped in traffic / V2:Travelling straight ahead,V1:Eastbound / V2:Eastbound ,V1: Collision with motor vehicle in traffic / V2: Collision with motor vehicle in traffic ,V1: Passenger car / V2:Passenger car,Dry,Daylight,Cloudy,,Rte 90 E,,,,,231330.9165,900740.8618
3381417,BOSTON,24-Apr-2012,7:47 PM,Property damage only (none injured),2,0,0,Rear-end,V1: Slowing or stopped in traffic / V2:Travelling straight ahead,V1:Westbound / V2:Westbound ,V1: Collision with motor vehicle in traffic / V2: Collision with motor vehicle in traffic ,"V1: Light truck(van, mini-van, panel, pickup, sport utility) with only four tires / V2:Passenger car",Dry,Daylight,Clear,STORROW DRIVE / RAMP - STORROW DR TO RT 2A WB,,,,STORROW DR AT MASS AVE,,233929.9107,900269.172
3089623,BOSTON,24-Apr-2012,8:56 PM,Not Reported,2,0,0,Angle,V1: Changing lanes / V2:Travelling straight ahead,V1:Westbound / V2:Westbound ,V1: Collision with motor vehicle in traffic / V2: Collision with motor vehicle in traffic ,V1: Passenger car / V2:Tractor/semi-trailer,Dry,Dark - lighted roadway,Cloudy,,Rte 90 W,Rte 90  W Milemarker 132.0,,,,232572.2182,899870.4883
3049837,BOSTON,24-Apr-2012,10:18 PM,Non-fatal injury,2,2,0,Angle,V1: Travelling straight ahead / V2:Travelling straight ahead,V1:Northbound / V2:Northbound ,V1: Collision with motor vehicle in traffic / V2: Collision with motor vehicle in traffic ,V1: Passenger car / V2:Passenger car,Dry,Dark - lighted roadway,Clear,,MAURICE TOBIN BRIDGE Rte 1 N,,,OLD TOLLS,,237263.2388,903924.7799
3075430,BOSTON,25-Apr-2012,9:30 AM,Property damage only (none injured),1,0,0,Single vehicle crash,V1: Parked,V1:Westbound ,V1: Collision with light pole or other post/support ,V1: Single-unit truck (3-or-more axles),Dry,Daylight,Clear/Clear,,136 MOUNT VERNON STREET,,,,,235342.9602,900882.5155
3214932,BOSTON,25-Apr-2012,1:14 PM,Non-fatal injury,1,1,0,Single vehicle crash,V1: Travelling straight ahead,V1:Not reported ,"V1: Collision with cyclist (bicycle, tricycle, unicycle, pedal car) ",V1: Passenger car,Dry,Daylight,Clear/Clear,COMMONWEALTH AVENUE / SILBER WAY,,,,,"P2:Pedalcyclist (bicycle, tricycle, unicycle, pedal car)",232911.5468,899950.5001
3089477,BOSTON,25-Apr-2012,3:40 PM,Not Reported,2,0,0,Rear-end,V1: Travelling straight ahead / V2:Travelling straight ahead,V1:Northbound / V2:Northbound ,V1: Collision with motor vehicle in traffic / V2: Collision with motor vehicle in traffic ,"V1: Light truck(van, mini-van, panel, pickup, sport utility) with only four tires / V2:Passenger car",Dry,Daylight,Clear,,KOSCIUSZKO CIRCLE / OLD COLONY AVENUE,,,,,237020.6238,896892.1848
3382326,BOSTON,25-Apr-2012,3:43 PM,Property damage only (none injured),2,0,0,Rear-end,V1: Travelling straight ahead / V2:Slowing or stopped in traffic,V1:Eastbound / V2:Eastbound ,V1: Collision with motor vehicle in traffic / V2: Not reported ,V1: Passenger car / V2:Passenger car,Dry,Daylight,Not Reported,,MORTON STREET Rte 203 E / FOREST HILLS AVENUE,,,SHATTUCK HOSPITAL,,232609.4243,894484.8726
3047886,BOSTON,25-Apr-2012,3:47 PM,Property damage only (none injured),2,0,0,Rear-end,V1: Slowing or stopped in traffic / V2:Travelling straight ahead,V1:Southbound / V2:Southbound ,V1: Collision with motor vehicle in traffic / V2: Collision with motor vehicle in traffic ,"V1: Light truck(van, mini-van, panel, pickup, sport utility) with only four tires / V2:Light truck(van, mini-van, panel, pickup, sport utility) with only four tires",Dry,Daylight,Clear,,Rte 93 S,,Exit 12 on Rte 93 S,,,237620.5493,892713.0989
3049969,BOSTON,25-Apr-2012,5:15 PM,Non-fatal injury,3,2,0,Rear-end,V1: Travelling straight ahead / V2:Slowing or stopped in traffic / V3:Slowing or stopped in traffic,V1:Southbound / V2:Southbound / V3:Southbound ,V1: Collision with motor vehicle in traffic / V2: Collision with motor vehicle in traffic / V3: Collision with motor vehicle in traffic ,"V1: Light truck(van, mini-van, panel, pickup, sport utility) with only four tires / V2:Passenger car / V3:Passenger car",Dry,Daylight,Clear,,Rte 93 S,,Exit 15 on Rte 93 S,BOSTON ST OVERPASS,,236629.6253,897168.5001
3079906,BOSTON,25-Apr-2012,11:09 PM,Not Reported,2,0,0,Rear-end,V1: Slowing or stopped in traffic / V2:Slowing or stopped in traffic,V1:Northbound / V2:Northbound ,V1: Collision with motor vehicle in traffic / V2: Collision with motor vehicle in traffic ,V1: Passenger car / V2:Passenger car,Dry,Dark - lighted roadway,Clear,,Rte 93 N,,,,,236612.9046,900287.568
3047883,BOSTON,25-Apr-2012,11:13 PM,Non-fatal injury,1,1,0,Single vehicle crash,V1: Turning left,V1:Eastbound ,"V1: Collision with cyclist (bicycle, tricycle, unicycle, pedal car) ","V1: Light truck(van, mini-van, panel, pickup, sport utility) with only four tires",Dry,Dark - lighted roadway,Clear,PARK DRIVE / BEACON STREET,,,,,"P3:Pedalcyclist (bicycle, tricycle, unicycle, pedal car)",232535.3748,899651.148
3046045,BOSTON,26-Apr-2012,1:05 AM,Non-fatal injury,1,2,0,Single vehicle crash,V1: Travelling straight ahead,V1:Northbound ,V1: Collision with other movable object ,"V1: Light truck(van, mini-van, panel, pickup, sport utility) with only four tires",Dry,Dark - lighted roadway,Cloudy,,RAMP - EAST BOSTON EXPRESSWAY TO FRANKFO / FRANKFORT STREET,,,,,239008.078,903144.3638
3049838,BOSTON,26-Apr-2012,8:11 AM,Property damage only (none injured),2,0,0,Rear-end,V1: Travelling straight ahead / V2:Travelling straight ahead,V1:Northbound / V2:Northbound ,V1: Collision with motor vehicle in traffic / V2: Collision with motor vehicle in traffic ,V1: Passenger car / V2:Passenger car,Dry,Daylight,Clear,,Rte 93 N,,Exit 26 on Rte 93 N,,,236402.7433,901600.0342
3214931,BOSTON,26-Apr-2012,8:17 AM,Not Reported,2,0,0,Not reported,V1: Not reported / V2:Not reported,V1:Not reported / V2:Not reported ,V1: Not reported / V2: Not reported ,V1: Not reported / V2:Not reported,Not reported,Not reported,Not Reported,SURFACE ARTERY / KNEELAND STREET,,,,,,236274.497,900050.9872
3105146,BOSTON,26-Apr-2012,9:00 AM,Property damage only (none injured),1,0,0,Single vehicle crash,V1: Parked,V1:Not reported ,"V1: Collision with cyclist (bicycle, tricycle, unicycle, pedal car) ",V1: Not reported,Dry,Daylight,Clear,,40 COURT STREET,,,,"P3:Pedalcyclist (bicycle, tricycle, unicycle, pedal car)",236332.337,901049.9518
3105141,BOSTON,26-Apr-2012,9:30 AM,Not Reported,1,0,0,Single vehicle crash,V1: Travelling straight ahead,V1:Not reported ,V1: Collision with pedestrian ,V1: Not reported,Dry,Daylight,Clear/Clear,ATLANTIC AVENUE / BEACH STREET,,,,,,236535.1505,900086.8175
3057649,BOSTON,26-Apr-2012,1:25 PM,Property damage only (none injured),3,0,0,Rear-end,V1: Travelling straight ahead / V2:Slowing or stopped in traffic / V3:Slowing or stopped in traffic,V1:Not reported / V2:Not reported / V3:Not reported ,V1: Collision with motor vehicle in traffic / V2: Collision with motor vehicle in traffic / V3: Collision with motor vehicle in traffic ,V1: Passenger car / V2:Passenger car / V3:Passenger car,Dry,Daylight,Clear,,FENWAY / PARK DRIVE,,,RAMP FROM THE FENWAY TO PARK DRI,,232782.8055,899226.551
3196139,BOSTON (DORCHESTER),26-Apr-2012,2:20 PM,Not Reported,2,0,0,Rear-end,V1: Not reported / V2:Unknown,V1:Not reported / V2:Not reported ,V1: Not reported / V2: Not reported ,"V1: Light truck(van, mini-van, panel, pickup, sport utility) with only four tires / V2:Not reported",Dry,Daylight,Cloudy,OAKLEY STREET / BOWDOIN STREET,,,,,,235289.2497,894619.8126
3109884,BOSTON,26-Apr-2012,5:10 PM,Not Reported,3,0,0,Head-on,V1: Travelling straight ahead / V2:Turning left / V3:Slowing or stopped in traffic,V1:Southbound / V2:Northbound / V3:Eastbound ,V1: Collision with motor vehicle in traffic / V2: Collision with motor vehicle in traffic / V3: Collision with motor vehicle in traffic ,"V1: Passenger car / V2:Light truck(van, mini-van, panel, pickup, sport utility) with only four tires / V3:Passenger car",Dry,Daylight,Cloudy,,HARBORSIDE DRIVE,,,AT JEFFRIES,,,
3170827,BOSTON (ROXBURY),27-Apr-2012,1:25 AM,Non-fatal injury,2,2,0,Rear-end,V1: Travelling straight ahead / V2:Travelling straight ahead,V1:Southbound / V2:Not reported ,V1: Collision with motor vehicle in traffic / V2: Collision with motor vehicle in traffic ,"V1: Light truck(van, mini-van, panel, pickup, sport utility) with only four tires / V2:Light truck(van, mini-van, panel, pickup, sport utility) with only four tires",Not reported,Daylight,Clear,,158 QUINCY STREET,,,,,234942.2898,895967.2571
3060397,BOSTON,27-Apr-2012,2:05 AM,Non-fatal injury,1,2,0,Single vehicle crash,V1: Turning left,V1:Southbound ,V1: Collision with light pole or other post/support ,V1: Passenger car,Wet,Dark - lighted roadway,Not Reported,,HYDE PARK AVENUE / NEPONSET VALLEY PARKWAY,,,READVILLE TRAIN STATION,,230328.8162,887573.443
3214935,BOSTON,27-Apr-2012,5:17 AM,Property damage only (none injured),1,0,0,Single vehicle crash,V1: Travelling straight ahead,V1:Eastbound ,V1: Collision with light pole or other post/support ,"V1: Light truck(van, mini-van, panel, pickup, sport utility) with only four tires",Dry,Dark - lighted roadway,Clear/Clear,BERKELEY STREET / COLUMBUS AVENUE,,,,,,235282.7002,899882.0257
3057496,BOSTON,27-Apr-2012,9:15 AM,Property damage only (none injured),2,0,0,Rear-end,V1: Travelling straight ahead / V2:Travelling straight ahead,V1:Eastbound / V2:Eastbound ,V1: Collision with motor vehicle in traffic / V2: Collision with motor vehicle in traffic ,"V1: Passenger car / V2:Light truck(van, mini-van, panel, pickup, sport utility) with only four tires",Wet,Daylight,Rain,,STORROW DRIVE Rte 28 N / REVERE STREET,,,GOVERNMENT CTR,,235245.0161,901066.0829
3102076,BOSTON,27-Apr-2012,9:17 AM,Not Reported,2,0,0,Rear-end,V1: Slowing or stopped in traffic / V2:Travelling straight ahead,V1:Southbound / V2:Southbound ,V1: Collision with motor vehicle in traffic / V2: Collision with motor vehicle in traffic ,"V1: Light truck(van, mini-van, panel, pickup, sport utility) with only four tires / V2:Passenger car",Dry,Daylight,Clear,,Rte 93 S,,Exit 26 on Rte 93 S,,,234851.4113,903728.5151
3381418,BOSTON,27-Apr-2012,3:25 PM,Non-fatal injury,2,2,0,Rear-end,V1: Slowing or stopped in traffic / V2:Travelling straight ahead,V1:Eastbound / V2:Eastbound ,V1: Collision with motor vehicle in traffic / V2: Collision with motor vehicle in traffic ,V1: Passenger car / V2:Passenger car,Dry,Daylight,Clear,STORROW DRIVE Rte 28 N / REVERE STREET,,,,STORROW DR AT REVERE ST,,235248.1945,901083.0333
3049839,BOSTON,27-Apr-2012,4:15 PM,Non-fatal injury,2,1,0,Angle,V1: Travelling straight ahead / V2:Travelling straight ahead,V1:Northbound / V2:Eastbound ,V1: Collision with motor vehicle in traffic / V2: Collision with motor vehicle in traffic ,"V1: Passenger car / V2:Light truck(van, mini-van, panel, pickup, sport utility) with only four tires",Dry,Daylight,Clear,,400 FRONTAGE ROAD,,,400 (BPD TOW LOT),,236044.5116,899066.2647
3060396,BOSTON,27-Apr-2012,5:55 PM,Non-fatal injury,1,1,0,Rear-end,V1: Travelling straight ahead,V1:Westbound ,V1: Collision with motor vehicle in traffic ,V1: Passenger car,Dry,Dark - lighted roadway,Not Reported,,COLUMBIA ROAD / RAMP - RT 93 NB TO COLUMBIA RD,,,@ I93 OVERPASS,,236801.88,896875.3867
3049840,BOSTON,27-Apr-2012,7:55 PM,Property damage only (none injured),2,0,0,"Sideswipe, same direction",V1: Changing lanes / V2:Changing lanes,V1:Northbound / V2:Northbound ,V1: Collision with motor vehicle in traffic / V2: Collision with motor vehicle in traffic ,V1: Passenger car / V2:Passenger car,Dry,Dark - lighted roadway,Clear,,Rte 93 N,,Exit 27 on Rte 93 N,,,235655.07,902467.5364
3050061,BOSTON,27-Apr-2012,11:55 PM,Property damage only (none injured),2,0,0,"Sideswipe, same direction",V1: Travelling straight ahead / V2:Slowing or stopped in traffic,V1:Northbound / V2:Northbound ,V1: Collision with motor vehicle in traffic / V2: Collision with motor vehicle in traffic ,"V1: Light truck(van, mini-van, panel, pickup, sport utility) with only four tires / V2:Passenger car",Dry,Dark - lighted roadway,Not Reported,,WILLIAM T MORRISSEY BOULEVARD / NEPONSET AVENUE,,,,,237696.0819,892924.3425
3170993,BOSTON (ALLSTON),28-Apr-2012,9:20 AM,Property damage only (none injured),1,0,0,Rear-end,V1: Travelling straight ahead,V1:Not reported ,V1: Collision with parked motor vehicle ,V1: Passenger car,Dry,Daylight,Clear,,1082 COMMONWEALTH AVENUE FRONTAGE ROAD EB,,,,,,
3196138,BOSTON (DORCHESTER),28-Apr-2012,10:55 AM,Non-fatal injury,2,1,0,Angle,V1: Travelling straight ahead / V2:Entering traffic lane,V1:Northbound / V2:Northbound ,V1: Collision with motor vehicle in traffic / V2: Collision with motor vehicle in traffic ,V1: Passenger car / V2:Passenger car,Dry,Daylight,Clear/Clear,,62 WASHINGTON STREET,,,,,236427.3556,901019.4767
3079907,BOSTON,28-Apr-2012,10:59 AM,Not Reported,2,0,0,Rear-end,V1: Slowing or stopped in traffic / V2:Slowing or stopped in traffic,V1:Southbound / V2:Southbound ,V1: Collision with motor vehicle in traffic / V2: Collision with motor vehicle in traffic ,"V1: Light truck(van, mini-van, panel, pickup, sport utility) with only four tires / V2:Passenger car",Dry,Daylight,Clear,,Rte 93 S,,Exit 24 on Rte 93 S,,,236397.1933,901565.6511
3061892,BOSTON,28-Apr-2012,11:55 AM,Non-fatal injury,2,3,0,Angle,V1: Travelling straight ahead / V2:Travelling straight ahead,V1:Southbound / V2:Eastbound ,V1: Collision with motor vehicle in traffic / V2: Collision with motor vehicle in traffic ,V1: Passenger car / V2:Passenger car,Dry,Daylight,Clear,RIVERWAY / BROOKLINE AVENUE,,,,,,,
3060398,BOSTON,28-Apr-2012,3:37 PM,Non-fatal injury,2,1,0,Angle,V1: Turning left / V2:Travelling straight ahead,V1:Westbound / V2:Southbound ,V1: Collision with motor vehicle in traffic / V2: Collision with motor vehicle in traffic ,V1: Passenger car / V2:Passenger car,Dry,Daylight,Not Reported,,TRUMAN HIGHWAY / WARREN AVENUE,,,,,231543.9742,889275.6682
3190230,BOSTON,28-Apr-2012,6:30 PM,Property damage only (none injured),2,0,0,Rear-end,V1: Turning left / V2:Not reported,V1:Eastbound / V2:Not reported ,V1: Not reported / V2: Not reported ,V1: Not reported / V2:Not reported,Wet,Daylight,Clear,EAST NINTH STREET / DORCHESTER STREET,,,,,,236950.2776,898089.3611
3060495,BOSTON,28-Apr-2012,7:22 PM,Property damage only (none injured),2,0,0,Rear-end,V1: Not reported / V2:Leaving traffic lane,V1:Northbound / V2:Northbound ,V1: Collision with motor vehicle in traffic / V2: Collision with motor vehicle in traffic ,V1: Passenger car / V2:Passenger car,Dry,Daylight,Clear,,JAMAICAWAY,,,,,231951.83,897818.9341
3101976,BOSTON,28-Apr-2012,8:03 PM,Not Reported,3,0,0,"Sideswipe, same direction",V1: Travelling straight ahead / V2:Changing lanes / V3:Travelling straight ahead,V1:Northbound / V2:Northbound / V3:Northbound ,V1: Collision with motor vehicle in traffic / V2: Collision with motor vehicle in traffic / V3: Collision with motor vehicle in traffic ,V1: Passenger car / V2:Passenger car / V3:Passenger car,Dry,Dark - lighted roadway,Clear,,Rte 93 N,,,ZAKIM BRIDGE,,235022.7904,903052.5691
3049841,BOSTON,29-Apr-2012,9:20 AM,Property damage only (none injured),2,0,0,"Sideswipe, same direction",V1: Travelling straight ahead / V2:Travelling straight ahead,V1:Eastbound / V2:Eastbound ,V1: Collision with motor vehicle in traffic / V2: Collision with motor vehicle in traffic ,"V1: Light truck(van, mini-van, panel, pickup, sport utility) with only four tires / V2:Light truck(van, mini-van, panel, pickup, sport utility) with only four tires",Dry,Daylight,Clear,,Rte 90 E,,,,,235271.257,899792.4589
3380310,BOSTON,29-Apr-2012,10:20 AM,Non-fatal injury,1,1,0,Single vehicle crash,V1: Travelling straight ahead,V1:Southbound ,V1: Other ,V1: Motorcycle,Dry,Daylight,Clear,,EAST BOSTON EXPRESSWAY Rte 1A S / SUMNER TUNNEL,,,SUMNER TUNNEL,,238041.3696,902662.0925
3060505,BOSTON,29-Apr-2012,12:12 PM,Property damage only (none injured),2,0,0,Rear-end,V1: Slowing or stopped in traffic / V2:Changing lanes,V1:Westbound / V2:Westbound ,V1: Collision with motor vehicle in traffic / V2: Collision with motor vehicle in traffic ,V1: Passenger car / V2:Passenger car,Dry,Daylight,Clear,,SOLDIERS FIELD ROAD / NORTH HARVARD STREET,,,,,230992.3482,902048.2872
3084826,BOSTON,29-Apr-2012,5:45 PM,Not Reported,2,0,0,Rear-end,V1: Slowing or stopped in traffic / V2:Slowing or stopped in traffic,V1:Eastbound / V2:Eastbound ,V1: Collision with motor vehicle in traffic / V2: Collision with motor vehicle in traffic ,"V1: Light truck(van, mini-van, panel, pickup, sport utility) with only four tires / V2:Light truck(van, mini-van, panel, pickup, sport utility) with only four tires",Dry,Daylight,Cloudy,,RAMP - WESTERN AVE TO SOLDIERS FIELD RD / SOLDIERS FIELD ROAD,,,AT THE DOUBLETREE HOTEL,,231493.9755,901024.7148
3083131,BOSTON,30-Apr-2012,9:25 AM,Not Reported,2,0,0,"Sideswipe, same direction",V1: Travelling straight ahead / V2:Travelling straight ahead,V1:Southbound / V2:Southbound ,V1: Collision with motor vehicle in traffic / V2: Collision with motor vehicle in traffic ,V1: Passenger car / V2:Truck/trailer,Dry,Daylight,Clear,,Rte 93 S,,Exit 24 on Rte 93 S,,,236397.1933,901565.6511
3105152,BOSTON,30-Apr-2012,12:30 PM,Property damage only (none injured),2,0,0,Rear-end,V1: Travelling straight ahead / V2:Travelling straight ahead,V1:Northbound / V2:Northbound ,V1: Collision with motor vehicle in traffic / V2: Collision with motor vehicle in traffic ,"V1: Light truck(van, mini-van, panel, pickup, sport utility) with only four tires / V2:Passenger car",Dry,Daylight,Clear/Clear,,CHARLES STREET,,,BOSTON COMMON,,,
3345054,BOSTON,30-Apr-2012,4:00 PM,Unknown,2,0,0,"Sideswipe, same direction",V1: Travelling straight ahead / V2:Parked,V1:Westbound / V2:Not reported ,V1: Collision with parked motor vehicle / V2: Not reported ,V1: Passenger car / V2:Passenger car,Dry,Daylight,Clear/Clear,,119 WALK HILL STREET,,,,,231971.7901,893568.3749
3079925,BOSTON,30-Apr-2012,4:25 PM,Not Reported,2,0,0,"Sideswipe, same direction",V1: Travelling straight ahead / V2:Travelling straight ahead,V1:Southbound / V2:Southbound ,V1: Collision with motor vehicle in traffic / V2: Collision with moped ,"V1: Passenger car / V2:Light truck(van, mini-van, panel, pickup, sport utility) with only four tires",Dry,Daylight,Cloudy,,FENWAY / 28,,,,,233749.21,899548.4571