Crash Number,City/Town Name,Crash Date,Crash Time,Crash Severity,Number of Vehicles,Total Nonfatal Injuries,Total Fatal Injuries,Manner of Collision,Vehicle Action Prior to Crash,Vehicle Travel Directions,Most Harmful Events,Vehicle Configuration,Road Surface Condition,Ambient Light,Weather Condition,At Roadway Intersection,Distance from Nearest Roadway Intersection,Distance from Nearest Milemarker,Distance from Nearest Exit,Distance from Nearest Landmark,Non Motorist Type,X Coordinate,Y Coordinate
3057500,BOSTON,30-Apr-2012,7:34 PM,Non-fatal injury,2,1,0,Angle,V1: Travelling straight ahead / V2:Entering traffic lane,V1:Northbound / V2:Westbound ,V1: Collision with motor vehicle in traffic / V2: Collision with motor vehicle in traffic ,V1: Passenger car / V2:Passenger car,Dry,Daylight,Cloudy,ENNEKING PARKWAY / TURTLE POND PARKWAY,,,,,,229687.9375,889839.1252
3065710,BOSTON,01-May-2012,4:43 AM,Not Reported,1,0,0,Single vehicle crash,V1: Changing lanes,V1:Westbound ,V1: Collision with curb ,V1: Passenger car,Wet,Dark - lighted roadway,Not Reported,,STORROW DRIVE,,,HATCHSHELL,,235176.6897,900826.525
3170996,BOSTON (BRIGHTON),01-May-2012,8:31 AM,Unknown,2,0,0,Rear-end,V1: Travelling straight ahead / V2:Not reported,V1:Eastbound / V2:Not reported ,V1: Collision with motor vehicle in traffic / V2: Not reported ,"V1: Light truck(van, mini-van, panel, pickup, sport utility) with only four tires / V2:Not reported",Wet,Daylight,Rain/Cloudy,FOSTER STREET / WASHINGTON STREET,,,,,,228254.4844,899900.5627
3065711,BOSTON,01-May-2012,10:25 AM,Not Reported,3,0,0,Rear-end,V1: Travelling straight ahead / V2:Travelling straight ahead / V3:Slowing or stopped in traffic,V1:Westbound / V2:Westbound / V3:Westbound ,V1: Collision with motor vehicle in traffic / V2: Collision with motor vehicle in traffic / V3: Collision with motor vehicle in traffic ,V1: Passenger car / V2:Passenger car / V3:Passenger car,Wet,Daylight,Cloudy/Rain,,STORROW DRIVE,,,LEE POOL,,235411.5544,901620.2122
3215430,BOSTON,01-May-2012,11:00 AM,Non-fatal injury,1,1,0,Single vehicle crash,V1: Travelling straight ahead,V1:Eastbound ,"V1: Collision with cyclist (bicycle, tricycle, unicycle, pedal car) ",V1: Passenger car,Wet,Daylight,Cloudy/Rain,TREMONT STREET / MILFORD STREET,,,,,"P3:Pedalcyclist (bicycle, tricycle, unicycle, pedal car)",235383.235,899426.3631
3222165,BOSTON (ROXBURY),01-May-2012,11:38 AM,Property damage only (none injured),2,0,0,Not reported,V1: Travelling straight ahead / V2:Travelling straight ahead,V1:Not reported / V2:Not reported ,V1: Collision with motor vehicle in traffic / V2: Collision with motor vehicle in traffic ,"V1: Passenger car / V2:Light truck(van, mini-van, panel, pickup, sport utility) with only four tires",Not reported,Not reported,Not Reported,,WALNUT AVENUE / ROCKLAND STREET,,,,,234219.7186,896971.3748
3065718,BOSTON,01-May-2012,12:40 PM,Not Reported,2,0,0,Rear-end,V1: Travelling straight ahead / V2:Slowing or stopped in traffic,V1:Westbound / V2:Westbound ,V1: Collision with motor vehicle in traffic / V2: Collision with motor vehicle in traffic ,"V1: Light truck(van, mini-van, panel, pickup, sport utility) with only four tires / V2:Passenger car",Wet,Daylight,Rain,,WILLIAM DAY BOULEVARD / KOSCIUSZKO CIRCLE,,,AT ROTARY,,237009.4204,896931.6003
3084839,BOSTON,01-May-2012,3:56 PM,Not Reported,2,0,0,Rear-end,V1: Slowing or stopped in traffic / V2:Travelling straight ahead,V1:Northbound / V2:Northbound ,V1: Collision with motor vehicle in traffic / V2: Collision with motor vehicle in traffic ,"V1: Light truck(van, mini-van, panel, pickup, sport utility) with only four tires / V2:Passenger car",Wet,Daylight,Rain,,ARBORWAY / CENTRE STREET,,,,,231269.4374,895461.1873
3060390,BOSTON,01-May-2012,4:09 PM,Property damage only (none injured),1,0,0,Single vehicle crash,V1: Other,V1:Westbound ,V1: Collision with curb ,V1: Passenger car,Wet,Daylight,Not Reported,,CHARLESGATE WEST / BACK STREET,,,STORROW DRIVE WEST BOUND RAMP,,233520.5219,900153.3133
3060392,BOSTON,01-May-2012,4:30 PM,Property damage only (none injured),2,0,0,Angle,V1: Travelling straight ahead / V2:Travelling straight ahead,V1:Southbound / V2:Southbound ,V1: Collision with motor vehicle in traffic / V2: Collision with motor vehicle in traffic ,"V1: Light truck(van, mini-van, panel, pickup, sport utility) with only four tires / V2:Light truck(van, mini-van, panel, pickup, sport utility) with only four tires",Wet,Daylight,Not Reported,,COMMONWEALTH AVENUE / CHARLESGATE WEST,,,,,233546.2741,899931.2545
3060391,BOSTON,01-May-2012,7:15 PM,Non-fatal injury,2,1,0,Rear-end,V1: Travelling straight ahead / V2:Travelling straight ahead,V1:Westbound / V2:Westbound ,V1: Collision with motor vehicle in traffic / V2: Collision with motor vehicle in traffic ,"V1: Light truck(van, mini-van, panel, pickup, sport utility) with only four tires / V2:Passenger car",Wet,Daylight,Cloudy/Rain,,FENWAY / 341,,,,,232993.3153,898853.77
3089474,BOSTON,01-May-2012,8:10 PM,Not Reported,1,0,0,Single vehicle crash,V1: Leaving traffic lane,V1:Northbound ,V1: Collision with median barrier ,V1: Passenger car,Wet,Dark - lighted roadway,Cloudy/Rain,,Rte 93 N,,Exit 23 on Rte 93 N,,,236957.4837,900943.9828
3222175,BOSTON (ROXBURY),01-May-2012,11:00 PM,Non-fatal injury,3,2,0,Rear-end,V1: Slowing or stopped in traffic / V2:Slowing or stopped in traffic / V3:Not reported,V1:Not reported / V2:Not reported / V3:Not reported ,V1: Collision with motor vehicle in traffic / V2: Collision with motor vehicle in traffic / V3: Not reported ,"V1: Passenger car / V2:Light truck(van, mini-van, panel, pickup, sport utility) with only four tires / V3:Not reported",Wet,Dark - lighted roadway,Rain/Rain,BLUE HILL AVENUE / INTERVALE STREET,,,,,,234564.2967,895796.7501
3060393,BOSTON,01-May-2012,11:54 PM,Not Reported,2,0,0,Rear-end,V1: Slowing or stopped in traffic / V2:Slowing or stopped in traffic,V1:Eastbound / V2:Eastbound ,V1: Collision with motor vehicle in traffic / V2: Collision with motor vehicle in traffic ,"V1: Light truck(van, mini-van, panel, pickup, sport utility) with only four tires / V2:Passenger car",Wet,Dark - lighted roadway,Clear,,LEVERETT CIRCLE / RAMP - LEVERETT CIRCLE TO RT 93 SB,,,,,235616.8745,901859.5295
3196134,BOSTON (DORCHESTER),02-May-2012,00:00 AM,Not Reported,2,0,0,"Sideswipe, same direction",V1: Travelling straight ahead / V2:Parked,V1:Not reported / V2:Not reported ,V1: Collision with other movable object / V2: Not reported ,V1: Passenger car / V2:Passenger car,Wet,Dark - lighted roadway,Rain,,11 GLENDALE STREET,,,,,235797.9273,895960.1728
3063339,BOSTON,02-May-2012,2:07 AM,Non-fatal injury,2,1,0,Angle,V1: Changing lanes / V2:Travelling straight ahead,V1:Southbound / V2:Southbound ,V1: Collision with median barrier / V2: Collision with guardrail ,"V1: Light truck(van, mini-van, panel, pickup, sport utility) with only four tires / V2:Light truck(van, mini-van, panel, pickup, sport utility) with only four tires",Wet,Dark - lighted roadway,Cloudy,,Rte 93 S,,Exit 12 on Rte 93 S,,,237620.5493,892713.0989
3208346,BOSTON,02-May-2012,6:45 AM,Non-fatal injury,2,2,0,Angle,V1: Travelling straight ahead / V2:Turning left,V1:Not reported / V2:Not reported ,V1: Collision with motor vehicle in traffic / V2: Collision with motor vehicle in traffic ,"V1: Light truck(van, mini-van, panel, pickup, sport utility) with only four tires / V2:Passenger car",Wet,Daylight,Rain/Cloudy,,GRANITE AVENUE,,,MCDONALDS,,,
3345032,BOSTON (JAMAICA PLAIN),02-May-2012,2:50 PM,Not Reported,2,0,0,Not reported,V1: Not reported / V2:Not reported,V1:Not reported / V2:Not reported ,V1: Not reported / V2: Not reported ,V1: Passenger car / V2:Passenger car,Not reported,Not reported,Not Reported,,SOUTH HUNTINGTON AVENUE,,,,,,
3346839,BOSTON (JAMAICA PLAIN),02-May-2012,2:55 PM,Not Reported,2,0,0,Not reported,V1: Not reported / V2:Not reported,V1:Not reported / V2:Not reported ,V1: Not reported / V2: Not reported ,"V1: Passenger car / V2:Light truck(van, mini-van, panel, pickup, sport utility) with only four tires",Not reported,Not reported,Not Reported,SOUTH STREET / ANSON STREET,,,,,,231778.8595,894799.3751
3084828,BOSTON,02-May-2012,3:30 PM,Not Reported,2,0,0,"Sideswipe, same direction",V1: Changing lanes / V2:Travelling straight ahead,V1:Eastbound / V2:Eastbound ,V1: Collision with motor vehicle in traffic / V2: Collision with motor vehicle in traffic ,V1: Passenger car / V2:Passenger car,Dry,Daylight,Clear,,VETERANS OF FOREIGN WARS PARKWAY / SPRING STREET,,,,,227008.6251,891284.9375
3079908,BOSTON,02-May-2012,4:32 PM,Not Reported,3,0,0,Angle,V1: Slowing or stopped in traffic / V2:Changing lanes / V3:Travelling straight ahead,V1:Southbound / V2:Southbound / V3:Southbound ,V1: Collision with motor vehicle in traffic / V2: Collision with motor vehicle in traffic / V3: Collision with motor vehicle in traffic ,"V1: Passenger car / V2:Passenger car / V3:Light truck(van, mini-van, panel, pickup, sport utility) with only four tires",Dry,Daylight,Cloudy,,Rte 93 S,,Exit 20 on Rte 93 S,,,236954.209,900826.9442
3216326,BOSTON (ROXBURY),02-May-2012,5:30 PM,Property damage only (none injured),2,0,0,Not reported,V1: Not reported / V2:Not reported,V1:Not reported / V2:Not reported ,V1: Not reported / V2: Not reported ,V1: Passenger car / V2:Passenger car,Not reported,Not reported,Not Reported,,WARREN STREET,,,,,,
3079909,BOSTON,02-May-2012,5:46 PM,Not Reported,2,0,0,Rear-end,V1: Slowing or stopped in traffic / V2:Slowing or stopped in traffic,V1:Southbound / V2:Southbound ,V1: Collision with motor vehicle in traffic / V2: Collision with motor vehicle in traffic ,V1: Passenger car / V2:Passenger car,Dry,Daylight,Cloudy,,Rte 93 S / RAMP - RT 93 SB TO CALLAHAN TUNNEL,,Exit 24 on Rte 93 S,PRIOR TO EXIT 24,,236396.0352,901567.2962
3064757,BOSTON,02-May-2012,9:20 PM,Property damage only (none injured),2,0,0,"Sideswipe, same direction",V1: Travelling straight ahead / V2:Changing lanes,V1:Southbound / V2:Southbound ,V1: Not reported / V2: Not reported ,"V1: Light truck(van, mini-van, panel, pickup, sport utility) with only four tires / V2:Passenger car",Dry,Dark - lighted roadway,Cloudy,,75 feet S from Intersection NEW CHARDON STREET / BEVERLY STREET,,,,,,
3386819,BOSTON,03-May-2012,6:23 AM,Non-fatal injury,3,3,0,Rear-end,V1: Slowing or stopped in traffic / V2:Slowing or stopped in traffic / V3:Travelling straight ahead,V1:Eastbound / V2:Eastbound / V3:Eastbound ,V1: Collision with motor vehicle in traffic / V2: Collision with motor vehicle in traffic / V3: Collision with motor vehicle in traffic ,"V1: Passenger car / V2:Light truck(van, mini-van, panel, pickup, sport utility) with only four tires / V3:Truck/trailer",Dry,Daylight,Cloudy,MASSACHUSETTS TURNPIKE Rte 90 E / RAMP - HAUL ROAD TO RT 90 EB,,,,RAMP A MERGE,,237422.3233,899852.2977
3065719,BOSTON,03-May-2012,6:41 AM,Not Reported,2,0,0,Rear-end,V1: Travelling straight ahead / V2:Travelling straight ahead,V1:Southbound / V2:Southbound ,V1: Collision with motor vehicle in traffic / V2: Collision with median barrier ,V1: Passenger car / V2:Passenger car,Wet,Daylight,Not Reported,,Rte 93 S,,Exit 12 on Rte 93 S,,,237620.5493,892713.0989
3381555,BOSTON,03-May-2012,7:05 AM,Non-fatal injury,1,1,0,Single vehicle crash,V1: Travelling straight ahead,V1:Westbound ,V1: Collision with guardrail ,"V1: Light truck(van, mini-van, panel, pickup, sport utility) with only four tires",Wet,Daylight,Cloudy/Rain,,SOLDIERS FIELD ROAD / RAMP - N HARVARD ST TO SOLDIERS FIELD WB,,,"SFR WEST, WEST OF N HARVARD ST",,230796.5611,902168.7603
3062965,BOSTON,03-May-2012,7:10 AM,Property damage only (none injured),2,0,0,Rear-end,V1: Travelling straight ahead / V2:Travelling straight ahead,V1:Westbound / V2:Westbound ,V1: Collision with motor vehicle in traffic / V2: Collision with motor vehicle in traffic ,V1: Passenger car / V2:Passenger car,Wet,Daylight,Rain,,RIVERWAY / LONGWOOD AVENUE,,,,,232142.9084,898941.3686
3062968,BOSTON,03-May-2012,9:25 AM,Non-fatal injury,1,2,0,Single vehicle crash,V1: Travelling straight ahead,V1:Westbound ,V1: Collision with curb ,"V1: Light truck(van, mini-van, panel, pickup, sport utility) with only four tires",Wet,Daylight,Cloudy/Rain,,MORTON STREET / CANTERBURY STREET,,,,,233302.1557,893677.645
3083332,BOSTON,03-May-2012,11:00 AM,Not Reported,2,0,0,"Sideswipe, same direction",V1: Parked / V2:Slowing or stopped in traffic,V1:Not reported / V2:Not reported ,V1: Collision with parked motor vehicle / V2: Collision with parked motor vehicle ,"V1: Light truck(van, mini-van, panel, pickup, sport utility) with only four tires / V2:Bus (seats for more than 15 people, including driver)",Wet,Daylight,Cloudy/Rain,,180 RIVERWAY,,,WHHELOCK COLLEGE,,232435.2681,899162.7004
3079910,BOSTON,03-May-2012,12:50 PM,Not Reported,2,0,0,Rear-end,V1: Slowing or stopped in traffic / V2:Travelling straight ahead,V1:Southbound / V2:Southbound ,V1: Collision with motor vehicle in traffic / V2: Collision with motor vehicle in traffic ,"V1: Light truck(van, mini-van, panel, pickup, sport utility) with only four tires / V2:Passenger car",Dry,Daylight,Clear,,MASSACHUSETTS AVENUE CONNECTOR / MASSACHUSETTS AVENUE,,,,,,
3190031,BOSTON (SOUTH BOSTON),03-May-2012,1:01 PM,Not Reported,2,0,0,Angle,V1: Not reported / V2:Not reported,V1:Not reported / V2:Not reported ,V1: Not reported / V2: Not reported ,V1: Passenger car / V2:Passenger car,Dry,Daylight,Cloudy,WEST SEVENTH STREET / C STREET,,,,,,236638.7522,898623.1447
3251257,BOSTON,03-May-2012,1:22 PM,Non-fatal injury,1,1,0,Single vehicle crash,V1: Travelling straight ahead,V1:Southbound ,V1: Collision with pedestrian ,V1: Passenger car,Dry,Daylight,Cloudy,,0 TREMONT STREET,,,20 feet S from SCOLLAY SQUARE,P4:Pedestrian,236294.8218,901065.7455
3125366,BOSTON,03-May-2012,1:25 PM,Not Reported,2,0,0,Rear-end,V1: Travelling straight ahead / V2:Turning left,V1:Southbound / V2:Southbound ,V1: Collision with motor vehicle in traffic / V2: Collision with motor vehicle in traffic ,V1: Passenger car / V2:Passenger car,Wet,Daylight,Rain,,RAMP - RT 93 SB TO CALLAHAN TUNNEL / Rte 93 S,,Exit 24A-B on Rte 93 S,,,236398.9498,901562.1398
3065720,BOSTON,03-May-2012,2:17 PM,Not Reported,3,0,0,Rear-end,V1: Slowing or stopped in traffic / V2:Slowing or stopped in traffic / V3:Travelling straight ahead,V1:Southbound / V2:Southbound / V3:Northbound ,V1: Collision with motor vehicle in traffic / V2: Collision with motor vehicle in traffic / V3: Collision with motor vehicle in traffic ,"V1: Passenger car / V2:Light truck(van, mini-van, panel, pickup, sport utility) with only four tires / V3:Passenger car",Dry,Daylight,Cloudy,,Rte 93 S,,Exit 15 on Rte 93 S,,,236629.6253,897168.5001
3067750,BOSTON,03-May-2012,5:04 PM,Not Reported,2,0,0,Rear-end,V1: Slowing or stopped in traffic / V2:Travelling straight ahead,V1:Southbound / V2:Southbound ,V1: Collision with motor vehicle in traffic / V2: Collision with motor vehicle in traffic ,V1: MOPED / V2:Passenger car,Dry,Daylight,Cloudy,,F STREET / 88,,,,,237136.3709,898426.6458
3065712,BOSTON,03-May-2012,6:07 PM,Not Reported,2,0,0,Rear-end,V1: Travelling straight ahead / V2:Travelling straight ahead,V1:Eastbound / V2:Eastbound ,V1: Collision with motor vehicle in traffic / V2: Collision with motor vehicle in traffic ,"V1: Passenger car / V2:Light truck(van, mini-van, panel, pickup, sport utility) with only four tires",Dry,Daylight,Cloudy,RAMP TO CHARLES CIRCLE / STORROW DRIVE Rte 28 N,,,,@ CHARLES RIVER SQUARE,,235254.3907,901130.5454
3345036,BOSTON (ROXBURY),03-May-2012,7:13 PM,Property damage only (none injured),2,0,0,"Sideswipe, same direction",V1: Travelling straight ahead / V2:Travelling straight ahead,V1:Southbound / V2:Southbound ,V1: Collision with motor vehicle in traffic / V2: Not reported ,V1: Passenger car / V2:Passenger car,Dry,Dusk,Clear/Clear,,2010 COLUMBUS AVENUE,,,,,233233.1163,896095.6177
3194539,BOSTON (CHARLESTOWN),04-May-2012,6:37 AM,Non-fatal injury,2,1,0,Angle,V1: Travelling straight ahead / V2:Travelling straight ahead,V1:Not reported / V2:Not reported ,V1: Collision with motor vehicle in traffic / V2: Collision with motor vehicle in traffic ,V1: Passenger car / V2:Passenger car,Dry,Daylight,Clear/Clear,,MAFFA WAY / SULLIVAN SQUARE,,,,,,
3084824,BOSTON,04-May-2012,10:35 AM,Not Reported,4,0,0,"Sideswipe, same direction",V1: Travelling straight ahead / V2:Travelling straight ahead / V3:Travelling straight ahead / V4:Travelling straight ahead,V1:Eastbound / V2:Eastbound / V3:Eastbound / V4:Eastbound ,V1: Collision with motor vehicle in traffic / V2: Collision with motor vehicle in traffic / V3: Collision with motor vehicle in traffic / V4: Collision with motor vehicle in traffic ,"V1: Passenger car / V2:Passenger car / V3:Passenger car / V4:Light truck(van, mini-van, panel, pickup, sport utility) with only four tires",Dry,Daylight,Cloudy,,JAMAICAWAY / BYNNER STREET,,,,,231761.9221,897172.3749
3068806,BOSTON,04-May-2012,12:10 PM,Non-fatal injury,1,1,0,"Sideswipe, opposite direction",V1: Slowing or stopped in traffic,V1:Westbound ,"V1: Collision with cyclist (bicycle, tricycle, unicycle, pedal car) ","V1: Light truck(van, mini-van, panel, pickup, sport utility) with only four tires",Wet,Daylight,Rain,,NORTHERN AVENUE / 250,,,REMY'S,"P1:Pedalcyclist (bicycle, tricycle, unicycle, pedal car)",238021.0053,899896.6826
3065721,BOSTON,04-May-2012,1:00 PM,Not Reported,2,0,0,"Sideswipe, same direction",V1: Slowing or stopped in traffic / V2:Changing lanes,V1:Eastbound / V2:Eastbound ,V1: Collision with motor vehicle in traffic / V2: Collision with motor vehicle in traffic ,"V1: Passenger car / V2:Light truck(van, mini-van, panel, pickup, sport utility) with only four tires",Dry,Daylight,Clear/Rain,,WILLIAM T MORRISSEY BOULEVARD / FREEPORT STREET,,,,,237175.7656,894558.6879
3079933,BOSTON,04-May-2012,2:25 PM,Not Reported,2,0,0,Rear-end,V1: Travelling straight ahead / V2:Slowing or stopped in traffic,V1:Southbound / V2:Southbound ,V1: Collision with motor vehicle in traffic / V2: Collision with motor vehicle in traffic ,"V1: Passenger car / V2:Light truck(van, mini-van, panel, pickup, sport utility) with only four tires",Dry,Daylight,Cloudy,,BIRMINGHAM PARKWAY,,,,,,
3208334,BOSTON,04-May-2012,4:10 PM,Property damage only (none injured),2,0,0,Single vehicle crash,V1: Travelling straight ahead / V2:Parked,V1:Not reported / V2:Not reported ,V1: Collision with parked motor vehicle / V2: Collision with motor vehicle in traffic ,"V1: Light truck(van, mini-van, panel, pickup, sport utility) with only four tires / V2:Passenger car",Dry,Daylight,Cloudy/Cloudy,,242 GENEVA AVENUE,,,,,235205.9848,894993.818
3380311,BOSTON,04-May-2012,5:58 PM,Property damage only (none injured),2,0,0,Rear-end,V1: Slowing or stopped in traffic / V2:Travelling straight ahead,V1:Eastbound / V2:Eastbound ,V1: Collision with motor vehicle in traffic / V2: Collision with motor vehicle in traffic ,"V1: Passenger car / V2:Light truck(van, mini-van, panel, pickup, sport utility) with only four tires",Dry,Daylight,Cloudy,,MASSACHUSETTS TURNPIKE Rte 90 E / RAMP - RT 90 EB TO AIRPORT ROAD,,,TAD RAMP,,239051.2585,900923.8225
3092341,BOSTON,04-May-2012,11:40 PM,Property damage only (none injured),3,0,0,"Sideswipe, same direction",V1: Travelling straight ahead / V2:Travelling straight ahead / V3:Travelling straight ahead,V1:Westbound / V2:Westbound / V3:Westbound ,V1: Collision with motor vehicle in traffic / V2: Collision with motor vehicle in traffic / V3: Collision with motor vehicle in traffic ,"V1: Passenger car / V2:Light truck(van, mini-van, panel, pickup, sport utility) with only four tires / V3:Light truck(van, mini-van, panel, pickup, sport utility) with only four tires",Dry,Dark - lighted roadway,Not Reported,,CHARLES RIVER DAM ROAD Rte 28 N / NASHUA STREET,,,LEVERETT CIRCLE,,235549.7487,901907.3353
3113843,BOSTON,05-May-2012,2:40 AM,Not Reported,1,0,0,Single vehicle crash,V1: Leaving traffic lane,V1:Westbound ,V1: Collision with curb ,V1: Passenger car,Wet,Dark - lighted roadway,Rain,,SOLDIERS FIELD ROAD / RAMP - SOLDIERS FIELD RD WB TO WESTERN A,,,WESTERN AVENUE,,231514.4604,901050.1291
3074881,BOSTON,05-May-2012,7:05 AM,Not Reported,1,0,0,Single vehicle crash,V1: Travelling straight ahead,V1:Westbound ,V1: Collision with curb ,V1: Passenger car,Wet,Daylight,Cloudy,CHARLESGATE OVERPASS / STORROW DRIVE,,,,KENMORE EXIT,,233695.1823,900232.3919
3074882,BOSTON,05-May-2012,7:15 AM,Not Reported,1,0,0,Single vehicle crash,V1: Travelling straight ahead,V1:Eastbound ,V1: Collision with curb ,V1: Passenger car,Wet,Daylight,Cloudy,,STORROW DRIVE Rte 28 N / RAMP TO CHARLES CIRCLE,,,MASS EYE AND EAR,,235236.6198,901340.5476
3065713,BOSTON,05-May-2012,8:15 AM,Not Reported,2,0,0,Angle,V1: Turning left / V2:Travelling straight ahead,V1:Southbound / V2:Eastbound ,V1: Collision with motor vehicle in traffic / V2: Collision with motor vehicle in traffic ,V1: Passenger car / V2:Passenger car,Wet,Daylight,Cloudy,RIVERWAY / BROOKLINE AVENUE,,,,,,232136.0747,898499.2837
3170998,BOSTON (BRIGHTON),05-May-2012,8:50 AM,Property damage only (none injured),2,0,0,Angle,V1: Turning left / V2:Travelling straight ahead,V1:Not reported / V2:Not reported ,V1: Collision with motor vehicle in traffic / V2: Collision with motor vehicle in traffic ,V1: Passenger car / V2:Passenger car,Dry,Daylight,Cloudy/Other,COMMONWEALTH AVENUE / BUICK STREET,,,,,,231658.3751,900150.8749
3219190,BOSTON,05-May-2012,12:15 PM,Property damage only (none injured),2,0,0,Angle,V1: Travelling straight ahead / V2:Travelling straight ahead,V1:Westbound / V2:Northbound ,V1: Collision with motor vehicle in traffic / V2: Collision with motor vehicle in traffic ,V1: Passenger car / V2:Passenger car,Dry,Daylight,Clear,BLUE HILL AVENUE / RIVER STREET,,,,,,233518.7814,890879.3126
3068819,BOSTON,05-May-2012,2:55 PM,Not Reported,3,0,0,Rear-end,V1: Slowing or stopped in traffic / V2:Slowing or stopped in traffic / V3:Travelling straight ahead,V1:Southbound / V2:Southbound / V3:Southbound ,V1: Collision with motor vehicle in traffic / V2: Collision with motor vehicle in traffic / V3: Collision with motor vehicle in traffic ,"V1: Passenger car / V2:Light truck(van, mini-van, panel, pickup, sport utility) with only four tires / V3:Light truck(van, mini-van, panel, pickup, sport utility) with only four tires",Dry,Daylight,Cloudy,,MORTON STREET / HANNON STREET,,,,,234147.0069,892377.4768
3251258,BOSTON,06-May-2012,00:00 AM,Non-fatal injury,2,2,0,Rear-end,V1: Slowing or stopped in traffic / V2:Travelling straight ahead,V1:Northbound / V2:Not reported ,V1: Collision with motor vehicle in traffic / V2: Collision with motor vehicle in traffic ,V1: Passenger car / V2:Passenger car,Dry,Dark - lighted roadway,Cloudy/Cloudy,,00 ALFORD STREET BRIDGE Rte 99,,,,,,
3065722,BOSTON,06-May-2012,2:00 AM,Non-fatal injury,2,1,0,Rear-end,V1: Travelling straight ahead / V2:Slowing or stopped in traffic,V1:Southbound / V2:Southbound ,V1: Collision with motor vehicle in traffic / V2: Collision with motor vehicle in traffic ,V1: Passenger car / V2:Passenger car,Dry,Dark - lighted roadway,Clear,,Rte 93 S,,Exit 15 on Rte 93 S,ON THE OFF RAMP TO COLUMBIA RD,P1:Pedestrian,236629.6253,897168.5001
3079911,BOSTON,06-May-2012,10:03 AM,Not Reported,1,0,0,Single vehicle crash,V1: Travelling straight ahead,V1:Northbound ,V1: Collision with motor vehicle in traffic ,"V1: Light truck(van, mini-van, panel, pickup, sport utility) with only four tires",Dry,Daylight,Clear,,Rte 93 N,,Exit 23 on Rte 93 N,,,236957.4837,900943.9828
3380393,BOSTON,06-May-2012,12:01 PM,Property damage only (none injured),2,0,0,Rear-end,V1: Travelling straight ahead / V2:Travelling straight ahead,V1:Northbound / V2:Northbound ,V1: Collision with motor vehicle in traffic / V2: Collision with motor vehicle in traffic ,"V1: Light truck(van, mini-van, panel, pickup, sport utility) with only four tires / V2:Passenger car",Dry,Daylight,Clear,,JOHN F FITZGERALD EXPRESSWAY Rte 93 N,,,ZAKIM BRIDGE,,235958.6579,902152.7552
3092318,BOSTON,06-May-2012,2:00 PM,Not Reported,2,0,0,Angle,V1: Travelling straight ahead / V2:Turning left,V1:Northbound / V2:Westbound ,V1: Collision with motor vehicle in traffic / V2: Collision with motor vehicle in traffic ,V1: Passenger car / V2:Passenger car,Wet,Daylight,Not Reported,,MORTON STREET / HARVARD STREET,,,,,233493.5311,893100.9999
3194533,BOSTON,06-May-2012,3:05 PM,Property damage only (none injured),2,0,0,Rear-end,V1: Slowing or stopped in traffic / V2:Travelling straight ahead,V1:Westbound / V2:Westbound ,V1: Collision with motor vehicle in traffic / V2: Collision with motor vehicle in traffic ,V1: Passenger car / V2:Passenger car,Dry,Daylight,Clear/Clear,,10 PARK PLAZA / COLUMBUS AVENUE,,,,,235556.8875,900222.0818
3381431,BOSTON,06-May-2012,6:20 PM,Property damage only (none injured),2,0,0,Angle,V1: Slowing or stopped in traffic / V2:Slowing or stopped in traffic,V1:Southbound / V2:Southbound ,V1: Collision with motor vehicle in traffic / V2: Collision with motor vehicle in traffic ,V1: Passenger car / V2:Passenger car,Dry,Daylight,Clear,LEVERETT CIRCLE / STORROW IVE Rte 28 S / CHARLES RIVER DAM ROAD Rte 28 S,,,,LEVERETT CIR,,235559.0702,901887.0095
3191645,BOSTON,06-May-2012,11:00 PM,Non-fatal injury,1,1,0,"Sideswipe, same direction",V1: Travelling straight ahead,V1:Eastbound ,V1: Unknown ,V1: Passenger car,Dry,Dark - lighted roadway,Cloudy,CAUSEWAY STREET / HAVERHILL STREET,,,,,,236184.685,901792.9684
3386820,BOSTON,07-May-2012,00:00 AM,Non-fatal injury,1,1,0,Single vehicle crash,V1: Travelling straight ahead,V1:Eastbound ,V1: Collision with median barrier ,V1: Passenger car,Dry,Dark - lighted roadway,Cloudy,,Rte 90 E,,Exit 25 on Rte 90,RAMP A,,236958.0982,899783.0711
3113844,BOSTON,07-May-2012,6:03 AM,Not Reported,2,0,0,Rear-end,V1: Travelling straight ahead / V2:Slowing or stopped in traffic,V1:Westbound / V2:Westbound ,V1: Collision with motor vehicle in traffic / V2: Collision with motor vehicle in traffic ,"V1: Passenger car / V2:Light truck(van, mini-van, panel, pickup, sport utility) with only four tires",Dry,Daylight,Clear,CHARLESGATE OVERPASS / STORROW DRIVE,,,,,,233287.6718,900098.5623
3079946,BOSTON,07-May-2012,8:20 AM,Not Reported,2,0,0,Rear-end,V1: Turning right / V2:Travelling straight ahead,V1:Westbound / V2:Westbound ,V1: Collision with motor vehicle in traffic / V2: Collision with motor vehicle in traffic ,V1: Motorcycle / V2:Passenger car,Dry,Daylight,Clear,,GALLIVAN BOULEVARD / CARRUTH STREET,,,,,236300.7969,892454.3127