Crash Number,City/Town Name,Crash Date,Crash Time,Crash Severity,Number of Vehicles,Total Nonfatal Injuries,Total Fatal Injuries,Manner of Collision,Vehicle Action Prior to Crash,Vehicle Travel Directions,Most Harmful Events,Vehicle Configuration,Road Surface Condition,Ambient Light,Weather Condition,At Roadway Intersection,Distance from Nearest Roadway Intersection,Distance from Nearest Milemarker,Distance from Nearest Exit,Distance from Nearest Landmark,Non Motorist Type,X Coordinate,Y Coordinate
3067749,BOSTON,07-May-2012,8:40 AM,Not Reported,2,0,0,"Sideswipe, same direction",V1: Travelling straight ahead / V2:Travelling straight ahead,V1:Eastbound / V2:Eastbound ,V1: Collision with motor vehicle in traffic / V2: Collision with motor vehicle in traffic ,"V1: Light truck(van, mini-van, panel, pickup, sport utility) with only four tires / V2:Passenger car",Dry,Daylight,Clear,,JAMAICAWAY / ELIOT STREET,,,,,231358.6406,895992.0627
3079947,BOSTON,07-May-2012,9:32 AM,Not Reported,2,0,0,Rear-end,V1: Travelling straight ahead / V2:Slowing or stopped in traffic,V1:Southbound / V2:Southbound ,V1: Collision with motor vehicle in traffic / V2: Collision with motor vehicle in traffic ,V1: Passenger car / V2:Passenger car,Dry,Daylight,Clear,,Rte 93 S,,Exit 15 on Rte 93 S,,,236629.6253,897168.5001
3079912,BOSTON,07-May-2012,10:00 AM,Non-fatal injury,2,1,0,Angle,V1: Travelling straight ahead / V2:Turning left,V1:Northbound / V2:Northbound ,V1: Collision with motor vehicle in traffic / V2: Collision with motor vehicle in traffic ,"V1: Passenger car / V2:Light truck(van, mini-van, panel, pickup, sport utility) with only four tires",Dry,Daylight,Clear,,FRONTAGE ROAD / HAUL ROAD,,,,,235950.9523,898250.4217
3079948,BOSTON,07-May-2012,10:10 AM,Not Reported,2,0,0,Rear-end,V1: Slowing or stopped in traffic / V2:Travelling straight ahead,V1:Southbound / V2:Southbound ,V1: Collision with motor vehicle in traffic / V2: Collision with motor vehicle in traffic ,V1: Passenger car / V2:Passenger car,Dry,Daylight,Clear,,Rte 93 S,,Exit 15 on Rte 93 S,,,236629.6253,897168.5001
3079928,BOSTON,07-May-2012,2:45 PM,Not Reported,2,0,0,Rear-end,V1: Travelling straight ahead / V2:Slowing or stopped in traffic,V1:Westbound / V2:Westbound ,V1: Collision with motor vehicle in traffic / V2: Collision with motor vehicle in traffic ,"V1: Passenger car / V2:Light truck(van, mini-van, panel, pickup, sport utility) with only four tires",Dry,Daylight,Clear,,STORROW DRIVE / MASSACHUSETTS AVENUE,,,,,233792.9041,900201.1471
3381419,BOSTON,07-May-2012,4:15 PM,Property damage only (none injured),3,0,0,Rear-end,V1: Slowing or stopped in traffic / V2:Slowing or stopped in traffic / V3:Travelling straight ahead,V1:Eastbound / V2:Eastbound / V3:Eastbound ,V1: Collision with motor vehicle in traffic / V2: Collision with motor vehicle in traffic / V3: Collision with motor vehicle in traffic ,"V1: Light truck(van, mini-van, panel, pickup, sport utility) with only four tires / V2:Light truck(van, mini-van, panel, pickup, sport utility) with only four tires / V3:Passenger car",Dry,Daylight,Clear,,AUSTIN STREET / NEW RUTHERFORD AVENUE,,,GILMORE BRIDGE,,235603.573,902718.4279
3069847,BOSTON,07-May-2012,7:10 PM,Not Reported,2,0,0,"Sideswipe, same direction",V1: Travelling straight ahead / V2:Changing lanes,V1:Westbound / V2:Westbound ,V1: Collision with motor vehicle in traffic / V2: Collision with motor vehicle in traffic ,V1: Passenger car / V2:Passenger car,Dry,Dusk,Clear,,GALLIVAN BOULEVARD Rte 203 W / ADAMS STREET,,,ADAMS STREET EXTENSION,,236381.9376,892485.5001
3386822,BOSTON,07-May-2012,11:56 PM,Property damage only (none injured),1,0,0,Single vehicle crash,V1: Travelling straight ahead,V1:Northbound ,V1: Collision with median barrier ,V1: Passenger car,Dry,Dark - lighted roadway,Cloudy,,RAMP - SUMNER TUNNEL TO MARKET STREET,,,RAMP ST-S,,236626.2837,901424.8104
3095268,BOSTON,08-May-2012,00:00 AM,Not Reported,2,0,0,Head-on,V1: Turning left / V2:Travelling straight ahead,V1:Eastbound / V2:Westbound ,V1: Collision with motor vehicle in traffic / V2: Collision with motor vehicle in traffic ,"V1: Passenger car / V2:Light truck(van, mini-van, panel, pickup, sport utility) with only four tires",Dry,Dark - lighted roadway,Cloudy,,GALLIVAN BOULEVARD / WASHINGTON STREET,,,,,235509.2971,892128.6873
3095269,BOSTON,08-May-2012,5:45 AM,Not Reported,3,0,0,Rear-end,V1: Slowing or stopped in traffic / V2:Travelling straight ahead / V3:Travelling straight ahead,V1:Northbound / V2:Northbound / V3:Northbound ,V1: Collision with motor vehicle in traffic / V2: Collision with motor vehicle in traffic / V3: Collision with motor vehicle in traffic ,"V1: Passenger car / V2:Light truck(van, mini-van, panel, pickup, sport utility) with only four tires / V3:Light truck(van, mini-van, panel, pickup, sport utility) with only four tires",Wet,Daylight,Rain,,Rte 93 N,,Exit 15 on Rte 93 N,,,236972.2496,896473.4282
3114580,BOSTON,08-May-2012,7:23 AM,Non-fatal injury,2,1,0,Angle,V1: Travelling straight ahead / V2:Turning left,V1:Southbound / V2:Northbound ,V1: Collision with motor vehicle in traffic / V2: Collision with motor vehicle in traffic ,"V1: Passenger car / V2:Single-unit truck (2-axle, 6-tire)",Wet,Daylight,Cloudy/Rain,,WEST ROXBURY CENTRE STREET ROTARY / PELTON STREET,,,WEST ROXBURY PARKWAY @ PELTON ST,,229040.4601,893070.5489
3208344,BOSTON (DORCHESTER),08-May-2012,7:27 AM,Not Reported,2,0,0,Rear-end,V1: Travelling straight ahead / V2:Parked,V1:Not reported / V2:Not reported ,V1: Collision with parked motor vehicle / V2: Collision with parked motor vehicle ,"V1: Passenger car / V2:Light truck(van, mini-van, panel, pickup, sport utility) with only four tires",Wet,Daylight,Rain/Rain,,12 JEROME STREET,,,,,235897.6825,896122.1529
3079934,BOSTON,08-May-2012,8:08 AM,Not Reported,2,0,0,Rear-end,V1: Travelling straight ahead / V2:Travelling straight ahead,V1:Westbound / V2:Westbound ,V1: Collision with motor vehicle in traffic / V2: Collision with motor vehicle in traffic ,"V1: Light truck(van, mini-van, panel, pickup, sport utility) with only four tires / V2:Passenger car",Wet,Daylight,Cloudy/Rain,,SOLDIERS FIELD ROAD,,,WEEKS FOOTBRIDGE,,231377.8076,901969.8381
3069845,BOSTON,08-May-2012,8:37 AM,Not Reported,1,0,0,Single vehicle crash,V1: Travelling straight ahead,V1:Eastbound ,V1: Collision with guardrail ,V1: Passenger car,Wet,Daylight,Rain,,EMBANKMENT ROAD Rte 28 N / RAMP TO CHARLES CIRCLE,,,CHARLES CIRCLE-S CURVES,,235230.8825,901307.2799
3079935,BOSTON,08-May-2012,8:40 AM,Not Reported,2,0,0,Rear-end,V1: Travelling straight ahead / V2:Slowing or stopped in traffic,V1:Eastbound / V2:Eastbound ,V1: Collision with motor vehicle in traffic / V2: Collision with motor vehicle in traffic ,"V1: Light truck(van, mini-van, panel, pickup, sport utility) with only four tires / V2:Light truck(van, mini-van, panel, pickup, sport utility) with only four tires",Wet,Daylight,Cloudy/Rain,,SOLDIERS FIELD ROAD / NORTH HARVARD STREET,,,,,230992.3482,902048.2872
3345065,BOSTON (ROXBURY),08-May-2012,9:14 AM,Non-fatal injury,2,1,0,Angle,V1: Changing lanes / V2:Travelling straight ahead,V1:Not reported / V2:Not reported ,V1: Collision with motor vehicle in traffic / V2: Collision with motor vehicle in traffic ,"V1: Light truck(van, mini-van, panel, pickup, sport utility) with only four tires / V2:Passenger car",Wet,Daylight,Rain/Cloudy,,1870 COLUMBUS AVENUE,,,,,233118.1193,896508.2308
3079949,BOSTON,08-May-2012,9:45 AM,Not Reported,3,0,0,Rear-end,V1: Slowing or stopped in traffic / V2:Slowing or stopped in traffic / V3:Travelling straight ahead,V1:Southbound / V2:Southbound / V3:Southbound ,V1: Collision with motor vehicle in traffic / V2: Collision with motor vehicle in traffic / V3: Collision with motor vehicle in traffic ,V1: Passenger car / V2:Passenger car / V3:Passenger car,Dry,Daylight,Cloudy,,Rte 93 S,,Exit 15 on Rte 93 S,,,236629.6253,897168.5001
3171001,BOSTON,08-May-2012,10:40 AM,Non-fatal injury,2,1,0,Rear-end,V1: Travelling straight ahead / V2:Travelling straight ahead,V1:Southbound / V2:Northbound ,V1: Collision with motor vehicle in traffic / V2: Collision with motor vehicle in traffic ,V1: Not reported / V2:Not reported,Wet,Daylight,Rain/Cloudy,,10 LONG AVENUE,,,,,230028.4422,899878.3925
3381456,BOSTON,08-May-2012,4:09 PM,Non-fatal injury,2,1,0,"Sideswipe, same direction",V1: Turning right / V2:Travelling straight ahead,V1:Southbound / V2:Eastbound ,V1: Collision with motor vehicle in traffic / V2: Collision with motor vehicle in traffic ,"V1: Light truck(van, mini-van, panel, pickup, sport utility) with only four tires / V2:Passenger car",Dry,Daylight,Not Reported,DOMINIC J BANCULLI BOULEVARD / WILLIAM T MORRISSEY BOULEVARD,,,,MORRISSEY BLVD AT UMASS BOSTON,,237369.7223,896004.065
3121056,BOSTON,08-May-2012,8:45 PM,Not Reported,3,0,0,Rear-end,V1: Slowing or stopped in traffic / V2:Slowing or stopped in traffic / V3:Travelling straight ahead,V1:Eastbound / V2:Eastbound / V3:Eastbound ,V1: Collision with motor vehicle in traffic / V2: Collision with motor vehicle in traffic / V3: Collision with motor vehicle in traffic ,V1: Passenger car / V2:Passenger car / V3:Passenger car,Wet,Dark - lighted roadway,Cloudy,,RAMP - WESTERN AVE TO SOLDIERS FIELD RD / CAMBRIDGE STREET,,,SOLDIERS FIELD RD / GENZYME CORP,,231479.2604,901276.0065
3250226,BOSTON,08-May-2012,9:18 PM,Non-fatal injury,1,1,0,Not reported,V1: Not reported,V1:Not reported ,V1: Not reported ,V1: Passenger car,Not reported,Not reported,Not Reported,CAUSEWAY STREET / STAFFORD STREET,,,,,P2:Pedestrian,,
3068816,BOSTON,09-May-2012,1:20 AM,Not Reported,1,0,0,Single vehicle crash,V1: Travelling straight ahead,V1:Westbound ,V1: Collision with median barrier ,"V1: Light truck(van, mini-van, panel, pickup, sport utility) with only four tires",Wet,Dark - lighted roadway,Not Reported,,RUTHERFORM AVENUE,,,GILMORE BRIDGE,,,
3113832,BOSTON,09-May-2012,3:08 AM,Not Reported,1,0,0,Single vehicle crash,V1: Travelling straight ahead,V1:Eastbound ,V1: Collision with guardrail ,V1: Passenger car,Wet,Dark - lighted roadway,Not Reported,,EMBANKMENT ROAD Rte 28 N / RAMP TO CHARLES CIRCLE,,,LONGFELLOW BDGE,,235295.1013,901392.5382
3381556,BOSTON,09-May-2012,6:45 AM,Non-fatal injury,1,1,0,Single vehicle crash,V1: Travelling straight ahead,V1:Westbound ,V1: Collision with median barrier ,V1: Passenger car,Wet,Daylight,Cloudy/Rain,,SOLDIERS FIELD ROAD / RAMP - SOLDIERS FIELD WB TO N HARVARD ST,,,SFR WEST AFTER WEEKES BRIDGE,,231350.6548,901981.232
3092314,BOSTON,09-May-2012,7:20 AM,Not Reported,1,0,0,Single vehicle crash,V1: Not reported,V1:Not reported ,V1: Not reported ,V1: Passenger car,Wet,Daylight,Not Reported,,EMBANKMENT ROAD Rte 28 N / RAMP - STORROW DRIVE TO LEVERETT CONNECT,,,LONGFELLOW BRIDGE,,235343.9178,901432.4885
3381439,BOSTON,09-May-2012,9:06 AM,Property damage only (none injured),1,0,0,Single vehicle crash,V1: Travelling straight ahead,V1:Westbound ,V1: Collision with guardrail ,V1: Passenger car,Wet,Daylight,Cloudy/Rain,,SOLDIERS FIELD ROAD / SOLDIERS FIELD ROAD EXTENSION,,,"SFR WEST, WEST OF N HARVARD ST",,230693.4869,902499.3553
3104833,BOSTON,09-May-2012,11:23 AM,Not Reported,1,0,0,Single vehicle crash,V1: Travelling straight ahead,V1:Westbound ,V1: Collision with guardrail ,V1: Passenger car,Wet,Daylight,Not Reported,,Rte 90 W,,,,,230546.6993,900735.8272
3089480,BOSTON,09-May-2012,6:17 PM,Non-fatal injury,1,1,0,Single vehicle crash,V1: Travelling straight ahead,V1:Southbound ,V1: Collision with pedestrian ,V1: Passenger car,Wet,Daylight,Cloudy/Rain,,OLD COLONY AVENUE / 371,,,,P1:Pedestrian,236878.4575,897564.1307
3074886,BOSTON,09-May-2012,6:20 PM,Not Reported,2,0,0,"Sideswipe, same direction",V1: Travelling straight ahead / V2:Changing lanes,V1:Westbound / V2:Westbound ,V1: Collision with motor vehicle in traffic / V2: Collision with motor vehicle in traffic ,V1: Passenger car / V2:Passenger car,Wet,Dark - lighted roadway,Rain,,VETERANS OF FOREIGN WARS PARKWAY / CHARLES PARK ROAD,,,,,227048.0563,891866.0907
3084840,BOSTON,09-May-2012,7:05 PM,Not Reported,1,0,0,Single vehicle crash,V1: Travelling straight ahead,V1:Northbound ,V1: Collision with curb ,V1: Passenger car,Wet,Dark - lighted roadway,Rain,,MORTON STREET / JAMES SHEA CIRCLE,,,,,232426.4151,894490.4999
3079913,BOSTON,09-May-2012,8:50 PM,Not Reported,1,0,0,Single vehicle crash,V1: Travelling straight ahead,V1:Northbound ,V1: Collision with median barrier ,V1: Passenger car,Wet,Dark - lighted roadway,Rain,,Rte 93 N,,,,,236612.9046,900287.568
3196142,BOSTON (DORCHESTER),09-May-2012,9:20 PM,Non-fatal injury,1,1,0,Single vehicle crash,V1: Turning left,V1:Not reported ,V1: Collision with pedestrian ,V1: Passenger car,Wet,Dark - lighted roadway,Rain/Rain,DORCHESTER AVENUE / ASHMONT STREET,,,,,P2:Pedestrian,235981.2121,892919.3766
3084837,BOSTON,09-May-2012,10:55 PM,Not Reported,1,0,0,Single vehicle crash,V1: Travelling straight ahead,V1:Eastbound ,V1: Collision with curb ,V1: Passenger car,Wet,Dark - lighted roadway,Not Reported,,STORROW DRIVE / RAMP - BERKELEY ST TO RT 28 NB,,,,,235184.8156,900810.3816
3381420,BOSTON,09-May-2012,11:15 PM,Non-fatal injury,1,1,0,Single vehicle crash,V1: Travelling straight ahead,V1:Northbound ,V1: Collision with pedestrian ,V1: Passenger car,Wet,Dark - lighted roadway,Rain,BOSTON UNIVERSITY BRIDGE Rte SR2  N / COMMONWEALTH AVENUE Rte US20,,,,BU BRIDGE,P2:Pedestrian,232056.9154,900089.59
3074883,BOSTON,10-May-2012,7:00 AM,Non-fatal injury,1,1,0,Single vehicle crash,V1: Turning left,V1:Eastbound ,V1: Collision with light pole or other post/support ,V1: Passenger car,Wet,Daylight,Rain,,CHARLESGATE WEST / COMMONWEALTH AVENUE,,,,,233546.2737,899931.2545
3118483,BOSTON,10-May-2012,7:53 AM,Not Reported,3,0,0,Rear-end,V1: Slowing or stopped in traffic / V2:Slowing or stopped in traffic / V3:Travelling straight ahead,V1:Northbound / V2:Northbound / V3:Northbound ,V1: Collision with motor vehicle in traffic / V2: Collision with motor vehicle in traffic / V3: Collision with motor vehicle in traffic ,V1: Passenger car / V2:Passenger car / V3:Passenger car,Wet,Daylight,Rain,,Rte 93 N,,,,,237000.642,900793.2505
3118482,BOSTON,10-May-2012,7:53 AM,Not Reported,2,0,0,Rear-end,V1: Slowing or stopped in traffic / V2:Travelling straight ahead,V1:Northbound / V2:Northbound ,V1: Collision with motor vehicle in traffic / V2: Collision with motor vehicle in traffic ,V1: Passenger car / V2:Passenger car,Wet,Daylight,Rain,,Rte 93 S,,,,,236962.1853,900755.4847
3074884,BOSTON,10-May-2012,8:51 AM,Not Reported,2,0,0,Rear-end,V1: Travelling straight ahead / V2:Slowing or stopped in traffic,V1:Eastbound / V2:Eastbound ,V1: Collision with motor vehicle in traffic / V2: Collision with motor vehicle in traffic ,"V1: Light truck(van, mini-van, panel, pickup, sport utility) with only four tires / V2:Passenger car",Wet,Daylight,Cloudy/Rain,STORROW DRIVE / RAMP - STORROW DRIVE TO BEACON STREET,,,,,,234998.1219,900644.6784
3196230,BOSTON (DORCHESTER),10-May-2012,10:14 AM,Non-fatal injury,2,2,0,Rear-end,V1: Travelling straight ahead / V2:Travelling straight ahead,V1:Not reported / V2:Not reported ,V1: Collision with motor vehicle in traffic / V2: Collision with motor vehicle in traffic ,"V1: Passenger car / V2:Light truck(van, mini-van, panel, pickup, sport utility) with only four tires",Dry,Daylight,Clear/Cloudy,WASHINGTON STREET / ERIE STREET,,,,,,234751.1096,894853.1873
3119134,BOSTON,10-May-2012,10:16 AM,Not Reported,3,0,0,Rear-end,V1: Leaving traffic lane / V2:Travelling straight ahead / V3:Changing lanes,V1:Northbound / V2:Northbound / V3:Northbound ,V1: Collision with motor vehicle in traffic / V2: Collision with motor vehicle in traffic / V3: Collision with motor vehicle in traffic ,"V1: Passenger car / V2:Light truck(van, mini-van, panel, pickup, sport utility) with only four tires / V3:Passenger car",Wet,Daylight,Rain,,Rte 93 N,,Exit 23 on Rte 93 N,,,236957.4837,900943.9828
3107262,BOSTON,10-May-2012,11:52 AM,Not Reported,2,0,0,Rear-end,V1: Travelling straight ahead / V2:Travelling straight ahead,V1:Northbound / V2:Northbound ,V1: Collision with motor vehicle in traffic / V2: Collision with motor vehicle in traffic ,"V1: Light truck(van, mini-van, panel, pickup, sport utility) with only four tires / V2:Passenger car",Dry,Daylight,Clear,,Rte 93 N,,Exit 13 on Rte 93 N,,,237420.1414,894076.5227
3196231,BOSTON (DORCHESTER),10-May-2012,12:19 PM,Non-fatal injury,1,1,0,Rear-end,V1: Travelling straight ahead,V1:Not reported ,V1: Collision with motor vehicle in traffic ,V1: Passenger car,Dry,Daylight,Clear/Cloudy,WASHINGTON STREET / ERIE STREET,,,,,,234751.1096,894853.1873
3194536,BOSTON,10-May-2012,1:45 PM,Property damage only (none injured),2,0,0,"Sideswipe, same direction",V1: Parked / V2:Travelling straight ahead,V1:Not reported / V2:Eastbound ,V1: Not reported / V2: Collision with parked motor vehicle ,V1: Passenger car / V2:Passenger car,Wet,Daylight,Cloudy/Cloudy,,48 BOYLSTON STREET,,,,,235931.0194,900294.7538
3236554,BOSTON (MATTAPAN),10-May-2012,2:08 PM,Property damage only (none injured),2,0,0,Rear-end,V1: Slowing or stopped in traffic / V2:Travelling straight ahead,V1:Northbound / V2:Northbound ,V1: Collision with motor vehicle in traffic / V2: Collision with motor vehicle in traffic ,"V1: Bus (seats for more than 15 people, including driver) / V2:Passenger car",Dry,Daylight,Clear,BLUE HILL AVENUE / NORFOLK STREET,,,,,,233539.6874,891818.4998
3129539,BOSTON,10-May-2012,3:02 PM,Property damage only (none injured),2,0,0,Angle,V1: Turning right / V2:Travelling straight ahead,V1:Eastbound / V2:Eastbound ,V1: Collision with motor vehicle in traffic / V2: Collision with motor vehicle in traffic ,"V1: Unknown heavy truck, cannot classify / V2:Passenger car",Dry,Daylight,Clear/Clear,TREMONT STREET / RUTLAND STREET,,,,,,234830.7527,899022.4299
3101978,BOSTON,10-May-2012,4:15 PM,Not Reported,2,0,0,Angle,V1: Entering traffic lane / V2:Travelling straight ahead,V1:Northbound / V2:Northbound ,V1: Collision with motor vehicle in traffic / V2: Collision with motor vehicle in traffic ,"V1: Light truck(van, mini-van, panel, pickup, sport utility) with only four tires / V2:Light truck(van, mini-van, panel, pickup, sport utility) with only four tires",Dry,Daylight,Clear,,WILLIAM DAY BOULEVARD / KOSCIUSZKO CIRCLE,,,TEACHER'S UNION ACCESS ROAD,,237000,896933.5626
3098023,BOSTON,10-May-2012,4:52 PM,Not Reported,2,0,0,Angle,V1: Travelling straight ahead / V2:Entering traffic lane,V1:Northbound / V2:Westbound ,V1: Collision with motor vehicle in traffic / V2: Collision with motor vehicle in traffic ,V1: Passenger car / V2:Passenger car,Dry,Daylight,Clear,,CENTRE STREET / WALTER STREET,,,,,230504.5157,894255.4377
3089483,BOSTON,10-May-2012,6:58 PM,Not Reported,1,0,0,Single vehicle crash,V1: Travelling straight ahead,V1:Southbound ,V1: Collision with light pole or other post/support ,V1: Passenger car,Dry,Daylight,Clear,,WILLIAM T MORRISSEY BOULEVARD / 969 MCKONE STREET,,,,,237351.3117,893506.5202
3219182,BOSTON,11-May-2012,2:15 AM,Property damage only (none injured),2,0,0,Rear-end,V1: Slowing or stopped in traffic / V2:Changing lanes,V1:Southbound / V2:Southbound ,V1: Collision with motor vehicle in traffic / V2: Collision with motor vehicle in traffic ,V1: Passenger car / V2:Passenger car,Dry,Dark - lighted roadway,Clear,BOYLSTON STREET / TREMONT STREET,,,,,,235874.8974,900298.4584
3380312,BOSTON,11-May-2012,6:20 AM,Property damage only (none injured),1,0,0,Single vehicle crash,V1: Travelling straight ahead,V1:Westbound ,V1: Collision with median barrier ,"V1: Light truck(van, mini-van, panel, pickup, sport utility) with only four tires",Dry,Daylight,Clear,,Rte 90 W / UNKNOWN,,,BOAT SECTION,,236679.5911,899691.6454
3092315,BOSTON,11-May-2012,8:25 AM,Not Reported,2,0,0,Rear-end,V1: Slowing or stopped in traffic / V2:Slowing or stopped in traffic,V1:Eastbound / V2:Eastbound ,V1: Collision with motor vehicle in traffic / V2: Collision with motor vehicle in traffic ,V1: Passenger car / V2:Passenger car,Dry,Daylight,Clear,,STORROW DRIVE / RAMP - STORROW DRIVE TO BEACON STREET,,,STORROW TUNNEL,,234819.7498,900579.5627
3079941,BOSTON,11-May-2012,8:38 AM,Not Reported,2,0,0,Rear-end,V1: Travelling straight ahead / V2:Slowing or stopped in traffic,V1:Eastbound / V2:Eastbound ,V1: Collision with motor vehicle in traffic / V2: Collision with motor vehicle in traffic ,"V1: Light truck(van, mini-van, panel, pickup, sport utility) with only four tires / V2:Passenger car",Dry,Daylight,Clear,,SOLDIERS FIELD ROAD / NORTH HARVARD STREET,,,,,230992.3482,902048.2872
3128702,BOSTON,11-May-2012,10:44 AM,Not Reported,1,0,0,Single vehicle crash,V1: Turning left,V1:Eastbound ,V1: Collision with fence ,V1: Passenger car,Dry,Daylight,Clear,,CALLAHAN TUNNEL,,,TUNNEL ENTRANCE,,236788.5374,901480.1171
3118657,BOSTON,11-May-2012,12:46 PM,Not Reported,2,0,0,"Sideswipe, same direction",V1: Slowing or stopped in traffic / V2:Turning left,V1:Northbound / V2:Northbound ,V1: Collision with motor vehicle in traffic / V2: Collision with motor vehicle in traffic ,V1: Passenger car / V2:Truck/trailer,Dry,Daylight,Clear,,CAMBRIDGE STREET,,,DOUBLETREE HOTEL,,231510.0467,901104.4669
3079930,BOSTON,11-May-2012,2:25 PM,Not Reported,2,0,0,Angle,V1: Slowing or stopped in traffic / V2:Slowing or stopped in traffic,V1:Eastbound / V2:Northbound ,V1: Collision with motor vehicle in traffic / V2: Collision with motor vehicle in traffic ,"V1: Passenger car / V2:Light truck(van, mini-van, panel, pickup, sport utility) with only four tires",Dry,Daylight,Clear,,CHARLES STREET CIRCLE,,,,,235385.419,901294.6172
3215531,BOSTON,11-May-2012,2:54 PM,Not Reported,2,0,0,Not reported,V1: Not reported / V2:Not reported,V1:Not reported / V2:Not reported ,V1: Not reported / V2: Not reported ,V1: Not reported / V2:Not reported,Not reported,Not reported,Not Reported,BOYLSTON STREET / IPSWICH STREET,,,,,,233582.9788,899747.573
3089475,BOSTON,11-May-2012,2:54 PM,Not Reported,3,0,0,Rear-end,V1: Travelling straight ahead / V2:Travelling straight ahead / V3:Travelling straight ahead,V1:Southbound / V2:Southbound / V3:Southbound ,V1: Collision with motor vehicle in traffic / V2: Collision with motor vehicle in traffic / V3: Collision with motor vehicle in traffic ,"V1: Passenger car / V2:Light truck(van, mini-van, panel, pickup, sport utility) with only four tires / V3:Passenger car",Dry,Daylight,Clear,,JOHN F FITZGERALD EXPRESSWAY Rte 93 S,,,BUNKERHILL/ZAKIM BRIDGE,,235971.5582,902107.6338
3095217,BOSTON,11-May-2012,3:29 PM,Not Reported,2,0,0,Rear-end,V1: Travelling straight ahead / V2:Slowing or stopped in traffic,V1:Northbound / V2:Northbound ,V1: Collision with motor vehicle in traffic / V2: Collision with motor vehicle in traffic ,"V1: Passenger car / V2:Light truck(van, mini-van, panel, pickup, sport utility) with only four tires",Dry,Other,Cloudy,,Rte 93 N,,Exit 26 on Rte 93 N,,,236402.7433,901600.0342
3098011,BOSTON,11-May-2012,4:05 PM,Not Reported,2,0,0,"Sideswipe, same direction",V1: Turning left / V2:Turning left,V1:Eastbound / V2:Eastbound ,V1: Collision with motor vehicle in traffic / V2: Collision with motor vehicle in traffic ,"V1: Passenger car / V2:Light truck(van, mini-van, panel, pickup, sport utility) with only four tires",Dry,Daylight,Clear,,COMMONWEALTH AVENUE / CHARLESGATE EAST,,,,,233649.9732,899935.8523
3188131,BOSTON,11-May-2012,4:30 PM,Property damage only (none injured),2,0,0,Angle,V1: Travelling straight ahead / V2:Making U-turn,V1:Northbound / V2:Westbound ,V1: Collision with motor vehicle in traffic / V2: Collision with motor vehicle in traffic ,"V1: Passenger car / V2:Light truck(van, mini-van, panel, pickup, sport utility) with only four tires",Dry,Daylight,Cloudy,BOWDOIN STREET / CAMBRIDGE STREET,,,,,,236010.2947,901278.4694
3189933,BOSTON (DORCHESTER),11-May-2012,10:52 PM,Not Reported,1,0,0,Angle,V1: Not reported,V1:Not reported ,V1: Not reported ,V1: Passenger car,Dry,Daylight,Clear,BOSTON STREET / SAINT MARGARET STREET,,,,,,236184.9717,896974.9742
3098025,BOSTON,11-May-2012,11:30 PM,Not Reported,3,0,0,"Sideswipe, opposite direction",V1: Turning left / V2:Travelling straight ahead / V3:Parked,V1:Westbound / V2:Eastbound / V3:Not reported ,V1: Collision with motor vehicle in traffic / V2: Collision with motor vehicle in traffic / V3: Collision with motor vehicle in traffic ,V1: Passenger car / V2:Passenger car / V3:Passenger car,Dry,Dark - lighted roadway,Not Reported,,MORTON STREET / GALLIVAN BOULEVARD,,,,,234631.4265,892127.267
3079931,BOSTON,11-May-2012,11:54 PM,Not Reported,1,0,0,Single vehicle crash,V1: Turning right,V1:Westbound ,V1: Collision with light pole or other post/support ,V1: Passenger car,Dry,Dark - lighted roadway,Clear,,RIVERWAY / BROOKLINE AVENUE,,,,,232136.0747,898499.2837
3196232,BOSTON (DORCHESTER),12-May-2012,00:00 AM,Not Reported,2,0,0,Not reported,V1: Travelling straight ahead / V2:Not reported,V1:Not reported / V2:Not reported ,V1: Not reported / V2: Not reported ,V1: Passenger car / V2:Not reported,Dry,Daylight,Not Reported,STOUGHTON STREET / PLEASANT STREET,,,,,,236271.3123,896121.5623
3215530,BOSTON,12-May-2012,00:00 AM,Not Reported,2,0,0,Not reported,V1: Not reported / V2:Not reported,V1:Not reported / V2:Not reported ,V1: Not reported / V2: Not reported ,V1: Passenger car / V2:Not reported,Not reported,Not reported,Not Reported,TREMONT STREET / MASSACHUSETTS AVENUE,,,,,,234580.6289,898849.4487
3092332,BOSTON,12-May-2012,2:16 AM,Not Reported,1,0,0,Single vehicle crash,V1: Leaving traffic lane,V1:Westbound ,V1: Collision with guardrail ,"V1: Light truck(van, mini-van, panel, pickup, sport utility) with only four tires",Dry,Dark - roadway not lighted,Clear,,Rte 90 E,,Exit 18 on Rte 90 E,IC-18 EB OFF RAMP,,230714.9765,900764.6942
3380394,BOSTON,12-May-2012,2:20 AM,Property damage only (none injured),1,0,0,Single vehicle crash,V1: Travelling straight ahead,V1:Southbound ,V1: Collision with median barrier ,V1: Passenger car,Dry,Dark - lighted roadway,Clear,RAMP - RT 90 EB TO RT 93 SB / RAMP - RT 90 EB TO RT 93 / RAMP - RT 90 EB TO RT 93 NB,,,,RAMP D,,236391.6062,899676.0005
3079914,BOSTON,12-May-2012,3:33 AM,Not Reported,1,0,0,Single vehicle crash,V1: Travelling straight ahead,V1:Southbound ,V1: Collision with median barrier ,V1: Passenger car,Dry,Dark - lighted roadway,Clear,,Rte 93 S,,Exit 26 on Rte 93 S,,,234851.4113,903728.5151
3345070,BOSTON (JAMAICA PLAIN),12-May-2012,9:52 AM,Non-fatal injury,2,1,0,"Sideswipe, same direction",V1: Parked / V2:Travelling straight ahead,V1:Not reported / V2:Northbound ,V1: Collision with parked motor vehicle / V2: Collision with motor vehicle in traffic ,V1: Passenger car / V2:Passenger car,Dry,Daylight,Clear/Clear,,192 HYDE PARK AVENUE,,,,,231576.6575,893852.5947