Crash Number,City/Town Name,Crash Date,Crash Time,Crash Severity,Number of Vehicles,Total Nonfatal Injuries,Total Fatal Injuries,Manner of Collision,Vehicle Action Prior to Crash,Vehicle Travel Directions,Most Harmful Events,Vehicle Configuration,Road Surface Condition,Ambient Light,Weather Condition,At Roadway Intersection,Distance from Nearest Roadway Intersection,Distance from Nearest Milemarker,Distance from Nearest Exit,Distance from Nearest Landmark,Non Motorist Type,X Coordinate,Y Coordinate
3098012,BOSTON,12-May-2012,12:05 PM,Not Reported,2,0,0,Angle,V1: Travelling straight ahead / V2:Travelling straight ahead,V1:Eastbound / V2:Northbound ,V1: Collision with motor vehicle in traffic / V2: Collision with motor vehicle in traffic ,"V1: Passenger car / V2:Light truck(van, mini-van, panel, pickup, sport utility) with only four tires",Dry,Daylight,Clear,,BERKELEY STREET / BACK STREET,,,,,235009.6998,900623.457
3114345,BOSTON,12-May-2012,1:00 PM,Not Reported,2,0,0,Angle,V1: Travelling straight ahead / V2:Changing lanes,V1:Eastbound / V2:Not reported ,V1: Collision with motor vehicle in traffic / V2: Collision with motor vehicle in traffic ,"V1: Passenger car / V2:Light truck(van, mini-van, panel, pickup, sport utility) with only four tires",Dry,Daylight,Not Reported,,JAMES SHEA CIRCLE Rte 203 W / ARBORWAY,,,MORTON STREET,,232430.2605,894562.5738
3092311,BOSTON,12-May-2012,3:30 PM,Not Reported,2,0,0,Rear-end,V1: Slowing or stopped in traffic / V2:Travelling straight ahead,V1:Southbound / V2:Southbound ,V1: Collision with motor vehicle in traffic / V2: Collision with motor vehicle in traffic ,"V1: Light truck(van, mini-van, panel, pickup, sport utility) with only four tires / V2:Passenger car",Dry,Daylight,Clear,,Rte 93 S,,Exit 23 on Rte 93 S,,,236856.2793,901152.8251
3171004,BOSTON (ALLSTON),12-May-2012,5:40 PM,Non-fatal injury,1,1,0,Angle,V1: Travelling straight ahead,V1:Southbound ,"V1: Collision with cyclist (bicycle, tricycle, unicycle, pedal car) ",V1: Not reported,Dry,Daylight,Clear,LINDEN STREET / GARDNER STREET,,,,,"P5:Pedalcyclist (bicycle, tricycle, unicycle, pedal car)",230470.125,900408.8123
3380313,BOSTON,12-May-2012,5:50 PM,Property damage only (none injured),3,0,0,Rear-end,V1: Travelling straight ahead / V2:Travelling straight ahead / V3:Travelling straight ahead,V1:Southbound / V2:Southbound / V3:Southbound ,V1: Collision with motor vehicle in traffic / V2: Collision with motor vehicle in traffic / V3: Collision with motor vehicle in traffic ,V1: Passenger car / V2:Passenger car / V3:Passenger car,Dry,Daylight,Clear,,JOHN F FITZGERALD EXPRESSWAY Rte 93 S / RAMP - RT 90 TO RT 93 SB Rte 1A S,,,ADJACENT TO A-S RAMP,,236169.8635,899557.6686
3102082,BOSTON,12-May-2012,6:45 PM,Not Reported,2,0,0,"Sideswipe, same direction",V1: Travelling straight ahead / V2:Slowing or stopped in traffic,V1:Northbound / V2:Northbound ,V1: Collision with motor vehicle in traffic / V2: Collision with motor vehicle in traffic ,"V1: Passenger car / V2:Light truck(van, mini-van, panel, pickup, sport utility) with only four tires",Dry,Daylight,Not Reported,,GALLIVAN BOULEVARD,,,NEPONSET CIRCLE,,237731.8737,892907.403
3089484,BOSTON,12-May-2012,9:10 PM,Not Reported,2,0,0,Rear-end,V1: Slowing or stopped in traffic / V2:Slowing or stopped in traffic,V1:Northbound / V2:Northbound ,V1: Collision with motor vehicle in traffic / V2: Collision with motor vehicle in traffic ,V1: Passenger car / V2:Passenger car,Wet,Dark - lighted roadway,Not Reported,,GALLIVAN BOULEVARD / RAMP - RT 93 SB TO RT 3A SB,,,,,237512.8437,892767.8123
3101980,BOSTON,12-May-2012,9:22 PM,Not Reported,2,0,0,Angle,V1: Travelling straight ahead / V2:Travelling straight ahead,V1:Southbound / V2:Southbound ,V1: Collision with motor vehicle in traffic / V2: Collision with motor vehicle in traffic ,"V1: Passenger car / V2:Light truck(van, mini-van, panel, pickup, sport utility) with only four tires",Dry,Dark - lighted roadway,Clear,,Rte 93 S,,Exit 15 on Rte 93 S,,,236629.6253,897168.5001
3102077,BOSTON,13-May-2012,00:00 AM,Not Reported,2,0,0,Rear-end,V1: Travelling straight ahead / V2:Changing lanes,V1:Southbound / V2:Southbound ,V1: Collision with motor vehicle in traffic / V2: Collision with motor vehicle in traffic ,"V1: Light truck(van, mini-van, panel, pickup, sport utility) with only four tires / V2:Light truck(van, mini-van, panel, pickup, sport utility) with only four tires",Dry,Dark - lighted roadway,Clear,,Rte 93 S,,Exit 20 on Rte 93 S,,,236954.209,900826.9442
3102432,BOSTON,13-May-2012,4:23 AM,Not Reported,1,0,0,Single vehicle crash,V1: Travelling straight ahead,V1:Northbound ,V1: Collision with median barrier ,"V1: Single-unit truck (2-axle, 6-tire)",Dry,Dark - lighted roadway,Clear,,Rte 93 N,,Exit 27 on Rte 93 N,,,235655.07,902467.5364
3102078,BOSTON,13-May-2012,4:46 AM,Not Reported,2,0,0,Rear-end,V1: Travelling straight ahead / V2:Slowing or stopped in traffic,V1:Northbound / V2:Northbound ,V1: Collision with motor vehicle in traffic / V2: Collision with motor vehicle in traffic ,"V1: Light truck(van, mini-van, panel, pickup, sport utility) with only four tires / V2:Light truck(van, mini-van, panel, pickup, sport utility) with only four tires",Dry,Dark - lighted roadway,Clear,FRONTAGE ROAD / ALBANY STREET CONNECTOR,,,,,,236004.2736,898934.2784
3092333,BOSTON,13-May-2012,11:50 AM,Not Reported,2,0,0,"Sideswipe, same direction",V1: Changing lanes / V2:Travelling straight ahead,V1:Westbound / V2:Westbound ,V1: Collision with motor vehicle in traffic / V2: Collision with guardrail ,V1: Passenger car / V2:Passenger car,Dry,Daylight,Clear,,Rte 90 W,,,,,229752.0583,900842.7985
3380395,BOSTON,13-May-2012,3:20 PM,Property damage only (none injured),3,0,0,Rear-end,V1: Travelling straight ahead / V2:Slowing or stopped in traffic / V3:Slowing or stopped in traffic,V1:Northbound / V2:Northbound / V3:Northbound ,V1: Collision with motor vehicle in traffic / V2: Collision with motor vehicle in traffic / V3: Collision with motor vehicle in traffic ,"V1: Passenger car / V2:Light truck(van, mini-van, panel, pickup, sport utility) with only four tires / V3:Light truck(van, mini-van, panel, pickup, sport utility) with only four tires",Dry,Daylight,Clear,,JOHN F FITZGERALD EXPRESSWAY Rte 93 N / RAMP - BROADWAY TO RT 93 NB,,,,,236463.9096,899891.4812
3098028,BOSTON,13-May-2012,4:30 PM,Not Reported,4,0,0,Angle,V1: Travelling straight ahead / V2:Travelling straight ahead / V3:Parked / V4:Parked,V1:Eastbound / V2:Southbound / V3:Not reported / V4:Not reported ,V1: Collision with motor vehicle in traffic / V2: Collision with motor vehicle in traffic / V3: Collision with motor vehicle in traffic / V4: Collision with motor vehicle in traffic ,"V1: Light truck(van, mini-van, panel, pickup, sport utility) with only four tires / V2:Light truck(van, mini-van, panel, pickup, sport utility) with only four tires / V3:Passenger car / V4:Light truck(van, mini-van, panel, pickup, sport utility) with only four tires",Dry,Daylight,Clear,,MURRAY CIRCLE / ARBORWAY Rte 203 E,,,ROTARY,,231193.8064,895421.9169
3155948,BOSTON,13-May-2012,8:50 PM,Non-fatal injury,1,1,0,Single vehicle crash,V1: Travelling straight ahead,V1:Southbound ,V1: Collision with light pole or other post/support ,V1: Passenger car,Dry,Dark - lighted roadway,Not Reported,,WILLIAM DAY BOULEVARD / BABE RUTH PARK DRIVE,,,,,237329.8124,897671.1252
3084825,BOSTON,13-May-2012,11:30 PM,Not Reported,2,0,0,Rear-end,V1: Travelling straight ahead / V2:Travelling straight ahead,V1:Eastbound / V2:Eastbound ,V1: Collision with motor vehicle in traffic / V2: Collision with motor vehicle in traffic ,V1: Passenger car / V2:Passenger car,Dry,Dark - lighted roadway,Not Reported,,STORROW DRIVE Rte 28 N / RAMP TO CHARLES CIRCLE,,,CHARLES CIRCLE,,235232.0106,901316.0432
3380314,BOSTON,14-May-2012,6:28 AM,Property damage only (none injured),3,0,0,Rear-end,V1: Turning left / V2:Turning left / V3:Turning left,V1:Northbound / V2:Northbound / V3:Northbound ,V1: Collision with motor vehicle in traffic / V2: Collision with motor vehicle in traffic / V3: Collision with motor vehicle in traffic ,"V1: Light truck(van, mini-van, panel, pickup, sport utility) with only four tires / V2:Passenger car / V3:Light truck(van, mini-van, panel, pickup, sport utility) with only four tires",Dry,Daylight,Clear,MASSACHUSETTS AVENUE CONNECTOR / FRONTAGE ROAD / RAMP - FRONTAGE ROAD TO RT 93 NB,,,,MASS AVE CONNECTOR,,235865.0173,898419.1854
3092347,BOSTON,14-May-2012,9:05 AM,Not Reported,2,0,0,Rear-end,V1: Entering traffic lane / V2:Entering traffic lane,V1:Westbound / V2:Westbound ,V1: Collision with motor vehicle in traffic / V2: Collision with motor vehicle in traffic ,"V1: Light truck(van, mini-van, panel, pickup, sport utility) with only four tires / V2:Passenger car",Dry,Daylight,Clear,,CENTRE STREET / WALTER STREET,,,,,230504.5157,894255.4377
3084842,BOSTON,14-May-2012,1:00 PM,Not Reported,2,0,0,"Sideswipe, same direction",V1: Travelling straight ahead / V2:Changing lanes,V1:Westbound / V2:Westbound ,V1: Collision with motor vehicle in traffic / V2: Collision with motor vehicle in traffic ,"V1: Passenger car / V2:Light truck(van, mini-van, panel, pickup, sport utility) with only four tires",Dry,Daylight,Clear,,MORTON STREET / BLUE HILL AVENUE,,,,,233701.9844,892720.8122
3098014,BOSTON,14-May-2012,3:05 PM,Not Reported,2,0,0,Rear-end,V1: Travelling straight ahead / V2:Travelling straight ahead,V1:Eastbound / V2:Eastbound ,V1: Collision with motor vehicle in traffic / V2: Collision with motor vehicle in traffic ,V1: Passenger car / V2:Passenger car,Dry,Daylight,Cloudy,,CHARLES STREET / BLOSSOM STREET,,,MASS EYE AND EAR,,235439.8182,901626.7042
3113833,BOSTON,14-May-2012,5:16 PM,Not Reported,2,0,0,"Sideswipe, same direction",V1: Turning left / V2:Travelling straight ahead,V1:Northbound / V2:Southbound ,V1: Collision with motor vehicle in traffic / V2: Collision with motor vehicle in traffic ,"V1: Light truck(van, mini-van, panel, pickup, sport utility) with only four tires / V2:Passenger car",Dry,Daylight,Cloudy,PARK DRIVE / BEACON STREET,,,,,,232535.3748,899651.148
3386824,BOSTON,14-May-2012,5:20 PM,Property damage only (none injured),2,0,0,Rear-end,V1: Travelling straight ahead / V2:Slowing or stopped in traffic,V1:Southbound / V2:Southbound ,V1: Collision with motor vehicle in traffic / V2: Collision with motor vehicle in traffic ,"V1: Light truck(van, mini-van, panel, pickup, sport utility) with only four tires / V2:Truck/trailer",Wet,Daylight,Rain,JOHN F FITZGERALD EXPRESSWAY Rte 93 S / RAMP - SURFACE ARTERY TO RT 93 SB,,,,TUNNEL EXIT PORTAL,,236268.7948,899989.2841
3098015,BOSTON,14-May-2012,5:49 PM,Not Reported,2,0,0,Head-on,V1: Turning left / V2:Slowing or stopped in traffic,V1:Eastbound / V2:Westbound ,V1: Collision with motor vehicle in traffic / V2: Collision with motor vehicle in traffic ,"V1: Passenger car / V2:Light truck(van, mini-van, panel, pickup, sport utility) with only four tires",Dry,Daylight,Cloudy,PARK DRIVE / BEACON STREET,,,,,,232535.3748,899651.148
3380315,BOSTON,14-May-2012,6:10 PM,Property damage only (none injured),2,0,0,Rear-end,V1: Slowing or stopped in traffic / V2:Travelling straight ahead,V1:Westbound / V2:Westbound ,V1: Collision with motor vehicle in traffic / V2: Collision with motor vehicle in traffic ,V1: Passenger car / V2:Passenger car,Dry,Daylight,Cloudy/Rain,,MASSACHUSETTS TURNPIKE Rte 90 W / TED WILLIAMS TUNNEL,,,TED WILLIAMS TUNNEL,,239051.4028,900924.2439
3386825,BOSTON,15-May-2012,00:00 AM,Property damage only (none injured),2,0,0,"Sideswipe, opposite direction",V1: Other / V2:Travelling straight ahead,V1:Northbound / V2:Northbound ,V1: Collision with motor vehicle in traffic / V2: Collision with motor vehicle in traffic ,"V1: Light truck(van, mini-van, panel, pickup, sport utility) with only four tires / V2:Light truck(van, mini-van, panel, pickup, sport utility) with only four tires",Dry,Dark - lighted roadway,Clear,,Rte 93 N,,Exit 23 on Rte 93,TIP O&AMP;APOS;NEIL TUNNEL ENTRA,,236957.4837,900943.9828
3106113,BOSTON,15-May-2012,7:21 AM,Not Reported,4,0,0,Rear-end,V1: Travelling straight ahead / V2:Slowing or stopped in traffic / V3:Slowing or stopped in traffic / V4:Slowing or stopped in traffic,V1:Westbound / V2:Westbound / V3:Westbound / V4:Westbound ,V1: Collision with motor vehicle in traffic / V2: Collision with motor vehicle in traffic / V3: Collision with motor vehicle in traffic / V4: Collision with motor vehicle in traffic ,"V1: Light truck(van, mini-van, panel, pickup, sport utility) with only four tires / V2:Passenger car / V3:Passenger car / V4:Passenger car",Dry,Daylight,Clear,,COLUMBIA ROAD / DORCHESTER AVENUE,,,,,236535.6564,896787.6252
3102085,BOSTON,15-May-2012,8:15 AM,Not Reported,2,0,0,Angle,V1: Turning left / V2:Travelling straight ahead,V1:Westbound / V2:Eastbound ,V1: Collision with motor vehicle in traffic / V2: Collision with motor vehicle in traffic ,V1: Passenger car / V2:Passenger car,Dry,Daylight,Clear,,MORTON STREET / OWEN STREET,,,NORFOLK HARDWARE,,234555.0965,892189.2631
3098019,BOSTON,15-May-2012,11:50 AM,Not Reported,2,0,0,Rear-end,V1: Travelling straight ahead / V2:Turning right,V1:Westbound / V2:Westbound ,V1: Collision with motor vehicle in traffic / V2: Collision with motor vehicle in traffic ,"V1: Light truck(van, mini-van, panel, pickup, sport utility) with only four tires / V2:Light truck(van, mini-van, panel, pickup, sport utility) with only four tires",Dry,Daylight,Clear,NONANTUM ROAD / BROOKS STREET,,,,,,227859.5794,900906.1114
3170807,BOSTON,15-May-2012,1:00 PM,Not Reported,2,0,0,Not reported,V1: Not reported / V2:Not reported,V1:Not reported / V2:Not reported ,V1: Not reported / V2: Not reported ,"V1: Light truck(van, mini-van, panel, pickup, sport utility) with only four tires / V2:Light truck(van, mini-van, panel, pickup, sport utility) with only four tires",Not reported,Not reported,Not Reported,ATLANTIC AVENUE / ESSEX STREET,,,,,,236592.8611,900243.1501
3380316,BOSTON,15-May-2012,4:35 PM,Property damage only (none injured),2,0,0,Rear-end,V1: Travelling straight ahead / V2:Travelling straight ahead,V1:Northbound / V2:Northbound ,V1: Collision with motor vehicle in traffic / V2: Collision with motor vehicle in traffic ,"V1: Passenger car / V2:Light truck(van, mini-van, panel, pickup, sport utility) with only four tires",Wet,Daylight,Rain,,JOHN F FITZGERALD EXPRESSWAY Rte 93 N,,,EXITING  THE  O'NEIL  TUNNEL,,236161.7246,901912.9341
3121057,BOSTON,15-May-2012,5:05 PM,Not Reported,2,0,0,Rear-end,V1: Travelling straight ahead / V2:Slowing or stopped in traffic,V1:Eastbound / V2:Eastbound ,V1: Collision with motor vehicle in traffic / V2: Collision with motor vehicle in traffic ,"V1: Passenger car / V2:Light truck(van, mini-van, panel, pickup, sport utility) with only four tires",Wet,Daylight,Rain,,SOLDIERS FIELD ROAD,,,RIVER STREET BRIDGE,,,
3389254,BOSTON,15-May-2012,5:19 PM,Property damage only (none injured),1,0,0,Single vehicle crash,V1: Travelling straight ahead,V1:Eastbound ,V1: Collision with guardrail ,V1: Passenger car,Wet,Daylight,Rain,,STORROW DRIVE / MASSACHUSETTS AVENUE,,,EAST OF MASS AVE OVERPASS,,233805.0589,900205.4479
3110056,BOSTON,15-May-2012,5:29 PM,Not Reported,2,0,0,"Sideswipe, same direction",V1: Travelling straight ahead / V2:Travelling straight ahead,V1:Eastbound / V2:Eastbound ,V1: Collision with motor vehicle in traffic / V2: Collision with motor vehicle in traffic ,"V1: Single-unit truck (2-axle, 6-tire) / V2:Passenger car",Wet,Daylight,Cloudy/Rain,,SOLDIERS FIELD ROAD / NORTH HARVARD STREET,,,,,230992.3482,902048.2872
3092334,BOSTON,15-May-2012,6:08 PM,Not Reported,2,0,0,Rear-end,V1: Slowing or stopped in traffic / V2:Travelling straight ahead,V1:Westbound / V2:Westbound ,V1: Collision with motor vehicle in traffic / V2: Collision with motor vehicle in traffic ,"V1: Light truck(van, mini-van, panel, pickup, sport utility) with only four tires / V2:Light truck(van, mini-van, panel, pickup, sport utility) with only four tires",Wet,Daylight,Cloudy/Rain,,Rte 90 W,,,,,228154.8166,900866.0695
3098029,BOSTON,15-May-2012,6:45 PM,Not Reported,1,0,0,Single vehicle crash,V1: Entering traffic lane,V1:Eastbound ,V1: Collision with curb ,"V1: Light truck(van, mini-van, panel, pickup, sport utility) with only four tires",Wet,Daylight,Rain,,MONSIGNOR CASEY HIGHWAY Rte 203 / JAMES SHEA CIRCLE,,,,,232427.352,894561.8624
3389255,BOSTON,15-May-2012,8:19 PM,Property damage only (none injured),1,0,0,Single vehicle crash,V1: Travelling straight ahead,V1:Westbound ,V1: Collision with light pole or other post/support ,V1: Passenger car,Wet,Dark - lighted roadway,Rain,STORROW DRIVE / CHARLESGATE OVERPASS,,,,STORROW DR AT KENMORE SQ,,233695.1823,900232.3919
3193736,BOSTON,16-May-2012,00:00 AM,Non-fatal injury,1,2,0,Single vehicle crash,V1: Turning left,V1:Southbound ,V1: Collision with pedestrian ,"V1: Light truck(van, mini-van, panel, pickup, sport utility) with only four tires",Wet,Daylight,Rain/Cloudy,TREMONT STREET / WEST STREET,,,,,,235972.739,900608.1108
3116491,BOSTON,16-May-2012,9:29 AM,Property damage only (none injured),1,0,0,Single vehicle crash,V1: Turning right,V1:Not reported ,V1: Collision with light pole or other post/support ,V1: Truck/trailer,Wet,Daylight,Rain/Rain,NEPONSET AVENUE / POPES HILL STREET,,,,,,237057.8124,893686.8749
3095271,BOSTON,16-May-2012,10:45 AM,Non-fatal injury,2,1,0,Not reported,V1: Travelling straight ahead / V2:Travelling straight ahead,V1:Eastbound / V2:Westbound ,V1: Not reported / V2: Not reported ,"V1: Passenger car / V2:Light truck(van, mini-van, panel, pickup, sport utility) with only four tires",Wet,Daylight,Cloudy,,GALLIVAN BOULEVARD / CARRUTH STREET,,,,,236300.7969,892454.3127
3098016,BOSTON,16-May-2012,4:17 PM,Not Reported,2,0,0,"Sideswipe, same direction",V1: Travelling straight ahead / V2:Changing lanes,V1:Southbound / V2:Southbound ,V1: Collision with motor vehicle in traffic / V2: Collision with motor vehicle in traffic ,"V1: Light truck(van, mini-van, panel, pickup, sport utility) with only four tires / V2:Not reported",Dry,Daylight,Clear,,FENWAY / 48,,,,,233724.5914,899465.7989
3171005,BOSTON,16-May-2012,5:28 PM,Not Reported,1,0,0,Single vehicle crash,V1: Not reported,V1:Eastbound ,V1: Not reported ,V1: Passenger car,Dry,Daylight,Clear,,2022 COMMONWEALTH AVENUE,,,,P2:Pedestrian,228004.7879,898882.157
3188839,BOSTON,16-May-2012,11:59 PM,Not Reported,1,0,0,Single vehicle crash,V1: Not reported,V1:Not reported ,V1: Not reported ,V1: Passenger car,Dry,Dark - lighted roadway,Clear,TREMONT STREET / PARK STREET,,,,,,236085.5715,900760.6904
3387536,BOSTON,17-May-2012,6:00 AM,Property damage only (none injured),2,0,0,"Sideswipe, same direction",V1: Travelling straight ahead / V2:Travelling straight ahead,V1:Eastbound / V2:Eastbound ,V1: Collision with motor vehicle in traffic / V2: Collision with motor vehicle in traffic ,V1: Passenger car / V2:Single-unit truck (3-or-more axles),Dry,Daylight,Clear,,MASSACHUSETTS TURNPIKE Rte 90 E / RAMP - RT 90 EB TO STUART STREET & HUNTI,,,ENTRANCE TO PRUDENTIAL TUNNEL,,234095.2081,899757.2675
3098032,BOSTON,17-May-2012,7:00 AM,Not Reported,2,0,0,Rear-end,V1: Travelling straight ahead / V2:Slowing or stopped in traffic,V1:Eastbound / V2:Eastbound ,V1: Collision with motor vehicle in traffic / V2: Collision with motor vehicle in traffic ,V1: Passenger car / V2:Passenger car,Dry,Daylight,Clear,,TRUMAN HIGHWAY / WAKEFIELD AVENUE,,,STOP AND SHOP,,230847.7655,888090.3749
3114442,BOSTON,17-May-2012,7:54 AM,Not Reported,3,0,0,Rear-end,V1: Slowing or stopped in traffic / V2:Slowing or stopped in traffic / V3:Travelling straight ahead,V1:Eastbound / V2:Eastbound / V3:Eastbound ,V1: Collision with motor vehicle in traffic / V2: Collision with motor vehicle in traffic / V3: Collision with motor vehicle in traffic ,"V1: Light truck(van, mini-van, panel, pickup, sport utility) with only four tires / V2:Passenger car / V3:Passenger car",Dry,Daylight,Clear,,SOLDIERS FIELD ROAD / WESTERN AVENUE,,,,,231463.2281,901589.1256
3189830,BOSTON (SOUTH BOSTON),17-May-2012,8:30 AM,Property damage only (none injured),2,0,0,Angle,V1: Travelling straight ahead / V2:Travelling straight ahead,V1:Westbound / V2:Southbound ,V1: Collision with motor vehicle in traffic / V2: Collision with motor vehicle in traffic ,V1: Passenger car / V2:Passenger car,Dry,Daylight,Clear,DORCHESTER STREET / WEST FOURTH STREET,,,,,,237352.0937,898373.3752
3380317,BOSTON,17-May-2012,10:21 AM,Non-fatal injury,4,2,0,Rear-end,V1: Slowing or stopped in traffic / V2:Slowing or stopped in traffic / V3:Travelling straight ahead / V4:Travelling straight ahead,V1:Northbound / V2:Northbound / V3:Northbound / V4:Northbound ,V1: Collision with motor vehicle in traffic / V2: Collision with motor vehicle in traffic / V3: Collision with motor vehicle in traffic / V4: Collision with motor vehicle in traffic ,"V1: Light truck(van, mini-van, panel, pickup, sport utility) with only four tires / V2:Passenger car / V3:Passenger car / V4:Passenger car",Dry,Daylight,Clear,,JOHN F FITZGERALD EXPRESSWAY Rte 93 N / RAMP - RT 90 TO RT 93 NB,,,D RAMP MERGE,,236586.7347,900221.2467
3346861,BOSTON (JAMAICA PLAIN),17-May-2012,12:46 PM,Non-fatal injury,1,1,0,Unknown,V1: Turning left,V1:Northbound ,V1: Collision with pedestrian ,V1: Passenger car,Dry,Daylight,Clear/Clear,CENTRE STREET / GOODRICH ROAD,,,,,"P2:Pedalcyclist (bicycle, tricycle, unicycle, pedal car)",231813.2971,896184.4999
3116371,BOSTON,17-May-2012,1:50 PM,Not Reported,2,0,0,Angle,V1: Turning right / V2:Turning right,V1:Not reported / V2:Westbound ,V1: Collision with motor vehicle in traffic / V2: Collision with motor vehicle in traffic ,V1: Passenger car / V2:Passenger car,Dry,Daylight,Clear,,CHARLESGATE WEST / BEACON STREET,,,,,233543.9754,900022.1832
3191672,BOSTON,17-May-2012,3:08 PM,Unknown,1,0,0,Single vehicle crash,V1: Turning left,V1:Southbound ,V1: Collision with pedestrian ,"V1: Light truck(van, mini-van, panel, pickup, sport utility) with only four tires",Dry,Daylight,Clear/Clear,CONGRESS STREET / WATER STREET Rte 2 S,,,,,P2:Pedestrian,236543.7747,900883.5489
3109880,BOSTON,17-May-2012,3:40 PM,Not Reported,2,0,0,Angle,V1: Travelling straight ahead / V2:Travelling straight ahead,V1:Westbound / V2:Northbound ,V1: Collision with motor vehicle in traffic / V2: Collision with motor vehicle in traffic ,V1: Passenger car / V2:Passenger car,Dry,Daylight,Clear,D STREET / WEST FIRST STREET,,,,,,237197.0314,899008.5
3121345,BOSTON,17-May-2012,5:29 PM,Not Reported,2,0,0,"Sideswipe, same direction",V1: Travelling straight ahead / V2:Travelling straight ahead,V1:Eastbound / V2:Eastbound ,V1: Collision with motor vehicle in traffic / V2: Collision with motor vehicle in traffic ,V1: Passenger car / V2:Other,Dry,Daylight,Not Reported,,STORROW DRIVE Rte 28 N / RAMP - STORROW DRIVE TO LEVERETT CONNECT,,,MGH,,235435.5743,901642.1067
3109881,BOSTON,17-May-2012,6:55 PM,Not Reported,2,0,0,Angle,V1: Travelling straight ahead / V2:Turning left,V1:Northbound / V2:Northbound ,V1: Collision with motor vehicle in traffic / V2: Collision with motor vehicle in traffic ,"V1: Light truck(van, mini-van, panel, pickup, sport utility) with only four tires / V2:Passenger car",Dry,Daylight,Clear,FRONTAGE ROAD / SOUTH BOSTON BYPASS ROAD,,,,HAGERTY BRIDGE,,235950.9524,898250.4215
3665401,BOSTON,17-May-2012,9:36 PM,Fatal injury,1,0,1,, ,V1:Not reported , ,V1: Unknown vehicle configuration,,,Not Reported,,500 COMMERCIAL STREET,,,,,236669.3278,902038.2231
3191667,BOSTON,17-May-2012,10:30 PM,Not Reported,2,0,0,Unknown,V1: Not reported / V2:Not reported,V1:Not reported / V2:Not reported ,V1: Not reported / V2: Not reported ,V1: Passenger car / V2:Not reported,Dry,Dark - lighted roadway,Clear,,53 CONGRESS STREET / STATE STREET,,,,,236509.0155,901025.4999
3211133,BOSTON,18-May-2012,1:53 AM,Not Reported,3,0,0,Unknown,V1: Not reported / V2:Not reported / V3:Not reported,V1:Not reported / V2:Not reported / V3:Not reported ,V1: Not reported / V2: Not reported / V3: Not reported ,V1: Not reported / V2:Not reported / V3:Not reported,Dry,Dark - lighted roadway,Clear,CAUSEWAY STREET / LOMASNEY WAY,,,,,,235962.1048,901646.6716
3298554,BOSTON,18-May-2012,2:15 AM,Non-fatal injury,2,1,0,Angle,V1: Travelling straight ahead / V2:Turning left,V1:Eastbound / V2:Eastbound ,V1: Collision with motor vehicle in traffic / V2: Collision with motor vehicle in traffic ,"V1: Passenger car / V2:Light truck(van, mini-van, panel, pickup, sport utility) with only four tires",Dry,Dark - lighted roadway,Clear,,MORTON STREET / WEST SELDEN STREET,,,,,234424.4024,892301.6634
3113963,BOSTON,18-May-2012,6:43 AM,Not Reported,2,0,0,Angle,V1: Changing lanes / V2:Travelling straight ahead,V1:Westbound / V2:Westbound ,V1: Collision with motor vehicle in traffic / V2: Collision with motor vehicle in traffic ,"V1: Bus (seats for more than 15 people, including driver) / V2:Passenger car",Dry,Daylight,Clear,,GALLIVAN BOULEVARD,,,,,236229.3848,892424.5929
3098017,BOSTON,18-May-2012,9:25 AM,Not Reported,2,0,0,"Sideswipe, same direction",V1: Turning right / V2:Turning right,V1:Southbound / V2:Southbound ,V1: Collision with motor vehicle in traffic / V2: Collision with motor vehicle in traffic ,V1: Passenger car / V2:Passenger car,Dry,Daylight,Not Reported,,CHARLESGATE WEST / BAY STATE ROAD,,,,,233543.9754,900022.1832
3116438,BOSTON,18-May-2012,10:20 AM,Not Reported,1,0,0,Single vehicle crash,V1: Turning left,V1:Westbound ,V1: Other ,"V1: Light truck(van, mini-van, panel, pickup, sport utility) with only four tires",Dry,Daylight,Clear,,SEAPORT BOULEVARD,,,NORTHERN AVENUE,P1:Pedestrian,237776.4397,900058.815
3110044,BOSTON,18-May-2012,10:55 AM,Not Reported,2,0,0,Angle,V1: Changing lanes / V2:Travelling straight ahead,V1:Southbound / V2:Southbound ,V1: Collision with motor vehicle in traffic / V2: Collision with motor vehicle in traffic ,"V1: Light truck(van, mini-van, panel, pickup, sport utility) with only four tires / V2:Single-unit truck (2-axle, 6-tire)",Dry,Daylight,Clear,,Rte 93 S,,Exit 20 on Rte 93 S,,,236954.209,900826.9442
3113822,BOSTON,18-May-2012,12:13 PM,Not Reported,2,0,0,"Sideswipe, same direction",V1: Travelling straight ahead / V2:Changing lanes,V1:Eastbound / V2:Eastbound ,V1: Collision with motor vehicle in traffic / V2: Collision with motor vehicle in traffic ,V1: Passenger car / V2:Passenger car,Dry,Daylight,Clear,,Rte 90 E,,,,,230556.5222,900720.3977
3101981,BOSTON,18-May-2012,2:55 PM,Not Reported,2,0,0,Angle,V1: Travelling straight ahead / V2:Entering traffic lane,V1:Southbound / V2:Southbound ,V1: Collision with motor vehicle in traffic / V2: Collision with motor vehicle in traffic ,"V1: Light truck(van, mini-van, panel, pickup, sport utility) with only four tires / V2:Light truck(van, mini-van, panel, pickup, sport utility) with only four tires",Dry,Daylight,Not Reported,,WILLIAM T MORRISSEY BOULEVARD / POPES HILL STREET,,,DUNKIN DONUTS,,237240.2031,893757.7504