Crash Number,City/Town Name,Crash Date,Crash Time,Crash Severity,Number of Vehicles,Total Nonfatal Injuries,Total Fatal Injuries,Manner of Collision,Vehicle Action Prior to Crash,Vehicle Travel Directions,Most Harmful Events,Vehicle Configuration,Road Surface Condition,Ambient Light,Weather Condition,At Roadway Intersection,Distance from Nearest Roadway Intersection,Distance from Nearest Milemarker,Distance from Nearest Exit,Distance from Nearest Landmark,Non Motorist Type,X Coordinate,Y Coordinate
3110049,BOSTON,18-May-2012,5:17 PM,Not Reported,2,0,0,Angle,V1: Travelling straight ahead / V2:Changing lanes,V1:Eastbound / V2:Eastbound ,V1: Not reported / V2: Collision with motor vehicle in traffic ,"V1: Bus (seats for more than 15 people, including driver) / V2:Passenger car",Dry,Daylight,Clear,,Rte 93 N,,Exit 20 on Rte 93 N,L-RAMP,,235935.6734,898219.8317
3219142,BOSTON,18-May-2012,7:15 PM,Property damage only (none injured),2,0,0,Rear-end,V1: Travelling straight ahead / V2:Slowing or stopped in traffic,V1:Eastbound / V2:Eastbound ,V1: Collision with motor vehicle in traffic / V2: Collision with motor vehicle in traffic ,V1: Passenger car / V2:Passenger car,Dry,Daylight,Clear,,ARBORWAY / JAMES SHEA CIRCLE,,,,,232406.437,894506.1878
3381458,BOSTON,18-May-2012,7:30 PM,Non-fatal injury,2,2,0,"Sideswipe, same direction",V1: Travelling straight ahead / V2:Changing lanes,V1:Westbound / V2:Westbound ,V1: Collision with motor vehicle in traffic / V2: Collision with motor vehicle in traffic ,"V1: Light truck(van, mini-van, panel, pickup, sport utility) with only four tires / V2:Passenger car",Dry,Daylight,Clear,,GALLIVAN BOULEVARD Rte 203 W / ELLISON AVENUE,,,GALLIVAN BLVD AT ELLISON AVE,,235162.8697,892042.8592
3289486,BOSTON (DORCHESTER),18-May-2012,8:35 PM,Non-fatal injury,2,1,0,"Sideswipe, opposite direction",V1: Travelling straight ahead / V2:Turning left,V1:Not reported / V2:Not reported ,V1: Collision with motor vehicle in traffic / V2: Collision with motor vehicle in traffic ,"V1: Light truck(van, mini-van, panel, pickup, sport utility) with only four tires / V2:Passenger car",Dry,Dark - lighted roadway,Clear/Clear,HARVARD STREET / WARNER STREET,,,,,,234596.1251,894074.8751
3115137,BOSTON,18-May-2012,11:26 PM,Not Reported,2,0,0,Not collision between two vehicles in traffic,V1: Not reported / V2:Not reported,V1:Not reported / V2:Not reported ,V1: Not reported / V2: Not reported ,"V1: Passenger car / V2:Bus (seats for more than 15 people, including driver)",Dry,Dark - lighted roadway,Cloudy,ATLANTIC AVENUE / SUMMER STREET,,,,,,236630.702,900331.4409
3321619,BOSTON (JAMAICA PLAIN),19-May-2012,1:40 AM,Non-fatal injury,5,4,0,Rear-end,V1: Travelling straight ahead / V2:Slowing or stopped in traffic / V3:Slowing or stopped in traffic / V4:Slowing or stopped in traffic / V5:Slowing or stopped in traffic,V1:Not reported / V2:Not reported / V3:Not reported / V4:Not reported / V5:Not reported ,V1: Collision with motor vehicle in traffic / V2: Collision with motor vehicle in traffic / V3: Collision with motor vehicle in traffic / V4: Collision with motor vehicle in traffic / V5: Collision with motor vehicle in traffic ,V1: Passenger car / V2:Motorcycle / V3:Motorcycle / V4:Motorcycle / V5:Motorcycle,Dry,Dark - lighted roadway,Clear,HYDE PARK AVENUE / WALK HILL STREET,,,,,,231647.8279,894025.4374
3128703,BOSTON,19-May-2012,1:43 AM,Not Reported,1,0,0,Single vehicle crash,V1: Travelling straight ahead,V1:Eastbound ,V1: Collision with curb ,V1: Passenger car,Dry,Dark - lighted roadway,Clear,FRONTAGE ROAD / MASSACHUSETTS AVENUE CONNECTOR,,,,,,235865.0173,898419.1854
3109882,BOSTON,19-May-2012,7:10 AM,Not Reported,1,0,0,Single vehicle crash,V1: Travelling straight ahead,V1:Northbound ,V1: Collision with other movable object ,"V1: Light truck(van, mini-van, panel, pickup, sport utility) with only four tires",Dry,Daylight,Clear,,Rte 93 N,,,EXIT 20 TO PORTAL ENTRANCE.,,236361.4209,899696.7901
3206830,BOSTON (DORCHESTER),19-May-2012,10:25 AM,Non-fatal injury,2,1,0,Angle,V1: Slowing or stopped in traffic / V2:Travelling straight ahead,V1:Westbound / V2:Northbound ,V1: Collision with motor vehicle in traffic / V2: Collision with motor vehicle in traffic ,"V1: Passenger car / V2:Light truck(van, mini-van, panel, pickup, sport utility) with only four tires",Dry,Daylight,Clear/Clear,DORCHESTER AVENUE / RICHMOND STREET,,,,,,235667.5159,891582.0623
3130585,BOSTON,19-May-2012,1:00 PM,Not Reported,1,0,0,Single vehicle crash,V1: Travelling straight ahead,V1:Northbound ,V1: Reported but invalid ,V1: Motorcycle,Dry,Daylight,Clear,,Rte 93 N,,Exit 15 on Rte 93 N,BOSTON GLOBE,,236972.2496,896473.4282
3098018,BOSTON,19-May-2012,5:30 PM,Non-fatal injury,1,1,0,Angle,V1: Slowing or stopped in traffic,V1:Southbound ,V1: Collision with pedestrian ,V1: Passenger car,Dry,Daylight,Clear,CAMBRIDGE STREET / CHARLES STREET CIRCLE,,,,,P1:Pedestrian,235416.6999,901255.0377
3380396,BOSTON,19-May-2012,5:32 PM,Property damage only (none injured),3,0,0,Rear-end,V1: Slowing or stopped in traffic / V2:Slowing or stopped in traffic / V3:Slowing or stopped in traffic,V1:Southbound / V2:Southbound / V3:Southbound ,V1: Collision with motor vehicle in traffic / V2: Collision with motor vehicle in traffic / V3: Collision with motor vehicle in traffic ,"V1: Passenger car / V2:Light truck(van, mini-van, panel, pickup, sport utility) with only four tires / V3:Passenger car",Dry,Daylight,Clear,,Rte 93 S,,Exit 26 on Rte 93 S,LOWER DECK SOUTH OF EXIT 26,,234851.4113,903728.5151
3243527,BOSTON (BRIGHTON),19-May-2012,5:40 PM,Property damage only (none injured),1,0,0,Single vehicle crash,V1: Travelling straight ahead,V1:Westbound ,V1: Collision with motor vehicle in traffic ,"V1: Light truck(van, mini-van, panel, pickup, sport utility) with only four tires",Dry,Daylight,Clear,,42 LINCOLN STREET,,,,,236420.1593,900333.8022
3191664,BOSTON,19-May-2012,7:03 PM,Not Reported,1,0,0,"Sideswipe, same direction",V1: Travelling straight ahead,V1:Eastbound ,"V1: Collision with cyclist (bicycle, tricycle, unicycle, pedal car) ","V1: Light truck(van, mini-van, panel, pickup, sport utility) with only four tires",Dry,Daylight,Clear/Clear,SURFACE ARTERY / HANOVER STREET,,,,,"P4:Pedalcyclist (bicycle, tricycle, unicycle, pedal car)",,
3113848,BOSTON,19-May-2012,7:43 PM,Property damage only (none injured),2,0,0,Angle,V1: Travelling straight ahead / V2:Slowing or stopped in traffic,V1:Westbound / V2:Not reported ,V1: Collision with parked motor vehicle / V2: Collision with motor vehicle in traffic ,V1: Passenger car / V2:Passenger car,Dry,Daylight,Clear,,,,,CASTLE ISLAND PARKING LOT,,,
3118492,BOSTON,20-May-2012,5:08 AM,Not Reported,1,0,0,Single vehicle crash,V1: Travelling straight ahead,V1:Southbound ,V1: Collision with median barrier ,V1: Passenger car,Dry,Dawn,Not Reported,,Rte 93 S,,Exit 12 on Rte 93 S,,,237620.5493,892713.0989
3207528,BOSTON (DORCHESTER),20-May-2012,11:20 AM,Non-fatal injury,2,1,0,Angle,V1: Turning left / V2:Travelling straight ahead,V1:Northbound / V2:Northbound ,V1: Collision with motor vehicle in traffic / V2: Collision with motor vehicle in traffic ,V1: Passenger car / V2:Passenger car,Dry,Daylight,Clear/Unknown,ADAMS STREET / PARK STREET,,,,,,236437.8127,894408.1252
3657713,BOSTON,20-May-2012,11:46 AM,Fatal injury,1,0,1,Not reported,V1: Not reported,V1:Not reported ,V1: Not reported ,"V1: Light truck(van, mini-van, panel, pickup, sport utility) with only four tires",Not reported,Daylight,Not Reported,,34 WHITTEN STREET,,,,P2:Pedestrian,236282.3196,893732.3664
3138873,BOSTON,20-May-2012,12:51 PM,Not Reported,4,0,0,Rear-end,V1: Slowing or stopped in traffic / V2:Slowing or stopped in traffic / V3:Travelling straight ahead / V4:Travelling straight ahead,V1:Northbound / V2:Northbound / V3:Northbound / V4:Northbound ,V1: Collision with motor vehicle in traffic / V2: Collision with motor vehicle in traffic / V3: Collision with motor vehicle in traffic / V4: Collision with motor vehicle in traffic ,"V1: Passenger car / V2:Passenger car / V3:Passenger car / V4:Light truck(van, mini-van, panel, pickup, sport utility) with only four tires",Dry,Daylight,Clear,,Rte 93 N,,Exit 23 on Rte 93 N,,,236957.4837,900943.9828
3102079,BOSTON,20-May-2012,1:09 PM,Not Reported,3,0,0,Angle,V1: Travelling straight ahead / V2:Travelling straight ahead / V3:Parked,V1:Eastbound / V2:Northbound / V3:Not reported ,V1: Collision with motor vehicle in traffic / V2: Collision with motor vehicle in traffic / V3: Collision with motor vehicle in traffic ,V1: Passenger car / V2:Passenger car / V3:Passenger car,Dry,Daylight,Clear,BERKELEY STREET / BACK STREET,,,,,,235009.6998,900623.457
3380318,BOSTON,20-May-2012,3:45 PM,Property damage only (none injured),2,0,0,Rear-end,V1: Slowing or stopped in traffic / V2:Slowing or stopped in traffic,V1:Northbound / V2:Northbound ,V1: Collision with motor vehicle in traffic / V2: Collision with motor vehicle in traffic ,"V1: Light truck(van, mini-van, panel, pickup, sport utility) with only four tires / V2:Passenger car",Dry,Daylight,Clear,,Rte 93 N,,Exit 18 on Rte 93 N,BETWEEN EXITS 18 AND 20,,236146.0342,897892.2406
3243881,BOSTON (BRIGHTON),20-May-2012,4:30 PM,Non-fatal injury,2,1,0,Rear-end,V1: Slowing or stopped in traffic / V2:Slowing or stopped in traffic,V1:Westbound / V2:Westbound ,V1: Not reported / V2: Not reported ,V1: Passenger car / V2:Passenger car,Dry,Daylight,Clear,COMMONWEALTH AVENUE / LAKE STREET,,,,,,227511.5607,898897.4338
3109883,BOSTON,20-May-2012,5:29 PM,Not Reported,2,0,0,"Sideswipe, same direction",V1: Changing lanes / V2:Travelling straight ahead,V1:Southbound / V2:Southbound ,V1: Collision with motor vehicle in traffic / V2: Collision with motor vehicle in traffic ,"V1: Light truck(van, mini-van, panel, pickup, sport utility) with only four tires / V2:Passenger car",Dry,Daylight,Clear,,Rte 93 S,,,AFTER O'NEILL TUNNEL,,236229.1231,899809.3916
3113849,BOSTON,20-May-2012,6:15 PM,Not Reported,2,0,0,Rear-end,V1: Slowing or stopped in traffic / V2:Travelling straight ahead,V1:Eastbound / V2:Eastbound ,V1: Collision with motor vehicle in traffic / V2: Collision with motor vehicle in traffic ,"V1: Passenger car / V2:Light truck(van, mini-van, panel, pickup, sport utility) with only four tires",Dry,Daylight,Clear,,WILLIAM DAY BOULEVARD / L STREET,,,,,238307.7815,897755.4374
3116372,BOSTON,20-May-2012,6:16 PM,Not Reported,2,0,0,"Sideswipe, same direction",V1: Turning left / V2:Travelling straight ahead,V1:Northbound / V2:Northbound ,V1: Collision with motor vehicle in traffic / V2: Collision with motor vehicle in traffic ,V1: Passenger car / V2:Passenger car,Dry,Dawn,Clear,WILLIAM T MORRISSEY BOULEVARD / UNNAMED ROAD,,,,@ BOSTON BOWL,,237332.3438,893875.4373
3113834,BOSTON,20-May-2012,6:45 PM,Not Reported,2,0,0,"Sideswipe, same direction",V1: Travelling straight ahead / V2:Travelling straight ahead,V1:Northbound / V2:Northbound ,V1: Collision with motor vehicle in traffic / V2: Collision with motor vehicle in traffic ,"V1: Light truck(van, mini-van, panel, pickup, sport utility) with only four tires / V2:Light truck(van, mini-van, panel, pickup, sport utility) with only four tires",Dry,Daylight,Clear,COMMONWEALTH AVENUE / BOSTON UNIVERSITY BRIDGE,,,,,,232056.9154,900089.59
3222632,BOSTON,20-May-2012,7:48 PM,Non-fatal injury,2,1,0,"Sideswipe, same direction",V1: Travelling straight ahead / V2:Turning left,V1:Eastbound / V2:Eastbound ,V1: Collision with motor vehicle in traffic / V2: Collision with motor vehicle in traffic ,"V1: Light truck(van, mini-van, panel, pickup, sport utility) with only four tires / V2:Passenger car",Dry,Dusk,Clear,,870 MASSACHUSETTS AVENUE,,,,,235363.6401,897983.9317
3113835,BOSTON,20-May-2012,9:38 PM,Not Reported,2,0,0,Head-on,V1: Travelling straight ahead / V2:Turning left,V1:Westbound / V2:Eastbound ,V1: Collision with motor vehicle in traffic / V2: Collision with motor vehicle in traffic ,"V1: Passenger car / V2:Light truck(van, mini-van, panel, pickup, sport utility) with only four tires",Dry,Dark - lighted roadway,Clear,RIVERWAY / BROOKLINE AVENUE,,,,,,232136.0747,898499.2837
3115758,BOSTON,21-May-2012,7:33 AM,Not Reported,2,0,0,Rear-end,V1: Travelling straight ahead / V2:Slowing or stopped in traffic,V1:Northbound / V2:Northbound ,V1: Collision with motor vehicle in traffic / V2: Collision with motor vehicle in traffic ,V1: Passenger car / V2:Passenger car,Dry,Daylight,Clear,,NEPONSET AVENUE Rte 3A N / WILLIAM T MORRISSEY BOULEVARD,,,AFTER NEPONSET BRIDGE,,237767.0113,892931.7987
3116440,BOSTON,21-May-2012,8:34 AM,Not Reported,2,0,0,"Sideswipe, opposite direction",V1: Turning right / V2:Slowing or stopped in traffic,V1:Eastbound / V2:Westbound ,V1: Collision with motor vehicle in traffic / V2: Collision with motor vehicle in traffic ,V1: Passenger car / V2:Passenger car,Dry,Daylight,Not Reported,,GALLIVAN BOULEVARD / GRANITE AVENUE,,,,,236643.2967,892556.1249
3113960,BOSTON,21-May-2012,10:38 AM,Not Reported,2,0,0,Angle,V1: Travelling straight ahead / V2:Turning left,V1:Southbound / V2:Northbound ,V1: Collision with motor vehicle in traffic / V2: Collision with motor vehicle in traffic ,"V1: Single-unit truck (2-axle, 6-tire) / V2:Passenger car",Dry,Daylight,Cloudy,,SURFACE ARTERY / MERCANTILE STREET,,,,,236808.2181,901213.13
3804080,BOSTON (MATTAPAN),21-May-2012,10:42 AM,Non-fatal injury,1,1,0,Head-on,V1: Turning right,V1:Not reported ,V1: Collision with pedestrian ,"V1: Light truck(van, mini-van, panel, pickup, sport utility) with only four tires",Dry,Daylight,Cloudy,,1181 BLUE HILL AVENUE / MORTON STREET,,,MOBIL GAS STATION,P2:Pedestrian,233701.9842,892720.8123
3101982,BOSTON,21-May-2012,4:32 PM,Not Reported,4,0,0,"Sideswipe, same direction",V1: Other / V2:Travelling straight ahead / V3:Travelling straight ahead / V4:Travelling straight ahead,V1:Northbound / V2:Northbound / V3:Northbound / V4:Northbound ,V1: Collision with motor vehicle in traffic / V2: Collision with motor vehicle in traffic / V3: Collision with motor vehicle in traffic / V4: Collision with motor vehicle in traffic ,"V1: Passenger car / V2:Light truck(van, mini-van, panel, pickup, sport utility) with only four tires / V3:Passenger car / V4:Light truck(van, mini-van, panel, pickup, sport utility) with only four tires",Dry,Daylight,Cloudy,,Rte 93,,Exit 11 on Rte 93,NEPONSET BRIDGE,,237094.7253,891674.8051
3217432,BOSTON (ROXBURY),21-May-2012,6:53 PM,Unknown,1,0,0,Not reported,V1: Turning left,V1:Not reported ,V1: Not reported ,V1: Passenger car,Not reported,Not reported,Not Reported,,108 COLUMBIA ROAD / WASHINGTON STREET,,,,P2:Pedestrian,234591.703,895070.8124
3205931,BOSTON,21-May-2012,10:15 PM,Not Reported,2,0,0,Unknown,V1: Parked / V2:Not reported,V1:Not reported / V2:Not reported ,V1: Not reported / V2: Not reported ,V1: Passenger car / V2:Not reported,Wet,Dark - lighted roadway,Rain/Cloudy,MILK STREET / ARCH STREET,,,,,,236427.6377,900792.7775
3215233,BOSTON,22-May-2012,00:00 AM,Property damage only (none injured),2,0,0,Angle,V1: Travelling straight ahead / V2:Travelling straight ahead,V1:Westbound / V2:Northbound ,V1: Collision with motor vehicle in traffic / V2: Collision with motor vehicle in traffic ,"V1: Passenger car / V2:Light truck(van, mini-van, panel, pickup, sport utility) with only four tires",Wet,Dark - lighted roadway,"Fog, smog, smoke",DARTMOUTH STREET / COMMONWEALTH AVENUE,,,,,,234742.0743,900259.0507
3155949,BOSTON,22-May-2012,9:20 AM,Property damage only (none injured),3,0,0,Rear-end,V1: Slowing or stopped in traffic / V2:Slowing or stopped in traffic / V3:Travelling straight ahead,V1:Northbound / V2:Northbound / V3:Northbound ,V1: Collision with motor vehicle in traffic / V2: Collision with motor vehicle in traffic / V3: Collision with motor vehicle in traffic ,"V1: Light truck(van, mini-van, panel, pickup, sport utility) with only four tires / V2:Passenger car / V3:Passenger car",Dry,Daylight,Clear,,Rte 93 N,,Exit 13 on Rte 93 N,,,237420.1414,894076.5227
3222736,BOSTON,22-May-2012,9:50 AM,Property damage only (none injured),2,0,0,Angle,V1: Making U-turn / V2:Travelling straight ahead,V1:Not reported / V2:Not reported ,V1: Collision with motor vehicle in traffic / V2: Collision with motor vehicle in traffic ,"V1: Light truck(van, mini-van, panel, pickup, sport utility) with only four tires / V2:Light truck(van, mini-van, panel, pickup, sport utility) with only four tires",Wet,Daylight,Rain,CENTRE STREET / COREY STREET,,,,,,228464.5626,892911.5
3215232,BOSTON,22-May-2012,10:28 AM,Not Reported,2,0,0,Not reported,V1: Not reported / V2:Not reported,V1:Not reported / V2:Not reported ,V1: Not reported / V2: Not reported ,V1: Not reported / V2:Not reported,Not reported,Daylight,Rain,HARRISON AVENUE / NORTHAMPTON STREET,,,,,,234964.8256,898304.0325
3215230,BOSTON,22-May-2012,12:30 PM,Not Reported,2,0,0,Not reported,V1: Not reported / V2:Not reported,V1:Not reported / V2:Not reported ,V1: Not reported / V2: Not reported ,V1: Passenger car / V2:Passenger car,Not reported,Not reported,Not Reported,MASSACHUSETTS AVENUE / ALBANY STREET,,,,,,235158.7194,898212.7833
3380398,BOSTON,22-May-2012,1:14 PM,Property damage only (none injured),1,0,0,Single vehicle crash,V1: Changing lanes,V1:Southbound ,V1: Collision with median barrier ,V1: Passenger car,Wet,Daylight,Rain,,70 SOUTH BAY AVENUE Rte 93 S,,,BOSTON FOOD BANK,,235730.339,898248.3831
3387539,BOSTON,22-May-2012,2:31 PM,Property damage only (none injured),1,0,0,Single vehicle crash,V1: Travelling straight ahead,V1:Southbound ,V1: Collision with median barrier ,"V1: Light truck(van, mini-van, panel, pickup, sport utility) with only four tires",Wet,Daylight,Cloudy/Rain,,RAMP - RT 1 SB FROM TOBIN BRIDGE Rte 1 S / RAMP - RT 1 SB TO LEVERETT CONNECTOR,,,RAMP TC,,235476.3736,902483.9029
3321682,BOSTON (JAMAICA PLAIN),22-May-2012,3:03 PM,Non-fatal injury,2,1,0,Not reported,V1: Travelling straight ahead / V2:Parked,V1:Not reported / V2:Not reported ,V1: Collision with motor vehicle in traffic / V2: Collision with motor vehicle in traffic ,V1: Passenger car / V2:Passenger car,Not reported,Not reported,Not Reported,,33 ROUND HILL STREET,,,,,232522.0686,897189.5005
3248979,BOSTON (ROXBURY),22-May-2012,5:15 PM,Unknown,1,0,0,Single vehicle crash,V1: Travelling straight ahead,V1:Eastbound ,V1: Collision with pedestrian ,V1: Passenger car,Wet,Daylight,Rain,,1125 TREMONT STREET,,,,P2:Pedestrian,233938.8401,898382.3844
3381433,BOSTON,22-May-2012,5:38 PM,Property damage only (none injured),2,0,0,Rear-end,V1: Slowing or stopped in traffic / V2:Travelling straight ahead,V1:Northbound / V2:Northbound ,V1: Collision with motor vehicle in traffic / V2: Collision with motor vehicle in traffic ,V1: Passenger car / V2:Passenger car,Wet,Daylight,Cloudy/Rain,,CHARLESGATE OVERPASS / BEACON STREET,,,BOWKER OVER PASS,,233603.1698,900160.876
3389256,BOSTON,22-May-2012,6:08 PM,Property damage only (none injured),3,0,0,Rear-end,V1: Slowing or stopped in traffic / V2:Slowing or stopped in traffic / V3:Travelling straight ahead,V1:Westbound / V2:Westbound / V3:Westbound ,V1: Collision with motor vehicle in traffic / V2: Collision with motor vehicle in traffic / V3: Collision with motor vehicle in traffic ,"V1: Passenger car / V2:Light truck(van, mini-van, panel, pickup, sport utility) with only four tires / V3:Passenger car",Dry,Daylight,Clear,,STORROW DRIVE / LONGFELLOW BRIDGE,,,STORROW DR AT LONGFELLOW BRIDGE,,235193.1629,901280.3507
3113827,BOSTON,22-May-2012,8:45 PM,Not Reported,1,0,0,Single vehicle crash,V1: Travelling straight ahead,V1:Westbound ,V1: Collision with guardrail ,V1: Passenger car,Wet,Dark - lighted roadway,Rain,,Rte 90 W,,Exit 20 on Rte 90 W,,,231452.5043,900558.3731
3113828,BOSTON,22-May-2012,10:25 PM,Not Reported,1,0,0,Single vehicle crash,V1: Travelling straight ahead,V1:Westbound ,V1: Collision with median barrier ,V1: Passenger car,Wet,Dark - lighted roadway,Rain,,Rte 90 W,,Exit 24 on Rte 90 W,RAMP D TOWARDS ROUTE 93 SOUTH,,238090.4393,899691.5691
3205330,BOSTON (DORCHESTER),23-May-2012,3:47 AM,Not Reported,2,0,0,Angle,V1: Parked / V2:Travelling straight ahead,V1:Not reported / V2:Not reported ,V1: Not reported / V2: Not reported ,"V1: Light truck(van, mini-van, panel, pickup, sport utility) with only four tires / V2:Light truck(van, mini-van, panel, pickup, sport utility) with only four tires",Wet,Dark - lighted roadway,"Fog, smog, smoke/Rain",,20 CUSHING AVENUE,,,,,235913.9506,896262.8783
3113838,BOSTON,23-May-2012,10:00 AM,Not Reported,2,0,0,Rear-end,V1: Slowing or stopped in traffic / V2:Slowing or stopped in traffic,V1:Northbound / V2:Northbound ,V1: Collision with motor vehicle in traffic / V2: Collision with motor vehicle in traffic ,V1: Passenger car / V2:Passenger car,Dry,Daylight,Clear,,FENWAY / 59,,,,,233657.2298,899169.4955
3129632,BOSTON,23-May-2012,10:00 AM,Property damage only (none injured),1,0,0,Single vehicle crash,V1: Backing,V1:Not reported ,V1: Collision with light pole or other post/support ,V1: Single-unit truck (3-or-more axles),Dry,Daylight,Cloudy,,550 MEDFORD STREET,,,,,235356.3555,903771.2716
3118493,BOSTON,23-May-2012,12:30 PM,Not Reported,1,0,0,Single vehicle crash,V1: Travelling straight ahead,V1:Northbound ,V1: Collision with median barrier ,V1: Passenger car,Dry,Daylight,Clear,,Rte 93 N,,Exit 12 on Rte 93 N,,,237641.3431,892708.5028
3206030,BOSTON,23-May-2012,1:50 PM,Not Reported,1,0,0,Not reported,V1: Not reported,V1:Not reported ,V1: Not reported ,V1: Not reported,Not reported,Not reported,Not Reported,WASHINGTON STREET / ESSEX STREET,,,,,,236037.3847,900303.7872
3243880,BOSTON,23-May-2012,2:08 PM,Non-fatal injury,2,1,0,"Sideswipe, opposite direction",V1: Travelling straight ahead / V2:Travelling straight ahead,V1:Northbound / V2:Southbound ,V1: Collision with motor vehicle in traffic / V2: Collision with motor vehicle in traffic ,"V1: Light truck(van, mini-van, panel, pickup, sport utility) with only four tires / V2:Passenger car",Dry,Daylight,Clear,,11 BRECK AVENUE,,,,,227370.3656,899995.7162
3206130,BOSTON,23-May-2012,2:10 PM,Non-fatal injury,2,2,0,Angle,V1: Turning left / V2:Travelling straight ahead,V1:Southbound / V2:Eastbound ,V1: Collision with motor vehicle in traffic / V2: Collision with motor vehicle in traffic ,V1: Passenger car / V2:Passenger car,Dry,Daylight,Clear/Clear,CAMBRIDGE STREET / GROVE STREET,,,,,,235525.25,901265.375
3116373,BOSTON,23-May-2012,4:02 PM,Not Reported,2,0,0,Angle,V1: Changing lanes / V2:Travelling straight ahead,V1:Southbound / V2:Southbound ,V1: Collision with motor vehicle in traffic / V2: Collision with motor vehicle in traffic ,V1: Passenger car / V2:Passenger car,Dry,Daylight,Clear,,0 feet S from Intersection MORTON STREET Rte 203 N / GALLIVAN BOULEVARD,,,,,234631.4265,892127.267
3121052,BOSTON,23-May-2012,4:57 PM,Not Reported,3,0,0,Rear-end,V1: Slowing or stopped in traffic / V2:Slowing or stopped in traffic / V3:Travelling straight ahead,V1:Eastbound / V2:Eastbound / V3:Eastbound ,V1: Collision with motor vehicle in traffic / V2: Collision with motor vehicle in traffic / V3: Collision with motor vehicle in traffic ,"V1: Light truck(van, mini-van, panel, pickup, sport utility) with only four tires / V2:Passenger car / V3:Light truck(van, mini-van, panel, pickup, sport utility) with only four tires",Dry,Daylight,Clear,JAMAICAWAY / ELIOT STREET,,,,,,231358.6406,895992.0627
3242246,BOSTON,23-May-2012,5:43 PM,Non-fatal injury,2,1,0,"Sideswipe, same direction",V1: Travelling straight ahead / V2:Parked,V1:Northbound / V2:Eastbound ,V1: Collision with motor vehicle in traffic / V2: Collision with motor vehicle in traffic ,"V1: Bus (seats for more than 15 people, including driver) / V2:Passenger car",Dry,Daylight,Clear/Clear,WASHINGTON STREET / BASILE STREET,,,,,,230729.6051,893028.6057
3116467,BOSTON (DORCHESTER),23-May-2012,5:46 PM,Non-fatal injury,3,1,0,Not reported,V1: Travelling straight ahead / V2:Travelling straight ahead / V3:Slowing or stopped in traffic,V1:Westbound / V2:Westbound / V3:Northbound ,V1: Collision with motor vehicle in traffic / V2: Collision with motor vehicle in traffic / V3: Collision with motor vehicle in traffic ,"V1: Passenger car / V2:Passenger car / V3:Single-unit truck (2-axle, 6-tire)",Not reported,Not reported,Not Reported,QUINCY STREET / MOUNT EVERETT STREET,,,,,,235485.4533,895710.9373
3215131,BOSTON,23-May-2012,10:34 PM,Non-fatal injury,2,1,0,Angle,V1: Travelling straight ahead / V2:Travelling straight ahead,V1:Southbound / V2:Not reported ,V1: Collision with motor vehicle in traffic / V2: Collision with motor vehicle in traffic ,V1: Passenger car / V2:Passenger car,Dry,Dark - lighted roadway,Cloudy,HARRISON AVENUE / HERALD STREET,,,,,,235986.6332,899631.092
3118071,BOSTON,24-May-2012,7:43 AM,Not Reported,3,0,0,Rear-end,V1: Travelling straight ahead / V2:Slowing or stopped in traffic / V3:Slowing or stopped in traffic,V1:Northbound / V2:Northbound / V3:Northbound ,V1: Collision with motor vehicle in traffic / V2: Collision with motor vehicle in traffic / V3: Collision with motor vehicle in traffic ,"V1: Light truck(van, mini-van, panel, pickup, sport utility) with only four tires / V2:Light truck(van, mini-van, panel, pickup, sport utility) with only four tires / V3:Passenger car",Dry,Daylight,Clear,,MORTON STREET,,,AT AMERICAN LEGION,,,
3215130,BOSTON,24-May-2012,9:46 AM,Property damage only (none injured),2,0,0,Angle,V1: Travelling straight ahead / V2:Turning left,V1:Eastbound / V2:Northbound ,V1: Collision with motor vehicle in traffic / V2: Collision with motor vehicle in traffic ,V1: Passenger car / V2:Passenger car,Dry,Daylight,Clear/Clear,,414 TREMONT STREET,,,,,235519.598,899692.7141
3215133,BOSTON,24-May-2012,12:41 PM,Not Reported,3,0,0,Not reported,V1: Not reported / V2:Not reported / V3:Not reported,V1:Not reported / V2:Not reported / V3:Not reported ,V1: Not reported / V2: Not reported / V3: Not reported ,V1: Not reported / V2:Not reported / V3:Not reported,Not reported,Not reported,Not Reported,GLOUCESTER STREET / PUBLIC ALLEY 427,,,,,,234198.1429,900112.0304
3380399,BOSTON,24-May-2012,2:34 PM,Property damage only (none injured),2,0,0,Rear-end,V1: Travelling straight ahead / V2:Travelling straight ahead,V1:Southbound / V2:Southbound ,V1: Collision with motor vehicle in traffic / V2: Collision with motor vehicle in traffic ,"V1: Light truck(van, mini-van, panel, pickup, sport utility) with only four tires / V2:Passenger car",Dry,Daylight,Clear,,Rte 93 S,,,,,,