Crash Number,City/Town Name,Crash Date,Crash Time,Crash Severity,Number of Vehicles,Total Nonfatal Injuries,Total Fatal Injuries,Manner of Collision,Vehicle Action Prior to Crash,Vehicle Travel Directions,Most Harmful Events,Vehicle Configuration,Road Surface Condition,Ambient Light,Weather Condition,At Roadway Intersection,Distance from Nearest Roadway Intersection,Distance from Nearest Milemarker,Distance from Nearest Exit,Distance from Nearest Landmark,Non Motorist Type,X Coordinate,Y Coordinate
3120207,BOSTON,24-May-2012,4:10 PM,Not Reported,2,0,0,Rear-end,V1: Slowing or stopped in traffic / V2:Travelling straight ahead,V1:Westbound / V2:Westbound ,V1: Collision with motor vehicle in traffic / V2: Collision with motor vehicle in traffic ,"V1: Passenger car / V2:Light truck(van, mini-van, panel, pickup, sport utility) with only four tires",Dry,Daylight,Not Reported,,NORTH BEACON STREET / BROOKS STREET,,,,,227994.0736,900990.3301
3113852,BOSTON,24-May-2012,6:17 PM,Not Reported,2,0,0,Rear-end,V1: Slowing or stopped in traffic / V2:Travelling straight ahead,V1:Eastbound / V2:Eastbound ,V1: Collision with motor vehicle in traffic / V2: Collision with motor vehicle in traffic ,V1: Passenger car / V2:Passenger car,Dry,Daylight,Clear,,NEPONSET AVENUE / GALLIVAN BOULEVARD,,,,,237735.2263,892889.9254
3222730,BOSTON,24-May-2012,7:40 PM,Property damage only (none injured),2,0,0,Single vehicle crash,V1: Turning right / V2:Not reported,V1:Westbound / V2:Not reported ,V1: Not reported / V2: Not reported ,V1: Passenger car / V2:Passenger car,Dry,Dusk,Clear/Clear,,WEST SEVENTH STREET / DALESSIO COURT,,,,,,
3116443,BOSTON,24-May-2012,10:16 PM,Not Reported,2,0,0,Angle,V1: Turning left / V2:Travelling straight ahead,V1:Northbound / V2:Southbound ,V1: Collision with motor vehicle in traffic / V2: Collision with motor vehicle in traffic ,"V1: Light truck(van, mini-van, panel, pickup, sport utility) with only four tires / V2:Passenger car",Dry,Dark - lighted roadway,Clear,,MORTON STREET Rte 203 / HARVARD STREET,,,,,233493.5311,893100.9999
3120219,BOSTON,24-May-2012,10:41 PM,Not Reported,2,0,0,Rear-end,V1: Slowing or stopped in traffic / V2:Travelling straight ahead,V1:Southbound / V2:Southbound ,V1: Collision with motor vehicle in traffic / V2: Collision with motor vehicle in traffic ,V1: Passenger car / V2:Passenger car,Dry,Dark - lighted roadway,Not Reported,,Rte 93 S,,Exit 12 on Rte 93 S,,,237620.5493,892713.0989
3128712,BOSTON,25-May-2012,1:30 AM,Not Reported,1,0,0,Single vehicle crash,V1: Travelling straight ahead,V1:Westbound ,V1: Collision with curb ,V1: Passenger car,Dry,Dark - lighted roadway,Clear,,MORTON STREET / CEMETERY ROAD,,,,,232598.4532,894496.6249
3245002,BOSTON (HYDE PARK),25-May-2012,1:00 PM,Not Reported,2,0,0,Angle,V1: Not reported / V2:Not reported,V1:Not reported / V2:Not reported ,V1: Not reported / V2: Not reported ,"V1: Passenger car / V2:Light truck(van, mini-van, panel, pickup, sport utility) with only four tires",Dry,Daylight,Clear,HYDE PARK AVENUE / WINTHROP STREET,,,,,,231030.7655,889635.6252
3380319,BOSTON,25-May-2012,1:50 PM,Property damage only (none injured),2,0,0,"Sideswipe, same direction",V1: Not reported / V2:Travelling straight ahead,V1:Northbound / V2:Northbound ,V1: Collision with motor vehicle in traffic / V2: Collision with motor vehicle in traffic ,"V1: Light truck(van, mini-van, panel, pickup, sport utility) with only four tires / V2:Passenger car",Dry,Daylight,Clear,,RAMP - STORROW DRIVE TO LEVERETT CONNECT / STORROW DRIVE Rte 28 N,,,SN TUNNEL,,235648.1718,901866.1129
3205730,BOSTON (CHARLESTOWN),25-May-2012,3:14 PM,Non-fatal injury,1,1,0,Not reported,V1: Slowing or stopped in traffic,V1:Northbound ,V1: Collision with pedestrian ,V1: Passenger car,Not reported,Not reported,Not Reported,RUTHERFORD AVENUE / MAIN STREET,,,,,P2:Pedestrian,,
3153396,BOSTON,25-May-2012,6:09 PM,Property damage only (none injured),2,0,0,Rear-end,V1: Slowing or stopped in traffic / V2:Travelling straight ahead,V1:Westbound / V2:Westbound ,V1: Collision with motor vehicle in traffic / V2: Collision with motor vehicle in traffic ,"V1: Light truck(van, mini-van, panel, pickup, sport utility) with only four tires / V2:Light truck(van, mini-van, panel, pickup, sport utility) with only four tires",Dry,Daylight,Cloudy,,WILLIAM T MORRISSEY BOULEVARD / FREEPORT STREET,,,BEADES BRIDGE,,237277.2371,894926.6839
3116376,BOSTON,25-May-2012,6:39 PM,Not Reported,2,0,0,Rear-end,V1: Slowing or stopped in traffic / V2:Travelling straight ahead,V1:Westbound / V2:Westbound ,V1: Collision with motor vehicle in traffic / V2: Collision with motor vehicle in traffic ,"V1: Passenger car / V2:Light truck(van, mini-van, panel, pickup, sport utility) with only four tires",Dry,Daylight,Clear,,MORTON STREET / NORFOLK STREET,,,,,234066.8436,892435.125
3214936,BOSTON,25-May-2012,7:40 PM,Unknown,3,0,0,Not reported,V1: Travelling straight ahead / V2:Parked / V3:Parked,V1:Eastbound / V2:Not reported / V3:Not reported ,V1: Collision with parked motor vehicle / V2: Collision with unknown movable object / V3: Not reported ,"V1: Light truck(van, mini-van, panel, pickup, sport utility) with only four tires / V2:Light truck(van, mini-van, panel, pickup, sport utility) with only four tires / V3:Passenger car",Not reported,Not reported,Not Reported,,130 DARTMOUTH STREET,,,,,234964.8943,899663.387
3119077,BOSTON,25-May-2012,10:13 PM,Not Reported,2,0,0,"Sideswipe, same direction",V1: Turning left / V2:Turning left,V1:Northbound / V2:Northbound ,V1: Collision with motor vehicle in traffic / V2: Collision with motor vehicle in traffic ,V1: Passenger car / V2:Passenger car,Dry,Dark - lighted roadway,Clear,FRONTAGE ROAD / MASSACHUSETTS AVENUE CONNECTOR,,,,,,235865.0173,898419.1854
3206230,BOSTON,26-May-2012,1:45 PM,Non-fatal injury,2,1,0,Not reported,V1: Travelling straight ahead / V2:Travelling straight ahead,V1:Southbound / V2:Not reported ,V1: Collision with moped / V2: Collision with moped ,V1: Passenger car / V2:MOPED,Not reported,Not reported,Not Reported,NORTH WASHINGTON STREET / VALENTI WAY,,,,,,236378.3828,901734.2267
3292271,BOSTON,26-May-2012,2:47 PM,Property damage only (none injured),2,0,0,Angle,V1: Travelling straight ahead / V2:Parked,V1:Southbound / V2:Not reported ,V1: Collision with parked motor vehicle / V2: Collision with motor vehicle in traffic ,"V1: Light truck(van, mini-van, panel, pickup, sport utility) with only four tires / V2:Light truck(van, mini-van, panel, pickup, sport utility) with only four tires",Dry,Daylight,Clear,,30 ROCKWELL STREET,,,,,235219.1107,892655.5592
3125828,BOSTON,26-May-2012,4:00 PM,Not Reported,4,0,0,Rear-end,V1: Slowing or stopped in traffic / V2:Slowing or stopped in traffic / V3:Slowing or stopped in traffic / V4:Travelling straight ahead,V1:Westbound / V2:Westbound / V3:Westbound / V4:Westbound ,V1: Collision with motor vehicle in traffic / V2: Collision with motor vehicle in traffic / V3: Collision with motor vehicle in traffic / V4: Collision with motor vehicle in traffic ,"V1: Light truck(van, mini-van, panel, pickup, sport utility) with only four tires / V2:Passenger car / V3:Passenger car / V4:Passenger car",Dry,Daylight,Clear,,STORROW DRIVE Rte 28 S / CHARLES STREET Rte 3A N,,,BY LONGFELLOW BRIDGE,,235391.1012,901565.9849
3114344,BOSTON,26-May-2012,4:55 PM,Not Reported,2,0,0,Angle,V1: Travelling straight ahead / V2:Turning left,V1:Northbound / V2:Eastbound ,V1: Collision with motor vehicle in traffic / V2: Collision with motor vehicle in traffic ,V1: Passenger car / V2:Passenger car,Dry,Daylight,Clear,WESTERN AVENUE / RAMP-WESTERN AV TO SOLDIERS FIELD RD EB,,,,1440 SOLDIERS FIELD RD RAMP EB,,229180.0376,901281.697
3119135,BOSTON,26-May-2012,6:23 PM,Not Reported,3,0,0,Rear-end,V1: Slowing or stopped in traffic / V2:Slowing or stopped in traffic / V3:Travelling straight ahead,V1:Southbound / V2:Southbound / V3:Southbound ,V1: Collision with motor vehicle in traffic / V2: Collision with motor vehicle in traffic / V3: Collision with motor vehicle in traffic ,"V1: Passenger car / V2:Light truck(van, mini-van, panel, pickup, sport utility) with only four tires / V3:Passenger car",Dry,Daylight,Clear,,Rte 93 S,,Exit 26 on Rte 93 S,LEVERETT CONN S/B,,234851.4113,903728.5151
3125374,BOSTON,26-May-2012,9:10 PM,Not Reported,2,0,0,Angle,V1: Travelling straight ahead / V2:Travelling straight ahead,V1:Southbound / V2:Westbound ,V1: Collision with motor vehicle in traffic / V2: Collision with motor vehicle in traffic ,V1: Passenger car / V2:Passenger car,Dry,Dark - lighted roadway,Clear,BEACON STREET / CHARLESGATE WEST,,,,,,233543.9754,900022.1832
3120221,BOSTON,26-May-2012,9:40 PM,Not Reported,2,0,0,Single vehicle crash,V1: Travelling straight ahead / V2:Parked,V1:Eastbound / V2:Not reported ,V1: Collision with parked motor vehicle / V2: Collision with motor vehicle in traffic ,V1: Passenger car / V2:Passenger car,Dry,Dark - lighted roadway,Clear,,GALLIVAN BOULEVARD / 101,,,,,235162.0352,892042.9129
3119078,BOSTON,26-May-2012,10:54 PM,Not Reported,2,0,0,Rear-end,V1: Slowing or stopped in traffic / V2:Slowing or stopped in traffic,V1:Westbound / V2:Westbound ,V1: Collision with motor vehicle in traffic / V2: Collision with motor vehicle in traffic ,"V1: Light truck(van, mini-van, panel, pickup, sport utility) with only four tires / V2:Passenger car",Dry,Dark - lighted roadway,Clear,,MASSACHUSETTS TURNPIKE Rte 90 W,,,AT TOLL PLAZA,,231207.6456,900836.5666
3380400,BOSTON,27-May-2012,4:37 AM,Property damage only (none injured),1,0,0,Single vehicle crash,V1: Turning right,V1:Westbound ,V1: Collision with median barrier ,V1: Passenger car,Dry,Dark - lighted roadway,Clear,,RAMP - RT 90 WB TO SOUTH STATION BUS TER / SOUTH STATION BUS TERMINAL CONNECTOR,,,RAMP D,,236342.8119,899844.7319
3113854,BOSTON,27-May-2012,5:50 AM,Not Reported,7,0,0,"Sideswipe, same direction",V1: Travelling straight ahead / V2:Parked / V3:Parked / V4:Parked / V5:Parked / V6:Parked / V7:Parked,V1:Southbound / V2:Not reported / V3:Not reported / V4:Not reported / V5:Not reported / V6:Not reported / V7:Not reported ,V1: Collision with parked motor vehicle / V2: Collision with motor vehicle in traffic / V3: Collision with motor vehicle in traffic / V4: Collision with motor vehicle in traffic / V5: Collision with motor vehicle in traffic / V6: Collision with motor vehicle in traffic / V7: Collision with motor vehicle in traffic ,"V1: Light truck(van, mini-van, panel, pickup, sport utility) with only four tires / V2:Passenger car / V3:Passenger car / V4:Passenger car / V5:Light truck(van, mini-van, panel, pickup, sport utility) with only four tires / V6:Passenger car / V7:Passenger car",Dry,Daylight,Clear,,OLD COLONY AVENUE / COLUMBIA ROAD,,,TERMINATED IN KOSCIUSZKO CIRCLE,,236891.1332,897204.2602
3659394,BOSTON,27-May-2012,5:52 PM,Fatal injury,2,0,1,Not reported,V1: Not reported / V2:Not reported,V1:Not reported / V2:Not reported ,V1: Not reported / V2: Not reported ,V1: Motorcycle / V2:Passenger car,Not reported,Daylight,Clear,,20 MARLBOROUGH STREET,,,,,235134.2777,900505.2355
3149633,BOSTON (DORCHESTER),27-May-2012,9:40 PM,Property damage only (none injured),1,0,0,Rear-end,V1: Travelling straight ahead,V1:Northbound ,V1: Collision with other movable object ,"V1: Bus (seats for more than 15 people, including driver)",Dry,Dark - lighted roadway,Cloudy/Cloudy,,1906 DORCHESTER AVENUE,,,,,235927.4205,892859.7927
3119079,BOSTON,28-May-2012,10:34 AM,Not Reported,1,0,0,Single vehicle crash,V1: Travelling straight ahead,V1:Northbound ,V1: Collision with motor vehicle in traffic ,"V1: Light truck(van, mini-van, panel, pickup, sport utility) with only four tires",Dry,Daylight,Clear,,Rte 93 N,,Exit 23 on Rte 93 N,,,236957.4837,900943.9828
3117957,BOSTON,28-May-2012,1:26 PM,Not Reported,2,0,0,"Sideswipe, same direction",V1: Slowing or stopped in traffic / V2:Changing lanes,V1:Westbound / V2:Westbound ,V1: Collision with motor vehicle in traffic / V2: Collision with motor vehicle in traffic ,"V1: Passenger car / V2:Light truck(van, mini-van, panel, pickup, sport utility) with only four tires",Dry,Daylight,Clear,,CHARLESGATE OVERPASS / BOYLSTON STREET,,,BOWKER OVERPASS,,233594.0367,899755.783
3254795,BOSTON (DORCHESTER),28-May-2012,1:47 PM,Non-fatal injury,1,3,0,Single vehicle crash,V1: Not reported,V1:Not reported ,V1: Not reported ,"V1: Light truck(van, mini-van, panel, pickup, sport utility) with only four tires",Dry,Daylight,Clear/Clear,,8 BAILEY STREET / WASHINGTON STREET,,,,P2:Pedestrian / P3:Pedestrian,235351.872,892598.2707
3206330,BOSTON,28-May-2012,1:50 PM,Non-fatal injury,1,1,0,Single vehicle crash,V1: Backing,V1:Southbound ,V1: Collision with pedestrian ,V1: Passenger car,Dry,Daylight,Clear/Clear,,17 UNION STREET,,,,P2:Pedestrian,236503.6987,901234.624
3380320,BOSTON,28-May-2012,2:25 PM,Non-fatal injury,1,1,0,Single vehicle crash,V1: Travelling straight ahead,V1:Southbound ,V1: Collision with median barrier ,V1: Passenger car,Dry,Daylight,Clear,JOHN F FITZGERALD EXPRESSWAY Rte 93 S / RAMP-ALBANY STREET TO RTE I93 SB,,,,,,236013.2782,899092.9984
3248977,BOSTON (ROXBURY),28-May-2012,3:30 PM,Non-fatal injury,2,1,0,Not reported,V1: Slowing or stopped in traffic / V2:Not reported,V1:Not reported / V2:Not reported ,V1: Collision with motor vehicle in traffic / V2: Not reported ,"V1: Passenger car / V2:Light truck(van, mini-van, panel, pickup, sport utility) with only four tires",Not reported,Not reported,Not Reported,SEAVER STREET / HUMBOLDT AVENUE,,,,,,233630.8751,895576.3126
3118069,BOSTON,29-May-2012,8:52 AM,Not Reported,2,0,0,Angle,V1: Travelling straight ahead / V2:Turning left,V1:Eastbound / V2:Westbound ,V1: Collision with motor vehicle in traffic / V2: Collision with motor vehicle in traffic ,"V1: Passenger car / V2:Light truck(van, mini-van, panel, pickup, sport utility) with only four tires",Dry,Daylight,Cloudy,,BIRMINGHAM PARKWAY / NORTH BEACON STREET,,,BIRMINGHAM PKWAY @ N BEACON ST,,228439.0628,900920.8752
3195690,BOSTON,29-May-2012,10:10 AM,Not Reported,1,0,0,Single vehicle crash,V1: Turning left,V1:Southbound ,V1: Collision with light pole or other post/support ,V1: Tractor/semi-trailer,Dry,Daylight,Clear,UNNAMED ROAD / WILLIAM T MORRISSEY BOULEVARD / MOUNT VERNON STREET,,,,JFK UMASS T STATION,,236975.406,896827.0625
3121347,BOSTON,29-May-2012,10:54 AM,Not Reported,2,0,0,Rear-end,V1: Travelling straight ahead / V2:Slowing or stopped in traffic,V1:Northbound / V2:Northbound ,V1: Collision with motor vehicle in traffic / V2: Collision with motor vehicle in traffic ,"V1: Passenger car / V2:Bus (seats for 7-15 people, including driver)",Dry,Daylight,Clear,,JAMAICAWAY / BYNNER STREET,,,,,231761.9221,897172.3749
3346727,BOSTON (JAMAICA PLAIN),29-May-2012,1:00 PM,Not Reported,1,0,0,Not reported,V1: Not reported,V1:Not reported ,V1: Not reported ,V1: Passenger car,Not reported,Not reported,Not Reported,PERKINS STREET / CENTRE STREET,,,,,,232144.3317,896891.1869
3121348,BOSTON,29-May-2012,1:15 PM,Not Reported,2,0,0,"Sideswipe, opposite direction",V1: Travelling straight ahead / V2:Travelling straight ahead,V1:Westbound / V2:Eastbound ,V1: Collision with motor vehicle in traffic / V2: Collision with motor vehicle in traffic ,"V1: Single-unit truck (2-axle, 6-tire) / V2:Light truck(van, mini-van, panel, pickup, sport utility) with only four tires",Dry,Daylight,Not Reported,,JAMAICAWAY / PERKINS STREET,,,,,231606.1562,896796.9999
3115760,BOSTON,29-May-2012,1:30 PM,Not Reported,2,0,0,Rear-end,V1: Slowing or stopped in traffic / V2:Travelling straight ahead,V1:Southbound / V2:Southbound ,V1: Collision with motor vehicle in traffic / V2: Collision with motor vehicle in traffic ,"V1: Light truck(van, mini-van, panel, pickup, sport utility) with only four tires / V2:Passenger car",Dry,Daylight,Cloudy,,Rte 93 S,,Exit 15 on Rte 93 S,SOUTH OF SOUTH BAY PLAZA,,236629.6253,897168.5001
3116445,BOSTON,29-May-2012,3:33 PM,Not Reported,2,0,0,"Sideswipe, same direction",V1: Entering traffic lane / V2:Turning left,V1:Northbound / V2:Eastbound ,V1: Collision with motor vehicle in traffic / V2: Collision with motor vehicle in traffic ,"V1: Light truck(van, mini-van, panel, pickup, sport utility) with only four tires / V2:Light truck(van, mini-van, panel, pickup, sport utility) with only four tires",Dry,Daylight,Clear,,VETERANS OF FOREIGN WARS PARKWAY / WEST ROXBURY VFW PARKWAY ROTARY,,,,,229244.3438,894033.7502
3389257,BOSTON,29-May-2012,4:20 PM,Property damage only (none injured),2,0,0,Angle,V1: Turning left / V2:Slowing or stopped in traffic,V1:Southbound / V2:Southbound ,V1: Collision with motor vehicle in traffic / V2: Collision with motor vehicle in traffic ,"V1: Bus (seats for more than 15 people, including driver) / V2:Light truck(van, mini-van, panel, pickup, sport utility) with only four tires",Dry,Daylight,Clear,,LEVERETT CIRCLE / STORROW DRIVE Rte 28 S,,,LEVERETT CIR,,235573.499,901874.1177
3211134,BOSTON,29-May-2012,6:00 PM,Non-fatal injury,2,1,0,"Sideswipe, same direction",V1: Travelling straight ahead / V2:Not reported,V1:Southbound / V2:Not reported ,V1: Unknown / V2: Not reported ,V1: Not reported / V2:Not reported,Dry,Dusk,Clear,NORTH WASHINGTON STREET / CAUSEWAY STREET,,,,,,236364.2014,901913.9699
3381421,BOSTON,29-May-2012,6:21 PM,Property damage only (none injured),2,0,0,Rear-end,V1: Changing lanes / V2:Travelling straight ahead,V1:Southbound / V2:Southbound ,V1: Collision with motor vehicle in traffic / V2: Collision with motor vehicle in traffic ,"V1: Light truck(van, mini-van, panel, pickup, sport utility) with only four tires / V2:Light truck(van, mini-van, panel, pickup, sport utility) with only four tires",Dry,Daylight,Clear,CHARLESGATE OVERPASS / CHARLESGATE OVERPASS,,,,STORROW DR AT KENMORE SQ,,233540.3991,900175.6895
3246192,BOSTON,29-May-2012,6:55 PM,Non-fatal injury,1,1,0,"Sideswipe, same direction",V1: Parked,V1:Southbound ,"V1: Collision with cyclist (bicycle, tricycle, unicycle, pedal car) ",V1: Passenger car,Not reported,Daylight,Clear,,393 MASSACHUSETTS AVENUE,,,,"P2:Pedalcyclist (bicycle, tricycle, unicycle, pedal car)",234347.1128,899087.0955
3205930,BOSTON (CHARLESTOWN),29-May-2012,7:59 PM,Non-fatal injury,1,1,0,"Sideswipe, same direction",V1: Not reported,V1:Not reported ,V1: Not reported ,V1: Not reported,Dry,Dusk,Clear/Clear,SPICE STREET / CAMBRIDGE STREET,,,,,,234965.6535,903759.4237
3119080,BOSTON,29-May-2012,9:00 PM,Not Reported,1,0,0,Single vehicle crash,V1: Travelling straight ahead,V1:Northbound ,V1: Collision with median barrier ,"V1: Light truck(van, mini-van, panel, pickup, sport utility) with only four tires",Dry,Dark - lighted roadway,Clear,,Rte 93 N,,Exit 27 on Rte 93 N,,,235655.07,902467.5364
3118074,BOSTON,29-May-2012,11:10 PM,Not Reported,3,0,0,Rear-end,V1: Slowing or stopped in traffic / V2:Slowing or stopped in traffic / V3:Slowing or stopped in traffic,V1:Eastbound / V2:Eastbound / V3:Eastbound ,V1: Collision with motor vehicle in traffic / V2: Collision with motor vehicle in traffic / V3: Collision with motor vehicle in traffic ,"V1: Light truck(van, mini-van, panel, pickup, sport utility) with only four tires / V2:Light truck(van, mini-van, panel, pickup, sport utility) with only four tires / V3:Passenger car",Wet,Dark - lighted roadway,Cloudy,,MORTON STREET / EVANS STREET,,,,,234273.0086,892342.2902
3125829,BOSTON,29-May-2012,11:35 PM,Not Reported,1,0,0,Single vehicle crash,V1: Travelling straight ahead,V1:Westbound ,V1: Collision with motor vehicle in traffic ,V1: Passenger car,Wet,Dark - lighted roadway,Rain,,STORROW DRIVE Rte 28 S / RAMP - RT 3 TO RT 28 SB,,,LONGFELLOW BRIDGE,,235293.5266,901468.9687
3119277,BOSTON,30-May-2012,7:10 AM,Not Reported,3,0,0,Single vehicle crash,V1: Travelling straight ahead / V2:Travelling straight ahead / V3:Travelling straight ahead,V1:Westbound / V2:Eastbound / V3:Eastbound ,V1: Collision with overhead sign support / V2: Reported but invalid / V3: Reported but invalid ,"V1: Single-unit truck (2-axle, 6-tire) / V2:Passenger car / V3:Light truck(van, mini-van, panel, pickup, sport utility) with only four tires",Dry,Daylight,Clear,,SOLDIERS FIELD ROAD / UNIVERSITY ROAD,,,CSX RAILROAD BRIDGE,,232028.5761,900233.5068
3153397,BOSTON,30-May-2012,7:19 AM,Property damage only (none injured),5,0,0,Rear-end,V1: Slowing or stopped in traffic / V2:Slowing or stopped in traffic / V3:Slowing or stopped in traffic / V4:Slowing or stopped in traffic / V5:Slowing or stopped in traffic,V1:Southbound / V2:Southbound / V3:Southbound / V4:Southbound / V5:Southbound ,V1: Collision with motor vehicle in traffic / V2: Collision with motor vehicle in traffic / V3: Collision with motor vehicle in traffic / V4: Collision with motor vehicle in traffic / V5: Collision with motor vehicle in traffic ,"V1: Passenger car / V2:Passenger car / V3:Passenger car / V4:Light truck(van, mini-van, panel, pickup, sport utility) with only four tires / V5:Passenger car",Dry,Daylight,Clear,,Rte 93 S,,Exit 13 on Rte 93,,,237399.8866,894072.472
3131649,BOSTON,30-May-2012,8:10 AM,Not Reported,2,0,0,"Sideswipe, same direction",V1: Travelling straight ahead / V2:Not reported,V1:Northbound / V2:Not reported ,V1: Collision with motor vehicle in traffic / V2: Not reported ,V1: Passenger car / V2:Passenger car,Dry,Daylight,Clear,,GALLIVAN BOULEVARD Rte 3A / NEPONSET AVENUE,,,,,237735.2263,892889.9254
3118494,BOSTON,30-May-2012,8:19 AM,Not Reported,2,0,0,Angle,V1: Turning left / V2:Travelling straight ahead,V1:Southbound / V2:Eastbound ,V1: Collision with motor vehicle in traffic / V2: Collision with motor vehicle in traffic ,V1: Passenger car / V2:Passenger car,Dry,Daylight,Clear,,COLUMBIA ROAD / BUTTONWOOD STREET,,,,,236609.5872,896844.6625
3222734,BOSTON,30-May-2012,11:00 AM,Non-fatal injury,3,1,0,Angle,V1: Turning left / V2:Travelling straight ahead / V3:Parked,V1:Not reported / V2:Not reported / V3:Not reported ,V1: Collision with motor vehicle in traffic / V2: Collision with motor vehicle in traffic / V3: Collision with motor vehicle in traffic ,V1: Passenger car / V2:Passenger car / V3:Passenger car,Dry,Daylight,Cloudy,,380 LA GRANGE STREET,,,,,228267.6488,892256.1138
3117964,BOSTON,30-May-2012,12:00 PM,Non-fatal injury,1,1,0,"Sideswipe, same direction",V1: Travelling straight ahead,V1:Southbound ,"V1: Collision with cyclist (bicycle, tricycle, unicycle, pedal car) ","V1: Light truck(van, mini-van, panel, pickup, sport utility) with only four tires",Dry,Daylight,Clear,,NEPONSET VALLEY PARKWAY / TRUMAN HIGHWAY,,,,"P1:Pedalcyclist (bicycle, tricycle, unicycle, pedal car)",230941.0155,887276.4376
3119136,BOSTON,30-May-2012,1:58 PM,Non-fatal injury,1,1,0,Single vehicle crash,V1: Travelling straight ahead,V1:Northbound ,V1: Collision with motor vehicle in traffic ,V1: Passenger car,Dry,Daylight,Clear,,Rte 93 N,,,,,236500.4396,899986.0307
3120222,BOSTON,30-May-2012,2:30 PM,Not Reported,3,0,0,Rear-end,V1: Travelling straight ahead / V2:Parked / V3:Parked,V1:Eastbound / V2:Not reported / V3:Not reported ,V1: Collision with parked motor vehicle / V2: Collision with motor vehicle in traffic / V3: Collision with parked motor vehicle ,V1: Passenger car / V2:Passenger car / V3:Passenger car,Dry,Daylight,Not Reported,,WILLIAM DAY BOULEVARD / FARRAGUT ROAD,,,,,239146.713,898167.8717
3118664,BOSTON,30-May-2012,2:40 PM,Not Reported,2,0,0,Single vehicle crash,V1: Turning left / V2:Travelling straight ahead,V1:Westbound / V2:Westbound ,V1: Collision with utility pole / V2: Collision with other movable object ,V1: Tractor/semi-trailer / V2:Passenger car,Dry,Daylight,Cloudy,NORTH HARVARD STREET / SOLDIERS FIELD ROAD,,,,,,230992.2801,902048.053
3222633,BOSTON (SOUTH BOSTON),30-May-2012,3:45 PM,Not Reported,1,0,0,Angle,V1: Not reported,V1:Not reported ,V1: Not reported ,V1: Passenger car,Not reported,Dusk,Clear/Clear,,396 WEST BROADWAY,,,,"P2:Pedalcyclist (bicycle, tricycle, unicycle, pedal car)",237217.5932,898622.7383
3246206,BOSTON,30-May-2012,4:26 PM,Non-fatal injury,2,2,0,Not reported,V1: Turning left / V2:Travelling straight ahead,V1:Southbound / V2:Northbound ,V1: Collision with motor vehicle in traffic / V2: Collision with motor vehicle in traffic ,V1: Passenger car / V2:Passenger car,Not reported,Not reported,Not Reported,MASSACHUSETTS AVENUE / SAINT BOTOLPH STREET,,,,,,234271.4844,899161.0626
3119137,BOSTON,30-May-2012,4:55 PM,Not Reported,3,0,0,Rear-end,V1: Slowing or stopped in traffic / V2:Slowing or stopped in traffic / V3:Travelling straight ahead,V1:Northbound / V2:Northbound / V3:Northbound ,V1: Collision with motor vehicle in traffic / V2: Collision with motor vehicle in traffic / V3: Collision with motor vehicle in traffic ,"V1: Light truck(van, mini-van, panel, pickup, sport utility) with only four tires / V2:Passenger car / V3:Passenger car",Dry,Daylight,Clear,,LEVERETT CONNECTOR NORTH / INTERSTATE 93,,,,,,
3380321,BOSTON,30-May-2012,6:20 PM,Non-fatal injury,2,1,0,Rear-end,V1: Slowing or stopped in traffic / V2:Travelling straight ahead,V1:Southbound / V2:Southbound ,V1: Collision with motor vehicle in traffic / V2: Collision with motor vehicle in traffic ,"V1: Light truck(van, mini-van, panel, pickup, sport utility) with only four tires / V2:Light truck(van, mini-van, panel, pickup, sport utility) with only four tires",Dry,Daylight,Clear,RAMP - ALBANY STREET TO RT 93 SB / JOHN F FITZGERALD EXPRESSWAY Rte 93 S,,,,AT ALBANY STREET ONRAMP,,236013.2782,899092.9984
3119272,BOSTON,31-May-2012,7:42 AM,Not Reported,2,0,0,Rear-end,V1: Slowing or stopped in traffic / V2:Slowing or stopped in traffic,V1:Northbound / V2:Southbound ,V1: Collision with motor vehicle in traffic / V2: Collision with motor vehicle in traffic ,"V1: Single-unit truck (2-axle, 6-tire) / V2:Single-unit truck (2-axle, 6-tire)",Dry,Daylight,Clear,,Rte 93 N,,Exit 28 on Rte 93,EXIT RAMP,,234953.5188,903173.3157
3150254,BOSTON,31-May-2012,8:55 AM,Not Reported,3,0,0,Rear-end,V1: Slowing or stopped in traffic / V2:Slowing or stopped in traffic / V3:Slowing or stopped in traffic,V1:Eastbound / V2:Eastbound / V3:Eastbound ,V1: Collision with motor vehicle in traffic / V2: Collision with motor vehicle in traffic / V3: Collision with motor vehicle in traffic ,"V1: Passenger car / V2:Light truck(van, mini-van, panel, pickup, sport utility) with only four tires / V3:Light truck(van, mini-van, panel, pickup, sport utility) with only four tires",Dry,Daylight,Clear,,Rte 90 E,,,,,230556.5222,900720.3977
3130586,BOSTON,31-May-2012,11:20 AM,Not Reported,2,0,0,Rear-end,V1: Slowing or stopped in traffic / V2:Slowing or stopped in traffic,V1:Southbound / V2:Southbound ,V1: Collision with motor vehicle in traffic / V2: Collision with motor vehicle in traffic ,V1: Passenger car / V2:Passenger car,Dry,Daylight,Clear,,Rte 93 S,,Exit 15 on Rte 93 S,,,236629.6253,897168.5001