Crash Number,City/Town Name,Crash Date,Crash Time,Crash Severity,Number of Vehicles,Total Nonfatal Injuries,Total Fatal Injuries,Manner of Collision,Vehicle Action Prior to Crash,Vehicle Travel Directions,Most Harmful Events,Vehicle Configuration,Road Surface Condition,Ambient Light,Weather Condition,At Roadway Intersection,Distance from Nearest Roadway Intersection,Distance from Nearest Milemarker,Distance from Nearest Exit,Distance from Nearest Landmark,Non Motorist Type,X Coordinate,Y Coordinate
3567744,BOSTON (DORCHESTER),31-May-2012,1:47 PM,Property damage only (none injured),2,0,0,Angle,V1: Travelling straight ahead / V2:Turning left,V1:Not reported / V2:Not reported ,V1: Collision with motor vehicle in traffic / V2: Not reported ,"V1: Light truck(van, mini-van, panel, pickup, sport utility) with only four tires / V2:Light truck(van, mini-van, panel, pickup, sport utility) with only four tires",Dry,Daylight,Clear,NEPONSET AVENUE / ASHMONT STREET,,,,,,237242.0623,893385.3125
3380401,BOSTON,31-May-2012,3:05 PM,Property damage only (none injured),2,0,0,Angle,V1: Travelling straight ahead / V2:Travelling straight ahead,V1:Southbound / V2:Southbound ,V1: Collision with motor vehicle in traffic / V2: Collision with motor vehicle in traffic ,V1: Passenger car / V2:Passenger car,Dry,Daylight,Clear,,Rte 93 S,,Exit 24 on Rte 93 S,BETWEEN EXITS 24 AND 23,,236397.1933,901565.6511
3243876,BOSTON,31-May-2012,3:11 PM,Property damage only (none injured),2,0,0,"Sideswipe, same direction",V1: Entering traffic lane / V2:Travelling straight ahead,V1:Not reported / V2:Not reported ,V1: Collision with motor vehicle in traffic / V2: Collision with motor vehicle in traffic ,"V1: Light truck(van, mini-van, panel, pickup, sport utility) with only four tires / V2:Bus (seats for 7-15 people, including driver)",Dry,Daylight,Clear,,544 CAMBRIDGE STREET,,,,,229691.7323,900316.8443
3245277,BOSTON (HYDE PARK),01-Jun-2012,12:30 PM,Non-fatal injury,3,2,0,Not reported,V1: Entering traffic lane / V2:Travelling straight ahead / V3:Travelling straight ahead,V1:Northbound / V2:Northbound / V3:Southbound ,V1: Collision with motor vehicle in traffic / V2: Collision with motor vehicle in traffic / V3: Collision with motor vehicle in traffic ,"V1: Passenger car / V2:Passenger car / V3:Light truck(van, mini-van, panel, pickup, sport utility) with only four tires",Not reported,Not reported,Not Reported,HYDE PARK AVENUE / FACTORY STREET,,,,,,230946.8006,889205.6056
3292268,BOSTON,01-Jun-2012,1:55 PM,Property damage only (none injured),2,0,0,Angle,V1: Turning left / V2:Travelling straight ahead,V1:Westbound / V2:Northbound ,V1: Collision with motor vehicle in traffic / V2: Collision with motor vehicle in traffic ,V1: Passenger car / V2:Passenger car,Dry,Daylight,Clear,ESMOND STREET / BLUE HILL AVENUE,,,,,,234106.8078,894419.5161
3380322,BOSTON,01-Jun-2012,4:20 PM,Property damage only (none injured),2,0,0,Rear-end,V1: Travelling straight ahead / V2:Slowing or stopped in traffic,V1:Northbound / V2:Northbound ,V1: Collision with motor vehicle in traffic / V2: Collision with motor vehicle in traffic ,"V1: Light truck(van, mini-van, panel, pickup, sport utility) with only four tires / V2:Passenger car",Dry,Daylight,Cloudy,,JOHN F FITZGERALD EXPRESSWAY Rte 93 N,,,ZAKIM BRIDGE,,236018.5977,902082.9466
3387545,BOSTON,01-Jun-2012,4:33 PM,Property damage only (none injured),2,0,0,Rear-end,V1: Travelling straight ahead / V2:Travelling straight ahead,V1:Northbound / V2:Northbound ,V1: Collision with motor vehicle in traffic / V2: Collision with motor vehicle in traffic ,V1: Passenger car / V2:Truck/trailer,Dry,Other,Clear,,Rte 93 N / RAMP - SEAPORT BOULEVARD TO RT 93 NB,,,ATLANTIC AVE ON RAMP,,236908.0065,901093.5837
3128704,BOSTON,01-Jun-2012,5:15 PM,Property damage only (none injured),2,0,0,Rear-end,V1: Slowing or stopped in traffic / V2:Slowing or stopped in traffic,V1:Eastbound / V2:Eastbound ,V1: Collision with motor vehicle in traffic / V2: Collision with motor vehicle in traffic ,V1: Passenger car / V2:Passenger car,Dry,Daylight,Clear,,Rte 90 E,,,,,235750.5848,899752.0839
3732869,BOSTON,01-Jun-2012,10:25 PM,Fatal injury,1,0,1,Unknown,V1: Unknown,V1:Not reported ,"V1: Collision with cyclist (bicycle, tricycle, unicycle, pedal car) ","V1: Bus (seats for more than 15 people, including driver)",Unknown,Dark - lighted roadway,Snow,HUNTINGTON AVENUE / FORSYTH STREET,,,,NORTHEASTERN U LAW SCHOOL,"P7:Pedalcyclist (bicycle, tricycle, unicycle, pedal car)",233733.0897,898890.8761
3118499,BOSTON,01-Jun-2012,11:10 PM,Not Reported,1,0,0,Single vehicle crash,V1: Leaving traffic lane,V1:Northbound ,V1: Other ,V1: Passenger car,Dry,Dark - unknown roadway lighting,Clear,,VETERANS OF FOREIGN WARS PARKWAY / BOSTON PROVIDENCE HIGHWAY,,,IN FRONT OF MCDONALD'S,,227384.295,890506.454
3567743,BOSTON (DORCHESTER),02-Jun-2012,00:00 AM,Non-fatal injury,2,3,0,Unknown,V1: Unknown / V2:Unknown,V1:Not reported / V2:Not reported ,V1: Collision with motor vehicle in traffic / V2: Collision with motor vehicle in traffic ,V1: Passenger car / V2:Passenger car,Wet,Daylight,Rain,,100 ADAMS STREET / LINDEN STREET,,,,,236154.1565,895080.4375
3168225,BOSTON,02-Jun-2012,1:23 AM,Non-fatal injury,2,2,0,Head-on,V1: Travelling straight ahead / V2:Travelling straight ahead,V1:Northbound / V2:Southbound ,V1: Collision with motor vehicle in traffic / V2: Collision with motor vehicle in traffic ,V1: Passenger car / V2:Passenger car,Dry,Dark - lighted roadway,Clear,,Rte 93 S,,Exit 23 on Rte 93 S,,,236856.2793,901152.8251
3214155,BOSTON,02-Jun-2012,3:00 AM,Property damage only (none injured),2,0,0,"Sideswipe, same direction",V1: Travelling straight ahead / V2:Changing lanes,V1:Southbound / V2:Southbound ,V1: Collision with motor vehicle in traffic / V2: Collision with motor vehicle in traffic ,V1: Passenger car / V2:Passenger car,Dry,Dark - lighted roadway,Clear,,0 feet S from Intersection NEPONSET AVENUE Rte 3A S / GALLIVAN BOULEVARD,,,,,237775.3708,892890.0492
3133758,BOSTON,02-Jun-2012,6:20 AM,Not Reported,2,0,0,Rear-end,V1: Slowing or stopped in traffic / V2:Travelling straight ahead,V1:Westbound / V2:Westbound ,V1: Collision with motor vehicle in traffic / V2: Collision with motor vehicle in traffic ,V1: Passenger car / V2:Passenger car,Wet,Daylight,Rain,,COLUMBIA ROAD / DORCHESTER AVENUE,,,UNDER RT 93,,236535.6564,896787.6252
3118495,BOSTON,02-Jun-2012,6:33 AM,Not Reported,2,0,0,Rear-end,V1: Slowing or stopped in traffic / V2:Travelling straight ahead,V1:Northbound / V2:Northbound ,V1: Collision with motor vehicle in traffic / V2: Collision with motor vehicle in traffic ,V1: Passenger car / V2:Passenger car,Wet,Daylight,Cloudy/Rain,,GALLIVAN BOULEVARD / HALLET STREET,,,,,237384.4843,892709.3752
3125821,BOSTON,02-Jun-2012,7:10 AM,Not Reported,1,0,0,Single vehicle crash,V1: Travelling straight ahead,V1:Eastbound ,V1: Collision with guardrail ,"V1: Light truck(van, mini-van, panel, pickup, sport utility) with only four tires",Wet,Daylight,Rain,,Rte 90 E,,,,,232547.8686,899858.4408
3120199,BOSTON,02-Jun-2012,7:50 AM,Not Reported,1,0,0,Single vehicle crash,V1: Travelling straight ahead,V1:Southbound ,V1: Collision with curb ,V1: Passenger car,Wet,Daylight,Cloudy/Rain,STORROW DRIVE / CHARLESGATE WEST,,,,OFF RAMP TO FENWAY,,233331.5159,900085.8125
3125367,BOSTON,02-Jun-2012,9:38 AM,Not Reported,1,0,0,Single vehicle crash,V1: Travelling straight ahead,V1:Westbound ,V1: Collision with guardrail ,"V1: Light truck(van, mini-van, panel, pickup, sport utility) with only four tires",Wet,Daylight,Rain,,Rte 90 W,,,,,232572.2182,899870.4883
3153170,BOSTON,02-Jun-2012,9:55 AM,Property damage only (none injured),2,0,0,Rear-end,V1: Travelling straight ahead / V2:Slowing or stopped in traffic,V1:Northbound / V2:Northbound ,V1: Collision with motor vehicle in traffic / V2: Collision with motor vehicle in traffic ,"V1: Passenger car / V2:Light truck(van, mini-van, panel, pickup, sport utility) with only four tires",Dry,Daylight,Clear,,Rte 93 N,,Exit 15 on Rte 93 N,,,236972.2496,896473.4282
3155025,BOSTON,02-Jun-2012,10:10 AM,Non-fatal injury,2,1,0,Rear-end,V1: Slowing or stopped in traffic / V2:Travelling straight ahead,V1:Northbound / V2:Northbound ,V1: Collision with motor vehicle in traffic / V2: Collision with motor vehicle in traffic ,V1: Passenger car / V2:Passenger car,Wet,Daylight,Clear,,Rte 93 N,,Exit 14 on Rte 93 N,,,237258.9796,894483.3974
3321674,BOSTON,02-Jun-2012,10:53 AM,Property damage only (none injured),3,0,0,Single vehicle crash,V1: Travelling straight ahead / V2:Parked / V3:Parked,V1:Northbound / V2:Not reported / V3:Not reported ,V1: Collision with parked motor vehicle / V2: Collision with parked motor vehicle / V3: Not reported ,V1: Passenger car / V2:Passenger car / V3:Passenger car,Wet,Daylight,Rain,,75 SOUTH HUNTINGTON AVENUE,,,,,232034.8665,897807.4622
3321675,BOSTON,02-Jun-2012,10:53 AM,Non-fatal injury,2,4,0,Angle,V1: Travelling straight ahead / V2:Travelling straight ahead,V1:Southbound / V2:Not reported ,V1: Collision with motor vehicle in traffic / V2: Collision with motor vehicle in traffic ,V1: Passenger car / V2:Passenger car,Wet,Daylight,Rain,,75 SOUTH HUNTINGTON AVENUE,,,,,232034.8665,897807.4622
3321672,BOSTON (JAMAICA PLAIN),02-Jun-2012,11:10 AM,Not Reported,2,0,0,Not reported,V1: Not reported / V2:Not reported,V1:Not reported / V2:Not reported ,V1: Not reported / V2: Not reported ,V1: Passenger car / V2:Passenger car,Not reported,Not reported,Not Reported,,294 SOUTH STREET,,,,,236446.4758,900009.913
3121053,BOSTON,02-Jun-2012,12:15 PM,Not Reported,1,0,0,Single vehicle crash,V1: Turning left,V1:Southbound ,V1: Collision with light pole or other post/support ,V1: Passenger car,Wet,Daylight,Cloudy/Rain,,CHARLESGATE OVERPASS / CHARLESGATE OVERPASS,,,FENWAY OFF RAMP,,233604.5329,900206.4592
3125375,BOSTON,02-Jun-2012,1:20 PM,Not Reported,1,0,0,Single vehicle crash,V1: Travelling straight ahead,V1:Eastbound ,V1: Collision with curb ,V1: Passenger car,Wet,Daylight,Cloudy/Rain,,STORROW DRIVE Rte 28 N / RAMP TO CHARLES CIRCLE,,,LONGFELLOW BRIDGE,,235227.3655,901253.0316
3118496,BOSTON,02-Jun-2012,1:35 PM,Not Reported,2,0,0,"Sideswipe, same direction",V1: Travelling straight ahead / V2:Travelling straight ahead,V1:Northbound / V2:Northbound ,V1: Not reported / V2: Collision with fence ,"V1: Light truck(van, mini-van, panel, pickup, sport utility) with only four tires / V2:Light truck(van, mini-van, panel, pickup, sport utility) with only four tires",Wet,Daylight,Rain,,WILLIAM T MORRISSEY BOULEVARD / NEPONSET AVENUE,,,@ SHELL STATION,"P1:Other non-motorist (wheelchair, etc.)",237696.0819,892924.3425
3125830,BOSTON,02-Jun-2012,2:13 PM,Not Reported,1,0,0,Single vehicle crash,V1: Travelling straight ahead,V1:Eastbound ,V1: Collision with guardrail ,"V1: Light truck(van, mini-van, panel, pickup, sport utility) with only four tires",Wet,Daylight,Cloudy/Rain,,STORROW DRIVE Rte 28 N / RAMP - STORROW DRIVE TO LEVERETT CONNECT,,,MA EYE AND EAR,,235354.8624,901451.9757
3381441,BOSTON,02-Jun-2012,2:29 PM,Property damage only (none injured),1,0,0,Single vehicle crash,V1: Travelling straight ahead,V1:Westbound ,V1: Collision with guardrail ,"V1: Light truck(van, mini-van, panel, pickup, sport utility) with only four tires",Wet,Daylight,Cloudy/Rain,,SOLDIERS FIELD ROAD / RAMP - N HARVARD ST TO SOLDIERS FIELD WB,,,"SFR WEST, WEST OF N HARVARD ST",,230748.3677,902270.3481
3125376,BOSTON,02-Jun-2012,2:50 PM,Not Reported,1,0,0,Single vehicle crash,V1: Travelling straight ahead,V1:Southbound ,V1: Collision with guardrail ,"V1: Light truck(van, mini-van, panel, pickup, sport utility) with only four tires",Wet,Daylight,Cloudy/Rain,STORROW DRIVE / CHARLESGATE OVERPASS,,,,BOWKER OVERPASS,,233695.1823,900232.3919
3125831,BOSTON,02-Jun-2012,3:22 PM,Not Reported,1,0,0,Single vehicle crash,V1: Travelling straight ahead,V1:Eastbound ,V1: Collision with curb ,V1: Passenger car,Wet,Daylight,Cloudy/Rain,,STORROW DRIVE Rte 28 N / RAMP TO CHARLES CIRCLE,,,CHARLES STREET FOOTBRIDGE,,235244.9723,901189.5812
3125822,BOSTON,02-Jun-2012,3:45 PM,Not Reported,1,0,0,Single vehicle crash,V1: Travelling straight ahead,V1:Eastbound ,V1: Collision with curb ,V1: Passenger car,Wet,Daylight,Rain,,Rte 90 E,,,,,232391.946,899898.3056
3155222,BOSTON,02-Jun-2012,4:30 PM,Property damage only (none injured),1,0,0,Single vehicle crash,V1: Travelling straight ahead,V1:Eastbound ,V1: Collision with guardrail ,V1: Passenger car,Wet,Dusk,Rain,,STORROW DRIVE / CHARLESGATE WEST,,,FENWAY OFF RAMP,,233353.4628,900086.7601
3118500,BOSTON,02-Jun-2012,5:26 PM,Not Reported,1,0,0,Single vehicle crash,V1: Travelling straight ahead,V1:Eastbound ,V1: Collision with guardrail ,V1: Passenger car,Wet,Dusk,Not Reported,,ENNEKING PARKWAY / SMITH FIELD ROAD,,,,,230079.5939,889809.25
3125368,BOSTON,02-Jun-2012,6:57 PM,Not Reported,1,0,0,Single vehicle crash,V1: Travelling straight ahead,V1:Southbound ,V1: Collision with median barrier ,"V1: Light truck(van, mini-van, panel, pickup, sport utility) with only four tires",Wet,Dusk,Rain,,Rte 93 N,,Exit 27 on Rte 93 N,TO  THE  CANA  TUNNEL  LOOP,,235655.07,902467.5364
3246570,BOSTON,02-Jun-2012,8:30 PM,Not Reported,1,0,0,Single vehicle crash,V1: Turning left,V1:Westbound ,V1: Collision with pedestrian ,"V1: Light truck(van, mini-van, panel, pickup, sport utility) with only four tires",Wet,Dark - lighted roadway,Rain/Rain,NORTH STREET / SURFACE ROAD,,,,,,236645.5756,901322.8818
3130583,BOSTON,02-Jun-2012,11:30 PM,Not Reported,1,0,0,Single vehicle crash,V1: Travelling straight ahead,V1:Northbound ,V1: Collision with median barrier ,V1: Passenger car,Wet,Dark - lighted roadway,Rain,,Rte 93 N,,Exit 23 on Rte 93 N,,,236957.4837,900943.9828
3152912,BOSTON,03-Jun-2012,00:00 AM,Property damage only (none injured),1,0,0,Single vehicle crash,V1: Travelling straight ahead,V1:Eastbound ,V1: Collision with tree ,"V1: Light truck(van, mini-van, panel, pickup, sport utility) with only four tires",Dry,Dark - lighted roadway,Clear,,TRUMAN HIGHWAY / WARREN AVENUE,,,0 feet E from FAIRMOUNT AVE,,231568.6247,889290.4013
3130584,BOSTON,03-Jun-2012,1:00 AM,Not Reported,1,0,0,Rear-end,V1: Not reported,V1:Not reported ,V1: Collision with motor vehicle in traffic ,V1: Passenger car,Dry,Dark - lighted roadway,Clear,,SOLDIERS FIELD ROAD / 1800,,,,,228380.9075,901011.9834
3380323,BOSTON,03-Jun-2012,2:10 AM,Not Reported,1,0,0,Single vehicle crash,V1: Other,V1:Westbound ,V1: Collision with median barrier ,V1: Passenger car,Wet,Dark - lighted roadway,Rain,RAMP - RT 90 WB TO RT 93 NB / RAMP - RT 90 WB TO RT 93 SB Rte 1A S / RAMP - RT 90 WB/CONGRESS STREET TO RT 93 Rte 1A S,,,,RAMP D,,236475.7222,899745.5214
3380402,BOSTON,03-Jun-2012,8:43 AM,Non-fatal injury,2,5,0,Rear-end,V1: Changing lanes / V2:Slowing or stopped in traffic,V1:Northbound / V2:Northbound ,V1: Collision with motor vehicle in traffic / V2: Collision with motor vehicle in traffic ,"V1: Light truck(van, mini-van, panel, pickup, sport utility) with only four tires / V2:Passenger car",Wet,Daylight,Cloudy,,MASSACHUSETTS TURNPIKE Rte 90 W,,,,,239063.9145,902046.85
3290507,BOSTON (BRIGHTON),03-Jun-2012,9:45 AM,Not Reported,2,0,0,Head-on,V1: Not reported / V2:Not reported,V1:Not reported / V2:Not reported ,V1: Not reported / V2: Not reported ,V1: Passenger car / V2:Passenger car,Wet,Daylight,Rain,COMMONWEALTH AVENUE / WASHINGTON STREET,,,,,,229438.125,899303.2502
3130587,BOSTON,03-Jun-2012,1:18 PM,Not Reported,2,0,0,Rear-end,V1: Travelling straight ahead / V2:Slowing or stopped in traffic,V1:Southbound / V2:Southbound ,V1: Collision with motor vehicle in traffic / V2: Collision with motor vehicle in traffic ,"V1: Passenger car / V2:Light truck(van, mini-van, panel, pickup, sport utility) with only four tires",Dry,Daylight,Cloudy,,Rte 93 S,,Exit 12 on Rte 93 S,,,237620.5493,892713.0989
3120226,BOSTON,03-Jun-2012,4:58 PM,Not Reported,2,0,0,Rear-end,V1: Travelling straight ahead / V2:Slowing or stopped in traffic,V1:Southbound / V2:Southbound ,V1: Collision with motor vehicle in traffic / V2: Collision with motor vehicle in traffic ,"V1: Light truck(van, mini-van, panel, pickup, sport utility) with only four tires / V2:Passenger car",Wet,Daylight,Not Reported,,Rte 93 S,,Exit 10 on Rte 93 S,,,237443.4595,890615.6701
3125823,BOSTON,03-Jun-2012,5:00 PM,Not Reported,2,0,0,"Sideswipe, same direction",V1: Changing lanes / V2:Travelling straight ahead,V1:Southbound / V2:Southbound ,V1: Collision with motor vehicle in traffic / V2: Collision with motor vehicle in traffic ,"V1: Passenger car / V2:Light truck(van, mini-van, panel, pickup, sport utility) with only four tires",Dry,Daylight,Clear,,Rte 93 S,,Exit 26 on Rte 93 S,LOWER DECK,,234851.4113,903728.5151
3155023,BOSTON,03-Jun-2012,5:15 PM,Property damage only (none injured),3,0,0,Not reported,V1: Slowing or stopped in traffic / V2:Slowing or stopped in traffic / V3:Changing lanes,V1:Eastbound / V2:Eastbound / V3:Eastbound ,V1: Collision with motor vehicle in traffic / V2: Collision with motor vehicle in traffic / V3: Collision with motor vehicle in traffic ,"V1: Light truck(van, mini-van, panel, pickup, sport utility) with only four tires / V2:Motorcycle / V3:Passenger car",Not reported,Not reported,Not Reported,STORROW DRIVE Rte 28 N / RAMP TO CHARLES CIRCLE,,,,GOV'T CENTER,,235254.3907,901130.5454
3241409,BOSTON,03-Jun-2012,7:10 PM,Non-fatal injury,2,2,0,Not reported,V1: Travelling straight ahead / V2:Not reported,V1:Not reported / V2:Not reported ,V1: Collision with motor vehicle in traffic / V2: Not reported ,V1: Motorcycle / V2:Not reported,Not reported,Not reported,Not Reported,,100 STUART STREET,,,,,235850.2214,900157.0548
3380325,BOSTON,03-Jun-2012,10:41 PM,Non-fatal injury,2,2,0,Rear-end,V1: Travelling straight ahead / V2:Slowing or stopped in traffic,V1:Northbound / V2:Northbound ,V1: Collision with motor vehicle in traffic / V2: Collision with motor vehicle in traffic ,"V1: Passenger car / V2:Light truck(van, mini-van, panel, pickup, sport utility) with only four tires",Wet,Dark - lighted roadway,Rain,,JOHN F FITZGERALD EXPRESSWAY Rte 93 N / RT 93 NB HOV LANE,,,OPPOSITE MASS AVE CONNECTOR,,235846.0751,898414.6439
3298555,BOSTON,04-Jun-2012,00:00 AM,Property damage only (none injured),1,0,0,Single vehicle crash,V1: Travelling straight ahead,V1:Eastbound ,V1: Collision with guardrail ,V1: Passenger car,Dry,Dark - lighted roadway,Clear,,ENNEKING PARKWAY,,,,,,
3248975,BOSTON (ROXBURY),04-Jun-2012,4:39 AM,Unknown,1,0,0,Single vehicle crash,V1: Travelling straight ahead,V1:Not reported ,V1: Unknown ,V1: Passenger car,Wet,Dark - lighted roadway,Rain/Rain,COLUMBIA ROAD / EAST COTTAGE STREET,,,,,,236117.9909,896749.218
3120213,BOSTON,04-Jun-2012,5:30 AM,Not Reported,2,0,0,Angle,V1: Travelling straight ahead / V2:Travelling straight ahead,V1:Northbound / V2:Westbound ,V1: Collision with motor vehicle in traffic / V2: Collision with motor vehicle in traffic ,"V1: Passenger car / V2:Light truck(van, mini-van, panel, pickup, sport utility) with only four tires",Wet,Dawn,Cloudy,RAMP - SOLDIERS FIELD RD WB TO WESTERN A / CAMBRIDGE STREET,,,,RIVER STREET BRIDGE,,231514.4842,901235.6252
3118497,BOSTON,04-Jun-2012,7:00 AM,Not Reported,2,0,0,Rear-end,V1: Slowing or stopped in traffic / V2:Travelling straight ahead,V1:Northbound / V2:Northbound ,V1: Collision with motor vehicle in traffic / V2: Collision with motor vehicle in traffic ,V1: Passenger car / V2:Passenger car,Wet,Daylight,Cloudy/Rain,,RAMP - COLUMBIA RD TO RT 93 NB / Rte 93 N,,,,,236823.9524,896892.6005
3120214,BOSTON,04-Jun-2012,7:05 AM,Not Reported,1,0,0,Single vehicle crash,V1: Travelling straight ahead,V1:Eastbound ,V1: Other ,V1: Passenger car,Wet,Daylight,Rain,,0 feet E from Intersection SOLDIERS FIELD ROAD / NORTH HARVARD STREET,,,,,230992.3482,902048.2872
3152792,BOSTON,04-Jun-2012,7:38 AM,Property damage only (none injured),2,0,0,Rear-end,V1: Slowing or stopped in traffic / V2:Slowing or stopped in traffic,V1:Southbound / V2:Southbound ,V1: Collision with motor vehicle in traffic / V2: Collision with motor vehicle in traffic ,"V1: Passenger car / V2:Light truck(van, mini-van, panel, pickup, sport utility) with only four tires",Dry,Daylight,Clear,,Rte 93 S,,Exit 15 on Rte 93 S,,,236629.6253,897168.5001
3120215,BOSTON,04-Jun-2012,8:45 AM,Not Reported,2,0,0,Rear-end,V1: Travelling straight ahead / V2:Slowing or stopped in traffic,V1:Eastbound / V2:Eastbound ,V1: Collision with motor vehicle in traffic / V2: Collision with motor vehicle in traffic ,"V1: Light truck(van, mini-van, panel, pickup, sport utility) with only four tires / V2:Light truck(van, mini-van, panel, pickup, sport utility) with only four tires",Wet,Daylight,Rain,,SOLDIERS FIELD ROAD / WESTERN AVENUE,,,NEAR DOUBLETREE,,,
3126035,BOSTON,04-Jun-2012,10:07 AM,Not Reported,2,0,0,"Sideswipe, same direction",V1: Travelling straight ahead / V2:Travelling straight ahead,V1:Southbound / V2:Southbound ,V1: Collision with motor vehicle in traffic / V2: Collision with motor vehicle in traffic ,"V1: Single-unit truck (2-axle, 6-tire) / V2:Light truck(van, mini-van, panel, pickup, sport utility) with only four tires",Wet,Daylight,Rain,,Rte 93 S,,Exit 24 on Rte 93 S,,,236397.1933,901565.6511
3321636,BOSTON (JAMAICA PLAIN),04-Jun-2012,10:30 AM,Not Reported,4,0,0,Not reported,V1: Slowing or stopped in traffic / V2:Slowing or stopped in traffic / V3:Slowing or stopped in traffic / V4:Travelling straight ahead,V1:Not reported / V2:Not reported / V3:Not reported / V4:Not reported ,V1: Collision with motor vehicle in traffic / V2: Collision with motor vehicle in traffic / V3: Collision with motor vehicle in traffic / V4: Collision with motor vehicle in traffic ,"V1: Passenger car / V2:Light truck(van, mini-van, panel, pickup, sport utility) with only four tires / V3:Light truck(van, mini-van, panel, pickup, sport utility) with only four tires / V4:Passenger car",Not reported,Not reported,Not Reported,HYDE PARK AVENUE / WALK HILL STREET,,,,,,231647.8279,894025.4374
3121054,BOSTON,04-Jun-2012,10:40 AM,Not Reported,1,0,0,Single vehicle crash,V1: Travelling straight ahead,V1:Westbound ,V1: Collision with curb ,V1: Passenger car,Wet,Daylight,Cloudy/Rain,,STORROW DRIVE Rte 28 S,,,AT COMMUNITY BOATING OPP. POLE15,,235236.4065,901090.6932
3118484,BOSTON,04-Jun-2012,3:07 PM,Not Reported,2,0,0,"Sideswipe, same direction",V1: Parked / V2:Slowing or stopped in traffic,V1:Southbound / V2:Southbound ,V1: Collision with motor vehicle in traffic / V2: Collision with parked motor vehicle ,"V1: Passenger car / V2:Light truck(van, mini-van, panel, pickup, sport utility) with only four tires",Wet,Daylight,Cloudy/Rain,,NORTHERN AVENUE / 225,,,,,237982.178,899917.693
3120201,BOSTON,04-Jun-2012,3:15 PM,Not Reported,2,0,0,"Sideswipe, opposite direction",V1: Travelling straight ahead / V2:Turning left,V1:Westbound / V2:Eastbound ,V1: Collision with motor vehicle in traffic / V2: Collision with motor vehicle in traffic ,"V1: Light truck(van, mini-van, panel, pickup, sport utility) with only four tires / V2:Passenger car",Wet,Daylight,Cloudy/Rain,JAMAICAWAY / BYNNER STREET,,,,,,231761.922,897172.3748
3120217,BOSTON,04-Jun-2012,3:24 PM,Not Reported,2,0,0,Angle,V1: Travelling straight ahead / V2:Travelling straight ahead,V1:Westbound / V2:Southbound ,V1: Collision with motor vehicle in traffic / V2: Collision with motor vehicle in traffic ,V1: Passenger car / V2:Passenger car,Wet,Daylight,Not Reported,CAMBRIDGE STREET / ALLSTON TOLL PLAZA,,,,ON RAMP TO I90,,231431.5939,901216.5624
3121136,BOSTON,04-Jun-2012,4:00 PM,Not Reported,2,0,0,Rear-end,V1: Travelling straight ahead / V2:Slowing or stopped in traffic,V1:Southbound / V2:Southbound ,V1: Collision with motor vehicle in traffic / V2: Collision with motor vehicle in traffic ,"V1: Passenger car / V2:Light truck(van, mini-van, panel, pickup, sport utility) with only four tires",Wet,Daylight,Rain,,WEST ROXBURY PARKWAY / CHURCH STREET,,,,,229107.1406,893354.8751
3242128,BOSTON,04-Jun-2012,5:46 PM,Non-fatal injury,2,2,0,Angle,V1: Travelling straight ahead / V2:Not reported,V1:Southbound / V2:Not reported ,V1: Collision with motor vehicle in traffic / V2: Not reported ,"V1: Bus (seats for more than 15 people, including driver) / V2:Light truck(van, mini-van, panel, pickup, sport utility) with only four tires",Wet,Daylight,Rain/Cloudy,,3 WEST BROADWAY / A STREET,,,,,236625.6877,899133.0622
3155219,BOSTON,04-Jun-2012,7:25 PM,Property damage only (none injured),1,0,0,Single vehicle crash,V1: Turning right,V1:Eastbound ,V1: Collision with fence ,"V1: Light truck(van, mini-van, panel, pickup, sport utility) with only four tires",Wet,Dark - lighted roadway,Rain,STORROW DRIVE Rte 28 N / REVERE STREET,,,,SD EB @ REVERE STREET,,235248.1945,901083.0333
3138881,BOSTON,05-Jun-2012,2:30 AM,Non-fatal injury,1,2,0,Single vehicle crash,V1: Travelling straight ahead,V1:Eastbound ,V1: Collision with curb ,"V1: Light truck(van, mini-van, panel, pickup, sport utility) with only four tires",Dry,Dark - lighted roadway,Clear,,STORROW DRIVE / DAVID G MUGAR WAY,,,GOV'T CNTER CURVE,,235214.6816,900915.4701
3153178,BOSTON,05-Jun-2012,7:03 AM,Property damage only (none injured),2,0,0,Angle,V1: Travelling straight ahead / V2:Travelling straight ahead,V1:Westbound / V2:Southbound ,V1: Collision with motor vehicle in traffic / V2: Collision with motor vehicle in traffic ,"V1: Passenger car / V2:Light truck(van, mini-van, panel, pickup, sport utility) with only four tires",Dry,Daylight,Clear,,TURTLE POND PARKWAY / ENNEKING PARKWAY,,,,,229687.9375,889839.1252
3381459,BOSTON,05-Jun-2012,7:24 AM,Property damage only (none injured),2,0,0,Rear-end,V1: Slowing or stopped in traffic / V2:Travelling straight ahead,V1:Southbound / V2:Southbound ,V1: Collision with motor vehicle in traffic / V2: Collision with motor vehicle in traffic ,V1: Passenger car / V2:Passenger car,Wet,Daylight,Cloudy/Rain,,JOHN F FITZGERALD EXPRESSWAY Rte 93 S,,,SAVIN HILL,,236853.6035,895734.6721
3120227,BOSTON,05-Jun-2012,7:24 AM,Not Reported,2,0,0,Rear-end,V1: Slowing or stopped in traffic / V2:Travelling straight ahead,V1:Southbound / V2:Southbound ,V1: Collision with motor vehicle in traffic / V2: Collision with motor vehicle in traffic ,"V1: Light truck(van, mini-van, panel, pickup, sport utility) with only four tires / V2:Passenger car",Wet,Daylight,Not Reported,,Rte 93 S,,Exit 15 on Rte 93 S,,,236629.6253,897168.5001
3321676,BOSTON (JAMAICA PLAIN),05-Jun-2012,9:32 AM,Non-fatal injury,2,1,0,Angle,V1: Travelling straight ahead / V2:Travelling straight ahead,V1:Northbound / V2:Northbound ,V1: Collision with motor vehicle in traffic / V2: Collision with motor vehicle in traffic ,"V1: Passenger car / V2:Unknown heavy truck, cannot classify",Wet,Daylight,Rain/Rain,WASHINGTON STREET / WILLIAMS STREET,,,,,,,