Crash Number,City/Town Name,Crash Date,Crash Time,Crash Severity,Number of Vehicles,Total Nonfatal Injuries,Total Fatal Injuries,Manner of Collision,Vehicle Action Prior to Crash,Vehicle Travel Directions,Most Harmful Events,Vehicle Configuration,Road Surface Condition,Ambient Light,Weather Condition,At Roadway Intersection,Distance from Nearest Roadway Intersection,Distance from Nearest Milemarker,Distance from Nearest Exit,Distance from Nearest Landmark,Non Motorist Type,X Coordinate,Y Coordinate
3119092,BOSTON,05-Jun-2012,10:10 AM,Not Reported,2,0,0,Angle,V1: Travelling straight ahead / V2:Turning left,V1:Southbound / V2:Westbound ,V1: Collision with motor vehicle in traffic / V2: Collision with motor vehicle in traffic ,V1: Passenger car / V2:Passenger car,Wet,Daylight,Rain,,TRUMAN HIGHWAY / GARFIELD AVENUE,,,,,231069.1933,888785.9644
3130588,BOSTON,05-Jun-2012,11:25 AM,Not Reported,2,0,0,Angle,V1: Travelling straight ahead / V2:Entering traffic lane,V1:Northbound / V2:Northbound ,V1: Collision with motor vehicle in traffic / V2: Collision with motor vehicle in traffic ,"V1: Light truck(van, mini-van, panel, pickup, sport utility) with only four tires / V2:Light truck(van, mini-van, panel, pickup, sport utility) with only four tires",Dry,Daylight,Not Reported,KOSCIUSZKO CIRCLE / WILLIAM T MORRISSEY BOULEVARD / WILLIAM DAY BOULEVARD,,,,COLUMBIA RD ROTARY,,237017.0782,896879.6065
3384362,BOSTON,05-Jun-2012,11:40 AM,Property damage only (none injured),2,0,0,Angle,V1: Turning left / V2:Turning left,V1:Westbound / V2:Westbound ,V1: Collision with motor vehicle in traffic / V2: Collision with motor vehicle in traffic ,"V1: Passenger car / V2:Light truck(van, mini-van, panel, pickup, sport utility) with only four tires",Dry,Daylight,Not Reported,,CENTRE PERKINS STREET ROTARY / CENTRE STREET,,,CENTRE STREET ROTARY,,232166.3647,896904.5088
3120202,BOSTON,05-Jun-2012,12:17 PM,Not Reported,2,0,0,Rear-end,V1: Slowing or stopped in traffic / V2:Travelling straight ahead,V1:Eastbound / V2:Eastbound ,V1: Collision with motor vehicle in traffic / V2: Collision with motor vehicle in traffic ,"V1: Light truck(van, mini-van, panel, pickup, sport utility) with only four tires / V2:Passenger car",Dry,Daylight,Cloudy,,79 feet N from Intersection STORROW DRIVE Rte 28 N / RAMP - STORROW DRIVE TO LEVERETT CONNECT,,,,,235459.5616,901689.9497
3390284,BOSTON,05-Jun-2012,1:30 PM,Non-fatal injury,2,1,0,Angle,V1: Travelling straight ahead / V2:Travelling straight ahead,V1:Northbound / V2:Westbound ,V1: Collision with motor vehicle in traffic / V2: Collision with motor vehicle in traffic ,V1: Passenger car / V2:Passenger car,Wet,Daylight,Cloudy,,JAMES SHEA CIRCLE / MORTON STREET,,,SHEA ROTARY ON MORTON STREET,,232426.4151,894490.4999
3170990,BOSTON,05-Jun-2012,4:35 PM,Non-fatal injury,2,1,0,Rear-end,V1: Slowing or stopped in traffic / V2:Travelling straight ahead,V1:Northbound / V2:Northbound ,V1: Collision with motor vehicle in traffic / V2: Collision with motor vehicle in traffic ,"V1: Passenger car / V2:Light truck(van, mini-van, panel, pickup, sport utility) with only four tires",Dry,Daylight,Not Reported,,BIRMINGHAM PARKWAY / NORTH BEACON STREET,,,,,228439.0628,900920.8752
3241411,BOSTON (CHARLESTOWN),05-Jun-2012,10:56 PM,Not Reported,2,0,0,Head-on,V1: Not reported / V2:Not reported,V1:Eastbound / V2:Northbound ,V1: Not reported / V2: Not reported ,V1: Not reported / V2:Not reported,Dry,Dark - lighted roadway,Cloudy,ALFORD STREET / DEXTER STREET,,,,,,235616.6348,904947.6349
3133670,BOSTON,06-Jun-2012,7:43 AM,Not Reported,2,0,0,Rear-end,V1: Travelling straight ahead / V2:Slowing or stopped in traffic,V1:Eastbound / V2:Eastbound ,V1: Collision with motor vehicle in traffic / V2: Collision with motor vehicle in traffic ,V1: Passenger car / V2:Passenger car,Wet,Daylight,Cloudy,,CAMBRIDGE STREET,,,ONRAMP TO SF ROAD E/B,,231479.2848,901222.1469
3123432,BOSTON,06-Jun-2012,12:00 PM,Not Reported,1,0,0,Single vehicle crash,V1: Backing,V1:Westbound ,V1: Collision with light pole or other post/support ,"V1: Light truck(van, mini-van, panel, pickup, sport utility) with only four tires",Dry,Daylight,Cloudy,,UNIVERSITY ROAD / STORROW DRIVE,,,RAMP UNIVERSITY RD TO STORROW DR,,232191.2067,900186.5571
3222731,BOSTON,06-Jun-2012,12:00 PM,Not Reported,2,0,0,Angle,V1: Parked / V2:Not reported,V1:Not reported / V2:Not reported ,V1: Collision with parked motor vehicle / V2: Not reported ,V1: Passenger car / V2:Not reported,Unknown,Unknown,Unknown,,6 TAPPAN STREET,,,,,230253.4947,893207.1499
3153171,BOSTON,06-Jun-2012,1:15 PM,Non-fatal injury,2,1,0,Rear-end,V1: Travelling straight ahead / V2:Slowing or stopped in traffic,V1:Southbound / V2:Southbound ,V1: Collision with motor vehicle in traffic / V2: Collision with motor vehicle in traffic ,V1: Passenger car / V2:Passenger car,Dry,Daylight,Clear,,WILLIAM T MORRISSEY BOULEVARD / FREEPORT STREET,,,BY TOYOTA DEALERSHIP,,237168.8223,894538.6518
3135566,BOSTON,06-Jun-2012,4:02 PM,Not Reported,2,0,0,Rear-end,V1: Slowing or stopped in traffic / V2:Travelling straight ahead,V1:Southbound / V2:Southbound ,V1: Collision with motor vehicle in traffic / V2: Collision with motor vehicle in traffic ,V1: Passenger car / V2:Single-unit truck (3-or-more axles),Dry,Daylight,Clear,,Rte 93,,Exit 15 on Rte 93,BOSTON RD OVERPASS,,236629.6253,897168.5001
3380403,BOSTON,06-Jun-2012,4:15 PM,Property damage only (none injured),3,0,0,Rear-end,V1: Slowing or stopped in traffic / V2:Slowing or stopped in traffic / V3:Travelling straight ahead,V1:Southbound / V2:Southbound / V3:Southbound ,V1: Collision with motor vehicle in traffic / V2: Collision with motor vehicle in traffic / V3: Collision with motor vehicle in traffic ,"V1: Passenger car / V2:Light truck(van, mini-van, panel, pickup, sport utility) with only four tires / V3:Light truck(van, mini-van, panel, pickup, sport utility) with only four tires",Dry,Daylight,Clear/Cloudy,,JOHN F FITZGERALD EXPRESSWAY Rte 93 S / RAMP - RT 93 SB TO CALLAHAN TUNNEL,,,ENTRANCE PORTAL O'NEIL TUNNEL,,236385.0477,901582.8984
3246208,BOSTON,06-Jun-2012,5:30 PM,Non-fatal injury,1,1,0,Not reported,V1: Turning left,V1:Eastbound ,V1: Collision with pedestrian ,"V1: Light truck(van, mini-van, panel, pickup, sport utility) with only four tires",Not reported,Not reported,Not Reported,COMMONWEALTH AVENUE / DARTMOUTH STREET,,,,,P2:Pedestrian,234742.0743,900259.0507
3125377,BOSTON,06-Jun-2012,8:20 PM,Not Reported,2,0,0,Rear-end,V1: Slowing or stopped in traffic / V2:Travelling straight ahead,V1:Westbound / V2:Westbound ,V1: Collision with motor vehicle in traffic / V2: Collision with motor vehicle in traffic ,V1: Passenger car / V2:Passenger car,Wet,Dusk,Cloudy,,JAMAICAWAY / 40,,,,,231937.6662,897859.696
3242545,BOSTON,06-Jun-2012,8:27 PM,Non-fatal injury,1,1,0,Single vehicle crash,V1: Travelling straight ahead,V1:Eastbound ,"V1: Collision with cyclist (bicycle, tricycle, unicycle, pedal car) ",V1: Passenger car,Dry,Dark - roadway not lighted,Clear,SOLDIERS FIELD ROAD / NORTH HARVARD STREET,,,,,"P5:Pedalcyclist (bicycle, tricycle, unicycle, pedal car)",230992.3482,902048.2872
3125824,BOSTON,06-Jun-2012,9:41 PM,Not Reported,1,0,0,Single vehicle crash,V1: Travelling straight ahead,V1:Northbound ,V1: Other ,V1: Motorcycle,Dry,Dark - lighted roadway,Clear,,FRONTAGE ROAD / RAMP - RT 90 EB TO KNEELAND STREET,,,,,236372.8419,899648.5677
3154602,BOSTON,06-Jun-2012,11:15 PM,Property damage only (none injured),1,0,0,Single vehicle crash,V1: Travelling straight ahead,V1:Southbound ,V1: Collision with median barrier ,V1: Passenger car,Dry,Dark - lighted roadway,Clear,,Rte 93 S,,Exit 11B on Rte 93 S,,,237192.6452,891943.742
3130589,BOSTON,07-Jun-2012,4:45 PM,Not Reported,2,0,0,Rear-end,V1: Travelling straight ahead / V2:Travelling straight ahead,V1:Southbound / V2:Southbound ,V1: Collision with motor vehicle in traffic / V2: Collision with motor vehicle in traffic ,"V1: Light truck(van, mini-van, panel, pickup, sport utility) with only four tires / V2:Light truck(van, mini-van, panel, pickup, sport utility) with only four tires",Wet,Daylight,Rain,,Rte 93 S,,Exit 15 on Rte 93 S,,,236629.6253,897168.5001
3131653,BOSTON,07-Jun-2012,5:10 PM,Property damage only (none injured),2,0,0,Rear-end,V1: Slowing or stopped in traffic / V2:Travelling straight ahead,V1:Southbound / V2:Southbound ,V1: Collision with motor vehicle in traffic / V2: Collision with motor vehicle in traffic ,V1: Passenger car / V2:Passenger car,Dry,Daylight,Clear,,Rte 93 S,,Exit 15 on Rte 93 S,,,236629.6253,897168.5001
3221922,BOSTON,07-Jun-2012,5:37 PM,Property damage only (none injured),2,0,0,Rear-end,V1: Slowing or stopped in traffic / V2:Travelling straight ahead,V1:Southbound / V2:Southbound ,V1: Collision with motor vehicle in traffic / V2: Collision with motor vehicle in traffic ,V1: Passenger car / V2:Passenger car,Wet,Daylight,Cloudy,,GALLIVAN BOULEVARD / NEPONSET AVENUE,,,NEPONSET CIRCLE,,237731.8737,892907.403
3567745,BOSTON (DORCHESTER),07-Jun-2012,5:42 PM,Non-fatal injury,2,2,0,Angle,V1: Travelling straight ahead / V2:Turning left,V1:Northbound / V2:Eastbound ,V1: Collision with motor vehicle in traffic / V2: Collision with motor vehicle in traffic ,V1: Passenger car / V2:Passenger car,Dry,Daylight,Cloudy,WASHINGTON STREET / WELLES AVENUE,,,,,,235367.0313,893143.1252
3241384,BOSTON,07-Jun-2012,9:00 PM,Non-fatal injury,1,1,0,Single vehicle crash,V1: Travelling straight ahead,V1:Not reported ,V1: Collision with pedestrian ,V1: Passenger car,Dry,Dark - lighted roadway,Clear,,2 CENTER PLAZA,,,,,236254.9808,901104.6233
3123433,BOSTON,07-Jun-2012,9:20 PM,Not Reported,2,0,0,Angle,V1: Turning left / V2:Travelling straight ahead,V1:Westbound / V2:Eastbound ,V1: Collision with motor vehicle in traffic / V2: Collision with motor vehicle in traffic ,"V1: Light truck(van, mini-van, panel, pickup, sport utility) with only four tires / V2:Light truck(van, mini-van, panel, pickup, sport utility) with only four tires",Dry,Dark - lighted roadway,Clear/Cloudy,,MORTON STREET Rte 203 / HARVARD STREET,,,,,233493.5311,893100.9999
3128705,BOSTON,08-Jun-2012,7:44 AM,Not Reported,2,0,0,Angle,V1: Leaving traffic lane / V2:Travelling straight ahead,V1:Southbound / V2:Southbound ,V1: Collision with motor vehicle in traffic / V2: Collision with motor vehicle in traffic ,V1: Passenger car / V2:Passenger car,Dry,Daylight,Clear,,Rte 93 S,,,,,236054.7623,899199.5987
3130590,BOSTON,08-Jun-2012,8:25 AM,Not Reported,2,0,0,Angle,V1: Turning right / V2:Turning right,V1:Southbound / V2:Southbound ,V1: Collision with motor vehicle in traffic / V2: Collision with motor vehicle in traffic ,"V1: Passenger car / V2:Light truck(van, mini-van, panel, pickup, sport utility) with only four tires",Dry,Daylight,Cloudy,,,,,IN HESS GAS STATION PARKING LOT,,,
3150579,BOSTON,08-Jun-2012,9:36 AM,Property damage only (none injured),2,0,0,Angle,V1: Turning right / V2:Making U-turn,V1:Southbound / V2:Southbound ,V1: Collision with motor vehicle in traffic / V2: Collision with motor vehicle in traffic ,"V1: Bus (seats for more than 15 people, including driver) / V2:Passenger car",Dry,Daylight,Clear/Clear,NEW WASHINGTON STREET / SOUTH STREET / WASHINGTON STREET,,,,,,231788.1676,894671.1401
3125369,BOSTON,08-Jun-2012,10:05 AM,Not Reported,2,0,0,Rear-end,V1: Travelling straight ahead / V2:Travelling straight ahead,V1:Southbound / V2:Southbound ,V1: Collision with motor vehicle in traffic / V2: Collision with motor vehicle in traffic ,"V1: Light truck(van, mini-van, panel, pickup, sport utility) with only four tires / V2:Light truck(van, mini-van, panel, pickup, sport utility) with only four tires",Dry,Daylight,Clear,,Rte 93 S,,,,,235973.6096,902105.2145
3156181,BOSTON,08-Jun-2012,10:37 AM,Property damage only (none injured),1,0,0,Single vehicle crash,V1: Entering traffic lane,V1:Southbound ,V1: Collision with pedestrian ,V1: Truck/trailer,Dry,Daylight,Clear,,39 BOYLSTON STREET,,,,,235947.1254,900294.0524
3248973,BOSTON (ROXBURY),08-Jun-2012,12:00 PM,Non-fatal injury,1,1,0,Not reported,V1: Travelling straight ahead,V1:Not reported ,"V1: Collision with other fixed object (wall, building, tunnel, etc.) ",V1: Passenger car,Not reported,Not reported,Not Reported,,83 HAMPDEN STREET,,,,,235038.235,897834.5423
3254748,BOSTON (DORCHESTER),08-Jun-2012,4:00 PM,Not Reported,2,0,0,Angle,V1: Parked / V2:Not reported,V1:Not reported / V2:Not reported ,V1: Not reported / V2: Not reported ,V1: Passenger car / V2:Not reported,Wet,Daylight,Rain,,25 SAVIN HILL AVENUE,,,,,236455.0062,895916.77
3380326,BOSTON,08-Jun-2012,4:35 PM,Property damage only (none injured),2,0,0,"Sideswipe, same direction",V1: Travelling straight ahead / V2:Changing lanes,V1:Eastbound / V2:Eastbound ,V1: Collision with motor vehicle in traffic / V2: Collision with motor vehicle in traffic ,V1: Passenger car / V2:Passenger car,Wet,Daylight,Cloudy,,MASSACHUSETTS TURNPIKE Rte 90 E / RAMP - RT 90 EB TO STUART STREET & HUNTI,,,PRIOR TO PRUDENTIAL TUNNEL,,234115.7521,899757.8403
3133673,BOSTON,08-Jun-2012,5:11 PM,Not Reported,2,0,0,Angle,V1: Entering traffic lane / V2:Travelling straight ahead,V1:Southbound / V2:Westbound ,V1: Collision with motor vehicle in traffic / V2: Collision with motor vehicle in traffic ,V1: Passenger car / V2:Motorcycle,Wet,Daylight,Cloudy/Rain,,MORTON STREET / LUCERNE STREET,,,,,233856,892682.5623
3133672,BOSTON,08-Jun-2012,10:55 PM,Not Reported,2,0,0,"Sideswipe, same direction",V1: Travelling straight ahead / V2:Not reported,V1:Northbound / V2:Not reported ,V1: Collision with motor vehicle in traffic / V2: Not reported ,V1: Passenger car / V2:Not reported,Dry,Dark - lighted roadway,Not Reported,,Rte 93 S,,Exit 12 on Rte 93 S,,,237620.5493,892713.0989
3243267,BOSTON,09-Jun-2012,00:00 AM,Non-fatal injury,2,2,0,Not reported,V1: Travelling straight ahead / V2:Slowing or stopped in traffic,V1:Northbound / V2:Westbound ,V1: Collision with parked motor vehicle / V2: Collision with parked motor vehicle ,"V1: Light truck(van, mini-van, panel, pickup, sport utility) with only four tires / V2:Light truck(van, mini-van, panel, pickup, sport utility) with only four tires",Dry,Daylight,Clear/Clear,DORCHESTER AVENUE / WHITTEN STREET,,,,,,236092.1251,893675.875
3128706,BOSTON,09-Jun-2012,2:21 AM,Not Reported,1,0,0,Single vehicle crash,V1: Travelling straight ahead,V1:Northbound ,V1: Collision with other movable object ,V1: Passenger car,Dry,Dark - lighted roadway,Not Reported,,RAMP - RUTHERFORD AVENUE TO RT 1 NB / Rte 1 N,,,RAMP TO ROUTE 1 NB,,235769.2332,902354.8863
3241369,BOSTON,09-Jun-2012,7:01 AM,Not Reported,2,0,0,"Sideswipe, same direction",V1: Not reported / V2:Not reported,V1:Not reported / V2:Not reported ,V1: Not reported / V2: Not reported ,V1: Not reported / V2:Not reported,Dry,Daylight,Clear,CHARLES STREET / BOYLSTON STREET,,,,,,235673.496,900314.1783
3246209,BOSTON,09-Jun-2012,11:28 AM,Not Reported,2,0,0,Not reported,V1: Not reported / V2:Not reported,V1:Not reported / V2:Not reported ,V1: Not reported / V2: Not reported ,V1: Not reported / V2:Not reported,Not reported,Not reported,Not Reported,COMMONWEALTH AVENUE / DARTMOUTH STREET,,,,,,234742.0743,900259.0507
3241385,BOSTON (CHARLESTOWN),09-Jun-2012,11:50 AM,Not Reported,2,0,0,Rear-end,V1: Travelling straight ahead / V2:Not reported,V1:Not reported / V2:Not reported ,V1: Collision with bridge / V2: Not reported ,V1: Passenger car / V2:Not reported,Dry,Dark - lighted roadway,Clear,,529 MAIN STREET,,,,,235214.2902,903789.9869
3138882,BOSTON,09-Jun-2012,12:28 PM,Not Reported,2,0,0,"Sideswipe, same direction",V1: Travelling straight ahead / V2:Changing lanes,V1:Westbound / V2:Westbound ,V1: Collision with motor vehicle in traffic / V2: Collision with motor vehicle in traffic ,"V1: Passenger car / V2:Light truck(van, mini-van, panel, pickup, sport utility) with only four tires",Dry,Daylight,Clear,,STORROW DRIVE Rte 28 S / CHARLES STREET Rte 3A N,,,MASS EYE AND EAR,,235411.4404,901619.8831
3168362,BOSTON,09-Jun-2012,1:45 PM,Property damage only (none injured),2,0,0,Single vehicle crash,V1: Changing lanes / V2:Travelling straight ahead,V1:Southbound / V2:Southbound ,V1: Collision with motor vehicle in traffic / V2: Collision with motor vehicle in traffic ,"V1: Light truck(van, mini-van, panel, pickup, sport utility) with only four tires / V2:Light truck(van, mini-van, panel, pickup, sport utility) with only four tires",Dry,Daylight,Not Reported,,COLUMBIA ROAD / BOSTON STREET,,,,,236147.4063,896760.9377
3242230,BOSTON,09-Jun-2012,3:50 PM,Non-fatal injury,2,1,0,"Sideswipe, same direction",V1: Slowing or stopped in traffic / V2:Travelling straight ahead,V1:Southbound / V2:Southbound ,V1: Collision with motor vehicle in traffic / V2: Collision with motor vehicle in traffic ,"V1: Bus (seats for more than 15 people, including driver) / V2:Passenger car",Dry,Daylight,Clear,COLUMBUS AVENUE Rte 28 S / WEST WALNUT PARK,,,,,,233110.6877,896343.8748
3128709,BOSTON,09-Jun-2012,7:46 PM,Not Reported,2,0,0,"Sideswipe, same direction",V1: Travelling straight ahead / V2:Turning left,V1:Northbound / V2:Northbound ,V1: Collision with motor vehicle in traffic / V2: Collision with motor vehicle in traffic ,V1: Passenger car / V2:Passenger car,Dry,Daylight,Clear,RAMP - STORROW DRIVE TO LEVERETT CONNECT / STORROW DRIVE Rte 28 N,,,,,,235446.4686,901669.7367
3156127,BOSTON,10-Jun-2012,00:00 AM,Property damage only (none injured),1,0,0,Single vehicle crash,V1: Not reported,V1:Northbound ,V1: Collision with tree ,V1: Passenger car,Dry,Dark - lighted roadway,Clear,,WILLIAM T MORRISSEY BOULEVARD / POPES HILL STREET,,,INBOUND BY DUNKIN DONUTS,,237240.2031,893757.7504
3243681,BOSTON,10-Jun-2012,6:00 AM,Not Reported,2,0,0,Rear-end,V1: Travelling straight ahead / V2:Not reported,V1:Northbound / V2:Not reported ,V1: Collision with motor vehicle in traffic / V2: Not reported ,V1: Passenger car / V2:Passenger car,Dry,Daylight,Clear/Clear,,28 LYON STREET,,,,,236316.0206,895210.441
3568331,BOSTON (DORCHESTER),10-Jun-2012,7:05 AM,Non-fatal injury,3,1,0,"Sideswipe, same direction",V1: Parked / V2:Parked / V3:Travelling straight ahead,V1:Not reported / V2:Not reported / V3:Northbound ,V1: Collision with parked motor vehicle / V2: Collision with parked motor vehicle / V3: Collision with parked motor vehicle ,"V1: Passenger car / V2:Light truck(van, mini-van, panel, pickup, sport utility) with only four tires / V3:Light truck(van, mini-van, panel, pickup, sport utility) with only four tires",Dry,Daylight,Clear,,368 QUINCY STREET / STANLEY STREET,,,,,235557.656,895676.3123
3567746,BOSTON (DORCHESTER),10-Jun-2012,7:15 AM,Non-fatal injury,2,2,0,Not reported,V1: Travelling straight ahead / V2:Turning left,V1:Northbound / V2:Southbound ,V1: Collision with motor vehicle in traffic / V2: Collision with motor vehicle in traffic ,V1: Passenger car / V2:Passenger car,Not reported,Not reported,Not Reported,TALBOT AVENUE / WASHINGTON STREET,,,,,,235329.9845,893393.1876
3125825,BOSTON,10-Jun-2012,9:56 AM,Not Reported,2,0,0,Angle,V1: Turning left / V2:Travelling straight ahead,V1:Eastbound / V2:Northbound ,V1: Collision with motor vehicle in traffic / V2: Collision with motor vehicle in traffic ,V1: Passenger car / V2:Passenger car,Dry,Daylight,Clear,,FRONTAGE ROAD / 400,,,ALBANY ST. EXT.,,236044.5116,899066.2647
3380404,BOSTON,10-Jun-2012,10:31 AM,Property damage only (none injured),1,0,0,Single vehicle crash,V1: Travelling straight ahead,V1:Northbound ,V1: Collision with median barrier ,V1: Passenger car,Dry,Daylight,Clear,,JOHN F FITZGERALD EXPRESSWAY Rte 93 N / RAMP - FRONTAGE ROAD TO RT 93 NB,,,,,236004.5996,898981.3905
3246336,BOSTON (SOUTH BOSTON),10-Jun-2012,1:40 PM,Non-fatal injury,2,1,0,Angle,V1: Travelling straight ahead / V2:Travelling straight ahead,V1:Eastbound / V2:Southbound ,V1: Collision with motor vehicle in traffic / V2: Collision with motor vehicle in traffic ,V1: Motorcycle / V2:Passenger car,Dry,Daylight,Clear,EAST BROADWAY / O STREET,,,,,,238796.1876,898466.6877
3243245,BOSTON (DORCHESTER),10-Jun-2012,2:30 PM,Not Reported,2,0,0,Rear-end,V1: Not reported / V2:Not reported,V1:Not reported / V2:Not reported ,V1: Not reported / V2: Not reported ,"V1: Light truck(van, mini-van, panel, pickup, sport utility) with only four tires / V2:Passenger car",Dry,Daylight,Clear,DORCHESTER AVENUE / HANCOCK STREET,,,,,,236415.7967,895386.25
3254751,BOSTON (DORCHESTER),10-Jun-2012,4:26 PM,Non-fatal injury,1,1,0,Single vehicle crash,V1: Backing,V1:Southbound ,V1: Not reported ,V1: Passenger car,Dry,Daylight,Clear/Clear,,58 NORTON STREET,,,,"P3:Pedalcyclist (bicycle, tricycle, unicycle, pedal car)",235602.7497,895124.2163
3153505,BOSTON,11-Jun-2012,00:00 AM,Property damage only (none injured),2,0,0,"Sideswipe, same direction",V1: Changing lanes / V2:Travelling straight ahead,V1:Northbound / V2:Northbound ,V1: Collision with motor vehicle in traffic / V2: Collision with motor vehicle in traffic ,"V1: Light truck(van, mini-van, panel, pickup, sport utility) with only four tires / V2:Passenger car",Dry,Dark - lighted roadway,Clear,,Rte 93 N,,Exit 27 on Rte 93 N,,,235655.07,902467.5364
3241362,BOSTON,11-Jun-2012,10:01 AM,Not Reported,2,0,0,Not reported,V1: Turning right / V2:Parked,V1:Not reported / V2:Not reported ,V1: Collision with parked motor vehicle / V2: Collision with parked motor vehicle ,V1: Not reported / V2:Passenger car,Not reported,Not reported,Not Reported,,15 SUDBURY STREET,,,,,236196.68,901307.0522
3152795,BOSTON,11-Jun-2012,10:54 AM,Non-fatal injury,3,2,0,Rear-end,V1: Slowing or stopped in traffic / V2:Slowing or stopped in traffic / V3:Travelling straight ahead,V1:Northbound / V2:Northbound / V3:Northbound ,V1: Collision with motor vehicle in traffic / V2: Collision with motor vehicle in traffic / V3: Collision with motor vehicle in traffic ,"V1: Passenger car / V2:Light truck(van, mini-van, panel, pickup, sport utility) with only four tires / V3:Passenger car",Dry,Daylight,Clear,,Rte 93 N,,Exit 11 on Rte 93 N,,,237094.7253,891674.8051
3387546,BOSTON,11-Jun-2012,2:24 PM,Non-fatal injury,2,1,0,Rear-end,V1: Travelling straight ahead / V2:Travelling straight ahead,V1:Westbound / V2:Westbound ,V1: Collision with motor vehicle in traffic / V2: Collision with motor vehicle in traffic ,"V1: Light truck(van, mini-van, panel, pickup, sport utility) with only four tires / V2:Light truck(van, mini-van, panel, pickup, sport utility) with only four tires",Dry,Daylight,Clear,MAURICE TOBIN BRIDGE Rte 1 S / RAMP - RT 1 SB FROM TOBIN BRIDGE Rte 1 S / RAMP - RT 1 SB TO RUTHERFORD AVENUE,,,,RAMP TO CANA LOOP RAMP,,236392.5847,902724.2544
3131647,BOSTON,11-Jun-2012,3:02 PM,Not Reported,3,0,0,Rear-end,V1: Slowing or stopped in traffic / V2:Slowing or stopped in traffic / V3:Slowing or stopped in traffic,V1:Eastbound / V2:Eastbound / V3:Eastbound ,V1: Collision with motor vehicle in traffic / V2: Collision with motor vehicle in traffic / V3: Collision with motor vehicle in traffic ,"V1: Passenger car / V2:Passenger car / V3:Light truck(van, mini-van, panel, pickup, sport utility) with only four tires",Dry,Daylight,Cloudy,,STORROW DRIVE,,,LEE POOL,,235411.5544,901620.2122
3153399,BOSTON,11-Jun-2012,4:14 PM,Property damage only (none injured),2,0,0,Single vehicle crash,V1: Turning left / V2:Travelling straight ahead,V1:Eastbound / V2:Westbound ,V1: Not reported / V2: Collision with tree ,V1: Passenger car / V2:Passenger car,Dry,Daylight,Not Reported,,GALLIVAN BOULEVARD Rte 203 / ALICIA ROAD,,,,,235645.547,892190.2502
3380405,BOSTON,11-Jun-2012,4:36 PM,Property damage only (none injured),2,0,0,Rear-end,V1: Slowing or stopped in traffic / V2:Travelling straight ahead,V1:Northbound / V2:Northbound ,V1: Collision with motor vehicle in traffic / V2: Collision with motor vehicle in traffic ,"V1: Light truck(van, mini-van, panel, pickup, sport utility) with only four tires / V2:Light truck(van, mini-van, panel, pickup, sport utility) with only four tires",Dry,Daylight,Clear,,MASSACHUSETTS TURNPIKE Rte 90 W / TED WILLIAMS TUNNEL,,,TED WILLIAMS TUNNEL UR68W,,239051.4028,900924.2439
3154680,BOSTON,11-Jun-2012,7:37 PM,Property damage only (none injured),4,0,0,Rear-end,V1: Travelling straight ahead / V2:Travelling straight ahead / V3:Travelling straight ahead / V4:Travelling straight ahead,V1:Southbound / V2:Southbound / V3:Southbound / V4:Southbound ,V1: Collision with motor vehicle in traffic / V2: Collision with motor vehicle in traffic / V3: Collision with motor vehicle in traffic / V4: Collision with motor vehicle in traffic ,"V1: Light truck(van, mini-van, panel, pickup, sport utility) with only four tires / V2:Single-unit truck (2-axle, 6-tire) / V3:Light truck(van, mini-van, panel, pickup, sport utility) with only four tires / V4:Light truck(van, mini-van, panel, pickup, sport utility) with only four tires",Dry,Daylight,Not Reported,,Rte 93 S,,Exit 12 on Rte 93 S,,,237620.5493,892713.0989
3241366,BOSTON (CHARLESTOWN),11-Jun-2012,7:42 PM,Not Reported,1,0,0,Unknown,V1: Not reported,V1:Not reported ,V1: Not reported ,V1: Not reported,Dry,Daylight,Clear/Clear,SULLIVAN SQUARE / CAMBRIDGE STREET,,,,,,235078.1875,903851.125
3243264,BOSTON (DORCHESTER),12-Jun-2012,1:03 AM,Unknown,1,0,0,Not reported,V1: Turning left,V1:Southbound ,V1: Collision with light pole or other post/support ,"V1: Light truck(van, mini-van, panel, pickup, sport utility) with only four tires",Not reported,Daylight,Clear,TALBOT AVENUE / DORCHESTER AVENUE,,,,,,235935.2007,892897.3591
3147478,BOSTON,12-Jun-2012,4:21 AM,Not Reported,1,0,0,Single vehicle crash,V1: Travelling straight ahead,V1:Eastbound ,V1: Collision with guardrail ,V1: Passenger car,Dry,Dark - lighted roadway,Not Reported,,323 feet S from Intersection STORROW DRIVE / RAMP - BERKELEY ST TO RT 28 NB,,,TUNNEL EXIT,,235164.0249,900748.0621
3345053,BOSTON (JAMAICA PLAIN),12-Jun-2012,5:45 AM,Property damage only (none injured),2,0,0,Not reported,V1: Travelling straight ahead / V2:Travelling straight ahead,V1:Not reported / V2:Not reported ,V1: Collision with motor vehicle in traffic / V2: Collision with motor vehicle in traffic ,V1: Passenger car / V2:Passenger car,Dry,Daylight,Clear,SOUTH HUNTINGTON AVENUE / PERKINS STREET,,,,,,231975.1096,896863.1877
3246337,BOSTON,12-Jun-2012,7:13 AM,Non-fatal injury,2,1,0,Head-on,V1: Travelling straight ahead / V2:Turning left,V1:Southbound / V2:Not reported ,V1: Not reported / V2: Not reported ,"V1: Motorcycle / V2:Light truck(van, mini-van, panel, pickup, sport utility) with only four tires",Dry,Daylight,Clear,OLD COLONY AVENUE / DAMRELL STREET,,,,,,236788.0161,898077.4141