Crash Number,City/Town Name,Crash Date,Crash Time,Crash Severity,Number of Vehicles,Total Nonfatal Injuries,Total Fatal Injuries,Manner of Collision,Vehicle Action Prior to Crash,Vehicle Travel Directions,Most Harmful Events,Vehicle Configuration,Road Surface Condition,Ambient Light,Weather Condition,At Roadway Intersection,Distance from Nearest Roadway Intersection,Distance from Nearest Milemarker,Distance from Nearest Exit,Distance from Nearest Landmark,Non Motorist Type,X Coordinate,Y Coordinate
3278925,BOSTON (DORCHESTER),12-Jun-2012,7:30 AM,Property damage only (none injured),2,0,0,Not reported,V1: Unknown / V2:Unknown,V1:Not reported / V2:Not reported ,V1: Collision with motor vehicle in traffic / V2: Collision with motor vehicle in traffic ,V1: Passenger car / V2:MOPED,Not reported,Not reported,Not Reported,PARK STREET / ADAMS STREET,,,,,,236437.8127,894408.1252
3136453,BOSTON,12-Jun-2012,12:40 PM,Not Reported,2,0,0,Angle,V1: Travelling straight ahead / V2:Travelling straight ahead,V1:Southbound / V2:Eastbound ,V1: Collision with motor vehicle in traffic / V2: Collision with motor vehicle in traffic ,"V1: Light truck(van, mini-van, panel, pickup, sport utility) with only four tires / V2:Passenger car",Dry,Daylight,Clear,,TRUMAN HIGHWAY / FAIRMOUNT AVENUE,,,,,231503.1562,889184.7498
3138956,BOSTON,12-Jun-2012,4:38 PM,Not Reported,2,0,0,Angle,V1: Changing lanes / V2:Travelling straight ahead,V1:Northbound / V2:Northbound ,V1: Collision with motor vehicle in traffic / V2: Collision with motor vehicle in traffic ,"V1: Single-unit truck (2-axle, 6-tire) / V2:Passenger car",Dry,Daylight,Clear,,Rte 93 N,Rte 93  N Milemarker 19.2,,,,234943.1459,903192.3837
3221860,BOSTON,12-Jun-2012,5:18 PM,Property damage only (none injured),2,0,0,"Sideswipe, same direction",V1: Travelling straight ahead / V2:Travelling straight ahead,V1:Eastbound / V2:Eastbound ,V1: Collision with motor vehicle in traffic / V2: Collision with motor vehicle in traffic ,V1: Passenger car / V2:Passenger car,Dry,Daylight,Cloudy,GALLIVAN BOULEVARD Rte 203 W / MORTON STREET Rte 203 E,,,,,,234631.4265,892127.267
3248983,BOSTON (ROXBURY),12-Jun-2012,5:28 PM,Non-fatal injury,2,1,0,Rear-end,V1: Travelling straight ahead / V2:Travelling straight ahead,V1:Not reported / V2:Not reported ,V1: Collision with motor vehicle in traffic / V2: Collision with motor vehicle in traffic ,V1: Passenger car / V2:Passenger car,Dry,Daylight,Clear,WARREN STREET / MARTIN LUTHER KING BOULEVARD,,,,,,234451.4216,896481.9376
3289845,BOSTON (ROSLINDALE),12-Jun-2012,5:30 PM,Property damage only (none injured),2,0,0,Rear-end,V1: Slowing or stopped in traffic / V2:Slowing or stopped in traffic,V1:Eastbound / V2:Eastbound ,V1: Unknown / V2: Unknown ,"V1: Light truck(van, mini-van, panel, pickup, sport utility) with only four tires / V2:Passenger car",Dry,Daylight,Clear,CORINTH STREET / WASHINGTON STREET,,,,,,230601.3593,892866.3749
3138874,BOSTON,12-Jun-2012,6:05 PM,Not Reported,2,0,0,Rear-end,V1: Slowing or stopped in traffic / V2:Travelling straight ahead,V1:Southbound / V2:Southbound ,V1: Collision with motor vehicle in traffic / V2: Collision with motor vehicle in traffic ,V1: Passenger car / V2:Passenger car,Dry,Dark - lighted roadway,Not Reported,,Rte 93 S,,,APPROX. 50' SOUTH OF EXIT 24,,236077.552,901982.4211
3138875,BOSTON,13-Jun-2012,00:00 AM,Not Reported,1,0,0,Single vehicle crash,V1: Leaving traffic lane,V1:Westbound ,V1: Reported but invalid ,V1: Passenger car,Wet,Dark - lighted roadway,Rain,,MASSACHUSETTS AVENUE CONNECTOR / RAMP - RT 93 TO MASSACHUSETTS AVE,,Exit 18 on Rte 93 S,HOUSE OF CORRECTIONS - SOUTH BAY,,235482.0826,898326.2979
3138883,BOSTON,13-Jun-2012,00:00 AM,Not Reported,1,0,0,Single vehicle crash,V1: Travelling straight ahead,V1:Westbound ,V1: Collision with curb ,V1: Passenger car,Wet,Dark - lighted roadway,Cloudy/Rain,,STORROW DRIVE Rte 3A N / RAMP - LEVERETT CONNECTOR TO STORROW DRI Rte 3 N,,,CHARLES ST. FOOTBRIDGE,,235431.7945,901678.6474
3153959,BOSTON,13-Jun-2012,1:55 AM,Property damage only (none injured),2,0,0,Rear-end,V1: Slowing or stopped in traffic / V2:Travelling straight ahead,V1:Northbound / V2:Northbound ,V1: Collision with motor vehicle in traffic / V2: Collision with motor vehicle in traffic ,"V1: Tractor/semi-trailer / V2:Light truck(van, mini-van, panel, pickup, sport utility) with only four tires",Dry,Dark - lighted roadway,Clear,LINCOLN STREET / ESSEX STREET / RAMP - ESSEX STREET TO RT 93 NB,,,,RAMP RT TO 93NB,,236415.2888,900300.2207
3153506,BOSTON,13-Jun-2012,5:55 AM,Property damage only (none injured),1,0,0,Single vehicle crash,V1: Travelling straight ahead,V1:Northbound ,V1: Collision with median barrier ,"V1: Light truck(van, mini-van, panel, pickup, sport utility) with only four tires",Wet,Dark - lighted roadway,Rain,,Rte 93 N,,Exit 23 on Rte 93 N,,,236957.4837,900943.9828
3150156,BOSTON,13-Jun-2012,6:32 AM,Not Reported,1,0,0,Single vehicle crash,V1: Travelling straight ahead,V1:Westbound ,V1: Other ,V1: Passenger car,Wet,Daylight,Rain,,Rte 90 W,,,,,229752.0583,900842.7985
3241382,BOSTON (CHARLESTOWN),13-Jun-2012,7:15 AM,Non-fatal injury,1,1,0,Single vehicle crash,V1: Backing,V1:Northbound ,V1: Collision with pedestrian ,V1: Passenger car,Wet,Dusk,Rain/Cloudy,,1 CHELSEA STREET,,,,P2:Pedestrian,237998.8126,902270.0623
3168431,BOSTON,13-Jun-2012,8:03 AM,Property damage only (none injured),2,0,0,"Sideswipe, same direction",V1: Travelling straight ahead / V2:Turning left,V1:Northbound / V2:Northbound ,V1: Collision with motor vehicle in traffic / V2: Collision with motor vehicle in traffic ,"V1: Light truck(van, mini-van, panel, pickup, sport utility) with only four tires / V2:Light truck(van, mini-van, panel, pickup, sport utility) with only four tires",Wet,Daylight,Cloudy/Rain,KOSCIUSZKO CIRCLE / WILLIAM DAY BOULEVARD / COLUMBIA ROAD,,,,ROTARY,,237000,896933.5626
3387547,BOSTON,13-Jun-2012,8:23 AM,Non-fatal injury,1,1,0,Single vehicle crash,V1: Travelling straight ahead,V1:Westbound ,V1: Other ,V1: Passenger car,Wet,Daylight,Rain,,Rte 90 W,Rte 90  W Milemarker 132.0,,MASS AVENUE,,232572.2182,899870.4883
3243866,BOSTON (BRIGHTON),13-Jun-2012,8:38 AM,Property damage only (none injured),2,0,0,Angle,V1: Turning left / V2:Travelling straight ahead,V1:Not reported / V2:Eastbound ,V1: Not reported / V2: Not reported ,"V1: Passenger car / V2:Light truck(van, mini-van, panel, pickup, sport utility) with only four tires",Dry,Daylight,Clear,FANEUIL STREET / GOODENOUGH STREET,,,,,,228478.1091,900633.0002
3243860,BOSTON,13-Jun-2012,9:50 AM,Non-fatal injury,1,1,0,Single vehicle crash,V1: Travelling straight ahead,V1:Not reported ,V1: Collision with pedestrian ,"V1: Light truck(van, mini-van, panel, pickup, sport utility) with only four tires",Wet,Daylight,Rain,MARKET STREET / NORTH BEACON STREET,,,,,P2:Pedestrian,228910.1562,900687.5625
3152797,BOSTON,13-Jun-2012,10:10 AM,Property damage only (none injured),3,0,0,Rear-end,V1: Slowing or stopped in traffic / V2:Slowing or stopped in traffic / V3:Slowing or stopped in traffic,V1:Northbound / V2:Northbound / V3:Northbound ,V1: Collision with motor vehicle in traffic / V2: Collision with motor vehicle in traffic / V3: Collision with motor vehicle in traffic ,"V1: Passenger car / V2:Passenger car / V3:Light truck(van, mini-van, panel, pickup, sport utility) with only four tires",Wet,Daylight,Not Reported,,Rte 93 N,,Exit 14 on Rte 93 N,,,237258.9796,894483.3974
3138886,BOSTON,13-Jun-2012,10:15 AM,Not Reported,1,0,0,Single vehicle crash,V1: Travelling straight ahead,V1:Westbound ,V1: Collision with guardrail ,V1: Passenger car,Wet,Daylight,Rain,,0 feet W from Intersection SOLDIERS FIELD ROAD / NORTH HARVARD STREET,,,,,230992.3482,902048.2872
3241383,BOSTON,13-Jun-2012,10:40 AM,Property damage only (none injured),3,0,0,Not reported,V1: Not reported / V2:Not reported / V3:Slowing or stopped in traffic,V1:Not reported / V2:Not reported / V3:Not reported ,V1: Not reported / V2: Not reported / V3: Collision with motor vehicle in traffic ,"V1: Light truck(van, mini-van, panel, pickup, sport utility) with only four tires / V2:Light truck(van, mini-van, panel, pickup, sport utility) with only four tires / V3:Light truck(van, mini-van, panel, pickup, sport utility) with only four tires",Not reported,Not reported,Not Reported,NORTH STREET / BLACKSTONE STREET,,,,,,236614.7952,901274.8408
3135617,BOSTON,13-Jun-2012,10:45 AM,Not Reported,2,0,0,Angle,V1: Changing lanes / V2:Travelling straight ahead,V1:Eastbound / V2:Eastbound ,V1: Collision with motor vehicle in traffic / V2: Collision with motor vehicle in traffic ,V1: Passenger car / V2:Passenger car,Wet,Daylight,Cloudy/Rain,RAMP - LEVERETT CIRCLE TO LEVERETT CONNE / STORROW DRIVE Rte 3A S / LEVERETT CIRCLE,,,,0 feet W from LEVERETT CIRCLE,,235616.8745,901859.5295
3138887,BOSTON,13-Jun-2012,11:24 AM,Not Reported,1,0,0,Single vehicle crash,V1: Travelling straight ahead,V1:Eastbound ,V1: Collision with guardrail ,V1: Passenger car,Wet,Daylight,Rain,,SOLDIERS FIELD ROAD,,,AFTER WEEKS FOOTBRIDGE.,,231386.6394,901949.8145
3156496,BOSTON,13-Jun-2012,11:35 AM,Property damage only (none injured),2,0,0,Angle,V1: Turning left / V2:Travelling straight ahead,V1:Northbound / V2:Northbound ,V1: Collision with motor vehicle in traffic / V2: Collision with motor vehicle in traffic ,"V1: Passenger car / V2:Light truck(van, mini-van, panel, pickup, sport utility) with only four tires",Dry,Daylight,Cloudy,FRONTAGE ROAD / MASSACHUSETTS AVENUE CONNECTOR / RAMP - FRONTAGE ROAD TO RT 93 NB,,,,MASS. AVE CONNECTOR,,235865.0173,898419.1854
3243870,BOSTON (BRIGHTON),13-Jun-2012,1:30 PM,Not Reported,2,0,0,Head-on,V1: Not reported / V2:Not reported,V1:Westbound / V2:Northbound ,V1: Not reported / V2: Not reported ,V1: Passenger car / V2:Passenger car,Wet,Daylight,Rain/Rain,BEACON STREET / CHESTNUT HILL DRIVEWAY,,,,,,,
3245279,BOSTON,13-Jun-2012,3:45 PM,Not Reported,2,0,0,Not reported,V1: Not reported / V2:Not reported,V1:Not reported / V2:Not reported ,V1: Not reported / V2: Not reported ,"V1: Light truck(van, mini-van, panel, pickup, sport utility) with only four tires / V2:Not reported",Not reported,Not reported,Not Reported,CANTERBURY STREET / NAVARRE STREET,,,,,,231502.2929,892071.9086
3143637,BOSTON,13-Jun-2012,5:15 PM,Not Reported,2,0,0,Rear-end,V1: Not reported / V2:Not reported,V1:Not reported / V2:Not reported ,V1: Not reported / V2: Not reported ,V1: Not reported / V2:Not reported,Wet,Daylight,Cloudy/Rain,,LONGFELLOW BRIDGE Rte 3 S / CHARLES STREET CIRCLE,,,LONGFELLOW BRIDGE @ CHARLES CIRC,,235333.3087,901255.6579
3152798,BOSTON,13-Jun-2012,5:23 PM,Non-fatal injury,1,2,0,Single vehicle crash,V1: Turning left,V1:Southbound ,V1: Collision with curb ,V1: Passenger car,Wet,Daylight,Not Reported,,WILLIAM T MORRISSEY BOULEVARD / POPES HILL STREET,,,STOP &AMP; SHOP,,237240.3901,893824.2472
3388449,BOSTON,13-Jun-2012,6:10 PM,Property damage only (none injured),2,0,0,Rear-end,V1: Travelling straight ahead / V2:Slowing or stopped in traffic,V1:Eastbound / V2:Eastbound ,V1: Collision with motor vehicle in traffic / V2: Collision with motor vehicle in traffic ,"V1: Single-unit truck (2-axle, 6-tire) / V2:Light truck(van, mini-van, panel, pickup, sport utility) with only four tires",Wet,Dark - lighted roadway,Rain,,MASSACHUSETTS TURNPIKE Rte 90 E / TED WILLIAMS TUNNEL,,,TWT,,239051.4028,900924.2439
3143591,BOSTON,13-Jun-2012,7:20 PM,Non-fatal injury,2,1,0,Angle,V1: Not reported / V2:Not reported,V1:Southbound / V2:Eastbound ,V1: Not reported / V2: Not reported ,V1: Passenger car / V2:Passenger car,Wet,Dusk,Cloudy,CHARLES STREET / BLOSSOM STREET,,,,,,235439.8182,901626.7041
3154596,BOSTON,13-Jun-2012,8:31 PM,Property damage only (none injured),1,0,0,Single vehicle crash,V1: Turning left,V1:Southbound ,V1: Other ,"V1: Light truck(van, mini-van, panel, pickup, sport utility) with only four tires",Wet,Dark - lighted roadway,Cloudy/Rain,STORROW DRIVE / CHARLESGATE OVERPASS,,,,,,233695.1823,900232.3919
3153507,BOSTON,13-Jun-2012,9:50 PM,Property damage only (none injured),2,0,0,Rear-end,V1: Travelling straight ahead / V2:Slowing or stopped in traffic,V1:Eastbound / V2:Eastbound ,V1: Collision with motor vehicle in traffic / V2: Collision with motor vehicle in traffic ,"V1: Light truck(van, mini-van, panel, pickup, sport utility) with only four tires / V2:Light truck(van, mini-van, panel, pickup, sport utility) with only four tires",Wet,Dark - lighted roadway,Cloudy,,MASSACHUSETTS AVENUE CONNECTOR / MASSACHUSETTS AVENUE CONNECTOR,,,MASS AVE CONNECTOR AT SUFFOLK JA,,235373.4843,898209.6498
3248987,BOSTON,14-Jun-2012,1:21 AM,Non-fatal injury,2,3,0,Angle,V1: Travelling straight ahead / V2:Travelling straight ahead,V1:Southbound / V2:Eastbound ,V1: Collision with motor vehicle in traffic / V2: Collision with motor vehicle in traffic ,V1: Passenger car / V2:Passenger car,Dry,Dark - lighted roadway,Cloudy,BLUE HILL AVENUE / INTERVALE STREET,,,,,,234564.2967,895796.7501
3221856,BOSTON,14-Jun-2012,6:35 AM,Property damage only (none injured),2,0,0,Rear-end,V1: Slowing or stopped in traffic / V2:Travelling straight ahead,V1:Southbound / V2:Southbound ,V1: Collision with motor vehicle in traffic / V2: Collision with motor vehicle in traffic ,"V1: Light truck(van, mini-van, panel, pickup, sport utility) with only four tires / V2:Passenger car",Dry,Dawn,Clear,GENERAL CASIMIR PULASKI SKYWAY Rte 93 S / RAMP - RT 93 SB TO COLUMBIA RD,,,,,,236629.6248,897168.4999
3153508,BOSTON,14-Jun-2012,7:13 AM,Property damage only (none injured),2,0,0,Angle,V1: Turning left / V2:Turning left,V1:Northbound / V2:Northbound ,V1: Collision with motor vehicle in traffic / V2: Collision with motor vehicle in traffic ,"V1: Passenger car / V2:Light truck(van, mini-van, panel, pickup, sport utility) with only four tires",Dry,Daylight,Cloudy,MASSACHUSETTS AVENUE CONNECTOR / FRONTAGE ROAD / RAMP - FRONTAGE ROAD TO RT 93 NB,,,,MASS AVE CONNECTOR,,235865.0173,898419.1854
3152799,BOSTON,14-Jun-2012,8:05 AM,Property damage only (none injured),2,0,0,Rear-end,V1: Travelling straight ahead / V2:Slowing or stopped in traffic,V1:Northbound / V2:Northbound ,V1: Collision with motor vehicle in traffic / V2: Collision with motor vehicle in traffic ,"V1: Passenger car / V2:Light truck(van, mini-van, panel, pickup, sport utility) with only four tires",Dry,Daylight,Clear,,Rte 93 N,,Exit 14 on Rte 93 N,,,237258.9796,894483.3974
3243835,BOSTON,14-Jun-2012,9:00 AM,Property damage only (none injured),2,0,0,Angle,V1: Parked / V2:Turning right,V1:Northbound / V2:Westbound ,V1: Collision with parked motor vehicle / V2: Collision with pedestrian ,"V1: Passenger car / V2:Unknown heavy truck, cannot classify",Dry,Daylight,Cloudy,,460 CAMBRIDGE STREET,,,,,229969.6938,900459.8466
3138876,BOSTON,14-Jun-2012,2:45 PM,Not Reported,3,0,0,Rear-end,V1: Slowing or stopped in traffic / V2:Slowing or stopped in traffic / V3:Travelling straight ahead,V1:Southbound / V2:Southbound / V3:Southbound ,V1: Collision with motor vehicle in traffic / V2: Collision with motor vehicle in traffic / V3: Collision with motor vehicle in traffic ,"V1: Passenger car / V2:Light truck(van, mini-van, panel, pickup, sport utility) with only four tires / V3:Light truck(van, mini-van, panel, pickup, sport utility) with only four tires",Dry,Daylight,Clear,,Rte 93 S,,Exit 20 on Rte 93 S,COLLECTOR,,236954.209,900826.9442
3154603,BOSTON,14-Jun-2012,3:18 PM,Property damage only (none injured),2,0,0,Rear-end,V1: Travelling straight ahead / V2:Slowing or stopped in traffic,V1:Southbound / V2:Southbound ,V1: Collision with motor vehicle in traffic / V2: Collision with motor vehicle in traffic ,"V1: Light truck(van, mini-van, panel, pickup, sport utility) with only four tires / V2:Light truck(van, mini-van, panel, pickup, sport utility) with only four tires",Dry,Daylight,Clear,,Rte 93 S,,Exit 16 on Rte 93 S,BOSTON ST OVERPASS,,236388.1605,897517.5198
3138877,BOSTON,14-Jun-2012,3:55 PM,Not Reported,2,0,0,Rear-end,V1: Travelling straight ahead / V2:Travelling straight ahead,V1:Eastbound / V2:Eastbound ,V1: Collision with motor vehicle in traffic / V2: Collision with motor vehicle in traffic ,"V1: Light truck(van, mini-van, panel, pickup, sport utility) with only four tires / V2:Passenger car",Dry,Daylight,Clear,,Rte 90 E,,Exit 22 on Rte 90 E,,,234741.7413,899775.696
3292135,BOSTON,14-Jun-2012,4:31 PM,Not Reported,2,0,0,Not reported,V1: Not reported / V2:Not reported,V1:Not reported / V2:Not reported ,V1: Not reported / V2: Not reported ,"V1: Light truck(van, mini-van, panel, pickup, sport utility) with only four tires / V2:Passenger car",Not reported,Not reported,Not Reported,METROPOLITAN AVENUE / KITTREDGE STREET,,,,,,230391.2811,892250.8751
3387549,BOSTON,14-Jun-2012,5:20 PM,Non-fatal injury,4,1,0,Rear-end,V1: Travelling straight ahead / V2:Slowing or stopped in traffic / V3:Slowing or stopped in traffic / V4:Slowing or stopped in traffic,V1:Northbound / V2:Northbound / V3:Northbound / V4:Northbound ,V1: Collision with motor vehicle in traffic / V2: Collision with motor vehicle in traffic / V3: Collision with motor vehicle in traffic / V4: Collision with motor vehicle in traffic ,"V1: Light truck(van, mini-van, panel, pickup, sport utility) with only four tires / V2:Passenger car / V3:Passenger car / V4:Single-unit truck (2-axle, 6-tire)",Dry,Daylight,Clear,,JOHN F FITZGERALD EXPRESSWAY Rte 93 N / RAMP - BROADWAY TO RT 93 NB,,,MOUTH OF TUNNEL,,236432.7311,899818.2465
3381434,BOSTON,14-Jun-2012,5:44 PM,Property damage only (none injured),2,0,0,Rear-end,V1: Slowing or stopped in traffic / V2:Travelling straight ahead,V1:Eastbound / V2:Eastbound ,V1: Collision with motor vehicle in traffic / V2: Collision with motor vehicle in traffic ,"V1: Passenger car / V2:Light truck(van, mini-van, panel, pickup, sport utility) with only four tires",Dry,Daylight,Clear,,CHARLESGATE OVERPASS / CHARLESGATE OVERPASS,,,STORROW DR AT KENMORE SQ,,233519.9969,900151.6288
3155220,BOSTON,14-Jun-2012,8:52 PM,Non-fatal injury,1,1,0,Single vehicle crash,V1: Travelling straight ahead,V1:Northbound ,V1: Collision with pedestrian ,V1: Passenger car,Dry,Dark - roadway not lighted,Not Reported,RIVERWAY / FRANCIS STREET,,,,,P2:Pedestrian,232080.5294,898632.4523
3138884,BOSTON,14-Jun-2012,11:54 PM,Not Reported,3,0,0,Rear-end,V1: Slowing or stopped in traffic / V2:Slowing or stopped in traffic / V3:Travelling straight ahead,V1:Southbound / V2:Southbound / V3:Southbound ,V1: Collision with motor vehicle in traffic / V2: Collision with motor vehicle in traffic / V3: Collision with motor vehicle in traffic ,V1: Passenger car / V2:Passenger car / V3:Passenger car,Dry,Dark - lighted roadway,Not Reported,,DAVID G MUGAR WAY / BEACON STREET,,,,,235194.4263,900630.1929
3153401,BOSTON,15-Jun-2012,2:04 AM,Property damage only (none injured),1,0,0,Single vehicle crash,V1: Leaving traffic lane,V1:Northbound ,V1: Collision with median barrier ,V1: Passenger car,Dry,Dark - lighted roadway,Clear,,NEPONSET AVENUE Rte 93 N,,Exit 13 on Rte 93 N,ABOVE NEPONSET OVERPASS,,237420.1414,894076.5227
3143592,BOSTON,15-Jun-2012,9:10 AM,Not Reported,2,0,0,"Sideswipe, same direction",V1: Travelling straight ahead / V2:Turning right,V1:Eastbound / V2:Eastbound ,V1: Collision with motor vehicle in traffic / V2: Collision with motor vehicle in traffic ,V1: Passenger car / V2:Passenger car,Dry,Daylight,Clear,CHARLESGATE WEST / BAY STATE ROAD,,,,,,233543.9754,900022.1832
3246207,BOSTON,15-Jun-2012,9:34 AM,Unknown,2,0,0,Unknown,V1: Turning left / V2:Travelling straight ahead,V1:Northbound / V2:Southbound ,V1: Not reported / V2: Unknown ,"V1: Light truck(van, mini-van, panel, pickup, sport utility) with only four tires / V2:Passenger car",Dry,Daylight,Clear,BEACON STREET / PARK DRIVE,,,,,,232535.3748,899651.148
3156508,BOSTON,15-Jun-2012,10:35 AM,Non-fatal injury,3,1,0,Angle,V1: Travelling straight ahead / V2:Turning left / V3:Slowing or stopped in traffic,V1:Northbound / V2:Southbound / V3:Eastbound ,V1: Collision with motor vehicle in traffic / V2: Collision with motor vehicle in traffic / V3: Collision with motor vehicle in traffic ,V1: Passenger car / V2:Passenger car / V3:Passenger car,Dry,Daylight,Not Reported,TRUMAN HIGHWAY / DANA AVENUE,,,,,,231159.8028,888909.0317
3345050,BOSTON (ROXBURY),15-Jun-2012,11:05 AM,Property damage only (none injured),2,0,0,Angle,V1: Travelling straight ahead / V2:Turning left,V1:Southbound / V2:Northbound ,V1: Collision with motor vehicle in traffic / V2: Collision with motor vehicle in traffic ,V1: Passenger car / V2:Passenger car,Dry,Daylight,Clear,COLUMBUS AVENUE / HEATH STREET,,,,,,233100.8312,897238.0956
3169244,BOSTON,15-Jun-2012,11:09 AM,Non-fatal injury,2,2,0,Rear-end,V1: Slowing or stopped in traffic / V2:Slowing or stopped in traffic,V1:Northbound / V2:Northbound ,V1: Collision with motor vehicle in traffic / V2: Collision with motor vehicle in traffic ,V1: Passenger car / V2:Passenger car,Dry,Daylight,Clear,,Rte 93 N,,Exit 13 on Rte 93 N,,,237420.1414,894076.5227
3387552,BOSTON,15-Jun-2012,11:40 AM,Property damage only (none injured),2,0,0,"Sideswipe, same direction",V1: Travelling straight ahead / V2:Other,V1:Northbound / V2:Northbound ,V1: Collision with motor vehicle in traffic / V2: Collision with motor vehicle in traffic ,"V1: Truck/trailer / V2:Single-unit truck (2-axle, 6-tire)",Dry,Daylight,Clear,,Rte 93 N,Rte 93  N Milemarker 17.1,,AREA RAMP D,,236981.7446,900635.8998
3285063,BOSTON,15-Jun-2012,12:39 PM,Property damage only (none injured),2,0,0,Angle,V1: Travelling straight ahead / V2:Backing,V1:Westbound / V2:Northbound ,V1: Collision with motor vehicle in traffic / V2: Collision with motor vehicle in traffic ,"V1: Light truck(van, mini-van, panel, pickup, sport utility) with only four tires / V2:Tractor/semi-trailer",Dry,Daylight,Clear/Clear,BEACON STREET / BERKELEY STREET,,,,,,235029.2971,900567.8748
3346850,BOSTON (JAMAICA PLAIN),15-Jun-2012,12:45 PM,Non-fatal injury,1,1,0,"Sideswipe, same direction",V1: Travelling straight ahead,V1:Not reported ,"V1: Collision with cyclist (bicycle, tricycle, unicycle, pedal car) ",V1: Not reported,Dry,Daylight,Clear/Clear,AMORY STREET / NEW MINTON STREET,,,,,"P2:Pedalcyclist (bicycle, tricycle, unicycle, pedal car)",232579.203,896070.7499
3153402,BOSTON,15-Jun-2012,1:36 PM,Property damage only (none injured),2,0,0,"Sideswipe, same direction",V1: Changing lanes / V2:Travelling straight ahead,V1:Southbound / V2:Southbound ,V1: Collision with motor vehicle in traffic / V2: Collision with motor vehicle in traffic ,"V1: Passenger car / V2:Bus (seats for more than 15 people, including driver)",Dry,Daylight,Clear,,150 feet N from Intersection GENERAL CASIMIR PULASKI SKYWAY Rte 93 S / RAMP - FREEPORT ST TO RT 93 SB,,,NEAR YALE ELECTRIC,,237124.5839,894665.8895
3138957,BOSTON,15-Jun-2012,2:00 PM,Not Reported,2,0,0,Rear-end,V1: Travelling straight ahead / V2:Slowing or stopped in traffic,V1:Southbound / V2:Southbound ,V1: Collision with motor vehicle in traffic / V2: Collision with motor vehicle in traffic ,"V1: Passenger car / V2:Bus (seats for more than 15 people, including driver)",Dry,Daylight,Clear,,Rte 93 S,,Exit 18 on Rte 93 S,,,236013.2783,899092.9981
3152907,BOSTON,15-Jun-2012,2:30 PM,Property damage only (none injured),2,0,0,Rear-end,V1: Slowing or stopped in traffic / V2:Slowing or stopped in traffic,V1:Southbound / V2:Southbound ,V1: Collision with motor vehicle in traffic / V2: Collision with motor vehicle in traffic ,"V1: Light truck(van, mini-van, panel, pickup, sport utility) with only four tires / V2:Passenger car",Dry,Daylight,Clear,,Rte 93 S,,Exit 11 on Rte 93 S,,,237076.8671,891681.5326
3175795,BOSTON,15-Jun-2012,2:55 PM,Property damage only (none injured),2,0,0,Rear-end,V1: Travelling straight ahead / V2:Changing lanes,V1:Southbound / V2:Southbound ,V1: Collision with motor vehicle in traffic / V2: Collision with motor vehicle in traffic ,"V1: Passenger car / V2:Light truck(van, mini-van, panel, pickup, sport utility) with only four tires",Dry,Daylight,Clear,,Rte 93 S,,,DYC,,236767.6302,895231.3826
3152908,BOSTON,15-Jun-2012,3:00 PM,Non-fatal injury,3,1,0,Rear-end,V1: Slowing or stopped in traffic / V2:Travelling straight ahead / V3:Travelling straight ahead,V1:Southbound / V2:Southbound / V3:Southbound ,V1: Collision with motor vehicle in traffic / V2: Collision with motor vehicle in traffic / V3: Collision with motor vehicle in traffic ,"V1: Light truck(van, mini-van, panel, pickup, sport utility) with only four tires / V2:Passenger car / V3:Light truck(van, mini-van, panel, pickup, sport utility) with only four tires",Dry,Daylight,Not Reported,,Rte 93 S,,Exit 12 on Rte 93 S,,,237620.5493,892713.0989
3289857,BOSTON (ROSLINDALE),15-Jun-2012,4:10 PM,Not Reported,2,0,0,Rear-end,V1: Unknown / V2:Parked,V1:Not reported / V2:Not reported ,V1: Not reported / V2: Not reported ,"V1: Light truck(van, mini-van, panel, pickup, sport utility) with only four tires / V2:Passenger car",Dry,Daylight,Clear,,50 CERDAN AVENUE / GLENBURNIE ROAD,,,,,229531.6251,893550.3753
3245004,BOSTON (ROSLINDALE),15-Jun-2012,5:25 PM,Non-fatal injury,2,4,0,Not reported,V1: Travelling straight ahead / V2:Turning left,V1:Westbound / V2:Westbound ,V1: Collision with motor vehicle in traffic / V2: Collision with motor vehicle in traffic ,V1: Passenger car / V2:Passenger car,Not reported,Not reported,Not Reported,AMERICAN LEGION HIGHWAY / CANTERBURY STREET,,,,,,,
3246424,BOSTON,15-Jun-2012,5:47 PM,Not Reported,1,0,0,Not reported,V1: Not reported,V1:Westbound ,V1: Not reported ,V1: Not reported,Not reported,Not reported,Not Reported,BEVERLY STREET / VALENTI WAY,,,,,,236328.9113,901693.877
3567739,BOSTON (DORCHESTER),15-Jun-2012,7:04 PM,Non-fatal injury,1,1,0,Single vehicle crash,V1: Travelling straight ahead,V1:Not reported ,V1: Not reported ,"V1: Light truck(van, mini-van, panel, pickup, sport utility) with only four tires",Dry,Daylight,Clear/Clear,DORCHESTER AVENUE / SAVIN HILL AVENUE,,,,,P2:Pedestrian,236504.0624,895925.2498
3153509,BOSTON,15-Jun-2012,7:46 PM,Property damage only (none injured),2,0,0,Rear-end,V1: Travelling straight ahead / V2:Slowing or stopped in traffic,V1:Southbound / V2:Southbound ,V1: Collision with motor vehicle in traffic / V2: Collision with motor vehicle in traffic ,"V1: Passenger car / V2:Light truck(van, mini-van, panel, pickup, sport utility) with only four tires",Dry,Daylight,Clear,RAMP - RT 1 SB TO RUTHERFORD AVENUE / RAMP - RT 1 SB FROM TOBIN BRIDGE Rte 1 S / MAURICE TOBIN BRIDGE Rte 1 S,,,,CANA SOUTHBOUND-CITY SQUARE TUNN,,236392.5847,902724.2544
3242098,BOSTON,15-Jun-2012,8:16 PM,Non-fatal injury,2,1,0,Not reported,V1: Travelling straight ahead / V2:Entering traffic lane,V1:Westbound / V2:Northbound ,V1: Unknown / V2: Unknown ,V1: Passenger car / V2:Passenger car,Not reported,Dusk,Not Reported,MAVERICK STREET / LIVERPOOL STREET,,,,,,237753.625,902413.1248