Crash Number,City/Town Name,Crash Date,Crash Time,Crash Severity,Number of Vehicles,Total Nonfatal Injuries,Total Fatal Injuries,Manner of Collision,Vehicle Action Prior to Crash,Vehicle Travel Directions,Most Harmful Events,Vehicle Configuration,Road Surface Condition,Ambient Light,Weather Condition,At Roadway Intersection,Distance from Nearest Roadway Intersection,Distance from Nearest Milemarker,Distance from Nearest Exit,Distance from Nearest Landmark,Non Motorist Type,X Coordinate,Y Coordinate
3163641,BOSTON,16-Jun-2012,1:08 AM,Not Reported,2,0,0,Rear-end,V1: Travelling straight ahead / V2:Not reported,V1:Eastbound / V2:Eastbound ,V1: Collision with bridge / V2: Not reported ,V1: Passenger car / V2:Passenger car,Not reported,Not reported,Not Reported,CONGRESS STREET / FRANKLIN STREET,,,,,,236604.7856,900669.1991
3179689,BOSTON,16-Jun-2012,3:10 AM,Not Reported,1,0,0,Single vehicle crash,V1: Travelling straight ahead,V1:Northbound ,V1: Collision with guardrail ,V1: Passenger car,Dry,Dark - lighted roadway,Clear,,WILLIAM T MORRISSEY BOULEVARD / TENEAN STREET,,,DUNKIN DONUTS,,237291.789,893699.5536
3243873,BOSTON (BRIGHTON),16-Jun-2012,3:28 AM,Non-fatal injury,2,1,0,Angle,V1: Travelling straight ahead / V2:Entering traffic lane,V1:Westbound / V2:Eastbound ,V1: Collision with motor vehicle in traffic / V2: Collision with motor vehicle in traffic ,V1: Passenger car / V2:Passenger car,Dry,Dark - lighted roadway,Clear,CAMBRIDGE STREET / SPARHAWK STREET,,,,,,229077.9064,900023.2502
3381462,BOSTON,16-Jun-2012,3:45 AM,Non-fatal injury,1,2,0,Single vehicle crash,V1: Travelling straight ahead,V1:Southbound ,V1: Collision with guardrail ,V1: Passenger car,Dry,Dark - lighted roadway,Clear,,JOHN F FITZGERALD EXPRESSWAY Rte 93 S / RAMP - COLUMBIA RD TO RT 93 SB,,,PAST EXIT 15,,236814.4059,896803.6111
3246833,BOSTON (BRIGHTON),16-Jun-2012,8:46 AM,Property damage only (none injured),2,0,0,"Sideswipe, same direction",V1: Parked / V2:Not reported,V1:Westbound / V2:Not reported ,V1: Collision with unknown movable object / V2: Not reported ,V1: Passenger car / V2:Not reported,Dry,Daylight,Clear,,145 ENGLEWOOD AVENUE,,,,,228751.031,898604.509
3143638,BOSTON,16-Jun-2012,9:30 AM,Non-fatal injury,1,1,0,Single vehicle crash,V1: Slowing or stopped in traffic,V1:Southbound ,V1: Collision with pedestrian ,V1: Passenger car,Dry,Daylight,Clear,,PARKMAN DRIVE / KELLEY CIRCLE,,,,P1:Pedestrian,231180.0939,895997.3752
3153963,BOSTON,16-Jun-2012,10:20 AM,Property damage only (none injured),2,0,0,"Sideswipe, same direction",V1: Not reported / V2:Not reported,V1:Not reported / V2:Not reported ,V1: Not reported / V2: Not reported ,V1: Passenger car / V2:Passenger car,Dry,Daylight,Not Reported,,FENWAY / BROOKLINE AVENUE,,,,,232691.9572,899212.3563
3380327,BOSTON,16-Jun-2012,11:45 AM,Property damage only (none injured),2,0,0,Rear-end,V1: Travelling straight ahead / V2:Slowing or stopped in traffic,V1:Northbound / V2:Northbound ,V1: Collision with motor vehicle in traffic / V2: Collision with motor vehicle in traffic ,"V1: Light truck(van, mini-van, panel, pickup, sport utility) with only four tires / V2:Passenger car",Dry,Daylight,Clear,,Rte 93 N,,,TIP O'NEILL TUNNEL,,,
3153510,BOSTON,16-Jun-2012,11:59 AM,Property damage only (none injured),2,0,0,Rear-end,V1: Travelling straight ahead / V2:Slowing or stopped in traffic,V1:Southbound / V2:Southbound ,V1: Collision with motor vehicle in traffic / V2: Collision with motor vehicle in traffic ,"V1: Passenger car / V2:Light truck(van, mini-van, panel, pickup, sport utility) with only four tires",Dry,Daylight,Clear,,Rte 93 S,,Exit 18 on Rte 93 S,,,236013.2783,899092.9981
3246335,BOSTON (SOUTH BOSTON),16-Jun-2012,12:19 PM,Non-fatal injury,2,1,0,Rear-end,V1: Slowing or stopped in traffic / V2:Slowing or stopped in traffic,V1:Westbound / V2:Westbound ,V1: Collision with motor vehicle in traffic / V2: Collision with motor vehicle in traffic ,"V1: Motorcycle / V2:Light truck(van, mini-van, panel, pickup, sport utility) with only four tires",Dry,Daylight,Cloudy,SOUTHAMPTON STREET / ELLERY STREET,,,,,,236409.1561,897788.0624
3155026,BOSTON,16-Jun-2012,12:30 PM,Non-fatal injury,1,1,0,Single vehicle crash,V1: Travelling straight ahead,V1:Northbound ,V1: Collision with motor vehicle in traffic ,V1: Motorcycle,Dry,Daylight,Cloudy,,Rte 93 N,,Exit 14 on Rte 93 N,,,237258.9796,894483.3974
3249440,BOSTON,16-Jun-2012,2:37 PM,Property damage only (none injured),2,0,0,Angle,V1: Entering traffic lane / V2:Travelling straight ahead,V1:Northbound / V2:Not reported ,V1: Collision with motor vehicle in traffic / V2: Collision with motor vehicle in traffic ,V1: Passenger car / V2:Passenger car,Dry,Daylight,Cloudy,WESTERN AVENUE / LITCHFIELD STREET,,,,,,229684.2526,901408.4308
3154675,BOSTON,16-Jun-2012,3:12 PM,Property damage only (none injured),4,0,0,Rear-end,V1: Travelling straight ahead / V2:Travelling straight ahead / V3:Travelling straight ahead / V4:Travelling straight ahead,V1:Southbound / V2:Southbound / V3:Southbound / V4:Southbound ,V1: Collision with motor vehicle in traffic / V2: Collision with motor vehicle in traffic / V3: Collision with motor vehicle in traffic / V4: Collision with motor vehicle in traffic ,"V1: Light truck(van, mini-van, panel, pickup, sport utility) with only four tires / V2:Passenger car / V3:Passenger car / V4:Light truck(van, mini-van, panel, pickup, sport utility) with only four tires",Dry,Daylight,Clear,,Rte 93 S,,Exit 18 on Rte 93 S,SOUTH BAY,,236013.2783,899092.9981
3380406,BOSTON,16-Jun-2012,7:00 PM,Property damage only (none injured),3,0,0,Rear-end,V1: Travelling straight ahead / V2:Slowing or stopped in traffic / V3:Slowing or stopped in traffic,V1:Northbound / V2:Northbound / V3:Northbound ,V1: Collision with motor vehicle in traffic / V2: Collision with motor vehicle in traffic / V3: Collision with motor vehicle in traffic ,V1: Passenger car / V2:Passenger car / V3:Passenger car,Dry,Daylight,Clear,,JOHN F FITZGERALD EXPRESSWAY Rte 93 N / RAMP - RT 1 NB TO TOBIN BRIDGE Rte 1 N,,,NORTH OF ZAKIM BRIDGE,,235831.3331,902301.9226
3153511,BOSTON,16-Jun-2012,9:38 PM,Property damage only (none injured),2,0,0,Angle,V1: Other / V2:Other,V1:Westbound / V2:Westbound ,V1: Collision with motor vehicle in traffic / V2: Collision with motor vehicle in traffic ,"V1: Light truck(van, mini-van, panel, pickup, sport utility) with only four tires / V2:Light truck(van, mini-van, panel, pickup, sport utility) with only four tires",Dry,Dark - lighted roadway,Clear,,EAST BOSTON EXPRESSWAY / PORTER STREET,,,TOLL PLAZA,,238107.2731,902712.5044
3153512,BOSTON,17-Jun-2012,3:05 AM,Non-fatal injury,1,1,0,Single vehicle crash,V1: Entering traffic lane,V1:Southbound ,V1: Collision with curb ,"V1: Light truck(van, mini-van, panel, pickup, sport utility) with only four tires",Dry,Dark - lighted roadway,Clear,SOUTHBOUND FRONTAGE ROAD / RAMP - RT 93 TO MASSACHUSETTS AVE / RAMP - RT 93 SB TO MASSACHUSETTS AVENUE,,,,CONNECTOR RAMP,,235775.9764,898458.5295
3246834,BOSTON,17-Jun-2012,10:27 AM,Property damage only (none injured),2,0,0,"Sideswipe, same direction",V1: Travelling straight ahead / V2:Parked,V1:Not reported / V2:Not reported ,V1: Collision with parked motor vehicle / V2: Collision with motor vehicle in traffic ,V1: Passenger car / V2:Passenger car,Dry,Daylight,Clear,,28 FANEUIL STREET,,,,,228743.8813,900586.3229
3152790,BOSTON,17-Jun-2012,11:56 AM,Property damage only (none injured),2,0,0,Rear-end,V1: Travelling straight ahead / V2:Travelling straight ahead,V1:Southbound / V2:Southbound ,V1: Collision with motor vehicle in traffic / V2: Collision with motor vehicle in traffic ,"V1: Passenger car / V2:Light truck(van, mini-van, panel, pickup, sport utility) with only four tires",Dry,Daylight,Clear,RAMP - WESTERN AVE TO SOLDIERS FIELD RD / CAMBRIDGE STREET / ALLSTON TOLL PLAZA,,,,RIVER ST. BRIDGE,,231486.5756,901224.159
3153173,BOSTON,17-Jun-2012,1:55 PM,Non-fatal injury,2,1,0,Rear-end,V1: Slowing or stopped in traffic / V2:Travelling straight ahead,V1:Northbound / V2:Northbound ,V1: Collision with motor vehicle in traffic / V2: Collision with motor vehicle in traffic ,"V1: Light truck(van, mini-van, panel, pickup, sport utility) with only four tires / V2:Light truck(van, mini-van, panel, pickup, sport utility) with only four tires",Dry,Daylight,Clear,,Rte 93 N,,Exit 16 on Rte 93 N,,,236403.9842,897524.312
3139944,BOSTON,17-Jun-2012,4:05 PM,Not Reported,1,0,0,Single vehicle crash,V1: Entering traffic lane,V1:Northbound ,V1: Reported but invalid ,"V1: Light truck(van, mini-van, panel, pickup, sport utility) with only four tires",Dry,Daylight,Clear,INTERSTATE 93 Rte 93 N / LEVERETT CONNECTOR NORTH,,,,LEVERETT CIRCLE RAMP,,234862.8756,903881.2818
3247688,BOSTON,17-Jun-2012,4:50 PM,Not Reported,2,0,0,Angle,V1: Not reported / V2:Not reported,V1:Not reported / V2:Not reported ,V1: Not reported / V2: Not reported ,V1: Not reported / V2:Motorcycle,Dry,Daylight,Clear/Clear,,529 MAIN STREET / SULLIVAN SQUARE,,,,,235095.1488,903898.9815
3499031,BOSTON (DORCHESTER),17-Jun-2012,5:14 PM,Property damage only (none injured),2,0,0,Rear-end,V1: Travelling straight ahead / V2:Slowing or stopped in traffic,V1:Not reported / V2:Not reported ,V1: Collision with motor vehicle in traffic / V2: Not reported ,V1: Other / V2:Passenger car,Dry,Daylight,Clear/Clear,FREEPORT STREET / VICTORY ROAD,,,,,,237247.5315,894302.5001
3567738,BOSTON,17-Jun-2012,5:35 PM,Non-fatal injury,1,1,0,"Sideswipe, same direction",V1: Travelling straight ahead,V1:Northbound ,V1: Collision with pedestrian ,V1: Passenger car,Dry,Daylight,Clear/Clear,DORCHESTER AVENUE / FREEPORT STREET,,,,,,236407.2345,895327.0623
3152909,BOSTON,17-Jun-2012,7:35 PM,Property damage only (none injured),2,0,0,Angle,V1: Travelling straight ahead / V2:Travelling straight ahead,V1:Southbound / V2:Southbound ,V1: Collision with motor vehicle in traffic / V2: Collision with motor vehicle in traffic ,"V1: Motorcycle / V2:Light truck(van, mini-van, panel, pickup, sport utility) with only four tires",Dry,Daylight,Clear,,Rte 93 S,,Exit 15 on Rte 93 S,,,236629.6253,897168.5001
3153179,BOSTON,17-Jun-2012,9:20 PM,Non-fatal injury,2,3,0,Rear-end,V1: Turning right / V2:Travelling straight ahead,V1:Northbound / V2:Northbound ,V1: Collision with motor vehicle in traffic / V2: Collision with motor vehicle in traffic ,"V1: Not reported / V2:Light truck(van, mini-van, panel, pickup, sport utility) with only four tires",Dry,Dark - lighted roadway,Clear,VETERANS OF FOREIGN WARS PARKWAY / LA GRANGE STREET,,,,,,227356.7344,893407.1877
3156497,BOSTON,18-Jun-2012,00:00 AM,Property damage only (none injured),2,0,0,Rear-end,V1: Travelling straight ahead / V2:Not reported,V1:Southbound / V2:Not reported ,V1: Collision with motor vehicle in traffic / V2: Not reported ,"V1: Light truck(van, mini-van, panel, pickup, sport utility) with only four tires / V2:Light truck(van, mini-van, panel, pickup, sport utility) with only four tires",Dry,Dark - lighted roadway,Clear,RAMP - RT 93 SB TO RT 90 WB / JOHN F FITZGERALD EXPRESSWAY Rte 93 S,,,Exit 20A/B on Rte 93 S,,,236954.1212,900827.5807
3153174,BOSTON,18-Jun-2012,00:00 AM,Property damage only (none injured),1,0,0,Single vehicle crash,V1: Travelling straight ahead,V1:Northbound ,V1: Collision with light pole or other post/support ,V1: Passenger car,Dry,Dark - lighted roadway,Clear,,400 feet S from Intersection FREEPORT STREET,,,,,237148.9667,894440.4502
3156498,BOSTON,18-Jun-2012,8:52 AM,Property damage only (none injured),3,0,0,"Sideswipe, same direction",V1: Changing lanes / V2:Travelling straight ahead / V3:Travelling straight ahead,V1:Southbound / V2:Southbound / V3:Southbound ,V1: Collision with motor vehicle in traffic / V2: Collision with motor vehicle in traffic / V3: Collision with motor vehicle in traffic ,"V1: Light truck(van, mini-van, panel, pickup, sport utility) with only four tires / V2:Light truck(van, mini-van, panel, pickup, sport utility) with only four tires / V3:Passenger car",Dry,Daylight,Clear,,Rte 93 S,,Exit 23 on Rte 93 S,,,236856.2793,901152.8251
3153180,BOSTON,18-Jun-2012,11:40 AM,Non-fatal injury,1,1,0,Single vehicle crash,V1: Travelling straight ahead,V1:Northbound ,V1: Collision with pedestrian ,V1: Passenger car,Dry,Daylight,Clear,,VETERANS OF FOREIGN WARS PARKWAY / COREY STREET,,,,P2:Pedestrian,227821.0467,893720.8752
3143593,BOSTON,18-Jun-2012,2:25 PM,Fatal injury,3,0,1,Angle,V1: Travelling straight ahead / V2:Turning left / V3:Travelling straight ahead,V1:Northbound / V2:Westbound / V3:Southbound ,V1: Collision with motor vehicle in traffic / V2: Collision with motor vehicle in traffic / V3: Collision with other movable object ,"V1: Motorcycle / V2:Light truck(van, mini-van, panel, pickup, sport utility) with only four tires / V3:Light truck(van, mini-van, panel, pickup, sport utility) with only four tires",Dry,Daylight,Clear,MASSACHUSETTS AVENUE Rte 2A W / RAMP - STORROW DR TO RT 2A WB,,,,,,233784.834,900223.7079
3229815,BOSTON,18-Jun-2012,2:28 PM,Non-fatal injury,2,1,0,"Sideswipe, same direction",V1: Turning right / V2:Unknown,V1:Northbound / V2:Northbound ,V1: Collision with motor vehicle in traffic / V2: Collision with motor vehicle in traffic ,"V1: Single-unit truck (2-axle, 6-tire) / V2:Bus (seats for more than 15 people, including driver)",Dry,Daylight,Clear,WARREN STREET / GASTON STREET,,,,,,234324.547,895979.2499
3153175,BOSTON,18-Jun-2012,2:40 PM,Non-fatal injury,2,2,0,Rear-end,V1: Travelling straight ahead / V2:Slowing or stopped in traffic,V1:Westbound / V2:Westbound ,V1: Collision with motor vehicle in traffic / V2: Collision with motor vehicle in traffic ,V1: Passenger car / V2:Passenger car,Dry,Daylight,Not Reported,,GALLIVAN BOULEVARD / HALLET STREET,,,,,237384.4843,892709.3752
3150159,BOSTON,18-Jun-2012,3:31 PM,Not Reported,2,0,0,Rear-end,V1: Travelling straight ahead / V2:Slowing or stopped in traffic,V1:Westbound / V2:Westbound ,V1: Collision with motor vehicle in traffic / V2: Collision with motor vehicle in traffic ,"V1: Passenger car / V2:Light truck(van, mini-van, panel, pickup, sport utility) with only four tires",Dry,Daylight,Clear,,Rte 90 W,,,,,229752.0583,900842.7985
3246911,BOSTON (CHARLESTOWN),18-Jun-2012,4:20 PM,Non-fatal injury,1,3,0,Single vehicle crash,V1: Changing lanes,V1:Southbound ,"V1: Collision with other fixed object (wall, building, tunnel, etc.) ",V1: Passenger car,"Sand, mud, dirt, oil, gravel",Daylight,Clear,,99 RUTHERFORD AVENUE,,,,,,
3246933,BOSTON (CHARLESTOWN),18-Jun-2012,5:49 PM,Non-fatal injury,2,2,0,"Sideswipe, same direction",V1: Travelling straight ahead / V2:Travelling straight ahead,V1:Northbound / V2:Northbound ,V1: Unknown non-collision / V2: Unknown non-collision ,V1: Motorcycle / V2:Motorcycle,Dry,Daylight,Clear/Unknown,,372 MAIN STREET,,,,,235471.5835,903320.3569
3380328,BOSTON,18-Jun-2012,6:00 PM,Property damage only (none injured),2,0,0,Rear-end,V1: Slowing or stopped in traffic / V2:Travelling straight ahead,V1:Westbound / V2:Westbound ,V1: Collision with motor vehicle in traffic / V2: Collision with motor vehicle in traffic ,V1: Passenger car / V2:Passenger car,Dry,Daylight,Clear,,MASSACHUSETTS TURNPIKE Rte 90 W / TED WILLIAMS TUNNEL,,,TWT,,239051.4028,900924.2439
3163430,BOSTON,19-Jun-2012,00:00 AM,Non-fatal injury,1,1,0,Head-on,V1: Turning left,V1:Southbound ,V1: Unknown ,V1: Passenger car,Dry,Daylight,Cloudy,CAMBRIDGE STREET / SPICE STREET,,,,,"P2:Pedalcyclist (bicycle, tricycle, unicycle, pedal car)",234965.6535,903759.4237
3346668,BOSTON (JAMAICA PLAIN),19-Jun-2012,2:30 AM,Not Reported,1,0,0,Single vehicle crash,V1: Turning right,V1:Westbound ,V1: Collision with fence ,V1: Passenger car,Dry,Dark - roadway not lighted,Clear,,3162 WASHINGTON STREET / IFFLEY ROAD,,,,,232890.7811,895916.1249
3229790,BOSTON,19-Jun-2012,6:15 AM,Not Reported,2,0,0,Rear-end,V1: Parked / V2:Travelling straight ahead,V1:Northbound / V2:Northbound ,V1: Collision with motor vehicle in traffic / V2: Collision with motor vehicle in traffic ,"V1: Passenger car / V2:Bus (seats for more than 15 people, including driver)",Dry,Daylight,Clear/Clear,,250 BELVIDERE STREET,,,,,,
3154604,BOSTON,19-Jun-2012,7:44 AM,Non-fatal injury,2,2,0,Head-on,V1: Travelling straight ahead / V2:Entering traffic lane,V1:Eastbound / V2:Northbound ,V1: Collision with motor vehicle in traffic / V2: Collision with motor vehicle in traffic ,"V1: Light truck(van, mini-van, panel, pickup, sport utility) with only four tires / V2:Passenger car",Dry,Daylight,Clear,,COLUMBIA ROAD / BABE RUTH PARK DRIVE,,,STRANDWAY,,237234.625,897832.8123
3254763,BOSTON (DORCHESTER),19-Jun-2012,7:46 AM,Non-fatal injury,2,1,0,Angle,V1: Turning left / V2:Travelling straight ahead,V1:Northbound / V2:Southbound ,V1: Collision with motor vehicle in traffic / V2: Collision with motor vehicle in traffic ,V1: Passenger car / V2:Passenger car,Dry,Daylight,Clear/Clear,DORCHESTER AVENUE / WASHINGTON STREET,,,,,,235635.735,891395.1854
3153368,BOSTON,19-Jun-2012,11:00 AM,Property damage only (none injured),2,0,0,"Sideswipe, same direction",V1: Changing lanes / V2:Travelling straight ahead,V1:Southbound / V2:Southbound ,V1: Collision with motor vehicle in traffic / V2: Collision with motor vehicle in traffic ,"V1: Light truck(van, mini-van, panel, pickup, sport utility) with only four tires / V2:Light truck(van, mini-van, panel, pickup, sport utility) with only four tires",Dry,Daylight,Clear,,Rte 93 S,,Exit 12 on Rte 93 S,,,237620.5493,892713.0989
3163648,BOSTON,19-Jun-2012,11:04 AM,Non-fatal injury,1,1,0,Rear-end,V1: Backing,V1:Eastbound ,V1: Collision with motor vehicle in traffic ,"V1: Light truck(van, mini-van, panel, pickup, sport utility) with only four tires",Dry,Daylight,Cloudy/Cloudy,,2 AVENUE DELAFAYETTE,,,,,,
3153965,BOSTON,19-Jun-2012,12:10 PM,Non-fatal injury,4,1,0,Rear-end,V1: Slowing or stopped in traffic / V2:Slowing or stopped in traffic / V3:Slowing or stopped in traffic / V4:Travelling straight ahead,V1:Eastbound / V2:Eastbound / V3:Eastbound / V4:Eastbound ,V1: Collision with motor vehicle in traffic / V2: Collision with motor vehicle in traffic / V3: Collision with motor vehicle in traffic / V4: Collision with motor vehicle in traffic ,"V1: Light truck(van, mini-van, panel, pickup, sport utility) with only four tires / V2:Passenger car / V3:Passenger car / V4:Passenger car",Dry,Daylight,Clear,,MORTON STREET / CANTERBURY STREET,,,,,233302.1557,893677.645
3245948,BOSTON,19-Jun-2012,1:42 PM,Property damage only (none injured),3,0,0,Rear-end,V1: Slowing or stopped in traffic / V2:Slowing or stopped in traffic / V3:Travelling straight ahead,V1:Not reported / V2:Not reported / V3:Northbound ,V1: Collision with motor vehicle in traffic / V2: Collision with motor vehicle in traffic / V3: Collision with motor vehicle in traffic ,"V1: Light truck(van, mini-van, panel, pickup, sport utility) with only four tires / V2:Passenger car / V3:Light truck(van, mini-van, panel, pickup, sport utility) with only four tires",Dry,Daylight,Clear/Clear,CONGRESS STREET / NEW CHARDON STREET,,,,,,,
3168432,BOSTON,19-Jun-2012,2:57 PM,Property damage only (none injured),2,0,0,Angle,V1: Entering traffic lane / V2:Travelling straight ahead,V1:Westbound / V2:Westbound ,V1: Collision with motor vehicle in traffic / V2: Collision with motor vehicle in traffic ,"V1: Light truck(van, mini-van, panel, pickup, sport utility) with only four tires / V2:Light truck(van, mini-van, panel, pickup, sport utility) with only four tires",Dry,Daylight,Clear,,GALLIVAN BOULEVARD / RITA ROAD,,,,,237028.0156,892625.8127
3154597,BOSTON,19-Jun-2012,3:35 PM,Property damage only (none injured),2,0,0,Angle,V1: Travelling straight ahead / V2:Travelling straight ahead,V1:Eastbound / V2:Southbound ,V1: Collision with motor vehicle in traffic / V2: Collision with motor vehicle in traffic ,"V1: Light truck(van, mini-van, panel, pickup, sport utility) with only four tires / V2:Light truck(van, mini-van, panel, pickup, sport utility) with only four tires",Dry,Daylight,Clear/Cloudy,,RIVERWAY / FRANCIS STREET,,,,,232080.5294,898632.4523
3153960,BOSTON,19-Jun-2012,3:39 PM,Property damage only (none injured),2,0,0,"Sideswipe, same direction",V1: Changing lanes / V2:Changing lanes,V1:Southbound / V2:Southbound ,V1: Collision with motor vehicle in traffic / V2: Collision with motor vehicle in traffic ,V1: Passenger car / V2:Single-unit truck (3-or-more axles),Dry,Daylight,Clear,,Rte 93 S,,Exit 18 on Rte 93 S,,,236013.2783,899092.9981
3153176,BOSTON,19-Jun-2012,3:56 PM,Property damage only (none injured),2,0,0,Rear-end,V1: Slowing or stopped in traffic / V2:Travelling straight ahead,V1:Southbound / V2:Southbound ,V1: Collision with motor vehicle in traffic / V2: Collision with motor vehicle in traffic ,"V1: Light truck(van, mini-van, panel, pickup, sport utility) with only four tires / V2:Passenger car",Dry,Daylight,Clear,,Rte 93 S,,Exit PRIOR on Rte 93 S,,,,
3154598,BOSTON,19-Jun-2012,4:58 PM,Property damage only (none injured),2,0,0,"Sideswipe, same direction",V1: Turning right / V2:Turning right,V1:Southbound / V2:Southbound ,V1: Collision with motor vehicle in traffic / V2: Collision with motor vehicle in traffic ,"V1: Light truck(van, mini-van, panel, pickup, sport utility) with only four tires / V2:Passenger car",Dry,Daylight,Clear/Cloudy,,CHARLESGATE WEST / BEACON STREET,,,,,233543.9754,900022.1832
3207192,BOSTON,19-Jun-2012,5:45 PM,Property damage only (none injured),2,0,0,"Sideswipe, same direction",V1: Turning right / V2:Entering traffic lane,V1:Eastbound / V2:Eastbound ,V1: Collision with motor vehicle in traffic / V2: Collision with motor vehicle in traffic ,"V1: Light truck(van, mini-van, panel, pickup, sport utility) with only four tires / V2:Passenger car",Dry,Daylight,Clear,,MORTON STREET / LORNA ROAD,,,,,234467.6014,892268.641
3154676,BOSTON,20-Jun-2012,00:00 AM,Property damage only (none injured),3,0,0,Rear-end,V1: Slowing or stopped in traffic / V2:Slowing or stopped in traffic / V3:Travelling straight ahead,V1:Westbound / V2:Westbound / V3:Westbound ,V1: Collision with motor vehicle in traffic / V2: Collision with motor vehicle in traffic / V3: Collision with motor vehicle in traffic ,"V1: Passenger car / V2:Light truck(van, mini-van, panel, pickup, sport utility) with only four tires / V3:Passenger car",Dry,Dark - roadway not lighted,Not Reported,,Rte 90 W,,Exit 20 on Rte 90 W,,,231452.5043,900558.3731
3152803,BOSTON,20-Jun-2012,12:30 PM,Non-fatal injury,2,1,0,Rear-end,V1: Travelling straight ahead / V2:Changing lanes,V1:Southbound / V2:Eastbound ,V1: Collision with motor vehicle in traffic / V2: Collision with motor vehicle in traffic ,"V1: Passenger car / V2:Light truck(van, mini-van, panel, pickup, sport utility) with only four tires",Dry,Daylight,Clear,,WILLIAM T MORRISSEY BOULEVARD / POPES HILL STREET,,,,,237240.2031,893757.7504
3154599,BOSTON,20-Jun-2012,12:33 PM,Non-fatal injury,2,1,0,Angle,V1: Other / V2:Turning left,V1:Eastbound / V2:Westbound ,V1: Collision with motor vehicle in traffic / V2: Collision with motor vehicle in traffic ,"V1: Passenger car / V2:Light truck(van, mini-van, panel, pickup, sport utility) with only four tires",Dry,Daylight,Clear,,MARTHA ROAD / LEVERETT CIRCLE,,,,,235616.8745,901859.5295
3154590,BOSTON,20-Jun-2012,2:20 PM,Property damage only (none injured),2,0,0,Rear-end,V1: Slowing or stopped in traffic / V2:Slowing or stopped in traffic,V1:Northbound / V2:Northbound ,V1: Collision with motor vehicle in traffic / V2: Collision with motor vehicle in traffic ,"V1: Light truck(van, mini-van, panel, pickup, sport utility) with only four tires / V2:Passenger car",Dry,Daylight,Clear,,LEVERETT CONNECTOR NORTH / INTERSTATE 93 Rte 93 N,,,,,234870.6975,903792.7293
3154600,BOSTON,20-Jun-2012,3:05 PM,Property damage only (none injured),2,0,0,Rear-end,V1: Travelling straight ahead / V2:Slowing or stopped in traffic,V1:Southbound / V2:Southbound ,V1: Collision with light pole or other post/support / V2: Collision with motor vehicle in traffic ,"V1: Light truck(van, mini-van, panel, pickup, sport utility) with only four tires / V2:Passenger car",Dry,Daylight,Clear,,RIVERWAY / AUTUMN STREET,,,,,232105.411,898811.5289
3254765,BOSTON (DORCHESTER),20-Jun-2012,5:00 PM,Not Reported,2,0,0,Angle,V1: Not reported / V2:Not reported,V1:Not reported / V2:Not reported ,V1: Not reported / V2: Not reported ,V1: Passenger car / V2:Passenger car,Dry,Daylight,Clear/Clear,,27 GRANITE AVENUE,,,,,236673.9981,892469.0744
3154679,BOSTON,20-Jun-2012,6:16 PM,Non-fatal injury,2,1,0,Rear-end,V1: Changing lanes / V2:Slowing or stopped in traffic,V1:Southbound / V2:Northbound ,V1: Collision with motor vehicle in traffic / V2: Collision with motor vehicle in traffic ,V1: Passenger car / V2:Single-unit truck (3-or-more axles),Dry,Daylight,Clear,,Rte 93 S,,Exit 24 on Rte 93 S,ZAKIM BRIDGE,,236397.1933,901565.6511
3154605,BOSTON,20-Jun-2012,6:40 PM,Non-fatal injury,2,1,0,Rear-end,V1: Travelling straight ahead / V2:Travelling straight ahead,V1:Southbound / V2:Southbound ,V1: Collision with motor vehicle in traffic / V2: Collision with motor vehicle in traffic ,V1: Passenger car / V2:Passenger car,Dry,Daylight,Clear,,Rte 93,,Exit 12 on Rte 93,,,237620.5493,892713.0989
3224318,BOSTON,20-Jun-2012,6:44 PM,Property damage only (none injured),3,0,0,Angle,V1: Travelling straight ahead / V2:Travelling straight ahead / V3:Travelling straight ahead,V1:Southbound / V2:Southbound / V3:Westbound ,V1: Collision with motor vehicle in traffic / V2: Collision with motor vehicle in traffic / V3: Collision with motor vehicle in traffic ,"V1: Passenger car / V2:Light truck(van, mini-van, panel, pickup, sport utility) with only four tires / V3:Light truck(van, mini-van, panel, pickup, sport utility) with only four tires",Dry,Daylight,Not Reported,CHARLESGATE WEST / BEACON STREET,,,,,,233543.9754,900022.1832
3156511,BOSTON,20-Jun-2012,7:15 PM,Fatal injury,2,0,1,Rear-end,V1: Slowing or stopped in traffic / V2:Slowing or stopped in traffic,V1:Southbound / V2:Southbound ,V1: Not reported / V2: Not reported ,"V1: Light truck(van, mini-van, panel, pickup, sport utility) with only four tires / V2:Motorcycle",Dry,Daylight,Not Reported,,VETERANS OF FOREIGN WARS PARKWAY / BOSTON PROVIDENCE HIGHWSY,,,DEDHAM LINE,,227371.846,890489.0083
3246027,BOSTON (SOUTH BOSTON),21-Jun-2012,1:45 AM,Property damage only (none injured),2,0,0,"Sideswipe, same direction",V1: Travelling straight ahead / V2:Changing lanes,V1:Eastbound / V2:Eastbound ,V1: Collision with motor vehicle in traffic / V2: Collision with motor vehicle in traffic ,"V1: Passenger car / V2:Light truck(van, mini-van, panel, pickup, sport utility) with only four tires",Dry,Daylight,Clear,,225 SOUTHAMPTON STREET,,,,,235797.7932,897949.3407