Crash Number,City/Town Name,Crash Date,Crash Time,Crash Severity,Number of Vehicles,Total Nonfatal Injuries,Total Fatal Injuries,Manner of Collision,Vehicle Action Prior to Crash,Vehicle Travel Directions,Most Harmful Events,Vehicle Configuration,Road Surface Condition,Ambient Light,Weather Condition,At Roadway Intersection,Distance from Nearest Roadway Intersection,Distance from Nearest Milemarker,Distance from Nearest Exit,Distance from Nearest Landmark,Non Motorist Type,X Coordinate,Y Coordinate
3153366,BOSTON,21-Jun-2012,7:55 AM,Property damage only (none injured),2,0,0,Rear-end,V1: Slowing or stopped in traffic / V2:Travelling straight ahead,V1:Westbound / V2:Westbound ,V1: Collision with motor vehicle in traffic / V2: Collision with motor vehicle in traffic ,"V1: Light truck(van, mini-van, panel, pickup, sport utility) with only four tires / V2:Passenger car",Dry,Daylight,Clear,CHARLESGATE OVERPASS / STORROW DRIVE,,,,RAMP FROM THE FENWAY,,233287.6718,900098.5623
3153515,BOSTON,21-Jun-2012,8:24 AM,Property damage only (none injured),3,0,0,"Sideswipe, same direction",V1: Changing lanes / V2:Travelling straight ahead / V3:Travelling straight ahead,V1:Eastbound / V2:Eastbound / V3:Eastbound ,V1: Collision with motor vehicle in traffic / V2: Collision with guardrail / V3: Collision with motor vehicle in traffic ,"V1: Passenger car / V2:Passenger car / V3:Light truck(van, mini-van, panel, pickup, sport utility) with only four tires",Dry,Daylight,Clear,RAMP - STORROW DRIVE TO LEVERETT CONNECT / STORROW DRIVE Rte 28 N,,,,BLOSSOM ST,,235446.4686,901669.7367
3246426,BOSTON,21-Jun-2012,9:55 AM,Property damage only (none injured),1,0,0,Not reported,V1: Not reported,V1:Not reported ,V1: Not reported ,"V1: Bus (seats for more than 15 people, including driver)",Not reported,Not reported,Not Reported,HANOVER STREET / PRINCE STREET,,,,,P2:Pedestrian,236744.5555,901629.5718
3246835,BOSTON (BRIGHTON),21-Jun-2012,11:17 AM,Not Reported,2,0,0,"Sideswipe, same direction",V1: Travelling straight ahead / V2:Parked,V1:Eastbound / V2:Not reported ,V1: Collision with motor vehicle in traffic / V2: Collision with parked motor vehicle ,V1: Not reported / V2:Not reported,Dry,Daylight,Clear/Unknown,,104 WARREN STREET,,,,,234357.1849,897451.9498
3152807,BOSTON,21-Jun-2012,11:25 AM,Property damage only (none injured),2,0,0,Angle,V1: Travelling straight ahead / V2:Travelling straight ahead,V1:Eastbound / V2:Northbound ,V1: Collision with motor vehicle in traffic / V2: Collision with motor vehicle in traffic ,"V1: Light truck(van, mini-van, panel, pickup, sport utility) with only four tires / V2:Passenger car",Dry,Daylight,Not Reported,,TRUMAN HIGHWAY / DANA AVENUE,,,,,231159.8029,888909.0317
3246334,BOSTON,21-Jun-2012,11:30 AM,Non-fatal injury,3,3,0,Rear-end,V1: Travelling straight ahead / V2:Slowing or stopped in traffic / V3:Slowing or stopped in traffic,V1:Southbound / V2:Southbound / V3:Southbound ,V1: Collision with motor vehicle in traffic / V2: Collision with motor vehicle in traffic / V3: Collision with motor vehicle in traffic ,V1: Not reported / V2:Not reported / V3:Not reported,Dry,Daylight,Clear,,965 MASSACHUSETTS AVENUE,,,,,235539.768,897712.787
3153520,BOSTON,21-Jun-2012,12:35 PM,Non-fatal injury,1,1,0,Single vehicle crash,V1: Travelling straight ahead,V1:Southbound ,V1: Collision with pedestrian ,"V1: Light truck(van, mini-van, panel, pickup, sport utility) with only four tires",Dry,Daylight,Clear,,NEPONSET VALLEY PARKWAY / CHESTERFIELD STREET,,,,P2:Pedestrian,230255.297,887850.7502
3380329,BOSTON,21-Jun-2012,12:37 PM,Property damage only (none injured),2,0,0,Rear-end,V1: Slowing or stopped in traffic / V2:Travelling straight ahead,V1:Westbound / V2:Westbound ,V1: Collision with motor vehicle in traffic / V2: Collision with motor vehicle in traffic ,V1: Passenger car / V2:Passenger car,Dry,Daylight,Clear,,460 feet W from Intersection RAMP - RT 90 WB TO RT 93/ CONGRESS STREE Rte 1A S / MASSACHUSETTS TURNPIKE Rte,,,RAMP D,,237950.9373,899701.2433
3246026,BOSTON (SOUTH BOSTON),21-Jun-2012,12:50 PM,Not Reported,2,0,0,"Sideswipe, same direction",V1: Travelling straight ahead / V2:Travelling straight ahead,V1:Not reported / V2:Not reported ,V1: Not reported / V2: Not reported ,"V1: Single-unit truck (2-axle, 6-tire) / V2:Not reported",Dry,Daylight,Clear,WEST FIRST STREET / C STREET,,,,,,237068.2654,899119.8123
3154591,BOSTON,21-Jun-2012,1:38 PM,Property damage only (none injured),3,0,0,Rear-end,V1: Travelling straight ahead / V2:Travelling straight ahead / V3:Travelling straight ahead,V1:Northbound / V2:Northbound / V3:Northbound ,V1: Collision with motor vehicle in traffic / V2: Collision with motor vehicle in traffic / V3: Collision with motor vehicle in traffic ,V1: Passenger car / V2:Passenger car / V3:Passenger car,Dry,Daylight,Clear,,Rte 93 N,Rte 93  N Milemarker 16.9,,,,236742.6233,900426.5825
3152911,BOSTON,21-Jun-2012,4:05 PM,Property damage only (none injured),2,0,0,"Sideswipe, same direction",V1: Other / V2:Travelling straight ahead,V1:Southbound / V2:Southbound ,V1: Collision with motor vehicle in traffic / V2: Collision with motor vehicle in traffic ,"V1: Light truck(van, mini-van, panel, pickup, sport utility) with only four tires / V2:Light truck(van, mini-van, panel, pickup, sport utility) with only four tires",Dry,Daylight,Clear,,WILLIAM DAY BOULEVARD,,,,,,
3154601,BOSTON,21-Jun-2012,5:47 PM,Property damage only (none injured),1,0,0,Single vehicle crash,V1: Travelling straight ahead,V1:Eastbound ,V1: Collision with highway traffic sign post ,"V1: Light truck(van, mini-van, panel, pickup, sport utility) with only four tires",Dry,Daylight,Clear,,STORROW DRIVE Rte 28 N / RAMP TO CHARLES CIRCLE,,,LONGFELLOW BRIDGE,,235227.4565,901264.9383
3244256,BOSTON,21-Jun-2012,8:58 PM,Property damage only (none injured),2,0,0,Angle,V1: Slowing or stopped in traffic / V2:Backing,V1:Westbound / V2:Northbound ,V1: Collision with motor vehicle in traffic / V2: Collision with motor vehicle in traffic ,V1: Passenger car / V2:Passenger car,Dry,Dark - lighted roadway,Clear,,COLUMBIA ROAD / DORCHESTER AVENUE,,,HESS STATION,,236535.6564,896787.6252
3155024,BOSTON,22-Jun-2012,6:50 AM,Non-fatal injury,1,1,0,"Sideswipe, opposite direction",V1: Travelling straight ahead,V1:Southbound ,"V1: Collision with cyclist (bicycle, tricycle, unicycle, pedal car) ",V1: Passenger car,Dry,Daylight,Clear,JAMAICAWAY / POND STREET,,,,,"P2:Pedalcyclist (bicycle, tricycle, unicycle, pedal car)",231573.1563,896192.375
3246593,BOSTON,22-Jun-2012,2:05 PM,Property damage only (none injured),2,0,0,"Sideswipe, same direction",V1: Travelling straight ahead / V2:Travelling straight ahead,V1:Not reported / V2:Not reported ,V1: Collision with motor vehicle in traffic / V2: Collision with motor vehicle in traffic ,"V1: Light truck(van, mini-van, panel, pickup, sport utility) with only four tires / V2:Light truck(van, mini-van, panel, pickup, sport utility) with only four tires",Dry,Daylight,Clear/Clear,HANOVER STREET / CONGRESS STREET,,,,,P3:Pedestrian,236443.1416,901319.2082
3156499,BOSTON,22-Jun-2012,2:40 PM,Non-fatal injury,2,1,0,Rear-end,V1: Slowing or stopped in traffic / V2:Travelling straight ahead,V1:Southbound / V2:Southbound ,V1: Collision with motor vehicle in traffic / V2: Collision with motor vehicle in traffic ,"V1: Light truck(van, mini-van, panel, pickup, sport utility) with only four tires / V2:Passenger car",Dry,Daylight,Clear,,Rte 93 S,,Exit 24 on Rte 93 S,,,236397.1933,901565.6511
3345834,BOSTON (ROXBURY),22-Jun-2012,3:24 PM,Non-fatal injury,2,2,0,Angle,V1: Turning left / V2:Travelling straight ahead,V1:Southbound / V2:Northbound ,V1: Collision with motor vehicle in traffic / V2: Collision with motor vehicle in traffic ,V1: Passenger car / V2:Passenger car,Dry,Daylight,Clear,WALNUT AVENUE / COLUMBUS AVENUE,,,,,,233385.0782,895956.6876
3247696,BOSTON,22-Jun-2012,4:45 PM,Non-fatal injury,1,1,0,Single vehicle crash,V1: Turning left,V1:Westbound ,V1: Not reported ,V1: Passenger car,Dry,Daylight,Clear/Clear,,HANOVER STREET,,,,P2:Pedestrian,,
3153405,BOSTON,22-Jun-2012,6:23 PM,Non-fatal injury,2,1,0,Angle,V1: Slowing or stopped in traffic / V2:Slowing or stopped in traffic,V1:Northbound / V2:Westbound ,V1: Collision with motor vehicle in traffic / V2: Collision with motor vehicle in traffic ,"V1: Light truck(van, mini-van, panel, pickup, sport utility) with only four tires / V2:Passenger car",Wet,Daylight,Rain,,COLUMBIA ROAD / RAMP - RT 93 NB TO COLUMBIA RD,,,,,236856.5941,896870.7884
3229805,BOSTON,22-Jun-2012,6:30 PM,Property damage only (none injured),2,0,0,Angle,V1: Travelling straight ahead / V2:Travelling straight ahead,V1:Eastbound / V2:Westbound ,V1: Collision with motor vehicle in traffic / V2: Collision with motor vehicle in traffic ,"V1: Bus (seats for more than 15 people, including driver) / V2:Passenger car",Wet,Dusk,Rain/Cloudy,,860 HUNTINGTON AVENUE Rte 9,,,,,232085.4764,898109.9284
3207193,BOSTON,22-Jun-2012,7:35 PM,Property damage only (none injured),2,0,0,"Sideswipe, same direction",V1: Entering traffic lane / V2:Travelling straight ahead,V1:Northbound / V2:Northbound ,V1: Collision with motor vehicle in traffic / V2: Collision with motor vehicle in traffic ,"V1: Light truck(van, mini-van, panel, pickup, sport utility) with only four tires / V2:Light truck(van, mini-van, panel, pickup, sport utility) with only four tires",Wet,Dark - lighted roadway,Rain,MORTON STREET / WILCOCK STREET,,,,,,233512.2969,893040.0627
3389258,BOSTON,22-Jun-2012,8:15 PM,Property damage only (none injured),2,0,0,"Sideswipe, same direction",V1: Travelling straight ahead / V2:Changing lanes,V1:Westbound / V2:Westbound ,V1: Collision with motor vehicle in traffic / V2: Collision with motor vehicle in traffic ,"V1: Light truck(van, mini-van, panel, pickup, sport utility) with only four tires / V2:Passenger car",Wet,Dark - lighted roadway,Rain,,STORROW DRIVE / LONGFELLOW BRIDGE,,,STORROW DR AT LONGELLOW BRIDGE,,235193.1629,901280.3507
3154592,BOSTON,22-Jun-2012,9:18 PM,Property damage only (none injured),1,0,0,Single vehicle crash,V1: Travelling straight ahead,V1:Northbound ,V1: Collision with median barrier ,V1: Passenger car,Dry,Dark - lighted roadway,Clear,,Rte 93 N,,Exit 20 on Rte 93 N,,,235935.6734,898219.8317
3153183,BOSTON,22-Jun-2012,10:20 PM,Non-fatal injury,1,1,0,Head-on,V1: Travelling straight ahead,V1:Northbound ,V1: Collision with pedestrian ,V1: Passenger car,Wet,Dark - lighted roadway,Cloudy,,MORTON STREET Rte 203 E / WILDWOOD STREET,,,,P2:Pedestrian,233898.971,892600.3974
3154593,BOSTON,22-Jun-2012,10:58 PM,Property damage only (none injured),2,0,0,Rear-end,V1: Travelling straight ahead / V2:Slowing or stopped in traffic,V1:Northbound / V2:Northbound ,V1: Collision with motor vehicle in traffic / V2: Collision with motor vehicle in traffic ,"V1: Light truck(van, mini-van, panel, pickup, sport utility) with only four tires / V2:Light truck(van, mini-van, panel, pickup, sport utility) with only four tires",Dry,Dark - lighted roadway,Clear,RAMP - FRONTAGE ROAD TO RT 93 NB / MASSACHUSETTS AVENUE CONNECTOR / FRONTAGE ROAD,,,,RAMP L,,235865.0173,898419.1854
3246575,BOSTON,22-Jun-2012,11:40 PM,Not Reported,2,0,0,Rear-end,V1: Slowing or stopped in traffic / V2:Slowing or stopped in traffic,V1:Not reported / V2:Not reported ,V1: Unknown / V2: Unknown ,V1: Passenger car / V2:Passenger car,Unknown,Dark - lighted roadway,Clear/Unknown,,ALFORD STREET Rte 99,,,,,,
3665391,BOSTON,23-Jun-2012,4:45 AM,Fatal injury,1,0,1,Single vehicle crash,V1: Not reported,V1:Not reported ,V1: Not reported ,V1: Unknown vehicle configuration,Not reported,Dark - lighted roadway,Cloudy,,920 RIVER STREET,,,,,232060.0603,890193.2571
3380407,BOSTON,23-Jun-2012,4:54 AM,Property damage only (none injured),1,0,0,"Sideswipe, same direction",V1: Travelling straight ahead,V1:Westbound ,V1: Collision with median barrier ,V1: Passenger car,Dry,Dawn,Clear,,RAMP - LEVERETT CONNECTOR TO STORROW DRI Rte 3A N / RAMP-RT 93 NB TO STORROW DRIVE Rte 3 N,,,STATION TUNNEL,,235737.4658,901871.5213
3153345,BOSTON,23-Jun-2012,8:15 AM,Property damage only (none injured),1,0,0,Single vehicle crash,V1: Travelling straight ahead,V1:Eastbound ,V1: Collision with other movable object ,"V1: Light truck(van, mini-van, panel, pickup, sport utility) with only four tires",Wet,Daylight,Rain,,Rte 90 E,,,,,227842.8014,900833.8529
3160297,BOSTON,23-Jun-2012,8:30 AM,Non-fatal injury,1,1,0,Single vehicle crash,V1: Turning right,V1:Eastbound ,V1: Collision with guardrail ,V1: Passenger car,Wet,Daylight,Cloudy/Rain,,0 feet W from Intersection SOLDIERS FIELD ROAD / NORTH HARVARD STREET,,,,,230992.3482,902048.2872
3153516,BOSTON,23-Jun-2012,8:50 AM,Property damage only (none injured),1,0,0,Single vehicle crash,V1: Travelling straight ahead,V1:Eastbound ,V1: Collision with guardrail ,"V1: Light truck(van, mini-van, panel, pickup, sport utility) with only four tires",Wet,Daylight,Rain,,STORROW DRIVE Rte 28 N / RAMP TO CHARLES CIRCLE,,,"START OF "S" CURVES""TART OF """",,235254.4626,901148.7717
3246903,BOSTON,23-Jun-2012,9:35 AM,Non-fatal injury,2,1,0,Rear-end,V1: Travelling straight ahead / V2:Travelling straight ahead,V1:Not reported / V2:Not reported ,V1: Not reported / V2: Not reported ,V1: Passenger car / V2:Passenger car,Wet,Daylight,Cloudy/Cloudy,,RUTHERFORD AVENUE,,,NEAR AUSTIN STREET,,,
3247702,BOSTON,23-Jun-2012,12:50 PM,Non-fatal injury,3,1,0,"Sideswipe, same direction",V1: Not reported / V2:Parked / V3:Not reported,V1:Not reported / V2:Not reported / V3:Not reported ,V1: Not reported / V2: Not reported / V3: Not reported ,V1: Passenger car / V2:Passenger car / V3:Not reported,Wet,Daylight,Clear,,28 MOUNT VERNON STREET,,,,,235785.7366,900961.3717
3207194,BOSTON,23-Jun-2012,5:04 PM,Property damage only (none injured),2,0,0,"Sideswipe, opposite direction",V1: Travelling straight ahead / V2:Turning left,V1:Eastbound / V2:Westbound ,V1: Collision with motor vehicle in traffic / V2: Collision with motor vehicle in traffic ,"V1: Light truck(van, mini-van, panel, pickup, sport utility) with only four tires / V2:Passenger car",Dry,Daylight,Clear,Rte 203 / WEST SELDEN STREET,,,,,,234424.4024,892301.6635
3380330,BOSTON,23-Jun-2012,6:16 PM,Property damage only (none injured),1,0,0,Head-on,V1: Travelling straight ahead,V1:Westbound ,V1: Other ,"V1: Light truck(van, mini-van, panel, pickup, sport utility) with only four tires",Wet,Daylight,Rain,RAMP - RT 90 WB TO RT 93 SB Rte 1A S / RAMP - RT 90 TO RT 93 SB Rte 1A S / RAMP - RT 90 EB TO RT 93 SB,,,,END OF D RAMP AT THE SPLIT.,,236241.5943,899807.8446
3254794,BOSTON (DORCHESTER),23-Jun-2012,7:47 PM,Property damage only (none injured),2,0,0,Not reported,V1: Travelling straight ahead / V2:Turning left,V1:Southbound / V2:Southbound ,V1: Collision with motor vehicle in traffic / V2: Collision with motor vehicle in traffic ,V1: Passenger car / V2:Passenger car,Not reported,Not reported,Not Reported,ASHMONT STREET / DORCHESTER AVENUE,,,,,,235981.2121,892919.3766
3155950,BOSTON,23-Jun-2012,8:30 PM,Property damage only (none injured),1,0,0,Angle,V1: Travelling straight ahead,V1:Westbound ,V1: Collision with motor vehicle in traffic ,V1: Passenger car,Dry,Dusk,Clear,,GALLIVAN BOULEVARD / DORCHESTER AVENUE,,,,,235804.4062,892252.5627
3289494,BOSTON,23-Jun-2012,11:54 PM,Not Reported,2,0,0,Not reported,V1: Not reported / V2:Not reported,V1:Not reported / V2:Not reported ,V1: Not reported / V2: Not reported ,V1: Passenger car / V2:Unknown vehicle configuration,Not reported,Not reported,Not Reported,BLUE HILL AVENUE / SEAVER STREET,,,,,,234238.338,895060.5463
3254768,BOSTON (DORCHESTER),24-Jun-2012,00:00 AM,Not Reported,3,0,0,Unknown,V1: Not reported / V2:Parked / V3:Parked,V1:Not reported / V2:Not reported / V3:Not reported ,V1: Not reported / V2: Not reported / V3: Not reported ,V1: Passenger car / V2:Passenger car / V3:Passenger car,Dry,Dark - lighted roadway,Clear/Cloudy,,244 GENEVA AVENUE / OLNEY STREET,,,,,235110.8439,895024.0627
3158800,BOSTON,24-Jun-2012,2:43 AM,Property damage only (none injured),1,0,0,Single vehicle crash,V1: Travelling straight ahead,V1:Eastbound ,V1: Collision with curb ,V1: Passenger car,Dry,Dark - lighted roadway,Clear,,STORROW DRIVE Rte 28 N / RAMP TO CHARLES CIRCLE,,,,,235231.0857,901309.401
3665409,BOSTON,24-Jun-2012,3:00 AM,Fatal injury,1,0,1,Not reported,V1: Travelling straight ahead,V1:Westbound ,V1: Not reported ,V1: Motorcycle,Not reported,Dawn,Clear,AMERICAN LEGION HIGHWAY / WALK HILL STREET,,,,,,232432.2186,893104.1252
3170653,BOSTON,24-Jun-2012,2:39 PM,Property damage only (none injured),2,0,0,Rear-end,V1: Travelling straight ahead / V2:Slowing or stopped in traffic,V1:Northbound / V2:Northbound ,V1: Collision with motor vehicle in traffic / V2: Collision with motor vehicle in traffic ,"V1: Light truck(van, mini-van, panel, pickup, sport utility) with only four tires / V2:Passenger car",Dry,Daylight,Clear,,Rte 93 N,,Exit 14 on Rte 93 N,,,237258.9796,894483.3974
3254772,BOSTON,24-Jun-2012,2:56 PM,Unknown,2,0,0,Not reported,V1: Backing / V2:Parked,V1:Not reported / V2:Not reported ,V1: Collision with parked motor vehicle / V2: Collision with motor vehicle in traffic ,"V1: Passenger car / V2:Light truck(van, mini-van, panel, pickup, sport utility) with only four tires",Not reported,Not reported,Not Reported,,27 MONSIGNOR PTK J LY WAY,,,,,,
3292136,BOSTON,24-Jun-2012,10:44 PM,Unknown,2,0,0,"Sideswipe, same direction",V1: Travelling straight ahead / V2:Parked,V1:Not reported / V2:Northbound ,V1: Collision with parked motor vehicle / V2: Collision with motor vehicle in traffic ,"V1: Not reported / V2:Light truck(van, mini-van, panel, pickup, sport utility) with only four tires",Dry,Dark - roadway not lighted,Clear,,26 EDGEMERE ROAD,,,,,228509.5119,890153.994
3380408,BOSTON,25-Jun-2012,1:28 AM,Property damage only (none injured),1,0,0,Single vehicle crash,V1: Other,V1:Southbound ,V1: Collision with guardrail ,V1: Passenger car,Wet,Dark - lighted roadway,Rain,RAMP - RT 1 SB FROM TOBIN BRIDGE Rte 1 S / RAMP - RUTHERFORD AVENUE TO RT 1 SB,,,,RAMP TC,,235622.1711,902249.1845
3156513,BOSTON,25-Jun-2012,3:20 AM,Non-fatal injury,2,1,0,Angle,V1: Travelling straight ahead / V2:Travelling straight ahead,V1:Westbound / V2:Northbound ,V1: Collision with motor vehicle in traffic / V2: Collision with motor vehicle in traffic ,"V1: Light truck(van, mini-van, panel, pickup, sport utility) with only four tires / V2:Light truck(van, mini-van, panel, pickup, sport utility) with only four tires",Dry,Dark - lighted roadway,Clear,,WASHINGTON STREET / NEW WASHINGTON STREET,,,,,231981.1809,894658.9213
3248988,BOSTON,25-Jun-2012,8:30 AM,Non-fatal injury,2,2,0,Not reported,V1: Travelling straight ahead / V2:Travelling straight ahead,V1:Not reported / V2:Not reported ,V1: Collision with motor vehicle in traffic / V2: Collision with motor vehicle in traffic ,"V1: Light truck(van, mini-van, panel, pickup, sport utility) with only four tires / V2:Passenger car",Not reported,Not reported,Not Reported,WASHINGTON STREET / SAINT JAMES STREET,,,,,,234018.6562,897490.0626
3170772,BOSTON,25-Jun-2012,10:35 AM,Non-fatal injury,2,1,0,Rear-end,V1: Travelling straight ahead / V2:Slowing or stopped in traffic,V1:Northbound / V2:Northbound ,V1: Collision with motor vehicle in traffic / V2: Collision with motor vehicle in traffic ,"V1: Light truck(van, mini-van, panel, pickup, sport utility) with only four tires / V2:Light truck(van, mini-van, panel, pickup, sport utility) with only four tires",Wet,Daylight,Rain,,OLD COLONY AVENUE / LOGAN WAY,,,,,236880.664,897499.8576
3251497,BOSTON,25-Jun-2012,12:14 PM,Not Reported,2,0,0,"Sideswipe, same direction",V1: Leaving traffic lane / V2:Parked,V1:Not reported / V2:Not reported ,V1: Collision with parked motor vehicle / V2: Collision with motor vehicle in traffic ,"V1: Single-unit truck (2-axle, 6-tire) / V2:Passenger car",Dry,Daylight,Clear/Clear,,1999 COMMONWEALTH AVENUE,,,,,228117.8621,898882.1701
3163124,BOSTON,25-Jun-2012,2:25 PM,Property damage only (none injured),1,0,0,Single vehicle crash,V1: Travelling straight ahead,V1:Eastbound ,V1: Collision with guardrail ,V1: Passenger car,Wet,Daylight,Rain,,STORROW DRIVE Rte 28 N / RAMP TO CHARLES CIRCLE,,,LONGFELLOW BRIDGE,,235254.512,901147.6756
3153518,BOSTON,25-Jun-2012,2:44 PM,Property damage only (none injured),2,0,0,Rear-end,V1: Travelling straight ahead / V2:Slowing or stopped in traffic,V1:Northbound / V2:Northbound ,V1: Collision with motor vehicle in traffic / V2: Collision with motor vehicle in traffic ,"V1: Passenger car / V2:Light truck(van, mini-van, panel, pickup, sport utility) with only four tires",Wet,Daylight,Clear,,STORROW DRIVE / CHARLESGATE OVERPASS,,,BOWKER OVERPASS,,233380.2919,900090.2997
3163111,BOSTON,25-Jun-2012,3:34 PM,Non-fatal injury,1,1,0,Single vehicle crash,V1: Turning left,V1:Eastbound ,V1: Collision with pedestrian ,"V1: Light truck(van, mini-van, panel, pickup, sport utility) with only four tires",Dry,Daylight,Clear,,MASSACHUSETTS AVENUE CONNECTOR / MELNEA CASS BOULEVARD,,,SOUTH  BAY  JAIL,P2:Pedestrian,235287.8805,898119.0732
3292132,BOSTON (WEST ROXBURY),25-Jun-2012,6:45 PM,Unknown,2,0,0,Angle,V1: Travelling straight ahead / V2:Slowing or stopped in traffic,V1:Westbound / V2:Southbound ,V1: Collision with motor vehicle in traffic / V2: Collision with motor vehicle in traffic ,"V1: Passenger car / V2:Light truck(van, mini-van, panel, pickup, sport utility) with only four tires",Dry,Daylight,Clear,RUSSETT ROAD / PIERPONT ROAD,,,,,,228840.0471,893388.875
3246837,BOSTON (ALLSTON),25-Jun-2012,9:03 PM,Non-fatal injury,2,1,0,Angle,V1: Travelling straight ahead / V2:Changing lanes,V1:Westbound / V2:Westbound ,V1: Collision with motor vehicle in traffic / V2: Collision with motor vehicle in traffic ,V1: Passenger car / V2:Passenger car,Dry,Dark - lighted roadway,Cloudy,,77 BRIGHTON AVENUE Rte 20,,,,,230559.7012,900299.4111
3155221,BOSTON,26-Jun-2012,00:00 AM,Non-fatal injury,2,1,0,Rear-end,V1: Travelling straight ahead / V2:Slowing or stopped in traffic,V1:Northbound / V2:Northbound ,V1: Collision with motor vehicle in traffic / V2: Collision with motor vehicle in traffic ,"V1: Light truck(van, mini-van, panel, pickup, sport utility) with only four tires / V2:Passenger car",Wet,Dark - lighted roadway,Cloudy,,CHARLESGATE OVERPASS / STORROW DRIVE,,,,,233871.7925,900214.5588
3156500,BOSTON,26-Jun-2012,9:06 AM,Property damage only (none injured),2,0,0,Rear-end,V1: Slowing or stopped in traffic / V2:Travelling straight ahead,V1:Eastbound / V2:Eastbound ,V1: Collision with motor vehicle in traffic / V2: Collision with motor vehicle in traffic ,"V1: Passenger car / V2:Light truck(van, mini-van, panel, pickup, sport utility) with only four tires",Dry,Daylight,Clear,,Rte 90 E,,,,,235750.5848,899752.0839
3155947,BOSTON,26-Jun-2012,11:55 AM,Non-fatal injury,2,1,0,Rear-end,V1: Slowing or stopped in traffic / V2:Slowing or stopped in traffic,V1:Westbound / V2:Westbound ,V1: Collision with motor vehicle in traffic / V2: Collision with motor vehicle in traffic ,V1: Passenger car / V2:Passenger car,Dry,Daylight,Clear,STORROW DRIVE / CHARLESGATE OVERPASS,,,,BOWKER OVERPASS,,233287.6718,900098.5623
3168433,BOSTON,26-Jun-2012,12:22 PM,Property damage only (none injured),2,0,0,Rear-end,V1: Slowing or stopped in traffic / V2:Travelling straight ahead,V1:Eastbound / V2:Eastbound ,V1: Collision with motor vehicle in traffic / V2: Collision with motor vehicle in traffic ,V1: Passenger car / V2:Passenger car,Dry,Daylight,Clear,COLUMBIA ROAD / POND STREET,,,,,,236286.297,896706.6877
3156501,BOSTON,26-Jun-2012,1:01 PM,Non-fatal injury,2,2,0,Angle,V1: Turning left / V2:Travelling straight ahead,V1:Northbound / V2:Northbound ,V1: Collision with motor vehicle in traffic / V2: Collision with motor vehicle in traffic ,V1: Passenger car / V2:Passenger car,Dry,Daylight,Clear,FRONTAGE ROAD / HAUL ROAD,,,,HAUL ROAD @FRONTAGE ROAD,,235950.9524,898250.4215
3246830,BOSTON,26-Jun-2012,1:13 PM,Property damage only (none injured),2,0,0,Angle,V1: Travelling straight ahead / V2:Changing lanes,V1:Westbound / V2:Southbound ,V1: Collision with motor vehicle in traffic / V2: Collision with motor vehicle in traffic ,V1: Passenger car / V2:Passenger car,Dry,Daylight,Clear,,70 SOUTHAMPTON STREET / MASSACHUSETTS AVENUE,,,,,235266.4402,898096.4559
3246564,BOSTON,26-Jun-2012,1:23 PM,Non-fatal injury,1,1,0,Single vehicle crash,V1: Turning left,V1:Not reported ,V1: Collision with pedestrian ,"V1: Light truck(van, mini-van, panel, pickup, sport utility) with only four tires",Dry,Daylight,Clear/Cloudy,SURFACE ROAD / HANOVER STREET,,,,,P2:Pedestrian,236534.4138,901389.3128
3195478,BOSTON,26-Jun-2012,1:40 PM,Non-fatal injury,1,1,0,Angle,V1: Travelling straight ahead,V1:Northbound ,"V1: Collision with cyclist (bicycle, tricycle, unicycle, pedal car) ",V1: Passenger car,Dry,Daylight,Clear,WILLIAM T MORRISSEY BOULEVARD / DOMINIC J BANCULLI BOULEVARD / UNNAMED ROAD,,,,,"P2:Pedalcyclist (bicycle, tricycle, unicycle, pedal car)",237369.7223,896004.065
3156514,BOSTON,26-Jun-2012,1:45 PM,Non-fatal injury,1,1,0,Single vehicle crash,V1: Travelling straight ahead,V1:Northbound ,V1: Collision with pedestrian ,V1: Passenger car,Dry,Daylight,Clear,,0 feet S from Intersection VETERANS OF FOREIGN WARS PARKWAY / 950 BAKER STREET,,,,P2:Pedestrian,227086.7654,893107.1872
3154681,BOSTON,26-Jun-2012,10:10 PM,Property damage only (none injured),2,0,0,Rear-end,V1: Slowing or stopped in traffic / V2:Slowing or stopped in traffic,V1:Southbound / V2:Southbound ,V1: Collision with motor vehicle in traffic / V2: Collision with motor vehicle in traffic ,V1: Passenger car / V2:Passenger car,Dry,Dark - lighted roadway,Not Reported,,Rte 93 S,,Exit 11B on Rte 93 S,KEYSTONE,,237192.6452,891943.742
3381467,BOSTON,26-Jun-2012,10:30 PM,Property damage only (none injured),2,0,0,Rear-end,V1: Travelling straight ahead / V2:Slowing or stopped in traffic,V1:Southbound / V2:Southbound ,V1: Collision with motor vehicle in traffic / V2: Collision with motor vehicle in traffic ,"V1: Passenger car / V2:Light truck(van, mini-van, panel, pickup, sport utility) with only four tires",Dry,Dark - lighted roadway,Clear,,SERGEANT WILLIAM G WALSH EXPRESSWAY Rte 93 S,,,,,237335.4976,892200.1975
3155224,BOSTON,27-Jun-2012,8:25 AM,Property damage only (none injured),2,0,0,Rear-end,V1: Slowing or stopped in traffic / V2:Changing lanes,V1:Not reported / V2:Northbound ,V1: Collision with motor vehicle in traffic / V2: Collision with motor vehicle in traffic ,"V1: Light truck(van, mini-van, panel, pickup, sport utility) with only four tires / V2:Light truck(van, mini-van, panel, pickup, sport utility) with only four tires",Dry,Daylight,Cloudy,,WILLIAM T MORRISSEY BOULEVARD,,,NEPONSET CIRCLE,,237696.0819,892924.3425
3208034,BOSTON,27-Jun-2012,9:45 AM,Non-fatal injury,4,1,0,Rear-end,V1: Travelling straight ahead / V2:Slowing or stopped in traffic / V3:Slowing or stopped in traffic / V4:Slowing or stopped in traffic,V1:Eastbound / V2:Eastbound / V3:Eastbound / V4:Eastbound ,V1: Collision with motor vehicle in traffic / V2: Collision with motor vehicle in traffic / V3: Collision with motor vehicle in traffic / V4: Collision with motor vehicle in traffic ,"V1: Passenger car / V2:Light truck(van, mini-van, panel, pickup, sport utility) with only four tires / V3:Passenger car / V4:Passenger car",Dry,Daylight,Not Reported,,SOLDIERS FIELD ROAD / RAMP - WESTERN AVE TO SOLDIERS FIELD RD,,,RIVER STREET BRIDGE OVERPASS,,231496.0885,901236.8073
3191243,BOSTON,27-Jun-2012,9:50 AM,Non-fatal injury,2,1,0,Angle,V1: Travelling straight ahead / V2:Travelling straight ahead,V1:Southbound / V2:Eastbound ,V1: Collision with motor vehicle in traffic / V2: Collision with motor vehicle in traffic ,"V1: Light truck(van, mini-van, panel, pickup, sport utility) with only four tires / V2:Light truck(van, mini-van, panel, pickup, sport utility) with only four tires",Dry,Daylight,Clear,GALLIVAN BOULEVARD / OAKRIDGE STREET,,,,,,235078.9376,892049.5623
3195428,BOSTON,27-Jun-2012,10:35 AM,Property damage only (none injured),2,0,0,"Sideswipe, same direction",V1: Entering traffic lane / V2:Travelling straight ahead,V1:Northbound / V2:Northbound ,V1: Collision with motor vehicle in traffic / V2: Collision with motor vehicle in traffic ,"V1: Passenger car / V2:Light truck(van, mini-van, panel, pickup, sport utility) with only four tires",Dry,Daylight,Clear,,Rte 93 N,,Exit 11 on Rte 93 N,,,237094.7253,891674.8051
3380409,BOSTON,27-Jun-2012,3:40 PM,Property damage only (none injured),2,0,0,Rear-end,V1: Travelling straight ahead / V2:Slowing or stopped in traffic,V1:Northbound / V2:Northbound ,V1: Not reported / V2: Not reported ,"V1: Light truck(van, mini-van, panel, pickup, sport utility) with only four tires / V2:Light truck(van, mini-van, panel, pickup, sport utility) with only four tires",Dry,Daylight,Clear,,RAMP - RT 1 NB TO TOBIN BRIDGE Rte 1 N,,,CANA TUNNEL NORTH,,235927.7753,902274.5505
3380431,BOSTON,27-Jun-2012,3:50 PM,Property damage only (none injured),2,0,0,Rear-end,V1: Travelling straight ahead / V2:Slowing or stopped in traffic,V1:Northbound / V2:Northbound ,V1: Collision with motor vehicle in traffic / V2: Collision with motor vehicle in traffic ,"V1: Passenger car / V2:Light truck(van, mini-van, panel, pickup, sport utility) with only four tires",Dry,Daylight,Clear,,Rte 93 N / RAMP - RT 93 NB TO NORTH STREET,,,SOUTH OF EXIT 23,,236973.3749,900888.8366
3254797,BOSTON (DORCHESTER),27-Jun-2012,5:13 PM,Not Reported,2,0,0,Angle,V1: Unknown / V2:Unknown,V1:Not reported / V2:Not reported ,V1: Not reported / V2: Not reported ,"V1: Light truck(van, mini-van, panel, pickup, sport utility) with only four tires / V2:Light truck(van, mini-van, panel, pickup, sport utility) with only four tires",Dry,Daylight,Clear/Clear,HANCOCK STREET / DEWOLF STREET,,,,,,236198.6191,895626.9494
3254733,BOSTON (DORCHESTER),27-Jun-2012,5:16 PM,Non-fatal injury,2,1,0,"Sideswipe, same direction",V1: Parked / V2:Not reported,V1:Not reported / V2:Not reported ,V1: Collision with motor vehicle in traffic / V2: Not reported ,V1: Passenger car / V2:Passenger car,Dry,Daylight,Cloudy/Cloudy,,22 TRULL STREET / HANCOCK STREET,,,,,,
3291929,BOSTON (ROSLINDALE),27-Jun-2012,5:22 PM,Non-fatal injury,2,1,0,Head-on,V1: Travelling straight ahead / V2:Turning left,V1:Northbound / V2:Southbound ,V1: Unknown / V2: Unknown ,V1: Motorcycle / V2:Passenger car,Wet,Daylight,Rain,,4600 WASHINGTON STREET,,,,,229754.2626,891827.0097
3292131,BOSTON (WEST ROXBURY),27-Jun-2012,5:27 PM,Not Reported,2,0,0,Not reported,V1: Not reported / V2:Not reported,V1:Not reported / V2:Not reported ,V1: Not reported / V2: Not reported ,"V1: Light truck(van, mini-van, panel, pickup, sport utility) with only four tires / V2:Passenger car",Not reported,Not reported,Not Reported,,5343 WASHINGTON STREET,,,,,227964.8741,889792.1105
3157437,BOSTON,27-Jun-2012,7:40 PM,Property damage only (none injured),2,0,0,"Sideswipe, same direction",V1: Travelling straight ahead / V2:Changing lanes,V1:Southbound / V2:Southbound ,V1: Collision with motor vehicle in traffic / V2: Collision with motor vehicle in traffic ,"V1: Passenger car / V2:Single-unit truck (2-axle, 6-tire)",Dry,Daylight,Clear,,Rte 93 S,,Exit 15 on Rte 93,,,236629.6253,897168.5001
3249562,BOSTON,27-Jun-2012,9:19 PM,Non-fatal injury,2,1,0,Angle,V1: Turning left / V2:Turning left,V1:Northbound / V2:Northbound ,V1: Collision with motor vehicle in traffic / V2: Collision with motor vehicle in traffic ,V1: Passenger car / V2:Passenger car,Dry,Dark - lighted roadway,Clear,HAMPDEN STREET / MELNEA CASS BOULEVARD,,,,,,235042.1094,897943.1877
3390288,BOSTON,27-Jun-2012,10:04 PM,Property damage only (none injured),2,0,0,Rear-end,V1: Slowing or stopped in traffic / V2:Slowing or stopped in traffic,V1:Not reported / V2:Not reported ,V1: Collision with motor vehicle in traffic / V2: Collision with motor vehicle in traffic ,"V1: Passenger car / V2:Light truck(van, mini-van, panel, pickup, sport utility) with only four tires",Dry,Dark - lighted roadway,Not Reported,,MORTON STREET Rte 203 / BLUE HILL AVENUE,,,,,233701.9844,892720.8122
3246894,BOSTON,27-Jun-2012,11:05 PM,Property damage only (none injured),1,0,0,Single vehicle crash,V1: Travelling straight ahead,V1:Eastbound ,V1: Not reported ,V1: Not reported,Dry,Dark - lighted roadway,Clear,,112 FANEUIL STREET,,,,,228407.2154,900638.8471
3381464,BOSTON,28-Jun-2012,7:22 AM,Property damage only (none injured),2,0,0,Rear-end,V1: Travelling straight ahead / V2:Slowing or stopped in traffic,V1:Northbound / V2:Northbound ,V1: Collision with motor vehicle in traffic / V2: Collision with motor vehicle in traffic ,"V1: Light truck(van, mini-van, panel, pickup, sport utility) with only four tires / V2:Passenger car",Dry,Daylight,Clear,,Rte UNKNOW,,,NEPONSET CIRCLE,,237666.7677,893003.4688