Crash Number,City/Town Name,Crash Date,Crash Time,Crash Severity,Number of Vehicles,Total Nonfatal Injuries,Total Fatal Injuries,Manner of Collision,Vehicle Action Prior to Crash,Vehicle Travel Directions,Most Harmful Events,Vehicle Configuration,Road Surface Condition,Ambient Light,Weather Condition,At Roadway Intersection,Distance from Nearest Roadway Intersection,Distance from Nearest Milemarker,Distance from Nearest Exit,Distance from Nearest Landmark,Non Motorist Type,X Coordinate,Y Coordinate
3155392,BOSTON,28-Jun-2012,7:45 AM,Property damage only (none injured),2,0,0,"Sideswipe, same direction",V1: Travelling straight ahead / V2:Changing lanes,V1:Eastbound / V2:Eastbound ,V1: Collision with motor vehicle in traffic / V2: Collision with motor vehicle in traffic ,V1: Passenger car / V2:Passenger car,Dry,Daylight,Clear,,RIVERWAY / RIVERWAY,,,WHEELOCK COLLEGE,,232446.9263,899184.1419
3156502,BOSTON,28-Jun-2012,8:32 AM,Non-fatal injury,3,1,0,Rear-end,V1: Slowing or stopped in traffic / V2:Slowing or stopped in traffic / V3:Slowing or stopped in traffic,V1:Southbound / V2:Southbound / V3:Southbound ,V1: Collision with motor vehicle in traffic / V2: Collision with motor vehicle in traffic / V3: Collision with motor vehicle in traffic ,V1: Passenger car / V2:Passenger car / V3:Passenger car,Dry,Daylight,Clear,,SUMNER TUNNEL / RAMP - SUMNER TUNNEL TO MARKET STREET,,,,,236652.6955,901439.7832
3169245,BOSTON,28-Jun-2012,8:35 AM,Property damage only (none injured),2,0,0,Single vehicle crash,V1: Turning left / V2:Turning left,V1:Eastbound / V2:Eastbound ,V1: Not reported / V2: Collision with guardrail ,"V1: Light truck(van, mini-van, panel, pickup, sport utility) with only four tires / V2:Truck/trailer",Dry,Daylight,Clear,,WILLIAM T MORRISSEY BOULEVARD / CONLEY STREET,,,MORRISSEY BLVD @ DUNKIN DONUTS,,237302.4534,893745.454
3242537,BOSTON,28-Jun-2012,4:17 PM,Non-fatal injury,3,1,0,Rear-end,V1: Slowing or stopped in traffic / V2:Slowing or stopped in traffic / V3:Slowing or stopped in traffic,V1:Southbound / V2:Southbound / V3:Southbound ,V1: Collision with motor vehicle in traffic / V2: Collision with motor vehicle in traffic / V3: Collision with motor vehicle in traffic ,"V1: Light truck(van, mini-van, panel, pickup, sport utility) with only four tires / V2:Passenger car / V3:Light truck(van, mini-van, panel, pickup, sport utility) with only four tires",Dry,Daylight,Clear,,JAMAICAWAY / BYNNER STREET,,,,,231761.9221,897172.3749
3254830,BOSTON (DORCHESTER),28-Jun-2012,4:40 PM,Property damage only (none injured),1,0,0,Single vehicle crash,V1: Turning left,V1:Eastbound ,V1: Collision with pedestrian ,V1: Passenger car,Dry,Daylight,Clear/Clear,ADAMS STREET / LINDEN STREET,,,,,P2:Pedestrian,236154.1565,895080.4375
3245951,BOSTON,28-Jun-2012,4:51 PM,Not Reported,2,0,0,Unknown,V1: Backing / V2:Travelling straight ahead,V1:Not reported / V2:Not reported ,V1: Not reported / V2: Not reported ,V1: Passenger car / V2:Not reported,Dry,Daylight,Clear,,317 HANOVER STREET,,,,,236724.9584,901605.8178
3245954,BOSTON,28-Jun-2012,6:00 PM,Non-fatal injury,2,1,0,Rear-end,V1: Slowing or stopped in traffic / V2:Travelling straight ahead,V1:Not reported / V2:Not reported ,V1: Not reported / V2: Not reported ,"V1: Passenger car / V2:Light truck(van, mini-van, panel, pickup, sport utility) with only four tires",Dry,Daylight,Clear/Cloudy,,90 CAMBRIDGE STREET,,,,,236028.5391,901276.9298
3254831,BOSTON (DORCHESTER),28-Jun-2012,6:02 PM,Property damage only (none injured),1,0,0,Not reported,V1: Travelling straight ahead,V1:Not reported ,"V1: Collision with cyclist (bicycle, tricycle, unicycle, pedal car) ",V1: Passenger car,Not reported,Not reported,Not Reported,SOUTH MUNROE TERRACE / NEPONSET AVENUE,,,,,"P2:Pedalcyclist (bicycle, tricycle, unicycle, pedal car)",237057.8124,893686.8749
3163099,BOSTON,28-Jun-2012,6:30 PM,Property damage only (none injured),2,0,0,"Sideswipe, same direction",V1: Travelling straight ahead / V2:Travelling straight ahead,V1:Westbound / V2:Westbound ,V1: Collision with motor vehicle in traffic / V2: Collision with motor vehicle in traffic ,V1: Passenger car / V2:Passenger car,Dry,Daylight,Clear,,MASSACHUSETTS TURNPIKE Rte 90 W / ALLSTON TOLL PLAZA,,Exit 19 on Rte 90 W,,,230689.9045,900776.5094
3246180,BOSTON,28-Jun-2012,7:54 PM,Property damage only (none injured),2,0,0,Angle,V1: Slowing or stopped in traffic / V2:Turning left,V1:Southbound / V2:Westbound ,V1: Collision with motor vehicle in traffic / V2: Collision with motor vehicle in traffic ,"V1: Light truck(van, mini-van, panel, pickup, sport utility) with only four tires / V2:Bus (seats for more than 15 people, including driver)",Dry,Dark - lighted roadway,Clear,SEAPORT LANE / CONGRESS STREET,,,,,,237776.8437,899890.827
3167731,BOSTON,28-Jun-2012,8:32 PM,Property damage only (none injured),2,0,0,"Sideswipe, same direction",V1: Turning right / V2:Travelling straight ahead,V1:Eastbound / V2:Eastbound ,V1: Not reported / V2: Not reported ,V1: Passenger car / V2:Passenger car,Dry,Dark - lighted roadway,Not Reported,Rte 203 / NORFOLK STREET,,,,,,234060.8593,892425.8127
3155951,BOSTON,28-Jun-2012,10:15 PM,Property damage only (none injured),3,0,0,Rear-end,V1: Not reported / V2:Not reported / V3:Not reported,V1:Not reported / V2:Not reported / V3:Not reported ,V1: Not reported / V2: Not reported / V3: Not reported ,V1: Not reported / V2:Not reported / V3:Not reported,Dry,Dark - lighted roadway,Not Reported,,Rte 93 S,,Exit 15 on Rte 93 S,OFF RAMP,,236629.6253,897168.5001
3175796,BOSTON,28-Jun-2012,10:50 PM,Property damage only (none injured),3,0,0,Rear-end,V1: Travelling straight ahead / V2:Travelling straight ahead / V3:Travelling straight ahead,V1:Southbound / V2:Southbound / V3:Southbound ,V1: Collision with motor vehicle in traffic / V2: Collision with motor vehicle in traffic / V3: Collision with motor vehicle in traffic ,"V1: Light truck(van, mini-van, panel, pickup, sport utility) with only four tires / V2:Passenger car / V3:Passenger car",Dry,Dark - lighted roadway,Clear,,Rte 93 S,,Exit 12 on Rte 93 S,,,237620.5493,892713.0989
3245005,BOSTON,29-Jun-2012,2:55 AM,Unknown,3,0,0,"Sideswipe, opposite direction",V1: Travelling straight ahead / V2:Parked / V3:Travelling straight ahead,V1:Northbound / V2:Southbound / V3:Northbound ,V1: Collision with parked motor vehicle / V2: Collision with motor vehicle in traffic / V3: Collision with parked motor vehicle ,"V1: Passenger car / V2:Light truck(van, mini-van, panel, pickup, sport utility) with only four tires / V3:Light truck(van, mini-van, panel, pickup, sport utility) with only four tires",Dry,Dark - roadway not lighted,Clear,,167 BEAVER STREET,,,,,230363.3794,889431.5948
3387553,BOSTON,29-Jun-2012,6:52 AM,Property damage only (none injured),2,0,0,"Sideswipe, same direction",V1: Travelling straight ahead / V2:Travelling straight ahead,V1:Southbound / V2:Southbound ,V1: Collision with motor vehicle in traffic / V2: Collision with motor vehicle in traffic ,"V1: Light truck(van, mini-van, panel, pickup, sport utility) with only four tires / V2:Passenger car",Dry,Daylight,Cloudy,RAMP - LEVERETT CIRCLE TO RT 93 SB Rte 3 S / JOHN F FITZGERALD EXPRESSWAY Rte 93 S,,,,AFTER ZAKIM BRIDGE,,236192.3118,901840.5409
3245690,BOSTON,29-Jun-2012,8:05 AM,Non-fatal injury,2,2,0,Single vehicle crash,V1: Travelling straight ahead / V2:Turning left,V1:Not reported / V2:Not reported ,V1: Collision with motor vehicle in traffic / V2: Collision with motor vehicle in traffic ,"V1: Motorcycle / V2:Light truck(van, mini-van, panel, pickup, sport utility) with only four tires",Wet,Daylight,Rain/Rain,CAUSEWAY STREET / MEDFORD STREET,,,,,"P3:Pedalcyclist (bicycle, tricycle, unicycle, pedal car)",236289.5308,901859.999
3346658,BOSTON (JAMAICA PLAIN),29-Jun-2012,9:49 AM,Property damage only (none injured),3,0,0,"Sideswipe, same direction",V1: Travelling straight ahead / V2:Not reported / V3:Not reported,V1:Southbound / V2:Not reported / V3:Not reported ,V1: Collision with parked motor vehicle / V2: Not reported / V3: Not reported ,"V1: Motorcycle / V2:Light truck(van, mini-van, panel, pickup, sport utility) with only four tires / V3:Passenger car",Wet,Daylight,Cloudy/Rain,,3195 WASHINGTON STREET,,,,,232859.2829,895871.4223
3160179,BOSTON,29-Jun-2012,10:10 AM,Property damage only (none injured),1,0,0,Single vehicle crash,V1: Travelling straight ahead,V1:Westbound ,V1: Collision with guardrail ,V1: Passenger car,Dry,Daylight,Clear,,SOLDIERS FIELD ROAD / RAMP - SOLDIERS FIELD WB TO N HARVARD ST,,,PRIOR TO N HARVARD STREET,,231212.3739,901998.2037
3251201,BOSTON,29-Jun-2012,10:12 AM,Non-fatal injury,1,1,0,Single vehicle crash,V1: Travelling straight ahead,V1:Northbound ,"V1: Collision with other fixed object (wall, building, tunnel, etc.) ",V1: MOPED,Wet,Daylight,Cloudy,,74 SOUTH HUNTINGTON AVENUE,,,,,232039.7545,897793.3409
3191049,BOSTON,29-Jun-2012,10:30 AM,Property damage only (none injured),1,0,0,Rear-end,V1: Entering traffic lane,V1:Southbound ,V1: Collision with motor vehicle in traffic ,V1: Passenger car,Dry,Daylight,Clear,,Rte 93 S,,Exit 11 on Rte 93 S,,,237076.8671,891681.5326
3156503,BOSTON,29-Jun-2012,11:02 AM,Property damage only (none injured),2,0,0,Angle,V1: Changing lanes / V2:Travelling straight ahead,V1:Westbound / V2:Southbound ,V1: Collision with motor vehicle in traffic / V2: Collision with motor vehicle in traffic ,V1: Passenger car / V2:Passenger car,Dry,Daylight,Cloudy,,Rte 90 W,,,,,231857.2326,900218.8073
3246831,BOSTON (SOUTH BOSTON),29-Jun-2012,1:31 PM,Not Reported,2,0,0,"Sideswipe, opposite direction",V1: Not reported / V2:Not reported,V1:Not reported / V2:Not reported ,V1: Not reported / V2: Not reported ,V1: Not reported / V2:Not reported,Dry,Daylight,Clear,DORCHESTER AVENUE / WEST BROADWAY,,,,,,236489.1407,899255.9373
3156504,BOSTON,29-Jun-2012,2:14 PM,Non-fatal injury,2,1,0,Rear-end,V1: Travelling straight ahead / V2:Slowing or stopped in traffic,V1:Northbound / V2:Northbound ,V1: Collision with motor vehicle in traffic / V2: Collision with motor vehicle in traffic ,"V1: Light truck(van, mini-van, panel, pickup, sport utility) with only four tires / V2:Light truck(van, mini-van, panel, pickup, sport utility) with only four tires",Dry,Daylight,Clear,,JOHN F FITZGERALD EXPRESSWAY Rte 1 N,,,100 feet N from TUNNELL ENTRANCE,,236469.9384,899907.0643
3157436,BOSTON,29-Jun-2012,3:00 PM,Property damage only (none injured),2,0,0,Rear-end,V1: Travelling straight ahead / V2:Slowing or stopped in traffic,V1:Northbound / V2:Northbound ,V1: Not reported / V2: Not reported ,"V1: Passenger car / V2:Single-unit truck (2-axle, 6-tire)",Dry,Daylight,Clear,,Rte 93 N,,Exit 20 on Rte 93 N,,,235935.6734,898219.8317
3156230,BOSTON,29-Jun-2012,3:57 PM,Property damage only (none injured),3,0,0,Rear-end,V1: Slowing or stopped in traffic / V2:Slowing or stopped in traffic / V3:Travelling straight ahead,V1:Southbound / V2:Southbound / V3:Southbound ,V1: Collision with motor vehicle in traffic / V2: Collision with motor vehicle in traffic / V3: Collision with motor vehicle in traffic ,"V1: Light truck(van, mini-van, panel, pickup, sport utility) with only four tires / V2:Passenger car / V3:Light truck(van, mini-van, panel, pickup, sport utility) with only four tires",Dry,Daylight,Clear,,Rte 93 S,,Exit 15 on Rte 93,,,236629.6253,897168.5001
3244184,BOSTON,29-Jun-2012,3:58 PM,Property damage only (none injured),2,0,0,Rear-end,V1: Travelling straight ahead / V2:Travelling straight ahead,V1:Southbound / V2:Southbound ,V1: Collision with motor vehicle in traffic / V2: Collision with motor vehicle in traffic ,"V1: Light truck(van, mini-van, panel, pickup, sport utility) with only four tires / V2:Passenger car",Dry,Daylight,Clear,,WILLIAM T MORRISSEY BOULEVARD / RAMP 93NB,,,DEVINE RINK,,237616.1823,893261.0756
3156231,BOSTON,29-Jun-2012,6:20 PM,Property damage only (none injured),2,0,0,Rear-end,V1: Changing lanes / V2:Travelling straight ahead,V1:Northbound / V2:Northbound ,V1: Collision with motor vehicle in traffic / V2: Collision with motor vehicle in traffic ,"V1: Light truck(van, mini-van, panel, pickup, sport utility) with only four tires / V2:Light truck(van, mini-van, panel, pickup, sport utility) with only four tires",Dry,Daylight,Not Reported,,Rte 93 N,,Exit 13 on Rte 93 N,,,237420.1414,894076.5227
3249556,BOSTON,30-Jun-2012,1:39 AM,Non-fatal injury,2,1,0,Angle,V1: Slowing or stopped in traffic / V2:Turning left,V1:Northbound / V2:Westbound ,V1: Collision with motor vehicle in traffic / V2: Collision with motor vehicle in traffic ,"V1: Passenger car / V2:Light truck(van, mini-van, panel, pickup, sport utility) with only four tires",Dry,Dark - lighted roadway,Clear,WARREN STREET / CLIFFORD STREET,,,,,,234487.1408,896778.4374
3321678,BOSTON,30-Jun-2012,3:00 AM,Not Reported,2,0,0,Not reported,V1: Not reported / V2:Parked,V1:Not reported / V2:Not reported ,V1: Not reported / V2: Not reported ,V1: Passenger car / V2:Passenger car,Not reported,Not reported,Not Reported,WALNUT PARK / WARDMAN ROAD,,,,,,233361.625,896126.625
3292270,BOSTON (DORCHESTER),30-Jun-2012,5:08 AM,Non-fatal injury,1,1,0,Single vehicle crash,V1: Travelling straight ahead,V1:Northbound ,V1: Collision with curb ,V1: Motorcycle,Dry,Daylight,Clear,CAPEN STREET / NORFOLK STREET,,,,,,234546.1248,892726.9373
3380410,BOSTON,30-Jun-2012,8:34 AM,Property damage only (none injured),2,0,0,Angle,V1: Travelling straight ahead / V2:Turning left,V1:Eastbound / V2:Westbound ,V1: Collision with motor vehicle in traffic / V2: Collision with motor vehicle in traffic ,"V1: Passenger car / V2:Light truck(van, mini-van, panel, pickup, sport utility) with only four tires",Dry,Daylight,Clear,RAMP - SURFACE ARTERY TO RT 93 SB / JOHN F FITZGERALD EXPRESSWAY Rte 93 S,,,,KNEELAND RAMP TO 93 SB HOV LANE,,236268.7948,899989.2841
3380411,BOSTON,30-Jun-2012,10:55 AM,Property damage only (none injured),2,0,0,Rear-end,V1: Travelling straight ahead / V2:Slowing or stopped in traffic,V1:Northbound / V2:Northbound ,V1: Collision with motor vehicle in traffic / V2: Collision with motor vehicle in traffic ,"V1: Passenger car / V2:Light truck(van, mini-van, panel, pickup, sport utility) with only four tires",Dry,Daylight,Clear,JOHN F FITZGERALD EXPRESSWAY Rte 93 N / RAMP - FRONTAGE ROAD TO RT 93 NB,,,,LL INSIDE ONEILL TUNNEL,,236017.558,899013.108
3221857,BOSTON,30-Jun-2012,12:08 PM,Property damage only (none injured),2,0,0,Rear-end,V1: Travelling straight ahead / V2:Changing lanes,V1:Northbound / V2:Northbound ,V1: Collision with motor vehicle in traffic / V2: Collision with motor vehicle in traffic ,"V1: Passenger car / V2:Light truck(van, mini-van, panel, pickup, sport utility) with only four tires",Dry,Daylight,Clear,,Rte 93 N,,Exit 12 on Rte 93 N,,,237641.3431,892708.5028
3179594,BOSTON,30-Jun-2012,11:10 PM,Property damage only (none injured),2,0,0,Angle,V1: Travelling straight ahead / V2:Travelling straight ahead,V1:Eastbound / V2:Eastbound ,V1: Collision with motor vehicle in traffic / V2: Collision with motor vehicle in traffic ,V1: Passenger car / V2:Passenger car,Dry,Dark - lighted roadway,Clear,WILLIAM T MORRISSEY BOULEVARD / CONLEY STREET,,,,COMFORT INN,,237314.5625,893607.5
3321679,BOSTON (JAMAICA PLAIN),01-Jul-2012,5:53 AM,Non-fatal injury,2,1,0,Not reported,V1: Travelling straight ahead / V2:Travelling straight ahead,V1:Not reported / V2:Not reported ,V1: Collision with motor vehicle in traffic / V2: Collision with motor vehicle in traffic ,V1: Passenger car / V2:Passenger car,Not reported,Not reported,Not Reported,,55 WALK HILL STREET,,,,,231776.4356,893812.9724
3163113,BOSTON,01-Jul-2012,10:29 AM,Property damage only (none injured),2,0,0,"Sideswipe, same direction",V1: Leaving traffic lane / V2:Travelling straight ahead,V1:Northbound / V2:Northbound ,V1: Collision with motor vehicle in traffic / V2: Collision with motor vehicle in traffic ,V1: Passenger car / V2:Passenger car,Dry,Daylight,Clear,,Rte 93 N / RAMP - RT 93 NB TO NORTH STREET,,,BETWEEN 23/26,,236949.4589,900968.2588
3160176,BOSTON,01-Jul-2012,10:55 AM,Non-fatal injury,2,2,0,Rear-end,V1: Travelling straight ahead / V2:Slowing or stopped in traffic,V1:Northbound / V2:Northbound ,V1: Collision with motor vehicle in traffic / V2: Collision with motor vehicle in traffic ,V1: Passenger car / V2:Passenger car,Dry,Daylight,Cloudy,,Rte 93 N,,,,,236742.6233,900426.5825
3160294,BOSTON,01-Jul-2012,10:56 AM,Non-fatal injury,2,2,0,Rear-end,V1: Slowing or stopped in traffic / V2:Travelling straight ahead,V1:Northbound / V2:Northbound ,V1: Collision with motor vehicle in traffic / V2: Collision with motor vehicle in traffic ,"V1: Passenger car / V2:Light truck(van, mini-van, panel, pickup, sport utility) with only four tires",Dry,Daylight,Cloudy,,Rte 93 N,,,,,236742.6233,900426.5825
3158839,BOSTON,01-Jul-2012,2:41 PM,Property damage only (none injured),2,0,0,Rear-end,V1: Slowing or stopped in traffic / V2:Slowing or stopped in traffic,V1:Northbound / V2:Northbound ,V1: Collision with motor vehicle in traffic / V2: Collision with motor vehicle in traffic ,"V1: Light truck(van, mini-van, panel, pickup, sport utility) with only four tires / V2:Light truck(van, mini-van, panel, pickup, sport utility) with only four tires",Dry,Daylight,Clear,,Rte 93 N,,Exit 28 on Rte 93 N,,,234953.5188,903173.3157
3237601,BOSTON (SOUTH BOSTON),01-Jul-2012,3:25 PM,Property damage only (none injured),2,0,0,"Sideswipe, same direction",V1: Parked / V2:Travelling straight ahead,V1:Not reported / V2:Not reported ,V1: Collision with motor vehicle in traffic / V2: Collision with parked motor vehicle ,"V1: Passenger car / V2:Bus (seats for more than 15 people, including driver)",Dry,Daylight,Clear/Cloudy,,106 DORCHESTER STREET / BROADWAY,,,,,237422.4899,898420.477
3155932,BOSTON,01-Jul-2012,3:41 PM,Property damage only (none injured),2,0,0,Angle,V1: Backing / V2:Travelling straight ahead,V1:Not reported / V2:Eastbound ,V1: Collision with motor vehicle in traffic / V2: Collision with motor vehicle in traffic ,V1: Passenger car / V2:Passenger car,Dry,Daylight,Clear,,,,,IN GULF GAS STATION PARKING LOT,,,
3229806,BOSTON,01-Jul-2012,6:43 PM,Non-fatal injury,2,2,0,"Sideswipe, same direction",V1: Travelling straight ahead / V2:Travelling straight ahead,V1:Not reported / V2:Not reported ,V1: Not reported / V2: Not reported ,"V1: Bus (seats for more than 15 people, including driver) / V2:Passenger car",Dry,Daylight,Clear,,247 BRIGHTON AVENUE,,,,,229992.5095,900398.5514
3381466,BOSTON,01-Jul-2012,8:30 PM,Property damage only (none injured),2,0,0,Rear-end,V1: Slowing or stopped in traffic / V2:Travelling straight ahead,V1:Southbound / V2:Southbound ,V1: Collision with motor vehicle in traffic / V2: Collision with motor vehicle in traffic ,"V1: Light truck(van, mini-van, panel, pickup, sport utility) with only four tires / V2:Passenger car",Dry,Dark - unknown roadway lighting,Clear,JOHN F FITZGERALD EXPRESSWAY Rte 93 S / SOUTHBOUND FRONTAGE ROAD,,,,SOUTH BAY,,236397.8357,897503.8646
3253660,BOSTON (HYDE PARK),01-Jul-2012,10:52 PM,Non-fatal injury,2,1,0,Head-on,V1: Overtaking/passing / V2:Turning left,V1:Northbound / V2:Southbound ,V1: Collision with motor vehicle in traffic / V2: Collision with motor vehicle in traffic ,V1: Passenger car / V2:Passenger car,Dry,Dark - lighted roadway,Clear,RIVER STREET / BUSINESS STREET / GORDON AVENUE,,,,,,230894.3436,889528.4999
3253311,BOSTON,02-Jul-2012,2:22 AM,Property damage only (none injured),1,0,0,Single vehicle crash,V1: Travelling straight ahead,V1:Eastbound ,V1: Other ,V1: Passenger car,Other,Other,Clear,,STORROW DRIVE Rte 28 N,,,ESPLANADE @ LONGFELLOW BRIDGE,,235445.9042,901668.3053
3163114,BOSTON,02-Jul-2012,6:00 AM,Property damage only (none injured),2,0,0,Angle,V1: Travelling straight ahead / V2:Travelling straight ahead,V1:Westbound / V2:Southbound ,V1: Collision with motor vehicle in traffic / V2: Collision with motor vehicle in traffic ,"V1: Light truck(van, mini-van, panel, pickup, sport utility) with only four tires / V2:Light truck(van, mini-van, panel, pickup, sport utility) with only four tires",Dry,Daylight,Not Reported,,ALBANY STREET / EAST BERKELEY STREET,,,,,236048.2334,899259.9647
3245691,BOSTON,02-Jul-2012,10:00 AM,Non-fatal injury,1,1,0,Single vehicle crash,V1: Backing,V1:Northbound ,V1: Collision with pedestrian ,"V1: Light truck(van, mini-van, panel, pickup, sport utility) with only four tires",Dry,Daylight,Clear,,3 feet S from Intersection MILK STREET / OLIVER STREET,,,,P2:Pedestrian,236672.104,900856.3082