Crash Number,City/Town Name,Crash Date,Crash Time,Crash Severity,Number of Vehicles,Total Nonfatal Injuries,Total Fatal Injuries,Manner of Collision,Vehicle Action Prior to Crash,Vehicle Travel Directions,Most Harmful Events,Vehicle Configuration,Road Surface Condition,Ambient Light,Weather Condition,At Roadway Intersection,Distance from Nearest Roadway Intersection,Distance from Nearest Milemarker,Distance from Nearest Exit,Distance from Nearest Landmark,Non Motorist Type,X Coordinate,Y Coordinate
3250994,BOSTON (DORCHESTER),13-Jul-2012,8:38 AM,Non-fatal injury,5,3,0,Rear-end,V1: Travelling straight ahead / V2:Travelling straight ahead / V3:Not reported / V4:Not reported / V5:Not reported,V1:Northbound / V2:Northbound / V3:Not reported / V4:Not reported / V5:Not reported ,V1: Collision with motor vehicle in traffic / V2: Collision with motor vehicle in traffic / V3: Not reported / V4: Not reported / V5: Not reported ,"V1: Light truck(van, mini-van, panel, pickup, sport utility) with only four tires / V2:Passenger car / V3:Not reported / V4:Not reported / V5:Not reported",Dry,Daylight,Clear/Clear,,921 ADAMS STREET,,,,,236376.4255,892260.0095
3241487,BOSTON,13-Jul-2012,10:12 AM,Property damage only (none injured),3,0,0,Angle,V1: Travelling straight ahead / V2:Changing lanes / V3:Slowing or stopped in traffic,V1:Northbound / V2:Northbound / V3:Northbound ,V1: Collision with motor vehicle in traffic / V2: Collision with motor vehicle in traffic / V3: Collision with motor vehicle in traffic ,"V1: Light truck(van, mini-van, panel, pickup, sport utility) with only four tires / V2:Passenger car / V3:Passenger car",Dry,Daylight,Clear,,Rte 93 N,,Exit 14 on Rte 93 N,,,237258.9796,894483.3974
3250986,BOSTON (DORCHESTER),13-Jul-2012,12:05 PM,Non-fatal injury,2,6,0,Rear-end,V1: Travelling straight ahead / V2:Slowing or stopped in traffic,V1:Eastbound / V2:Eastbound ,V1: Collision with motor vehicle in traffic / V2: Collision with motor vehicle in traffic ,"V1: Light truck(van, mini-van, panel, pickup, sport utility) with only four tires / V2:Not reported",Dry,Daylight,Clear/Clear,,11 PARKMAN STREET,,,,,235549.0331,901384.5844
3253576,BOSTON (SOUTH BOSTON),13-Jul-2012,12:22 PM,Not Reported,2,0,0,Angle,V1: Not reported / V2:Not reported,V1:Not reported / V2:Not reported ,V1: Not reported / V2: Not reported ,"V1: Light truck(van, mini-van, panel, pickup, sport utility) with only four tires / V2:Light truck(van, mini-van, panel, pickup, sport utility) with only four tires",Dry,Daylight,Cloudy,D STREET / SILVER STREET,,,,,,236977.453,898756.5002
3219085,BOSTON,13-Jul-2012,1:52 PM,Property damage only (none injured),2,0,0,Rear-end,V1: Travelling straight ahead / V2:Slowing or stopped in traffic,V1:Southbound / V2:Southbound ,V1: Collision with motor vehicle in traffic / V2: Collision with motor vehicle in traffic ,V1: Passenger car / V2:Passenger car,Dry,Daylight,Clear,,Rte 93 S,,Exit 15 on Rte 93 S,,,236629.6253,897168.5001
3195425,BOSTON,13-Jul-2012,2:00 PM,Non-fatal injury,2,1,0,"Sideswipe, same direction",V1: Travelling straight ahead / V2:Slowing or stopped in traffic,V1:Northbound / V2:Northbound ,V1: Collision with light pole or other post/support / V2: Collision with motor vehicle in traffic ,V1: Passenger car / V2:Passenger car,Dry,Daylight,Clear,MEDFORD STREET / SAINT MARTIN STREET / UNNAMED ROAD,,,,SAINT MARTIN ST.,,235611.2343,903732.9999
3282502,BOSTON (DORCHESTER),13-Jul-2012,2:00 PM,Non-fatal injury,1,1,0,Not reported,V1: Travelling straight ahead,V1:Not reported ,V1: Collision with pedestrian ,V1: Passenger car,Not reported,Not reported,Not Reported,DUDLEY STREET / MONADNOCK STREET,,,,,P2:Pedestrian,235674.2154,896479.0663
3380415,BOSTON,13-Jul-2012,5:45 PM,Property damage only (none injured),2,0,0,Rear-end,V1: Travelling straight ahead / V2:Slowing or stopped in traffic,V1:Northbound / V2:Northbound ,V1: Collision with motor vehicle in traffic / V2: Collision with motor vehicle in traffic ,"V1: Passenger car / V2:Light truck(van, mini-van, panel, pickup, sport utility) with only four tires",Dry,Daylight,Clear,,JOHN F FITZGERALD EXPRESSWAY Rte 93 N,,,ZAKIM BRIDGE,,236021.3195,902079.7416
3207187,BOSTON,13-Jul-2012,5:55 PM,Non-fatal injury,3,1,0,Rear-end,V1: Slowing or stopped in traffic / V2:Slowing or stopped in traffic / V3:Travelling straight ahead,V1:Not reported / V2:Not reported / V3:Not reported ,V1: Collision with motor vehicle in traffic / V2: Collision with motor vehicle in traffic / V3: Collision with motor vehicle in traffic ,"V1: Light truck(van, mini-van, panel, pickup, sport utility) with only four tires / V2:Passenger car / V3:Passenger car",Dry,Daylight,Clear,,WILLIAM DAY BOULEVARD / KOSCIUSZKO CIRCLE,,,,,237000,896933.5626
3250991,BOSTON (DORCHESTER),13-Jul-2012,6:22 PM,Non-fatal injury,1,2,0,Single vehicle crash,V1: Not reported,V1:Not reported ,V1: Not reported ,V1: Passenger car,Dry,Daylight,Clear/Clear,,19 SPEEDWELL STREET,,,,P2:Pedestrian,235658.9112,894934.6153
3251974,BOSTON (CHARLESTOWN),13-Jul-2012,7:01 PM,Unknown,1,0,0,Single vehicle crash,V1: Unknown,V1:Not reported ,"V1: Collision with other fixed object (wall, building, tunnel, etc.) ",V1: Motorcycle,Dry,Daylight,Clear/Clear,,00 RUTHERFORD AVENUE,,,,,235561.3409,902765.7141
3208038,BOSTON,13-Jul-2012,8:51 PM,Property damage only (none injured),2,0,0,Angle,V1: Travelling straight ahead / V2:Turning left,V1:Eastbound / V2:Southbound ,V1: Collision with motor vehicle in traffic / V2: Collision with motor vehicle in traffic ,"V1: Passenger car / V2:Light truck(van, mini-van, panel, pickup, sport utility) with only four tires",Dry,Dark - lighted roadway,Clear,GALLIVAN BOULEVARD / WASHINGTON STREET,,,,,,235509.2971,892128.6873
3224327,BOSTON,13-Jul-2012,10:45 PM,Property damage only (none injured),2,0,0,Rear-end,V1: Slowing or stopped in traffic / V2:Travelling straight ahead,V1:Eastbound / V2:Eastbound ,V1: Collision with motor vehicle in traffic / V2: Collision with motor vehicle in traffic ,V1: Passenger car / V2:Passenger car,Dry,Dark - lighted roadway,Clear,COLUMBIA ROAD / RAMP - COLUMBIA RD TO RT 93 SB,,,,UNDER 93,,236752.685,896860.9912
3694033,BOSTON,13-Jul-2012,11:57 PM,Fatal injury,1,0,1,Single vehicle crash,V1: Unknown,V1:Not reported ,V1: Unknown ,V1: Motorcycle,Dry,Dark - unknown roadway lighting,Clear,,60 MONTVIEW STREET,,,,,228072.9161,893048.1339
3380436,BOSTON,14-Jul-2012,00:00 AM,Non-fatal injury,2,1,0,"Sideswipe, same direction",V1: Overtaking/passing / V2:Travelling straight ahead,V1:Northbound / V2:Northbound ,V1: Collision with motor vehicle in traffic / V2: Collision with motor vehicle in traffic ,V1: Passenger car / V2:Passenger car,Dry,Dark - lighted roadway,Clear,,TEMPORARY RAMP Rte 1 N / MAURICE TOBIN BRIDGE,,,TOBIN BRIDGE,,235848.1406,902282.2336
3380437,BOSTON,14-Jul-2012,1:40 AM,Property damage only (none injured),1,0,0,Single vehicle crash,V1: Travelling straight ahead,V1:Westbound ,V1: Collision with median barrier ,V1: Passenger car,Dry,Dark - lighted roadway,Cloudy,,RAMP -RT 90WB TO 93/CONGRESS STREET / RAMP - RT 90 WB TO RT 93 Rte 1A S,,,D RAMP,,237688.8406,899823.7574
3179598,BOSTON,14-Jul-2012,9:23 AM,Property damage only (none injured),1,0,0,Single vehicle crash,V1: Travelling straight ahead,V1:Northbound ,V1: Collision with guardrail ,V1: Passenger car,Dry,Daylight,Clear,,Rte 93 N,,Exit 11 on Rte 93 N,,,237094.7253,891674.8051
3251983,BOSTON,14-Jul-2012,11:20 AM,Non-fatal injury,1,1,0,Single vehicle crash,V1: Travelling straight ahead,V1:Northbound ,V1: Collision with pedestrian ,V1: Passenger car,Dry,Daylight,Clear,ATLANTIC AVENUE / EAST STREET,,,,,P2:Pedestrian,236568.1213,900176.5588
3241488,BOSTON,14-Jul-2012,1:40 PM,Not Reported,2,0,0,Angle,V1: Parked / V2:Backing,V1:Not reported / V2:Southbound ,V1: Collision with motor vehicle in traffic / V2: Collision with parked motor vehicle ,"V1: Passenger car / V2:Light truck(van, mini-van, panel, pickup, sport utility) with only four tires",Dry,Daylight,Clear,,,,,PLEASURE BAY PARKING LOT,,,
3179697,BOSTON,14-Jul-2012,1:44 PM,Non-fatal injury,2,1,0,Rear-end,V1: Entering traffic lane / V2:Entering traffic lane,V1:Southbound / V2:Southbound ,V1: Collision with motor vehicle in traffic / V2: Collision with motor vehicle in traffic ,"V1: Light truck(van, mini-van, panel, pickup, sport utility) with only four tires / V2:Passenger car",Dry,Daylight,Clear,,WILLIAM T MORRISSEY BOULEVARD / MORRISSEY SERVICE ROAD,,,LAMBERT'S FRUIT,,237286.57,893933.8405
3232338,BOSTON,14-Jul-2012,3:22 PM,Property damage only (none injured),1,0,0,Single vehicle crash,V1: Travelling straight ahead,V1:Southbound ,V1: Collision with curb ,"V1: Light truck(van, mini-van, panel, pickup, sport utility) with only four tires",Dry,Daylight,Clear,,Rte 93 S,,Exit 26 on Rte 93 S,,,234851.4113,903728.5151
3387556,BOSTON,14-Jul-2012,3:44 PM,Property damage only (none injured),2,0,0,Rear-end,V1: Slowing or stopped in traffic / V2:Travelling straight ahead,V1:Northbound / V2:Northbound ,V1: Collision with motor vehicle in traffic / V2: Collision with motor vehicle in traffic ,"V1: Light truck(van, mini-van, panel, pickup, sport utility) with only four tires / V2:Passenger car",Dry,Daylight,Clear,,RAMP - RT 1 NB TO TOBIN BRIDGE Rte 1 N / RAMP - RUTHERFORD AVENUE TO RT 1 NB,,,CANA TUNNEL,,236154.8374,902464.8854
3257909,BOSTON,14-Jul-2012,4:30 PM,Non-fatal injury,1,1,0,Single vehicle crash,V1: Travelling straight ahead,V1:Southbound ,V1: Collision with pedestrian ,V1: Passenger car,Dry,Daylight,Clear,,WILLIAM DAY BOULEVARD / FARRAGUT ROAD,,,,P2:Pedestrian,239146.713,898167.8717
3207188,BOSTON,14-Jul-2012,6:25 PM,Property damage only (none injured),2,0,0,Angle,V1: Travelling straight ahead / V2:Turning right,V1:Eastbound / V2:Eastbound ,V1: Collision with motor vehicle in traffic / V2: Collision with motor vehicle in traffic ,"V1: Passenger car / V2:Light truck(van, mini-van, panel, pickup, sport utility) with only four tires",Dry,Daylight,Clear,,COLUMBIA ROAD / EAST COTTAGE STREET,,,,,236117.9909,896749.218
3253464,BOSTON,14-Jul-2012,11:39 PM,Non-fatal injury,2,1,0,Rear-end,V1: Slowing or stopped in traffic / V2:Backing,V1:Southbound / V2:Southbound ,V1: Collision with motor vehicle in traffic / V2: Collision with motor vehicle in traffic ,V1: Passenger car / V2:Passenger car,Dry,Dark - lighted roadway,Clear,SOUTHAMPTON STREET / FRONTAGE ROAD,,,,,,236246.0308,897831.0996
3202634,BOSTON,15-Jul-2012,1:02 AM,Property damage only (none injured),1,0,0,Single vehicle crash,V1: Travelling straight ahead,V1:Southbound ,V1: Collision with median barrier ,V1: Passenger car,Dry,Dark - lighted roadway,Clear,,KNEELAND STREET / RAMP KNEELAND ST TO I 90 Rte 93 S,,,ON RAMP TO ROUTE 93 SOUTHBOUND,,236279.1563,900049.5873
3221858,BOSTON,15-Jul-2012,12:35 PM,Non-fatal injury,1,1,0,Single vehicle crash,V1: Travelling straight ahead,V1:Southbound ,V1: Collision with motor vehicle in traffic ,V1: Passenger car,Dry,Daylight,Clear,,OLD COLONY AVENUE / MOUNT VERNON STREET,,,ON RAMP TO KOSCIUSZKO CIRCLE,P2:Pedestrian,236919.0515,896860.9778
3380438,BOSTON,15-Jul-2012,1:36 PM,Property damage only (none injured),2,0,0,Rear-end,V1: Travelling straight ahead / V2:Slowing or stopped in traffic,V1:Northbound / V2:Northbound ,V1: Collision with motor vehicle in traffic / V2: Collision with motor vehicle in traffic ,"V1: Light truck(van, mini-van, panel, pickup, sport utility) with only four tires / V2:Passenger car",Dry,Daylight,Clear,,JOHN F FITZGERALD EXPRESSWAY Rte 93 N / GENERAL CASIMIR PULASKI SKYWAY Rte 1 N,,,UNDER HAGGERTY BRIDGE,,235916.8921,898248.0414
3249443,BOSTON (ALLSTON),15-Jul-2012,3:30 PM,Non-fatal injury,2,2,0,"Sideswipe, same direction",V1: Travelling straight ahead / V2:Turning left,V1:Westbound / V2:Eastbound ,V1: Collision with motor vehicle in traffic / V2: Collision with motor vehicle in traffic ,V1: Passenger car / V2:Passenger car,Dry,Daylight,Clear/Clear,CAMBRIDGE STREET / NORTH HARVARD STREET,,,,,,230776.5125,900884.8729
3250989,BOSTON,15-Jul-2012,4:59 PM,Non-fatal injury,1,1,0,Angle,V1: Travelling straight ahead,V1:Not reported ,"V1: Collision with cyclist (bicycle, tricycle, unicycle, pedal car) ","V1: Light truck(van, mini-van, panel, pickup, sport utility) with only four tires",Dry,Daylight,Clear/Clear,,54 CRESCENT AVENUE,,,,"P2:Pedalcyclist (bicycle, tricycle, unicycle, pedal car)",236765.7919,896592.1203
3250987,BOSTON,15-Jul-2012,9:00 PM,Not Reported,3,0,0,"Sideswipe, opposite direction",V1: Travelling straight ahead / V2:Travelling straight ahead / V3:Not reported,V1:Not reported / V2:Not reported / V3:Not reported ,V1: Collision with motor vehicle in traffic / V2: Collision with motor vehicle in traffic / V3: Not reported ,V1: Not reported / V2:Passenger car / V3:Not reported,Dry,Dusk,Clear/Clear,WALTON STREET / GRACE STREET,,,,,,235436.9065,893066.5623
3251855,BOSTON,15-Jul-2012,11:53 PM,Not Reported,2,0,0,Rear-end,V1: Not reported / V2:Not reported,V1:Not reported / V2:Not reported ,V1: Not reported / V2: Not reported ,"V1: Light truck(van, mini-van, panel, pickup, sport utility) with only four tires / V2:Passenger car",Dry,Dark - lighted roadway,Clear,CROSS STREET / ATLANTIC AVENUE,,,,,,236838.7082,901253.7705
3182705,BOSTON,16-Jul-2012,8:30 AM,Property damage only (none injured),2,0,0,Rear-end,V1: Slowing or stopped in traffic / V2:Travelling straight ahead,V1:Southbound / V2:Southbound ,V1: Collision with motor vehicle in traffic / V2: Collision with motor vehicle in traffic ,V1: Passenger car / V2:Passenger car,Dry,Daylight,Clear,,VETERANS OF FOREIGN WARS PARKWAY / SPRING STREET,,,,,227008.6251,891284.9375
3253575,BOSTON (SOUTH BOSTON),16-Jul-2012,9:57 AM,Not Reported,2,0,0,Rear-end,V1: Not reported / V2:Not reported,V1:Southbound / V2:Southbound ,V1: Not reported / V2: Not reported ,"V1: Light truck(van, mini-van, panel, pickup, sport utility) with only four tires / V2:Light truck(van, mini-van, panel, pickup, sport utility) with only four tires",Dry,Daylight,Clear,,70 FARGO STREET,,,,,237768.1665,899455.4277
3201749,BOSTON,16-Jul-2012,12:05 PM,Non-fatal injury,1,1,0,Single vehicle crash,V1: Turning left,V1:Northbound ,V1: Collision with light pole or other post/support ,V1: Passenger car,Dry,Daylight,Clear,,WEST SERVICE HAUL ROAD CONNECTOR / CONGRESS STREET,,,,,237254.3733,899900.4356
3182702,BOSTON,16-Jul-2012,3:28 PM,Property damage only (none injured),2,0,0,"Sideswipe, same direction",V1: Slowing or stopped in traffic / V2:Turning right,V1:Northbound / V2:Northbound ,V1: Collision with motor vehicle in traffic / V2: Collision with motor vehicle in traffic ,"V1: Passenger car / V2:Unknown heavy truck, cannot classify",Dry,Daylight,Clear,,STORROW DRIVE Rte 28 N / RAMP TO CHARLES CIRCLE,,,LONGFELLOW BRIDGE,,235254.4353,901149.0729
3247674,BOSTON,16-Jul-2012,6:50 PM,Property damage only (none injured),2,0,0,Angle,V1: Travelling straight ahead / V2:Travelling straight ahead,V1:Eastbound / V2:Northbound ,V1: Collision with motor vehicle in traffic / V2: Collision with motor vehicle in traffic ,"V1: Light truck(van, mini-van, panel, pickup, sport utility) with only four tires / V2:Passenger car",Wet,Daylight,Not Reported,BIRMINGHAM PARKWAY / WESTERN AVENUE,,,,,,229180.0376,901281.697
3270324,BOSTON,16-Jul-2012,9:30 PM,Non-fatal injury,2,2,0,Rear-end,V1: Travelling straight ahead / V2:Slowing or stopped in traffic,V1:Northbound / V2:Northbound ,V1: Collision with parked motor vehicle / V2: Collision with motor vehicle in traffic ,"V1: Single-unit truck (2-axle, 6-tire) / V2:Passenger car",Dry,Dark - lighted roadway,Cloudy,GROVE STREET / STIMSON STREET,,,,,,228328.5314,889968.1252
3253623,BOSTON (BRIGHTON),17-Jul-2012,2:19 AM,Property damage only (none injured),1,0,0,Angle,V1: Travelling straight ahead,V1:Eastbound ,V1: Not reported ,"V1: Light truck(van, mini-van, panel, pickup, sport utility) with only four tires",Dry,Dark - lighted roadway,Clear,,35 NONANTUM ROAD,,,,,227528.7391,900882.2311
3249013,BOSTON,17-Jul-2012,8:08 AM,Non-fatal injury,2,2,0,Head-on,V1: Travelling straight ahead / V2:Turning left,V1:Northbound / V2:Eastbound ,V1: Collision with motor vehicle in traffic / V2: Collision with motor vehicle in traffic ,"V1: Light truck(van, mini-van, panel, pickup, sport utility) with only four tires / V2:Passenger car",Dry,Daylight,Clear,SARATOGA STREET / NEPTUNE ROAD,,,,,,239023.211,903432.0499
3229309,BOSTON,17-Jul-2012,9:00 AM,Property damage only (none injured),3,0,0,Rear-end,V1: Slowing or stopped in traffic / V2:Slowing or stopped in traffic / V3:Travelling straight ahead,V1:Eastbound / V2:Eastbound / V3:Eastbound ,V1: Collision with motor vehicle in traffic / V2: Collision with motor vehicle in traffic / V3: Collision with motor vehicle in traffic ,"V1: Passenger car / V2:Passenger car / V3:Light truck(van, mini-van, panel, pickup, sport utility) with only four tires",Dry,Daylight,Clear,,150 feet W from Intersection RIVERWAY / BROOKLINE AVENUE,,,,,232660.3265,899245.5938
3210736,BOSTON,17-Jul-2012,9:06 AM,Property damage only (none injured),2,0,0,"Sideswipe, same direction",V1: Turning left / V2:Travelling straight ahead,V1:Westbound / V2:Westbound ,V1: Collision with motor vehicle in traffic / V2: Collision with motor vehicle in traffic ,V1: Passenger car / V2:Passenger car,Dry,Daylight,Clear,,SOLDIERS FIELD ROAD / RAMP - WESTERN AVE TO SOLDIERS FIELD RD,,,ACURA DEALERSHIP,,228816.9955,901149.5298
3198700,BOSTON,17-Jul-2012,9:20 AM,Non-fatal injury,2,1,0,Angle,V1: Travelling straight ahead / V2:Travelling straight ahead,V1:Northbound / V2:Westbound ,V1: Collision with motor vehicle in traffic / V2: Collision with motor vehicle in traffic ,"V1: Light truck(van, mini-van, panel, pickup, sport utility) with only four tires / V2:Passenger car",Dry,Daylight,Clear,,CHARLESGATE EAST / COMMONWEALTH AVENUE,,,,,233649.9732,899935.8523
3251854,BOSTON,17-Jul-2012,10:35 AM,Not Reported,2,0,0,Rear-end,V1: Backing / V2:Parked,V1:Not reported / V2:Not reported ,V1: Collision with parked motor vehicle / V2: Not reported ,"V1: Single-unit truck (2-axle, 6-tire) / V2:Passenger car",Dry,Daylight,Clear/Clear,,15 SCHOOL STREET,,,,,236348.5737,900876.6694
3251984,BOSTON,17-Jul-2012,11:40 AM,Property damage only (none injured),2,0,0,Not reported,V1: Travelling straight ahead / V2:Changing lanes,V1:Not reported / V2:Not reported ,V1: Other non-collision / V2: Other non-collision ,"V1: Light truck(van, mini-van, panel, pickup, sport utility) with only four tires / V2:Light truck(van, mini-van, panel, pickup, sport utility) with only four tires",Not reported,Not reported,Not Reported,,35 LOMASNEY WAY,,,,,235889.0195,901727.9925
3253657,BOSTON (HYDE PARK),17-Jul-2012,11:58 AM,Not Reported,2,0,0,Not reported,V1: Not reported / V2:Not reported,V1:Not reported / V2:Not reported ,V1: Not reported / V2: Not reported ,V1: Passenger car / V2:Not reported,Not reported,Not reported,Not Reported,,1530 RIVER STREET Rte 1,,,,,230454.3554,888848.5277
3214159,BOSTON,17-Jul-2012,12:45 PM,Non-fatal injury,1,1,0,Single vehicle crash,V1: Entering traffic lane,V1:Westbound ,V1: Collision with guardrail ,V1: Passenger car,Dry,Daylight,Clear,,1680 VETERANS OF FOREIGN WARS PARKWAY / BOSTON PROVIDENCE HIGHWAY,,,,,227366.905,890414.3854
3322571,BOSTON (JAMAICA PLAIN),17-Jul-2012,5:50 PM,Property damage only (none injured),1,0,0,Not reported,V1: Travelling straight ahead,V1:Not reported ,V1: Not reported ,V1: Passenger car,Not reported,Not reported,Not Reported,,215 FOREST HILLS STREET,,,,,232730.7428,895008.7402
3237588,BOSTON,17-Jul-2012,6:45 PM,Not Reported,1,0,0,"Sideswipe, same direction",V1: Turning right,V1:Southbound ,V1: Collision with light pole or other post/support ,"V1: Bus (seats for more than 15 people, including driver)",Dry,Dark - lighted roadway,Clear,LINCOLN STREET / KNEELAND STREET,,,,,,236338.8677,900031.647
3380439,BOSTON,17-Jul-2012,7:15 PM,Property damage only (none injured),3,0,0,Rear-end,V1: Travelling straight ahead / V2:Travelling straight ahead / V3:Slowing or stopped in traffic,V1:Southbound / V2:Southbound / V3:Southbound ,V1: Collision with motor vehicle in traffic / V2: Collision with motor vehicle in traffic / V3: Collision with motor vehicle in traffic ,"V1: Passenger car / V2:Passenger car / V3:Light truck(van, mini-van, panel, pickup, sport utility) with only four tires",Dry,Daylight,Clear,,JOHN F FITZGERALD EXPRESSWAY Rte 93 S / RAMP - RT 93 SB TO CALLAHAN TUNNEL,,,O'NEIL TUNNEL,,236415.0656,901543.8079
3195429,BOSTON,17-Jul-2012,7:30 PM,Non-fatal injury,3,4,0,Rear-end,V1: Slowing or stopped in traffic / V2:Slowing or stopped in traffic / V3:Travelling straight ahead,V1:Westbound / V2:Westbound / V3:Westbound ,V1: Collision with motor vehicle in traffic / V2: Collision with motor vehicle in traffic / V3: Collision with motor vehicle in traffic ,"V1: Light truck(van, mini-van, panel, pickup, sport utility) with only four tires / V2:Passenger car / V3:Light truck(van, mini-van, panel, pickup, sport utility) with only four tires",Dry,Daylight,Clear,,WILLIAM DAY BOULEVARD / M STREET,,,M ST,,238424.2307,897788.7261
3210672,BOSTON,17-Jul-2012,8:33 PM,Non-fatal injury,2,1,0,Angle,V1: Travelling straight ahead / V2:Travelling straight ahead,V1:Eastbound / V2:Northbound ,V1: Collision with motor vehicle in traffic / V2: Collision with motor vehicle in traffic ,"V1: Light truck(van, mini-van, panel, pickup, sport utility) with only four tires / V2:Motorcycle",Dry,Dark - lighted roadway,Clear,NEPONSET AVENUE / GALLIVAN BOULEVARD / WILLIAM T MORRISSEY BOULEVARD,,,,NEPONSET BRIDGE,P3:Pedestrian,237731.8737,892907.403
3230876,BOSTON,18-Jul-2012,6:30 AM,Property damage only (none injured),2,0,0,Rear-end,V1: Slowing or stopped in traffic / V2:Travelling straight ahead,V1:Northbound / V2:Northbound ,V1: Collision with motor vehicle in traffic / V2: Collision with motor vehicle in traffic ,"V1: Light truck(van, mini-van, panel, pickup, sport utility) with only four tires / V2:Passenger car",Dry,Daylight,Clear,,VETERANS OF FOREIGN WARS PARKWAY / SPRING STREET,,,,,227008.6251,891284.9375
3367464,BOSTON,18-Jul-2012,9:05 AM,Property damage only (none injured),2,0,0,Rear-end,V1: Travelling straight ahead / V2:Travelling straight ahead,V1:Northbound / V2:Northbound ,V1: Collision with motor vehicle in traffic / V2: Collision with motor vehicle in traffic ,"V1: Light truck(van, mini-van, panel, pickup, sport utility) with only four tires / V2:Light truck(van, mini-van, panel, pickup, sport utility) with only four tires",Dry,Daylight,Clear,BLUE HILL AVENUE / CALLENDER STREET,,,,,,233845.0145,893303.7243
3251862,BOSTON,18-Jul-2012,9:50 AM,Non-fatal injury,1,1,0,Single vehicle crash,V1: Backing,V1:Not reported ,V1: Collision with pedestrian ,"V1: Light truck(van, mini-van, panel, pickup, sport utility) with only four tires",Dry,Daylight,Clear,,DEVONSHIRE STREET / WINTHROP SQUARE,,,,P2:Pedestrian,236454.7118,900587.4219
3387557,BOSTON,18-Jul-2012,9:52 AM,Property damage only (none injured),2,0,0,Rear-end,V1: Travelling straight ahead / V2:Travelling straight ahead,V1:Westbound / V2:Westbound ,V1: Collision with motor vehicle in traffic / V2: Collision with motor vehicle in traffic ,V1: Passenger car / V2:Passenger car,Dry,Daylight,Clear,,Rte 90 W,Rte 90  W Milemarker 134.0,,PRU TUNNEL,,235774.8312,899761.4554
3223862,BOSTON,18-Jul-2012,10:44 AM,Property damage only (none injured),3,0,0,Rear-end,V1: Slowing or stopped in traffic / V2:Slowing or stopped in traffic / V3:Slowing or stopped in traffic,V1:Southbound / V2:Southbound / V3:Southbound ,V1: Collision with motor vehicle in traffic / V2: Collision with motor vehicle in traffic / V3: Collision with motor vehicle in traffic ,"V1: Light truck(van, mini-van, panel, pickup, sport utility) with only four tires / V2:Passenger car / V3:Passenger car",Dry,Daylight,Clear,,Rte 93 S,,Exit 26 on Rte 93 S,LEVERETT CONNECTOR SB,,234851.4113,903728.5151
3241489,BOSTON,18-Jul-2012,11:10 AM,Non-fatal injury,2,1,0,Angle,V1: Travelling straight ahead / V2:Changing lanes,V1:Northbound / V2:Southbound ,V1: Collision with motor vehicle in traffic / V2: Collision with motor vehicle in traffic ,V1: Passenger car / V2:Passenger car,Dry,Daylight,Clear,,Rte 93 S,,Exit 15 on Rte 93 S,,,236629.6253,897168.5001
3321966,BOSTON (DORCHESTER),18-Jul-2012,11:35 AM,Non-fatal injury,1,1,0,"Sideswipe, same direction",V1: Not reported,V1:Not reported ,V1: Not reported ,V1: Passenger car,Unknown,Daylight,Unknown,HAMILTON STREET / BOWDOIN STREET,,,,,,235699.7969,895175.2502
3207190,BOSTON,18-Jul-2012,4:05 PM,Non-fatal injury,3,1,0,Rear-end,V1: Slowing or stopped in traffic / V2:Slowing or stopped in traffic / V3:Slowing or stopped in traffic,V1:Eastbound / V2:Eastbound / V3:Eastbound ,V1: Collision with motor vehicle in traffic / V2: Collision with motor vehicle in traffic / V3: Collision with motor vehicle in traffic ,"V1: Passenger car / V2:Light truck(van, mini-van, panel, pickup, sport utility) with only four tires / V3:Passenger car",Wet,Daylight,Not Reported,,GALLIVAN BOULEVARD / MAGDALA STREET,,,,,236013.1876,892334.625
3198701,BOSTON,18-Jul-2012,4:09 PM,Non-fatal injury,2,1,0,Angle,V1: Travelling straight ahead / V2:Travelling straight ahead,V1:Northbound / V2:Eastbound ,V1: Collision with motor vehicle in traffic / V2: Collision with motor vehicle in traffic ,"V1: Passenger car / V2:Light truck(van, mini-van, panel, pickup, sport utility) with only four tires",Wet,Daylight,Cloudy,RAMP - BERKELEY ST TO RT 28 NB / BERKELEY STREET / BACK STREET,,,,,,235009.6998,900623.457
3224265,BOSTON,18-Jul-2012,4:30 PM,Non-fatal injury,2,2,0,Angle,V1: Entering traffic lane / V2:Travelling straight ahead,V1:Southbound / V2:Southbound ,V1: Collision with motor vehicle in traffic / V2: Not reported ,V1: Passenger car / V2:Passenger car,Wet,Daylight,Cloudy/Rain,,2 CENTER PLAZA,,,,,236255.0196,901104.468
3387558,BOSTON,18-Jul-2012,5:49 PM,Property damage only (none injured),2,0,0,"Sideswipe, same direction",V1: Slowing or stopped in traffic / V2:Travelling straight ahead,V1:Northbound / V2:Northbound ,V1: Collision with motor vehicle in traffic / V2: Collision with motor vehicle in traffic ,"V1: Light truck(van, mini-van, panel, pickup, sport utility) with only four tires / V2:Passenger car",Wet,Dusk,Rain,,Rte 1 N / RAMP - FRONTAGE ROAD TO RT 93 NB,,,NEAR FOURTH STREET RAMP,,236109.7131,899237.4239
3387559,BOSTON,18-Jul-2012,7:30 PM,Non-fatal injury,2,1,0,"Sideswipe, same direction",V1: Changing lanes / V2:Travelling straight ahead,V1:Northbound / V2:Northbound ,V1: Collision with motor vehicle in traffic / V2: Collision with motor vehicle in traffic ,"V1: Bus (seats for more than 15 people, including driver) / V2:Passenger car",Wet,Dusk,Rain,,796 feet N from Intersection JOHN F FITZGERALD EXPRESSWAY Rte 93 N / RAMP - FRONTAGE ROAD TO RT 93 NB,,,NEAR FOURTH STREET,,236109.7465,899237.502