Crash Number,City/Town Name,Crash Date,Crash Time,Crash Severity,Number of Vehicles,Total Nonfatal Injuries,Total Fatal Injuries,Manner of Collision,Vehicle Action Prior to Crash,Vehicle Travel Directions,Most Harmful Events,Vehicle Configuration,Road Surface Condition,Ambient Light,Weather Condition,At Roadway Intersection,Distance from Nearest Roadway Intersection,Distance from Nearest Milemarker,Distance from Nearest Exit,Distance from Nearest Landmark,Non Motorist Type,X Coordinate,Y Coordinate
3223783,BOSTON,18-Jul-2012,7:40 PM,Property damage only (none injured),3,0,0,Rear-end,V1: Slowing or stopped in traffic / V2:Slowing or stopped in traffic / V3:Travelling straight ahead,V1:Southbound / V2:Southbound / V3:Southbound ,V1: Collision with motor vehicle in traffic / V2: Collision with motor vehicle in traffic / V3: Collision with motor vehicle in traffic ,"V1: Passenger car / V2:Light truck(van, mini-van, panel, pickup, sport utility) with only four tires / V3:Passenger car",Wet,Daylight,Cloudy,,CENTRE STREET / HILLCROFT ROAD,,,,,231123.4534,895386.1455
3380440,BOSTON,18-Jul-2012,7:45 PM,Property damage only (none injured),2,0,0,Rear-end,V1: Travelling straight ahead / V2:Slowing or stopped in traffic,V1:Northbound / V2:Northbound ,V1: Collision with motor vehicle in traffic / V2: Collision with motor vehicle in traffic ,V1: Passenger car / V2:Passenger car,Dry,Dark - lighted roadway,Cloudy,,JOHN F FITZGERALD EXPRESSWAY Rte 93 N / RAMP - BROADWAY TO RT 93 NB,,,PRIOR TO TIP O'NEIL TUNNEL,,236446.4988,899849.1924
3224320,BOSTON,18-Jul-2012,8:14 PM,Property damage only (none injured),2,0,0,Rear-end,V1: Parked / V2:Travelling straight ahead,V1:Southbound / V2:Southbound ,V1: Collision with parked motor vehicle / V2: Collision with parked motor vehicle ,"V1: Light truck(van, mini-van, panel, pickup, sport utility) with only four tires / V2:Light truck(van, mini-van, panel, pickup, sport utility) with only four tires",Wet,Daylight,Cloudy,,MASSACHUSETTS AVENUE Rte 2A W / RAMP - STORROW DR TO RT 2A WB,,,MASS. AVE. BRIDGE S/B,"P1:Other non-motorist (wheelchair, etc.)",233765.0268,900277.2158
3249424,BOSTON,18-Jul-2012,11:11 PM,Property damage only (none injured),1,0,0,Not reported,V1: Travelling straight ahead,V1:Northbound ,V1: Collision with motor vehicle in traffic ,"V1: Light truck(van, mini-van, panel, pickup, sport utility) with only four tires",Not reported,Not reported,Not Reported,,WILLIAM T MORRISSEY BOULEVARD / KOSCIUSZKO CIRCLE,,,,,237017.0782,896879.6065
3215880,BOSTON,19-Jul-2012,6:55 AM,Non-fatal injury,2,1,0,Rear-end,V1: Slowing or stopped in traffic / V2:Travelling straight ahead,V1:Southbound / V2:Southbound ,"V1: Collision with cyclist (bicycle, tricycle, unicycle, pedal car) / V2: Collision with cyclist (bicycle, tricycle, unicycle, pedal car) ","V1: Light truck(van, mini-van, panel, pickup, sport utility) with only four tires / V2:Motorcycle",Dry,Daylight,Clear,,JOHN F FITZGERALD EXPRESSWAY Rte 93 S / RAMP - RT 93 SB TO RT 90 WB,,Exit AFTER on Rte 93 S,,,236947.0646,900864.6531
3380441,BOSTON,19-Jul-2012,7:37 AM,Property damage only (none injured),2,0,0,Rear-end,V1: Slowing or stopped in traffic / V2:Slowing or stopped in traffic,V1:Southbound / V2:Southbound ,V1: Collision with motor vehicle in traffic / V2: Collision with motor vehicle in traffic ,"V1: Light truck(van, mini-van, panel, pickup, sport utility) with only four tires / V2:Light truck(van, mini-van, panel, pickup, sport utility) with only four tires",Dry,Daylight,Clear,,Rte 93 S,,Exit 24 on Rte 93 S,LL BDL AREA EXIT 24,,236397.1933,901565.6511
3253611,BOSTON,19-Jul-2012,9:19 AM,Non-fatal injury,2,1,0,Angle,V1: Travelling straight ahead / V2:Travelling straight ahead,V1:Northbound / V2:Eastbound ,V1: Collision with motor vehicle in traffic / V2: Collision with motor vehicle in traffic ,"V1: Passenger car / V2:Light truck(van, mini-van, panel, pickup, sport utility) with only four tires",Dry,Daylight,Clear,WESTERN AVENUE / EVERETT STREET,,,,,,230039.6252,901472.5
3215881,BOSTON,19-Jul-2012,10:27 AM,Property damage only (none injured),2,0,0,Rear-end,V1: Slowing or stopped in traffic / V2:Slowing or stopped in traffic,V1:Southbound / V2:Southbound ,V1: Collision with motor vehicle in traffic / V2: Collision with motor vehicle in traffic ,"V1: Passenger car / V2:Light truck(van, mini-van, panel, pickup, sport utility) with only four tires",Dry,Daylight,Clear,,Rte 93 S,,Exit 26 on Rte 93 S,BOSTON SAND &AMP; GRAVEL,,234851.4113,903728.5151
3253605,BOSTON (BRIGHTON),19-Jul-2012,11:15 AM,Non-fatal injury,2,1,0,Rear-end,V1: Travelling straight ahead / V2:Not reported,V1:Not reported / V2:Not reported ,V1: Not reported / V2: Not reported ,"V1: Passenger car / V2:Light truck(van, mini-van, panel, pickup, sport utility) with only four tires",Dry,Daylight,Clear/Clear,WASHINGTON STREET / WINTHROP STREET,,,,,,,
3304316,BOSTON,19-Jul-2012,12:00 PM,Property damage only (none injured),2,0,0,Rear-end,V1: Travelling straight ahead / V2:Travelling straight ahead,V1:Northbound / V2:Northbound ,V1: Collision with motor vehicle in traffic / V2: Collision with motor vehicle in traffic ,V1: Passenger car / V2:Unknown vehicle configuration,Dry,Daylight,Clear,,RIVER STREET / SOUTHMERE ROAD,,,RYAN PLAY GROUND,,234220.5158,891251.3748
3227318,BOSTON,19-Jul-2012,12:16 PM,Non-fatal injury,2,1,0,"Sideswipe, same direction",V1: Travelling straight ahead / V2:Turning right,V1:Northbound / V2:Eastbound ,V1: Collision with motor vehicle in traffic / V2: Collision with motor vehicle in traffic ,V1: Motorcycle / V2:Passenger car,Dry,Daylight,Clear,,GALLIVAN BOULEVARD / RAMP - ROUTE 3A NB TO ROUTE 93 NB,,,NEPONSET CIRCLE,,237731.8737,892907.403
3227298,BOSTON,19-Jul-2012,1:04 PM,Non-fatal injury,3,1,0,Rear-end,V1: Travelling straight ahead / V2:Travelling straight ahead / V3:Travelling straight ahead,V1:Northbound / V2:Northbound / V3:Northbound ,V1: Collision with curb / V2: Collision with motor vehicle in traffic / V3: Collision with motor vehicle in traffic ,"V1: Passenger car / V2:Light truck(van, mini-van, panel, pickup, sport utility) with only four tires / V3:Passenger car",Dry,Daylight,Clear,,Rte 93 N / RAMP - RT 90 TO RT 93 NB,,,,,236623.7997,900309.1943
3253604,BOSTON,19-Jul-2012,1:39 PM,Non-fatal injury,1,1,0,Not reported,V1: Travelling straight ahead,V1:Not reported ,V1: Collision with pedestrian ,V1: Passenger car,Dry,Daylight,Clear,BRIGHTON AVENUE / CRAFTSMAN STREET,,,,,P2:Pedestrian,230010.9665,900397.5027
3219140,BOSTON,19-Jul-2012,2:11 PM,Property damage only (none injured),2,0,0,Rear-end,V1: Slowing or stopped in traffic / V2:Slowing or stopped in traffic,V1:Northbound / V2:Northbound ,V1: Collision with motor vehicle in traffic / V2: Collision with motor vehicle in traffic ,V1: Passenger car / V2:Passenger car,Dry,Daylight,Clear,,Rte 93 N,,Exit 12 on Rte 93 N,,,237641.3431,892708.5028
3253601,BOSTON (BRIGHTON),19-Jul-2012,2:58 PM,Not Reported,2,0,0,Rear-end,V1: Travelling straight ahead / V2:Travelling straight ahead,V1:Not reported / V2:Not reported ,V1: Not reported / V2: Not reported ,"V1: Light truck(van, mini-van, panel, pickup, sport utility) with only four tires / V2:Light truck(van, mini-van, panel, pickup, sport utility) with only four tires",Dry,Daylight,Clear/Cloudy,MAPLETON STREET / MARKET STREET,,,,,,228723.5937,900286.4376
3221927,BOSTON,19-Jul-2012,4:30 PM,Not Reported,1,0,0,Single vehicle crash,V1: Travelling straight ahead,V1:Southbound ,V1: Collision with light pole or other post/support ,V1: Truck/trailer,Dry,Daylight,Clear,,34 INDUSTRIAL DRIVE,,,,,,
3389300,BOSTON,19-Jul-2012,9:40 PM,Non-fatal injury,2,1,0,Rear-end,V1: Travelling straight ahead / V2:Slowing or stopped in traffic,V1:Southbound / V2:Northbound ,V1: Collision with motor vehicle in traffic / V2: Collision with motor vehicle in traffic ,"V1: Light truck(van, mini-van, panel, pickup, sport utility) with only four tires / V2:Passenger car",Dry,Dark - lighted roadway,Clear,RAMP - MORRISSEY BLVD TO RT 93 SB / JOHN F FITZGERALD EXPRESSWAY Rte 93 S,,,,TOLMAN ONRAMP,,237692.375,892953.3125
3380442,BOSTON,19-Jul-2012,11:05 PM,Non-fatal injury,3,2,0,Rear-end,V1: Slowing or stopped in traffic / V2:Travelling straight ahead / V3:Travelling straight ahead,V1:Southbound / V2:Southbound / V3:Southbound ,V1: Collision with motor vehicle in traffic / V2: Collision with motor vehicle in traffic / V3: Collision with motor vehicle in traffic ,"V1: Light truck(van, mini-van, panel, pickup, sport utility) with only four tires / V2:Passenger car / V3:Light truck(van, mini-van, panel, pickup, sport utility) with only four tires",Dry,Dark - lighted roadway,Clear,,JOHN F FITZGERALD EXPRESSWAY Rte 93 S / RAMP - LEVERETT CIRCLE TO RT 93 SB Rte 3 S,,,O'NEIL TUNNEL ENTRANCE,,236178.452,901858.4691
3215882,BOSTON,20-Jul-2012,4:45 AM,Property damage only (none injured),2,0,0,Rear-end,V1: Travelling straight ahead / V2:Slowing or stopped in traffic,V1:Southbound / V2:Southbound ,V1: Collision with motor vehicle in traffic / V2: Collision with motor vehicle in traffic ,"V1: Passenger car / V2:Light truck(van, mini-van, panel, pickup, sport utility) with only four tires",Dry,Dark - lighted roadway,Clear,HERALD STREET / ALBANY STREET,,,,,,236151.5786,899586.8009
3227319,BOSTON,20-Jul-2012,5:37 AM,Property damage only (none injured),2,0,0,Angle,V1: Changing lanes / V2:Travelling straight ahead,V1:Southbound / V2:Southbound ,V1: Collision with motor vehicle in traffic / V2: Collision with motor vehicle in traffic ,V1: Passenger car / V2:Passenger car,Dry,Daylight,Not Reported,,Rte 93 S,,Exit 12 on Rte 93 S,,,237620.5493,892713.0989
3253599,BOSTON,20-Jul-2012,7:22 AM,Non-fatal injury,1,1,0,Angle,V1: Travelling straight ahead,V1:Eastbound ,V1: Collision with pedestrian ,"V1: Light truck(van, mini-van, panel, pickup, sport utility) with only four tires",Dry,Daylight,Clear,,ARBORWAY,,,,P1:Pedestrian,231389.747,895266.2867
3215883,BOSTON,20-Jul-2012,8:07 AM,Property damage only (none injured),2,0,0,Rear-end,V1: Travelling straight ahead / V2:Slowing or stopped in traffic,V1:Southbound / V2:Southbound ,V1: Collision with motor vehicle in traffic / V2: Collision with motor vehicle in traffic ,"V1: Light truck(van, mini-van, panel, pickup, sport utility) with only four tires / V2:Passenger car",Dry,Daylight,Clear,,LEVERETT CONNECTOR SOUTH / INTERSTATE 93 Rte 93 S,,,LEVERETT CONNECTOR S/B,,234849.6854,903714.1606
3251857,BOSTON,20-Jul-2012,8:15 AM,Property damage only (none injured),2,0,0,Angle,V1: Travelling straight ahead / V2:Turning left,V1:Eastbound / V2:Northbound ,V1: Collision with motor vehicle in traffic / V2: Collision with motor vehicle in traffic ,"V1: Light truck(van, mini-van, panel, pickup, sport utility) with only four tires / V2:Passenger car",Dry,Daylight,Clear/Clear,CONGRESS STREET / HIGH STREET,,,,,,236692.4226,900555.4839
3221859,BOSTON,20-Jul-2012,8:29 AM,Property damage only (none injured),2,0,0,Rear-end,V1: Slowing or stopped in traffic / V2:Slowing or stopped in traffic,V1:Eastbound / V2:Eastbound ,V1: Collision with motor vehicle in traffic / V2: Collision with motor vehicle in traffic ,"V1: Passenger car / V2:Light truck(van, mini-van, panel, pickup, sport utility) with only four tires",Dry,Daylight,Clear,,GALLIVAN BOULEVARD / NEPONSET AVENUE,,,,P3:Pedestrian,237775.3707,892890.0493
3210673,BOSTON,20-Jul-2012,11:15 AM,Non-fatal injury,2,1,0,Rear-end,V1: Slowing or stopped in traffic / V2:Travelling straight ahead,V1:Southbound / V2:Southbound ,V1: Collision with motor vehicle in traffic / V2: Collision with motor vehicle in traffic ,"V1: Light truck(van, mini-van, panel, pickup, sport utility) with only four tires / V2:Passenger car",Dry,Daylight,Clear,,GALLIVAN BOULEVARD / 614,,,,,237050.4989,892637.1149
3250891,BOSTON (EAST BOSTON),20-Jul-2012,3:15 PM,Not Reported,2,0,0,Angle,V1: Not reported / V2:Not reported,V1:Not reported / V2:Not reported ,V1: Not reported / V2: Not reported ,V1: Passenger car / V2:Passenger car,Dry,Daylight,Cloudy,PORTER STREET / LONDON STREET,,,,,,238064.6712,902751.9188
3381427,BOSTON,20-Jul-2012,3:18 PM,Non-fatal injury,2,1,0,Rear-end,V1: Slowing or stopped in traffic / V2:Travelling straight ahead,V1:Northbound / V2:Northbound ,V1: Collision with motor vehicle in traffic / V2: Collision with motor vehicle in traffic ,"V1: Light truck(van, mini-van, panel, pickup, sport utility) with only four tires / V2:Light truck(van, mini-van, panel, pickup, sport utility) with only four tires",Dry,Daylight,Cloudy,,STORROW DRIVE / CHARLESGATE OVERPASS,,,BOWKER OVERPASS,,233558.2404,900144.4765
3197921,BOSTON,20-Jul-2012,3:43 PM,Property damage only (none injured),2,0,0,Rear-end,V1: Slowing or stopped in traffic / V2:Travelling straight ahead,V1:Westbound / V2:Westbound ,V1: Collision with motor vehicle in traffic / V2: Collision with motor vehicle in traffic ,"V1: Passenger car / V2:Light truck(van, mini-van, panel, pickup, sport utility) with only four tires",Dry,Daylight,Cloudy,,STORROW DRIVE / CHARLESGATE OVERPASS,,,BOWKER EXCHANGE,,233283.12,900098.9497
3227299,BOSTON,20-Jul-2012,3:49 PM,Non-fatal injury,3,1,0,Rear-end,V1: Travelling straight ahead / V2:Slowing or stopped in traffic / V3:Slowing or stopped in traffic,V1:Westbound / V2:Westbound / V3:Westbound ,V1: Collision with motor vehicle in traffic / V2: Collision with motor vehicle in traffic / V3: Collision with motor vehicle in traffic ,"V1: Light truck(van, mini-van, panel, pickup, sport utility) with only four tires / V2:Passenger car / V3:Light truck(van, mini-van, panel, pickup, sport utility) with only four tires",Dry,Daylight,Clear,,MASSACHUSETTS TURNPIKE Rte 90 W / RAMP - CLARENDON STREET TO I90 WB,,,COPLEY SQUARE/ON RAMP TO 90/W,,234910.4341,899798.5954
3250979,BOSTON (DORCHESTER),20-Jul-2012,3:55 PM,Non-fatal injury,1,1,0,Single vehicle crash,V1: Turning left,V1:Eastbound ,V1: Collision with light pole or other post/support ,V1: Passenger car,Dry,Daylight,Cloudy,ADAMS STREET / DORCHESTER AVENUE / WASHINGTON STREET,,,,,,235635.735,891395.1854
3198589,BOSTON,20-Jul-2012,4:54 PM,Property damage only (none injured),2,0,0,Rear-end,V1: Changing lanes / V2:Slowing or stopped in traffic,V1:Eastbound / V2:Eastbound ,V1: Collision with motor vehicle in traffic / V2: Collision with motor vehicle in traffic ,"V1: Light truck(van, mini-van, panel, pickup, sport utility) with only four tires / V2:Light truck(van, mini-van, panel, pickup, sport utility) with only four tires",Dry,Daylight,Cloudy,,STORROW DRIVE / RAMP - BERKELEY ST TO RT 28 NB,,,STORROW TUNNEL,,235153.2101,900727.8675
3322575,BOSTON,20-Jul-2012,5:05 PM,Non-fatal injury,2,1,0,Rear-end,V1: Travelling straight ahead / V2:Travelling straight ahead,V1:Eastbound / V2:Eastbound ,V1: Collision with motor vehicle in traffic / V2: Collision with motor vehicle in traffic ,V1: Passenger car / V2:Passenger car,Dry,Dusk,Clear/Clear,WASHINGTON STREET / ROSSMORE STREET,,,,,,232284.3591,895077.2498
3381472,BOSTON,20-Jul-2012,6:55 PM,Property damage only (none injured),2,0,0,Rear-end,V1: Turning right / V2:Travelling straight ahead,V1:Northbound / V2:Northbound ,V1: Collision with motor vehicle in traffic / V2: Collision with motor vehicle in traffic ,"V1: Light truck(van, mini-van, panel, pickup, sport utility) with only four tires / V2:Passenger car",Dry,Daylight,Clear,,UNKNOWN,,,NEPONSET CIRCLE,,237666.7677,893003.4688
3253606,BOSTON,20-Jul-2012,9:27 PM,Non-fatal injury,2,1,0,Rear-end,V1: Turning left / V2:Travelling straight ahead,V1:Northbound / V2:Westbound ,V1: Not reported / V2: Not reported ,V1: Passenger car / V2:Passenger car,Dry,Dark - lighted roadway,Clear,WALLINGFORD ROAD / COMMONWEALTH AVENUE,,,,,,228810.8354,898992.0571
3251864,BOSTON (CHARLESTOWN),20-Jul-2012,10:55 PM,Property damage only (none injured),2,0,0,Head-on,V1: Turning left / V2:Travelling straight ahead,V1:Not reported / V2:Not reported ,V1: Collision with motor vehicle in traffic / V2: Collision with motor vehicle in traffic ,"V1: Light truck(van, mini-van, panel, pickup, sport utility) with only four tires / V2:Light truck(van, mini-van, panel, pickup, sport utility) with only four tires",Dry,Dark - lighted roadway,Clear,SCHOOL STREET / MAIN STREET,,,,,,235757.4374,902985.0626
3254264,BOSTON,21-Jul-2012,00:00 AM,Property damage only (none injured),2,0,0,"Sideswipe, same direction",V1: Making U-turn / V2:Travelling straight ahead,V1:Southbound / V2:Southbound ,V1: Collision with motor vehicle in traffic / V2: Collision with motor vehicle in traffic ,V1: Passenger car / V2:Passenger car,Dry,Dark - lighted roadway,Clear/Clear,,178 BOWDOIN STREET,,,,,236020.512,900942.6522
3250984,BOSTON (DORCHESTER),21-Jul-2012,00:00 AM,Property damage only (none injured),2,0,0,Single vehicle crash,V1: Travelling straight ahead / V2:Not reported,V1:Not reported / V2:Not reported ,V1: Not reported / V2: Not reported ,"V1: Light truck(van, mini-van, panel, pickup, sport utility) with only four tires / V2:Passenger car",Dry,Dark - lighted roadway,Clear/Clear,DORCHESTER AVENUE / LINDEN STREET,,,,,,236377.453,895152.5624
3198704,BOSTON,21-Jul-2012,2:50 AM,Non-fatal injury,2,3,0,Rear-end,V1: Slowing or stopped in traffic / V2:Slowing or stopped in traffic,V1:Eastbound / V2:Eastbound ,V1: Collision with motor vehicle in traffic / V2: Collision with motor vehicle in traffic ,"V1: Light truck(van, mini-van, panel, pickup, sport utility) with only four tires / V2:Passenger car",Dry,Dark - lighted roadway,Clear,,GALLIVAN BOULEVARD / DORCHESTER AVENUE,,,,,235804.4062,892252.5627
3225334,BOSTON,21-Jul-2012,3:54 AM,Property damage only (none injured),2,0,0,"Sideswipe, same direction",V1: Travelling straight ahead / V2:Travelling straight ahead,V1:Westbound / V2:Westbound ,V1: Collision with motor vehicle in traffic / V2: Not reported ,V1: Passenger car / V2:Passenger car,Dry,Dark - lighted roadway,Not Reported,,ARBORWAY / CENTRE STREET,,,,,231269.4377,895461.1869
3283248,BOSTON,21-Jul-2012,5:58 AM,Non-fatal injury,3,2,0,Unknown,V1: Parked / V2:Travelling straight ahead / V3:Turning left,V1:Not reported / V2:Southbound / V3:Northbound ,V1: Not reported / V2: Not reported / V3: Collision with motor vehicle in traffic ,V1: Passenger car / V2:Passenger car / V3:Not reported,Dry,Daylight,Clear,BOSTON STREET / WEST HOWELL STREET,,,,,,236338.3203,897291.4025
3224236,BOSTON,21-Jul-2012,8:35 AM,Property damage only (none injured),2,0,0,Rear-end,V1: Slowing or stopped in traffic / V2:Travelling straight ahead,V1:Westbound / V2:Westbound ,V1: Collision with motor vehicle in traffic / V2: Collision with motor vehicle in traffic ,V1: Passenger car / V2:Passenger car,Dry,Daylight,Clear,,Rte 90 W,,Exit 24 on Rte 90 W,,,238090.4393,899691.5691
3219187,BOSTON,21-Jul-2012,9:50 AM,Property damage only (none injured),2,0,0,"Sideswipe, same direction",V1: Not reported / V2:Not reported,V1:Southbound / V2:Southbound ,V1: Collision with motor vehicle in traffic / V2: Collision with motor vehicle in traffic ,"V1: Unknown heavy truck, cannot classify / V2:Light truck(van, mini-van, panel, pickup, sport utility) with only four tires",Dry,Daylight,Clear,,Rte 93 S,,Exit 15 on Rte 93,DYC CUT OUT,,236629.6253,897168.5001
3241490,BOSTON,21-Jul-2012,1:47 PM,Property damage only (none injured),2,0,0,Rear-end,V1: Slowing or stopped in traffic / V2:Travelling straight ahead,V1:Northbound / V2:Northbound ,V1: Collision with motor vehicle in traffic / V2: Collision with motor vehicle in traffic ,"V1: Light truck(van, mini-van, panel, pickup, sport utility) with only four tires / V2:MOPED",Dry,Daylight,Clear,,Rte 93 N,,Exit 13 on Rte 93 N,BETWEEN EXIT 13 AND 14,,237420.1414,894076.5227
3272033,BOSTON,21-Jul-2012,4:40 PM,Property damage only (none injured),2,0,0,Angle,V1: Turning right / V2:Slowing or stopped in traffic,V1:Not reported / V2:Westbound ,V1: Collision with motor vehicle in traffic / V2: Collision with motor vehicle in traffic ,V1: Passenger car / V2:Passenger car,Dry,Daylight,Clear,,COLUMBIA ROAD / BOSTON STREET,,,EDWARD EVERETT SQUARE,,236147.4063,896760.9377
3229853,BOSTON,21-Jul-2012,4:45 PM,Property damage only (none injured),2,0,0,Rear-end,V1: Travelling straight ahead / V2:Slowing or stopped in traffic,V1:Southbound / V2:Southbound ,V1: Collision with motor vehicle in traffic / V2: Collision with motor vehicle in traffic ,V1: Passenger car / V2:Passenger car,Dry,Daylight,Clear,,Rte 93 S,,Exit 15 on Rte 93,,,236629.6253,897168.5001
3198587,BOSTON,21-Jul-2012,6:51 PM,Property damage only (none injured),2,0,0,Rear-end,V1: Travelling straight ahead / V2:Slowing or stopped in traffic,V1:Northbound / V2:Northbound ,V1: Collision with motor vehicle in traffic / V2: Collision with motor vehicle in traffic ,"V1: Passenger car / V2:Light truck(van, mini-van, panel, pickup, sport utility) with only four tires",Dry,Daylight,Clear,,Rte 93 N,,Exit 26 on Rte 93 N,,,236402.7433,901600.0342
3250976,BOSTON (DORCHESTER),21-Jul-2012,9:40 PM,Not Reported,4,0,0,Not reported,V1: Parked / V2:Parked / V3:Parked / V4:Parked,V1:Not reported / V2:Not reported / V3:Not reported / V4:Not reported ,V1: Collision with parked motor vehicle / V2: Collision with parked motor vehicle / V3: Collision with parked motor vehicle / V4: Collision with parked motor vehicle ,"V1: Passenger car / V2:Light truck(van, mini-van, panel, pickup, sport utility) with only four tires / V3:Passenger car / V4:Not reported",Not reported,Not reported,Not Reported,,456 ASHLAND STREET / ADAMS STREET,,,,,,
3251858,BOSTON,22-Jul-2012,11:05 AM,Not Reported,2,0,0,"Sideswipe, same direction",V1: Not reported / V2:Not reported,V1:Not reported / V2:Not reported ,V1: Not reported / V2: Not reported ,"V1: Light truck(van, mini-van, panel, pickup, sport utility) with only four tires / V2:Light truck(van, mini-van, panel, pickup, sport utility) with only four tires",Dry,Daylight,Clear,KNEELAND STREET / WASHINGTON STREET,,,,,,236001.5815,900139.4772
3210674,BOSTON,22-Jul-2012,12:02 PM,Property damage only (none injured),3,0,0,Rear-end,V1: Travelling straight ahead / V2:Slowing or stopped in traffic / V3:Travelling straight ahead,V1:Northbound / V2:Northbound / V3:Northbound ,V1: Collision with motor vehicle in traffic / V2: Collision with motor vehicle in traffic / V3: Collision with motor vehicle in traffic ,V1: Passenger car / V2:Passenger car / V3:Passenger car,Dry,Daylight,Clear,,Rte 93 N,,Exit 14 on Rte 93 N,,,237258.9796,894483.3974
3253453,BOSTON (SOUTH BOSTON),22-Jul-2012,3:35 PM,Not Reported,5,0,0,Rear-end,V1: Travelling straight ahead / V2:Travelling straight ahead / V3:Travelling straight ahead / V4:Not reported / V5:Travelling straight ahead,V1:Not reported / V2:Not reported / V3:Not reported / V4:Not reported / V5:Not reported ,V1: Not reported / V2: Not reported / V3: Not reported / V4: Not reported / V5: Not reported ,"V1: Passenger car / V2:Light truck(van, mini-van, panel, pickup, sport utility) with only four tires / V3:Light truck(van, mini-van, panel, pickup, sport utility) with only four tires / V4:Passenger car / V5:Passenger car",Dry,Dark - lighted roadway,Clear,,612 DORCHESTER AVENUE,,,,,236516.4934,897706.6898
3208040,BOSTON,22-Jul-2012,4:40 PM,Property damage only (none injured),2,0,0,"Sideswipe, same direction",V1: Entering traffic lane / V2:Travelling straight ahead,V1:Southbound / V2:Southbound ,V1: Collision with motor vehicle in traffic / V2: Collision with motor vehicle in traffic ,"V1: Passenger car / V2:Light truck(van, mini-van, panel, pickup, sport utility) with only four tires",Dry,Daylight,Not Reported,,Rte 93 S,,Exit 12 on Rte 93 S,,,237620.5493,892713.0989
3250973,BOSTON (DORCHESTER),22-Jul-2012,6:45 PM,Not Reported,2,0,0,"Sideswipe, same direction",V1: Parked / V2:Not reported,V1:Not reported / V2:Not reported ,V1: Collision with parked motor vehicle / V2: Not reported ,V1: Passenger car / V2:Not reported,Dry,Dark - lighted roadway,Clear/Clear,,73 BURT STREET,,,,,235445.7646,892694.7822
3227320,BOSTON,22-Jul-2012,10:55 PM,Property damage only (none injured),2,0,0,Rear-end,V1: Travelling straight ahead / V2:Slowing or stopped in traffic,V1:Northbound / V2:Northbound ,V1: Collision with motor vehicle in traffic / V2: Collision with motor vehicle in traffic ,V1: Passenger car / V2:Passenger car,Dry,Dark - lighted roadway,Not Reported,,Rte 93 N,,Exit 16 on Rte 93 N,,,236403.9842,897524.312
3253454,BOSTON,23-Jul-2012,00:00 AM,Not Reported,1,0,0,Rear-end,V1: Travelling straight ahead,V1:Northbound ,"V1: Collision with cyclist (bicycle, tricycle, unicycle, pedal car) ",V1: Passenger car,Dry,Not reported,Clear,F STREET,,,,,"P2:Pedalcyclist (bicycle, tricycle, unicycle, pedal car)",,
3263645,BOSTON (DORCHESTER),23-Jul-2012,2:00 AM,Property damage only (none injured),1,0,0,Not reported,V1: Not reported,V1:Not reported ,V1: Not reported ,V1: Passenger car,Not reported,Not reported,Not Reported,BLUE HILL AVENUE / LAWRENCE AVENUE,,,,,P4:Pedestrian,234666.1719,895977.375
3248949,BOSTON,23-Jul-2012,2:21 AM,Not Reported,1,0,0,Single vehicle crash,V1: Turning right,V1:Not reported ,V1: Collision with median barrier ,V1: Passenger car,Dry,Dark - lighted roadway,Clear/Clear,STUART STREET / WASHINGTON STREET,,,,,,236001.5815,900139.4772
3223863,BOSTON,23-Jul-2012,5:58 AM,Property damage only (none injured),5,0,0,Rear-end,V1: Slowing or stopped in traffic / V2:Slowing or stopped in traffic / V3:Slowing or stopped in traffic / V4:Slowing or stopped in traffic / V5:Changing lanes,V1:Southbound / V2:Southbound / V3:Southbound / V4:Southbound / V5:Southbound ,V1: Collision with motor vehicle in traffic / V2: Collision with motor vehicle in traffic / V3: Collision with motor vehicle in traffic / V4: Collision with motor vehicle in traffic / V5: Collision with motor vehicle in traffic ,"V1: Light truck(van, mini-van, panel, pickup, sport utility) with only four tires / V2:Passenger car / V3:Passenger car / V4:Passenger car / V5:Light truck(van, mini-van, panel, pickup, sport utility) with only four tires",Dry,Dark - lighted roadway,Clear,,Rte 93 S,,Exit 24 on Rte 93 S,,,236397.1933,901565.6511
3237367,BOSTON,23-Jul-2012,6:16 AM,Property damage only (none injured),2,0,0,Rear-end,V1: Slowing or stopped in traffic / V2:Travelling straight ahead,V1:Southbound / V2:Southbound ,V1: Collision with motor vehicle in traffic / V2: Collision with motor vehicle in traffic ,V1: Passenger car / V2:Passenger car,Dry,Daylight,Clear,,Rte 93 S,,Exit 26 on Rte 93 S,OFF-RAMP FROM 93S,,234851.4113,903728.5151