Crash Number,City/Town Name,Crash Date,Crash Time,Crash Severity,Number of Vehicles,Total Nonfatal Injuries,Total Fatal Injuries,Manner of Collision,Vehicle Action Prior to Crash,Vehicle Travel Directions,Most Harmful Events,Vehicle Configuration,Road Surface Condition,Ambient Light,Weather Condition,At Roadway Intersection,Distance from Nearest Roadway Intersection,Distance from Nearest Milemarker,Distance from Nearest Exit,Distance from Nearest Landmark,Non Motorist Type,X Coordinate,Y Coordinate
3210676,BOSTON,23-Jul-2012,7:01 AM,Not Reported,2,0,0,Angle,V1: Parked / V2:Backing,V1:Not reported / V2:Southbound ,V1: Collision with parked motor vehicle / V2: Collision with parked motor vehicle ,V1: Passenger car / V2:Passenger car,Dry,Daylight,Cloudy,,,,,STATE LAB PARKING LOT,,,
3253613,BOSTON,23-Jul-2012,8:45 AM,Non-fatal injury,1,1,0,Not reported,V1: Turning right,V1:Westbound ,"V1: Collision with cyclist (bicycle, tricycle, unicycle, pedal car) ","V1: Light truck(van, mini-van, panel, pickup, sport utility) with only four tires",Not reported,Not reported,Not Reported,COMMONWEALTH AVENUE / ROYCE ROAD,,,,,"P2:Pedalcyclist (bicycle, tricycle, unicycle, pedal car)",,
3235534,BOSTON,23-Jul-2012,10:51 AM,Non-fatal injury,2,1,0,Angle,V1: Turning left / V2:Travelling straight ahead,V1:Southbound / V2:Northbound ,V1: Collision with motor vehicle in traffic / V2: Collision with motor vehicle in traffic ,"V1: Passenger car / V2:Single-unit truck (2-axle, 6-tire)",Dry,Daylight,Not Reported,,TRUMAN HIGHWAY / WILLIAMS AVENUE,,,,,231380.0159,889077.313
3251249,BOSTON,23-Jul-2012,1:30 PM,Non-fatal injury,3,3,0,Angle,V1: Travelling straight ahead / V2:Turning right / V3:Not reported,V1:Northbound / V2:Northbound / V3:Not reported ,V1: Collision with motor vehicle in traffic / V2: Collision with motor vehicle in traffic / V3: Not reported ,"V1: Bus (seats for more than 15 people, including driver) / V2:Passenger car / V3:Not reported",Dry,Daylight,Clear,WASHINGTON STREET / NEWCOMB STREET,,,,,,234669.2802,898323.9452
3214153,BOSTON,23-Jul-2012,2:26 PM,Property damage only (none injured),2,0,0,"Sideswipe, same direction",V1: Travelling straight ahead / V2:Changing lanes,V1:Eastbound / V2:Eastbound ,V1: Collision with motor vehicle in traffic / V2: Collision with motor vehicle in traffic ,"V1: Light truck(van, mini-van, panel, pickup, sport utility) with only four tires / V2:Light truck(van, mini-van, panel, pickup, sport utility) with only four tires",Dry,Daylight,Clear,,STORROW DRIVE Rte 3A S / EMBANKMENT ROAD Rte 28 N,,,PRIOR TO LEVERETT CIRCLE,,235535.0001,901804.2258
3216236,BOSTON,23-Jul-2012,3:10 PM,Property damage only (none injured),2,0,0,Rear-end,V1: Travelling straight ahead / V2:Turning left,V1:Eastbound / V2:Eastbound ,V1: Collision with motor vehicle in traffic / V2: Collision with motor vehicle in traffic ,V1: Passenger car / V2:Passenger car,Dry,Daylight,Clear,,RIVERWAY / AUTUMN STREET,,,,,232105.411,898811.5289
3251134,BOSTON (DORCHESTER),23-Jul-2012,3:20 PM,Property damage only (none injured),3,0,0,Head-on,V1: Travelling straight ahead / V2:Turning right / V3:Parked,V1:Not reported / V2:Not reported / V3:Not reported ,V1: Collision with motor vehicle in traffic / V2: Collision with motor vehicle in traffic / V3: Not reported ,"V1: Light truck(van, mini-van, panel, pickup, sport utility) with only four tires / V2:Light truck(van, mini-van, panel, pickup, sport utility) with only four tires / V3:Light truck(van, mini-van, panel, pickup, sport utility) with only four tires",Dry,Daylight,Clear/Clear,,909 WASHINGTON STREET,,,,,235900.1349,899796.5245
3388447,BOSTON,23-Jul-2012,3:35 PM,Property damage only (none injured),2,0,0,Not reported,V1: Slowing or stopped in traffic / V2:Travelling straight ahead,V1:Southbound / V2:Southbound ,V1: Not reported / V2: Not reported ,V1: Tractor/semi-trailer / V2:Passenger car,Dry,Daylight,Clear,,JOHN F FITZGERALD EXPRESSWAY Rte 93 S,,,ZAKIM BRIDGE,,235929.5013,902157.2316
3236548,BOSTON,23-Jul-2012,3:44 PM,Non-fatal injury,2,1,0,Angle,V1: Turning left / V2:Travelling straight ahead,V1:Southbound / V2:Northbound ,V1: Collision with motor vehicle in traffic / V2: Not reported ,"V1: Bus (seats for more than 15 people, including driver) / V2:Passenger car",Dry,Daylight,Clear,,240 SOUTHAMPTON STREET,,,,,235871.1423,897929.4764
3214244,BOSTON,23-Jul-2012,7:27 PM,Property damage only (none injured),1,0,0,Single vehicle crash,V1: Travelling straight ahead,V1:Westbound ,V1: Collision with guardrail ,V1: Passenger car,Dry,Daylight,Clear,,SOLDIERS FIELD ROAD / NORTH HARVARD STREET,,,,,230992.3482,902048.2872
3384441,BOSTON,23-Jul-2012,9:50 PM,Property damage only (none injured),1,0,0,Single vehicle crash,V1: Travelling straight ahead,V1:Northbound ,V1: Collision with guardrail ,V1: Passenger car,Dry,Dark - lighted roadway,Cloudy,,VETERANS OF FOREIGN WARS PARKWAY / SPRING STREET Rte 109 E,,,"INBOUND, PRIOR TO RT 109",,227027.4025,891243.0385
3251203,BOSTON,24-Jul-2012,1:38 AM,Property damage only (none injured),2,0,0,Head-on,V1: Travelling straight ahead / V2:Making U-turn,V1:Northbound / V2:Not reported ,V1: Collision with motor vehicle in traffic / V2: Collision with motor vehicle in traffic ,V1: Passenger car / V2:Not reported,Dry,Dark - lighted roadway,Clear/Clear,,1927 DORCHESTER AVENUE,,,,,235916.1852,892804.4725
3223864,BOSTON,24-Jul-2012,5:24 AM,Property damage only (none injured),1,0,0,Single vehicle crash,V1: Travelling straight ahead,V1:Northbound ,V1: Collision with median barrier ,V1: Passenger car,Wet,Dawn,Rain,,Rte 93 N,,Exit 20 on Rte 93 N,,,235935.6734,898219.8317
3245034,BOSTON,24-Jul-2012,5:50 AM,Property damage only (none injured),3,0,0,Angle,V1: Slowing or stopped in traffic / V2:Travelling straight ahead / V3:Travelling straight ahead,V1:Westbound / V2:Westbound / V3:Westbound ,V1: Collision with motor vehicle in traffic / V2: Collision with motor vehicle in traffic / V3: Collision with motor vehicle in traffic ,V1: Passenger car / V2:Passenger car / V3:Passenger car,Wet,Daylight,Rain,,SOLDIERS FIELD ROAD,,,AREA OF WEEKS FOOTBRIDGE,,231402.2594,901953.1928
3219082,BOSTON,24-Jul-2012,6:29 AM,Property damage only (none injured),1,0,0,Single vehicle crash,V1: Travelling straight ahead,V1:Eastbound ,V1: Collision with motor vehicle in traffic ,V1: Passenger car,Wet,Daylight,Not Reported,,STORROW DRIVE Rte 28 N / RAMP TO CHARLES CIRCLE,,,CHARLES ST FOOTBRIDGE,,235228.8351,901283.6078
3207361,BOSTON,24-Jul-2012,6:35 AM,Not Reported,1,0,0,Single vehicle crash,V1: Travelling straight ahead,V1:Westbound ,V1: Collision with light pole or other post/support ,V1: Passenger car,Wet,Daylight,Rain,,SOLDIERS FIELD ROAD,,,NEWELL BOAT HOUSE,,230787.0834,902179.9392
3219188,BOSTON,24-Jul-2012,9:55 AM,Property damage only (none injured),2,0,0,"Sideswipe, same direction",V1: Turning right / V2:Not reported,V1:Northbound / V2:Not reported ,V1: Collision with motor vehicle in traffic / V2: Not reported ,"V1: Light truck(van, mini-van, panel, pickup, sport utility) with only four tires / V2:Tractor/semi-trailer",Dry,Daylight,Clear,UNNAMED ROAD / OLD COLONY AVENUE / MOUNT VERNON STREET,,,,AT U-TURN TO OLD COLONY AVE,,236937.771,896846.3844
3322572,BOSTON (ROXBURY),24-Jul-2012,1:00 PM,Non-fatal injury,2,1,0,Angle,V1: Travelling straight ahead / V2:Entering traffic lane,V1:Southbound / V2:Northbound ,V1: Collision with motor vehicle in traffic / V2: Collision with motor vehicle in traffic ,"V1: Light truck(van, mini-van, panel, pickup, sport utility) with only four tires / V2:Light truck(van, mini-van, panel, pickup, sport utility) with only four tires",Dry,Daylight,Clear,WASHINGTON STREET / WESTMINSTER AVENUE,,,,,,233214.3124,896360.8752
3245922,BOSTON,24-Jul-2012,1:50 PM,Property damage only (none injured),2,0,0,"Sideswipe, same direction",V1: Not reported / V2:Other,V1:Eastbound / V2:Eastbound ,V1: Collision with motor vehicle in traffic / V2: Collision with motor vehicle in traffic ,"V1: Passenger car / V2:Light truck(van, mini-van, panel, pickup, sport utility) with only four tires",Dry,Daylight,Clear,,ARBORWAY / CENTRE STREET,,,,,231269.4377,895461.1869
3219189,BOSTON,24-Jul-2012,2:30 PM,Property damage only (none injured),3,0,0,Rear-end,V1: Slowing or stopped in traffic / V2:Travelling straight ahead / V3:Slowing or stopped in traffic,V1:Northbound / V2:Northbound / V3:Northbound ,V1: Collision with motor vehicle in traffic / V2: Collision with motor vehicle in traffic / V3: Collision with motor vehicle in traffic ,"V1: Passenger car / V2:Passenger car / V3:Light truck(van, mini-van, panel, pickup, sport utility) with only four tires",Dry,Daylight,Clear,,Rte 93 N,,Exit 15 on Rte 93 N,,,236972.2496,896473.4282
3253629,BOSTON (BRIGHTON),24-Jul-2012,2:41 PM,Property damage only (none injured),2,0,0,"Sideswipe, same direction",V1: Making U-turn / V2:Travelling straight ahead,V1:Not reported / V2:Not reported ,V1: Collision with motor vehicle in traffic / V2: Collision with motor vehicle in traffic ,V1: Passenger car / V2:Passenger car,Dry,Daylight,Cloudy,,Rte 116 / TREMONT STREET,,,,,,
3251976,BOSTON,24-Jul-2012,2:53 PM,Non-fatal injury,1,1,0,Single vehicle crash,V1: Turning left,V1:Westbound ,V1: Collision with pedestrian ,"V1: Light truck(van, mini-van, panel, pickup, sport utility) with only four tires",Dry,Daylight,Clear,AVENUE DE LAFAYETTE / CHAUNCEY STREET,,,,,P2:Pedestrian,236191.3763,900388.9625
3380443,BOSTON,24-Jul-2012,3:56 PM,Property damage only (none injured),2,0,0,Angle,V1: Changing lanes / V2:Travelling straight ahead,V1:Westbound / V2:Westbound ,V1: Collision with motor vehicle in traffic / V2: Collision with motor vehicle in traffic ,V1: Passenger car / V2:Passenger car,Dry,Daylight,Cloudy,,MASSACHUSETTS TURNPIKE Rte 90 W / TED WILLIAMS TUNNEL,,,TED WILLIAMS,,239051.4028,900924.2439
3221926,BOSTON,24-Jul-2012,4:05 PM,Non-fatal injury,1,1,0,Single vehicle crash,V1: Travelling straight ahead,V1:Northbound ,V1: Collision with tree ,V1: Passenger car,Dry,Daylight,Clear,,VETERANS OF FOREIGN WARS PARKWAY / BRUCEWOOD ROAD,,,,,228373.6576,893961.7866
3235532,BOSTON,24-Jul-2012,4:09 PM,Non-fatal injury,2,1,0,Rear-end,V1: Slowing or stopped in traffic / V2:Travelling straight ahead,V1:Northbound / V2:Northbound ,V1: Collision with motor vehicle in traffic / V2: Collision with motor vehicle in traffic ,"V1: Bus (seats for 7-15 people, including driver) / V2:Passenger car",Dry,Daylight,Clear,,CHARLESGATE OVERPASS / CHARLESGATE OVERPASS,,,,,233594.0257,899990.5662
3295903,BOSTON,24-Jul-2012,5:10 PM,Property damage only (none injured),2,0,0,"Sideswipe, same direction",V1: Travelling straight ahead / V2:Travelling straight ahead,V1:Eastbound / V2:Eastbound ,V1: Collision with motor vehicle in traffic / V2: Collision with motor vehicle in traffic ,"V1: Light truck(van, mini-van, panel, pickup, sport utility) with only four tires / V2:Passenger car",Dry,Daylight,Clear,CHARLESGATE OVERPASS / STORROW DRIVE,,,,CHARLESGATE E AT STORROW DRIVE E,,233992.7434,900260.9984
3224321,BOSTON,24-Jul-2012,5:28 PM,Property damage only (none injured),2,0,0,"Sideswipe, same direction",V1: Travelling straight ahead / V2:Changing lanes,V1:Eastbound / V2:Eastbound ,V1: Collision with motor vehicle in traffic / V2: Collision with motor vehicle in traffic ,V1: Passenger car / V2:Passenger car,Wet,Daylight,Cloudy,,STORROW DRIVE Rte 28 N / RAMP - STORROW DRIVE TO LEVERETT CONNECT,,,BLOSSOM ST,,235443.7723,901662.8984
3223782,BOSTON,24-Jul-2012,5:42 PM,Non-fatal injury,2,1,0,Rear-end,V1: Slowing or stopped in traffic / V2:Not reported,V1:Southbound / V2:Not reported ,"V1: Collision with cyclist (bicycle, tricycle, unicycle, pedal car) / V2: Not reported ","V1: Passenger car / V2:Light truck(van, mini-van, panel, pickup, sport utility) with only four tires",Dry,Daylight,Clear,,LONGFELLOW BRIDGE / CHARLES STREET CIRCLE,,,,"P2:Pedalcyclist (bicycle, tricycle, unicycle, pedal car) / P3:Pedestrian",235347.5491,901249.6724
3224322,BOSTON,24-Jul-2012,6:39 PM,Property damage only (none injured),2,0,0,Rear-end,V1: Slowing or stopped in traffic / V2:Slowing or stopped in traffic,V1:Southbound / V2:Southbound ,V1: Collision with motor vehicle in traffic / V2: Collision with motor vehicle in traffic ,V1: Passenger car / V2:Passenger car,Wet,Daylight,Rain,,JAMAICAWAY / BYNNER STREET,,,,,231761.9221,897172.3749
3251206,BOSTON (DORCHESTER),24-Jul-2012,6:50 PM,Non-fatal injury,2,3,0,Not reported,V1: Travelling straight ahead / V2:Travelling straight ahead,V1:Northbound / V2:Northbound ,V1: Collision with motor vehicle in traffic / V2: Collision with motor vehicle in traffic ,"V1: Passenger car / V2:Light truck(van, mini-van, panel, pickup, sport utility) with only four tires",Not reported,Not reported,Not Reported,BOWDOIN STREET / HENRY STREET / QUINCY STREET,,,,,,235861.8905,895379.9375
3253655,BOSTON (HYDE PARK),24-Jul-2012,7:12 PM,Not Reported,2,0,0,Angle,V1: Not reported / V2:Not reported,V1:Not reported / V2:Not reported ,V1: Not reported / V2: Not reported ,"V1: Light truck(van, mini-van, panel, pickup, sport utility) with only four tires / V2:Passenger car",Wet,Dawn,Clear/Cloudy,GEORGE R. VISCONTI ROAD / RIVER STREET,,,,,,,
3223865,BOSTON,24-Jul-2012,7:15 PM,Property damage only (none injured),2,0,0,Angle,V1: Changing lanes / V2:Travelling straight ahead,V1:Eastbound / V2:Eastbound ,V1: Collision with motor vehicle in traffic / V2: Collision with motor vehicle in traffic ,"V1: Light truck(van, mini-van, panel, pickup, sport utility) with only four tires / V2:Passenger car",Dry,Daylight,Clear/Cloudy,,MASSACHUSETTS TURNPIKE Rte 90 E / MASSACHUSETTS TURNPIKE Rte 90 E,,,APPROX ON-HALF MILE WEST OF EXIT,,232548.2728,899858.3377
3224323,BOSTON,24-Jul-2012,7:22 PM,Property damage only (none injured),1,0,0,Single vehicle crash,V1: Turning left,V1:Southbound ,V1: Other ,"V1: Light truck(van, mini-van, panel, pickup, sport utility) with only four tires",Wet,Daylight,Cloudy,,RAMP - STORROW DR TO RT 2A WB / STORROW DRIVE,,,,,233878.6419,900250.3561
3264958,BOSTON,24-Jul-2012,8:00 PM,Non-fatal injury,2,1,0,Rear-end,V1: Travelling straight ahead / V2:Slowing or stopped in traffic,V1:Eastbound / V2:Eastbound ,V1: Collision with motor vehicle in traffic / V2: Collision with motor vehicle in traffic ,"V1: Passenger car / V2:Bus (seats for more than 15 people, including driver)",Wet,Daylight,Rain/Cloudy,COLUMBUS AVENUE / MALCOLM X BOULEVARD,,,,,,233428.1405,897959.5625
3242530,BOSTON,24-Jul-2012,9:20 PM,Property damage only (none injured),2,0,0,Rear-end,V1: Travelling straight ahead / V2:Travelling straight ahead,V1:Eastbound / V2:Eastbound ,V1: Collision with motor vehicle in traffic / V2: Collision with motor vehicle in traffic ,V1: Passenger car / V2:Passenger car,Dry,Dark - lighted roadway,Not Reported,,LOGAN AIRPORT TERMINAL C / AIRPORT ROAD - DEPARTURE LEVEL,,,"LOGAN AIRPORT, TERMINAL C LOWER",,239765.2225,901923.4215
3227300,BOSTON,25-Jul-2012,6:12 AM,Property damage only (none injured),3,0,0,Rear-end,V1: Slowing or stopped in traffic / V2:Slowing or stopped in traffic / V3:Travelling straight ahead,V1:Eastbound / V2:Eastbound / V3:Eastbound ,V1: Collision with motor vehicle in traffic / V2: Collision with motor vehicle in traffic / V3: Collision with motor vehicle in traffic ,"V1: Passenger car / V2:Light truck(van, mini-van, panel, pickup, sport utility) with only four tires / V3:Passenger car",Dry,Dark - lighted roadway,Clear,,MASSACHUSETTS TURNPIKE Rte 90 E / TED WILLIAMS TUNNEL,,,UR-65E,,239051.4028,900924.2439
3224237,BOSTON,25-Jul-2012,9:02 AM,Property damage only (none injured),2,0,0,Rear-end,V1: Not reported / V2:Travelling straight ahead,V1:Southbound / V2:Southbound ,V1: Collision with motor vehicle in traffic / V2: Collision with motor vehicle in traffic ,V1: Passenger car / V2:Motorcycle,Dry,Daylight,Clear,LEVERETT CIRCLE / EMBANKMENT ROAD Rte 28 S / CHARLES RIVER DAM ROAD Rte 28 S,,,,,,235559.0702,901887.0095
3452990,BOSTON,25-Jul-2012,9:50 AM,Non-fatal injury,1,1,0,Single vehicle crash,V1: Turning left,V1:Westbound ,V1: Collision with pedestrian ,"V1: Light truck(van, mini-van, panel, pickup, sport utility) with only four tires",Dry,Daylight,Clear,,GALLIVAN BOULEVARD / DORCHESTER AVENUE,,,,P1:Pedestrian,235804.4062,892252.5627
3223866,BOSTON,25-Jul-2012,10:26 AM,Property damage only (none injured),2,0,0,"Sideswipe, same direction",V1: Changing lanes / V2:Travelling straight ahead,V1:Southbound / V2:Southbound ,V1: Collision with motor vehicle in traffic / V2: Collision with motor vehicle in traffic ,V1: Passenger car / V2:Passenger car,Dry,Daylight,Clear,,Rte 93 S,,Exit 20 on Rte 93 S,,,236954.209,900826.9442
3224328,BOSTON,25-Jul-2012,12:50 PM,Non-fatal injury,1,1,0,Single vehicle crash,V1: Travelling straight ahead,V1:Southbound ,V1: Collision with median barrier ,V1: Passenger car,Dry,Daylight,Clear,,Rte 93 S,,Exit 12 on Rte 93 S,,,237620.5493,892713.0989
3322563,BOSTON (ROXBURY),25-Jul-2012,1:54 PM,Property damage only (none injured),2,0,0,"Sideswipe, same direction",V1: Turning left / V2:Travelling straight ahead,V1:Northbound / V2:Northbound ,V1: Not reported / V2: Collision with motor vehicle in traffic ,V1: Passenger car / V2:Passenger car,Dry,Daylight,Clear/Clear,,2020 COLUMBUS AVENUE,,,,,233248.2946,896081.5536
3226268,BOSTON,25-Jul-2012,2:47 PM,Property damage only (none injured),2,0,0,Rear-end,V1: Travelling straight ahead / V2:Slowing or stopped in traffic,V1:Northbound / V2:Northbound ,V1: Collision with motor vehicle in traffic / V2: Collision with motor vehicle in traffic ,"V1: Passenger car / V2:Single-unit truck (2-axle, 6-tire)",Dry,Daylight,Clear,,Rte 93 N,,Exit 13 on Rte 93 N,,,237420.1414,894076.5227
3226266,BOSTON,26-Jul-2012,1:55 AM,Non-fatal injury,2,4,0,Rear-end,V1: Slowing or stopped in traffic / V2:Not reported,V1:Eastbound / V2:Not reported ,V1: Collision with motor vehicle in traffic / V2: Not reported ,V1: Passenger car / V2:Not reported,Dry,Dark - lighted roadway,Clear,,GALLIVAN BOULEVARD / Rte 93,,,WALGREENS,,237677.8854,892867.5119
3214154,BOSTON,26-Jul-2012,6:40 AM,Property damage only (none injured),2,0,0,"Sideswipe, opposite direction",V1: Travelling straight ahead / V2:Travelling straight ahead,V1:Southbound / V2:Northbound ,V1: Collision with motor vehicle in traffic / V2: Collision with motor vehicle in traffic ,V1: Passenger car / V2:Passenger car,Dry,Daylight,Not Reported,,JAMAICAWAY / BYNNER STREET,,,BETWEEN BYNNER &AMP; RT#9 O/P,,231761.9221,897172.3749
3244185,BOSTON,26-Jul-2012,12:45 PM,Property damage only (none injured),2,0,0,Rear-end,V1: Slowing or stopped in traffic / V2:Slowing or stopped in traffic,V1:Northbound / V2:Northbound ,V1: Collision with motor vehicle in traffic / V2: Collision with motor vehicle in traffic ,V1: Passenger car / V2:Passenger car,Dry,Daylight,Clear,,Rte 93 N,,Exit 15 on Rte 93 N,,,236972.2496,896473.4282
3219184,BOSTON,26-Jul-2012,1:21 PM,Property damage only (none injured),2,0,0,Rear-end,V1: Travelling straight ahead / V2:Slowing or stopped in traffic,V1:Eastbound / V2:Eastbound ,V1: Collision with motor vehicle in traffic / V2: Collision with motor vehicle in traffic ,"V1: Single-unit truck (2-axle, 6-tire) / V2:Light truck(van, mini-van, panel, pickup, sport utility) with only four tires",Dry,Daylight,Cloudy,,SOLDIERS FIELD ROAD / NORTH HARVARD STREET,,,,,230992.3482,902048.2872
3240223,BOSTON,26-Jul-2012,3:15 PM,Non-fatal injury,3,1,0,Rear-end,V1: Slowing or stopped in traffic / V2:Slowing or stopped in traffic / V3:Travelling straight ahead,V1:Northbound / V2:Northbound / V3:Northbound ,V1: Collision with motor vehicle in traffic / V2: Collision with motor vehicle in traffic / V3: Collision with motor vehicle in traffic ,"V1: Light truck(van, mini-van, panel, pickup, sport utility) with only four tires / V2:Passenger car / V3:Light truck(van, mini-van, panel, pickup, sport utility) with only four tires",Dry,Daylight,Clear,,Rte 93 N,,Exit 11 on Rte 93 N,,,237094.7253,891674.8051
3291928,BOSTON (WEST ROXBURY),26-Jul-2012,4:35 PM,Not Reported,2,0,0,Angle,V1: Not reported / V2:Not reported,V1:Not reported / V2:Not reported ,V1: Not reported / V2: Not reported ,"V1: Light truck(van, mini-van, panel, pickup, sport utility) with only four tires / V2:Passenger car",Dry,Daylight,Clear,,277 SPRING STREET,,,,,227162.2278,891455.9601
3221853,BOSTON,26-Jul-2012,4:46 PM,Property damage only (none injured),2,0,0,Head-on,V1: Entering traffic lane / V2:Travelling straight ahead,V1:Westbound / V2:Eastbound ,V1: Collision with motor vehicle in traffic / V2: Collision with motor vehicle in traffic ,"V1: Light truck(van, mini-van, panel, pickup, sport utility) with only four tires / V2:Passenger car",Dry,Daylight,Clear,,1660 SOLDIERS FIELD ROAD / 1660 SOLDIERS FIELD ROAD,,,AT STARBCKS EXIT,,228450.8754,901021.6733
3322570,BOSTON,26-Jul-2012,7:18 PM,Property damage only (none injured),2,0,0,Head-on,V1: Turning right / V2:Parked,V1:Westbound / V2:Not reported ,V1: Not reported / V2: Not reported ,"V1: Passenger car / V2:Light truck(van, mini-van, panel, pickup, sport utility) with only four tires",Dry,Dusk,Clear/Clear,,368 CENTRE STREET,,,,,236449.2246,893899.6897
3214245,BOSTON,27-Jul-2012,00:00 AM,Property damage only (none injured),2,0,0,"Sideswipe, same direction",V1: Leaving traffic lane / V2:Travelling straight ahead,V1:Southbound / V2:Southbound ,V1: Collision with motor vehicle in traffic / V2: Collision with motor vehicle in traffic ,"V1: Passenger car / V2:Light truck(van, mini-van, panel, pickup, sport utility) with only four tires",Dry,Dark - lighted roadway,Cloudy,,WILLIAM T MORRISSEY BOULEVARD,,,MALIBU BEACH,,237326.7326,895071.394
3267845,BOSTON,27-Jul-2012,00:00 AM,Non-fatal injury,2,1,0,"Sideswipe, same direction",V1: Travelling straight ahead / V2:Travelling straight ahead,V1:Not reported / V2:Not reported ,V1: Collision with motor vehicle in traffic / V2: Collision with motor vehicle in traffic ,V1: Passenger car / V2:Passenger car,Dry,Dark - lighted roadway,Clear/Clear,,175 CAMBRIDGE STREET,,,,,235808.2119,901283.8135
3276850,BOSTON,27-Jul-2012,2:22 AM,Property damage only (none injured),2,0,0,Angle,V1: Travelling straight ahead / V2:Travelling straight ahead,V1:Northbound / V2:Westbound ,V1: Collision with motor vehicle in traffic / V2: Collision with motor vehicle in traffic ,"V1: Passenger car / V2:Light truck(van, mini-van, panel, pickup, sport utility) with only four tires",Dry,Dark - lighted roadway,Clear,WEST NEWTON STREET / COLUMBUS AVENUE,,,,,,234735.1813,899272.8712
3264040,BOSTON (DORCHESTER),27-Jul-2012,4:30 AM,Non-fatal injury,1,1,0,Unknown,V1: Unknown,V1:Northbound ,V1: Collision with curb ,V1: MOPED,Dry,Dark - lighted roadway,Clear/Clear,MALLET STREET / GALLIVAN BOULEVARD,,,,,,,
3267748,BOSTON,27-Jul-2012,10:40 AM,Not Reported,1,0,0,Not reported,V1: Not reported,V1:Not reported ,V1: Not reported ,V1: Passenger car,Not reported,Not reported,Not Reported,,9 BRADLEE STREET,,,,,235190.3063,894191.3042
3229262,BOSTON,27-Jul-2012,11:40 AM,Property damage only (none injured),2,0,0,Single vehicle crash,V1: Travelling straight ahead / V2:Turning right,V1:Not reported / V2:Not reported ,V1: Not reported / V2: Not reported ,"V1: Light truck(van, mini-van, panel, pickup, sport utility) with only four tires / V2:Unknown heavy truck, cannot classify",Dry,Daylight,Clear/Cloudy,WASHINGTON STREET / MARKET STREET,,,,,,228556.1159,899905.3581
3241491,BOSTON,27-Jul-2012,1:35 PM,Property damage only (none injured),2,0,0,"Sideswipe, same direction",V1: Leaving traffic lane / V2:Travelling straight ahead,V1:Southbound / V2:Southbound ,V1: Collision with motor vehicle in traffic / V2: Collision with motor vehicle in traffic ,"V1: Light truck(van, mini-van, panel, pickup, sport utility) with only four tires / V2:Passenger car",Dry,Daylight,Clear,COLUMBIA ROAD / WILLIAM T MORRISSEY BOULEVARD / KOSCIUSZKO CIRCLE,,,,KOSCUSZKO CIRCLE,,236980.4846,896866.3749
3219138,BOSTON,27-Jul-2012,3:05 PM,Property damage only (none injured),2,0,0,Angle,V1: Entering traffic lane / V2:Travelling straight ahead,V1:Eastbound / V2:Eastbound ,V1: Collision with motor vehicle in traffic / V2: Collision with motor vehicle in traffic ,"V1: Passenger car / V2:Light truck(van, mini-van, panel, pickup, sport utility) with only four tires",Dry,Daylight,Cloudy,,SOLDIERS FIELD ROAD / SOLDIERS FIELD ROAD,,,ACURA,,228646.776,901111.1975
3224316,BOSTON,27-Jul-2012,3:14 PM,Non-fatal injury,5,1,0,Rear-end,V1: Travelling straight ahead / V2:Travelling straight ahead / V3:Travelling straight ahead / V4:Travelling straight ahead / V5:Travelling straight ahead,V1:Southbound / V2:Southbound / V3:Southbound / V4:Southbound / V5:Southbound ,V1: Collision with motor vehicle in traffic / V2: Collision with motor vehicle in traffic / V3: Collision with motor vehicle in traffic / V4: Collision with motor vehicle in traffic / V5: Collision with motor vehicle in traffic ,"V1: Passenger car / V2:Passenger car / V3:Light truck(van, mini-van, panel, pickup, sport utility) with only four tires / V4:Passenger car / V5:Passenger car",Dry,Daylight,Cloudy,,Rte 93 S,,Exit 26 on Rte 93 S,STATION TUNNEL,,234851.4113,903728.5151
3276934,BOSTON,27-Jul-2012,3:39 PM,Non-fatal injury,1,1,0,Angle,V1: Travelling straight ahead,V1:Westbound ,V1: Collision with motor vehicle in traffic ,"V1: Light truck(van, mini-van, panel, pickup, sport utility) with only four tires",Dry,Daylight,Cloudy/Cloudy,HUNTINGTON AVENUE / FORSYTH STREET,,,,,"P2:Pedalcyclist (bicycle, tricycle, unicycle, pedal car)",233733.0897,898890.8761
3224317,BOSTON,27-Jul-2012,3:53 PM,Property damage only (none injured),3,0,0,Rear-end,V1: Slowing or stopped in traffic / V2:Slowing or stopped in traffic / V3:Travelling straight ahead,V1:Southbound / V2:Southbound / V3:Southbound ,V1: Collision with motor vehicle in traffic / V2: Collision with motor vehicle in traffic / V3: Collision with motor vehicle in traffic ,"V1: Light truck(van, mini-van, panel, pickup, sport utility) with only four tires / V2:Passenger car / V3:Light truck(van, mini-van, panel, pickup, sport utility) with only four tires",Dry,Daylight,Cloudy,,Rte 93 S,,Exit 18 on Rte 93 S,,,236013.2783,899092.9981
3253642,BOSTON (ALLSTON),27-Jul-2012,5:21 PM,Property damage only (none injured),3,0,0,Rear-end,V1: Slowing or stopped in traffic / V2:Slowing or stopped in traffic / V3:Slowing or stopped in traffic,V1:Westbound / V2:Westbound / V3:Westbound ,V1: Collision with motor vehicle in traffic / V2: Collision with motor vehicle in traffic / V3: Collision with motor vehicle in traffic ,V1: Passenger car / V2:Passenger car / V3:Passenger car,Dry,Dark - lighted roadway,Clear,COMMONWEALTH AVENUE / SAINT PAUL STREET,,,,,,231654.786,900129.0468