Crash Number,City/Town Name,Crash Date,Crash Time,Crash Severity,Number of Vehicles,Total Nonfatal Injuries,Total Fatal Injuries,Manner of Collision,Vehicle Action Prior to Crash,Vehicle Travel Directions,Most Harmful Events,Vehicle Configuration,Road Surface Condition,Ambient Light,Weather Condition,At Roadway Intersection,Distance from Nearest Roadway Intersection,Distance from Nearest Milemarker,Distance from Nearest Exit,Distance from Nearest Landmark,Non Motorist Type,X Coordinate,Y Coordinate
3241130,BOSTON,27-Jul-2012,5:25 PM,Property damage only (none injured),3,0,0,Rear-end,V1: Slowing or stopped in traffic / V2:Travelling straight ahead / V3:Slowing or stopped in traffic,V1:Southbound / V2:Southbound / V3:Southbound ,V1: Collision with motor vehicle in traffic / V2: Collision with motor vehicle in traffic / V3: Collision with motor vehicle in traffic ,"V1: Passenger car / V2:Passenger car / V3:Light truck(van, mini-van, panel, pickup, sport utility) with only four tires",Dry,Daylight,Clear,WILLIAM T MORRISSEY BOULEVARD / FREEPORT STREET,,,,,,237149.8439,894580.3748
3226263,BOSTON,27-Jul-2012,9:05 PM,Non-fatal injury,2,1,0,Head-on,V1: Travelling straight ahead / V2:Travelling straight ahead,V1:Southbound / V2:Southbound ,V1: Collision with pedestrian / V2: Collision with pedestrian ,"V1: Light truck(van, mini-van, panel, pickup, sport utility) with only four tires / V2:Passenger car",Dry,Dark - lighted roadway,Clear,MORTON STREET / NORFOLK STREET,,,,,"P1:Pedalcyclist (bicycle, tricycle, unicycle, pedal car)",234066.8436,892435.125
3322565,BOSTON (ROSLINDALE),28-Jul-2012,3:56 AM,Not Reported,1,0,0,Not reported,V1: Not reported,V1:Not reported ,V1: Not reported ,V1: Passenger car,Not reported,Not reported,Not Reported,,AMERICAN LEGION HIGHWAY,,,,,,
3266778,BOSTON,28-Jul-2012,10:44 AM,Non-fatal injury,3,1,0,Rear-end,V1: Slowing or stopped in traffic / V2:Slowing or stopped in traffic / V3:Travelling straight ahead,V1:Southbound / V2:Southbound / V3:Southbound ,V1: Collision with motor vehicle in traffic / V2: Collision with motor vehicle in traffic / V3: Collision with motor vehicle in traffic ,"V1: Not reported / V2:Passenger car / V3:Light truck(van, mini-van, panel, pickup, sport utility) with only four tires",Dry,Daylight,Clear,,1033 MASSACHUSETTS AVENUE / PROCTOR STREET,,,,,235646.6257,897542.3184
3253648,BOSTON,28-Jul-2012,12:15 PM,Non-fatal injury,2,1,0,"Sideswipe, same direction",V1: Slowing or stopped in traffic / V2:Parked,V1:Southbound / V2:Southbound ,V1: Collision with parked motor vehicle / V2: Collision with parked motor vehicle ,"V1: Light truck(van, mini-van, panel, pickup, sport utility) with only four tires / V2:Passenger car",Dry,Daylight,Clear,,276 CHESTNUT HILL AVENUE,,,,,228518.1335,898746.143
3240260,BOSTON,28-Jul-2012,12:58 PM,Property damage only (none injured),2,0,0,Rear-end,V1: Slowing or stopped in traffic / V2:Travelling straight ahead,V1:Northbound / V2:Northbound ,V1: Collision with motor vehicle in traffic / V2: Collision with motor vehicle in traffic ,"V1: Light truck(van, mini-van, panel, pickup, sport utility) with only four tires / V2:Passenger car",Dry,Daylight,Clear,,Rte 93 N,,Exit 12 on Rte 93 N,,,237641.3431,892708.5028
3380445,BOSTON,28-Jul-2012,1:43 PM,Property damage only (none injured),2,0,0,Rear-end,V1: Travelling straight ahead / V2:Travelling straight ahead,V1:Southbound / V2:Southbound ,V1: Collision with motor vehicle in traffic / V2: Collision with motor vehicle in traffic ,"V1: Light truck(van, mini-van, panel, pickup, sport utility) with only four tires / V2:Passenger car",Dry,Daylight,Clear,,LEVERETT CONNECTOR SOUTH / RAMP - RT 1 SB TO LEVERETT CONNECTOR,,,,,235645.1615,902398.6635
3289501,BOSTON (DORCHESTER),28-Jul-2012,4:35 PM,Non-fatal injury,1,1,0,Single vehicle crash,V1: Travelling straight ahead,V1:Northbound ,V1: Collision with median barrier ,V1: Passenger car,Wet,Daylight,Rain,,74 AMERICAN LEGION HIGHWAY,,,,,233746.3274,894156.8629
3224329,BOSTON,28-Jul-2012,6:42 PM,Non-fatal injury,3,1,0,Rear-end,V1: Slowing or stopped in traffic / V2:Slowing or stopped in traffic / V3:Travelling straight ahead,V1:Northbound / V2:Northbound / V3:Northbound ,V1: Collision with motor vehicle in traffic / V2: Collision with motor vehicle in traffic / V3: Collision with motor vehicle in traffic ,"V1: Passenger car / V2:Light truck(van, mini-van, panel, pickup, sport utility) with only four tires / V3:Passenger car",Wet,Daylight,Rain,,Rte 93 N,,Exit 13 on Rte 93 N,,,237420.1414,894076.5227
3380446,BOSTON,28-Jul-2012,6:50 PM,Property damage only (none injured),1,0,0,Single vehicle crash,V1: Travelling straight ahead,V1:Southbound ,V1: Collision with median barrier ,V1: Passenger car,Wet,Dark - lighted roadway,Rain,,LEVERETT CONNECTOR SOUTH / RAMP - RT 1 SB TO LEVERETT CONNECTOR,,,RAMP LCS,,235987.1917,901980.8454
3227301,BOSTON,28-Jul-2012,8:20 PM,Property damage only (none injured),1,0,0,Single vehicle crash,V1: Travelling straight ahead,V1:Westbound ,V1: Collision with guardrail ,"V1: Light truck(van, mini-van, panel, pickup, sport utility) with only four tires",Wet,Dark - lighted roadway,Rain,,Rte 90 W,,,,,232572.2182,899870.4883
3264048,BOSTON (DORCHESTER),28-Jul-2012,10:30 PM,Non-fatal injury,1,1,0,Single vehicle crash,V1: Travelling straight ahead,V1:Not reported ,V1: Collision with utility pole ,V1: Not reported,Wet,Dark - lighted roadway,Rain,,48 BOWDOIN STREET,,,,,236010.8185,901163.3287
3237368,BOSTON,28-Jul-2012,11:09 PM,Property damage only (none injured),2,0,0,Angle,V1: Travelling straight ahead / V2:Travelling straight ahead,V1:Northbound / V2:Northbound ,V1: Collision with median barrier / V2: Collision with motor vehicle in traffic ,"V1: Passenger car / V2:Light truck(van, mini-van, panel, pickup, sport utility) with only four tires",Dry,Dark - lighted roadway,Clear,,Rte 93 N,,,,,236821.1761,901235.3472
3384443,BOSTON,29-Jul-2012,1:10 AM,Non-fatal injury,1,2,0,Single vehicle crash,V1: Travelling straight ahead,V1:Northbound ,V1: Collision with guardrail ,V1: Passenger car,Wet,Dark - roadway not lighted,Rain,,VETERANS OF FOREIGN WARS PARKWAY / CALEDONIA AVENUE,,,,,227049.2772,891151.7364
3267844,BOSTON,29-Jul-2012,1:45 AM,Non-fatal injury,2,1,0,Angle,V1: Travelling straight ahead / V2:Making U-turn,V1:Not reported / V2:Not reported ,V1: Collision with motor vehicle in traffic / V2: Not reported ,V1: Not reported / V2:Not reported,Wet,Dark - lighted roadway,Rain/Rain,,LINCOLN STREET,,,,,,
3322567,BOSTON (ROSLINDALE),29-Jul-2012,4:06 AM,Non-fatal injury,1,1,0,Not reported,V1: Travelling straight ahead,V1:Northbound ,V1: Not reported ,"V1: Light truck(van, mini-van, panel, pickup, sport utility) with only four tires",Not reported,Not reported,Not Reported,,AMERICAN LEGION HIGHWAY,,,,,,
3226275,BOSTON,29-Jul-2012,4:26 AM,Property damage only (none injured),1,0,0,Single vehicle crash,V1: Travelling straight ahead,V1:Eastbound ,V1: Collision with motor vehicle in traffic ,V1: Passenger car,Wet,Dark - lighted roadway,Not Reported,,STORROW DRIVE / DAVID G MUGAR WAY,,,,,235214.6816,900915.4701
3227302,BOSTON,29-Jul-2012,4:43 AM,Property damage only (none injured),1,0,0,Single vehicle crash,V1: Travelling straight ahead,V1:Eastbound ,V1: Collision with median barrier ,"V1: Light truck(van, mini-van, panel, pickup, sport utility) with only four tires",Dry,Dark - lighted roadway,Cloudy,,MASSACHUSETTS TURNPIKE Rte 90 E / TED WILLIAMS TUNNEL,,,,,239051.4028,900924.2439
3225336,BOSTON,29-Jul-2012,5:40 AM,Not Reported,1,0,0,Single vehicle crash,V1: Travelling straight ahead,V1:Eastbound ,V1: Collision with median barrier ,V1: Passenger car,Wet,Dawn,Not Reported,,CENTRE STREET / HILLCROFT ROAD,,,IN MEDIAN,,231098.453,895344.1807
3225337,BOSTON,29-Jul-2012,6:30 AM,Property damage only (none injured),2,0,0,"Sideswipe, same direction",V1: Travelling straight ahead / V2:Turning right,V1:Westbound / V2:Westbound ,V1: Collision with motor vehicle in traffic / V2: Collision with motor vehicle in traffic ,V1: Passenger car / V2:Passenger car,Wet,Dawn,Cloudy,JAMES SHEA CIRCLE / ARBORWAY / FOREST HILLS STREET,,,,,,232427.352,894561.8624
3241492,BOSTON,29-Jul-2012,6:52 AM,Property damage only (none injured),4,0,0,"Sideswipe, same direction",V1: Leaving traffic lane / V2:Parked / V3:Parked / V4:Parked,V1:Westbound / V2:Not reported / V3:Not reported / V4:Not reported ,V1: Collision with parked motor vehicle / V2: Collision with motor vehicle in traffic / V3: Collision with motor vehicle in traffic / V4: Collision with motor vehicle in traffic ,"V1: Passenger car / V2:Light truck(van, mini-van, panel, pickup, sport utility) with only four tires / V3:Light truck(van, mini-van, panel, pickup, sport utility) with only four tires / V4:Passenger car",Dry,Daylight,Clear,,WILLIAM DAY BOULEVARD / L STREET,,,,,238321.8326,897757.6015
3224324,BOSTON,29-Jul-2012,7:39 AM,Property damage only (none injured),1,0,0,Single vehicle crash,V1: Travelling straight ahead,V1:Eastbound ,V1: Collision with highway traffic sign post ,V1: Passenger car,Wet,Daylight,Rain,,STORROW DRIVE Rte 28 N / RAMP - STORROW DRIVE TO LEVERETT CONNECT,,,MASS EYE &AMP; EAR S CURVES,,235349.4154,901442.1071
3236560,BOSTON,29-Jul-2012,10:28 AM,Non-fatal injury,2,1,0,Rear-end,V1: Travelling straight ahead / V2:Unknown,V1:Northbound / V2:Northbound ,V1: Collision with motor vehicle in traffic / V2: Collision with motor vehicle in traffic ,"V1: Bus (seats for 7-15 people, including driver) / V2:Passenger car",Dry,Daylight,Clear,,Rte 93 N,,Exit 26 on Rte 93 N,,,236402.7433,901600.0342
3253650,BOSTON,29-Jul-2012,12:16 PM,Not Reported,2,0,0,Angle,V1: Entering traffic lane / V2:Travelling straight ahead,V1:Not reported / V2:Not reported ,V1: Collision with motor vehicle in traffic / V2: Collision with motor vehicle in traffic ,V1: Passenger car / V2:Passenger car,Dry,Daylight,Cloudy,ALLSTON STREET / GLENVILLE AVENUE,,,,,,229893.2971,899926.6875
3240224,BOSTON,29-Jul-2012,12:40 PM,Property damage only (none injured),3,0,0,Rear-end,V1: Travelling straight ahead / V2:Slowing or stopped in traffic / V3:Slowing or stopped in traffic,V1:Southbound / V2:Southbound / V3:Southbound ,V1: Collision with motor vehicle in traffic / V2: Collision with motor vehicle in traffic / V3: Collision with motor vehicle in traffic ,"V1: Light truck(van, mini-van, panel, pickup, sport utility) with only four tires / V2:Light truck(van, mini-van, panel, pickup, sport utility) with only four tires / V3:Light truck(van, mini-van, panel, pickup, sport utility) with only four tires",Dry,Daylight,Clear,,Rte 93 S,,Exit 12 on Rte 93 S,,,237620.5493,892713.0989
3225330,BOSTON,29-Jul-2012,7:02 PM,Property damage only (none injured),2,0,0,Rear-end,V1: Slowing or stopped in traffic / V2:Other,V1:Northbound / V2:Northbound ,V1: Collision with motor vehicle in traffic / V2: Collision with motor vehicle in traffic ,"V1: Light truck(van, mini-van, panel, pickup, sport utility) with only four tires / V2:Light truck(van, mini-van, panel, pickup, sport utility) with only four tires",Dry,Daylight,Not Reported,,WILLIAM T MORRISSEY BOULEVARD / KOSCIUSZKO CIRCLE,,,,,237017.0782,896879.6065
3227303,BOSTON,29-Jul-2012,7:05 PM,Property damage only (none injured),2,0,0,Rear-end,V1: Travelling straight ahead / V2:Travelling straight ahead,V1:Westbound / V2:Westbound ,V1: Collision with motor vehicle in traffic / V2: Collision with motor vehicle in traffic ,V1: Passenger car / V2:Passenger car,Dry,Daylight,Cloudy,,Rte 90 W,,,,,231857.2326,900218.8073
3225331,BOSTON,29-Jul-2012,9:22 PM,Property damage only (none injured),2,0,0,Head-on,V1: Travelling straight ahead / V2:Travelling straight ahead,V1:Northbound / V2:Northbound ,V1: Collision with motor vehicle in traffic / V2: Collision with motor vehicle in traffic ,"V1: Passenger car / V2:Light truck(van, mini-van, panel, pickup, sport utility) with only four tires",Dry,Dark - lighted roadway,Not Reported,,Rte 93 N,,Exit 15 on Rte 93 N,,,236972.2496,896473.4282
3227313,BOSTON,30-Jul-2012,00:00 AM,Not Reported,1,0,0,Single vehicle crash,V1: Not reported,V1:Eastbound ,V1: Not reported ,V1: Passenger car,Dry,Dark - lighted roadway,Not Reported,,NORTH BEACON STREET / BIRMINGHAM PARKWAY,,,BEHIND MCDONALDS,,228439.0625,900920.8752
3267850,BOSTON,30-Jul-2012,2:00 AM,Not Reported,2,0,0,Not reported,V1: Parked / V2:Travelling straight ahead,V1:Not reported / V2:Southbound ,V1: Collision with motor vehicle in traffic / V2: Collision with parked motor vehicle ,V1: Passenger car / V2:Not reported,Not reported,Not reported,Not Reported,BOWDOIN STREET / BEACON STREET,,,,,,236024.8007,900919.1754
3224325,BOSTON,30-Jul-2012,8:00 AM,Non-fatal injury,3,1,0,Rear-end,V1: Travelling straight ahead / V2:Slowing or stopped in traffic / V3:Slowing or stopped in traffic,V1:Southbound / V2:Not reported / V3:Not reported ,V1: Collision with motor vehicle in traffic / V2: Collision with motor vehicle in traffic / V3: Collision with motor vehicle in traffic ,V1: Passenger car / V2:Passenger car / V3:Passenger car,Dry,Daylight,Not Reported,BOYLSTON STREET / FENWAY,,,,,P4:Pedestrian,233753.6727,899644.6763
3269033,BOSTON (HYDE PARK),30-Jul-2012,8:25 AM,Not Reported,1,0,0,Not reported,V1: Not reported,V1:Not reported ,V1: Not reported ,"V1: Light truck(van, mini-van, panel, pickup, sport utility) with only four tires",Not reported,Not reported,Not Reported,CENTRAL AVENUE / WEBSTER STREET,,,,,,231253.3908,889818.7502
3227304,BOSTON,30-Jul-2012,11:38 AM,Property damage only (none injured),3,0,0,Rear-end,V1: Slowing or stopped in traffic / V2:Slowing or stopped in traffic / V3:Slowing or stopped in traffic,V1:Northbound / V2:Northbound / V3:Northbound ,V1: Collision with motor vehicle in traffic / V2: Collision with motor vehicle in traffic / V3: Collision with motor vehicle in traffic ,"V1: Passenger car / V2:Light truck(van, mini-van, panel, pickup, sport utility) with only four tires / V3:Passenger car",Dry,Daylight,Clear,,Rte 93 S,,Exit 18 on Rte 93 S,OFF RAMP,,236013.2783,899092.9981
3267843,BOSTON,30-Jul-2012,2:50 PM,Non-fatal injury,1,1,0,Single vehicle crash,V1: Travelling straight ahead,V1:Northbound ,V1: Collision with pedestrian ,V1: Passenger car,Dry,Daylight,Clear,CONGRESS STREET / HANOVER STREET,,,,,P2:Pedestrian,236443.1416,901319.2082
3267840,BOSTON,30-Jul-2012,4:31 PM,Non-fatal injury,1,1,0,Not reported,V1: Turning left,V1:Not reported ,V1: Collision with pedestrian ,V1: Passenger car,Dry,Daylight,Clear/Clear,CAUSEWAY STREET / MEDFORD STREET,,,,,P2:Pedestrian,236289.5308,901859.999
3227305,BOSTON,30-Jul-2012,5:02 PM,Not Reported,1,0,0,Single vehicle crash,V1: Turning right,V1:Eastbound ,V1: Overturn/rollover ,V1: Motorcycle,Dry,Daylight,Clear,,Rte 90 E,,Exit 22 on Rte 90 E,,,234741.7413,899775.696
3243056,BOSTON,30-Jul-2012,5:20 PM,Property damage only (none injured),3,0,0,Rear-end,V1: Travelling straight ahead / V2:Slowing or stopped in traffic / V3:Slowing or stopped in traffic,V1:Southbound / V2:Southbound / V3:Southbound ,V1: Collision with motor vehicle in traffic / V2: Collision with motor vehicle in traffic / V3: Collision with motor vehicle in traffic ,"V1: Light truck(van, mini-van, panel, pickup, sport utility) with only four tires / V2:Passenger car / V3:Passenger car",Dry,Daylight,Clear,,Rte 93 S,,Exit 15 on Rte 93 S,,,236629.6253,897168.5001
3227306,BOSTON,30-Jul-2012,6:42 PM,Property damage only (none injured),2,0,0,Rear-end,V1: Travelling straight ahead / V2:Travelling straight ahead,V1:Southbound / V2:Southbound ,V1: Collision with motor vehicle in traffic / V2: Collision with motor vehicle in traffic ,"V1: Passenger car / V2:Light truck(van, mini-van, panel, pickup, sport utility) with only four tires",Dry,Dark - lighted roadway,Clear,,Rte 93 S,,Exit 24 on Rte 93 S,,,236397.1933,901565.6511
3381429,BOSTON,30-Jul-2012,7:05 PM,Property damage only (none injured),1,0,0,Angle,V1: Turning right,V1:Northbound ,"V1: Collision with cyclist (bicycle, tricycle, unicycle, pedal car) ",V1: Passenger car,Dry,Daylight,Clear,CHARLES STREET Rte 3A N / LONGFELLOW BRIDGE Rte 3 N,,,,LONGFELLOW BRIDGE,,235280.2677,901293.3394
3322566,BOSTON,30-Jul-2012,9:56 PM,Property damage only (none injured),2,0,0,"Sideswipe, opposite direction",V1: Travelling straight ahead / V2:Travelling straight ahead,V1:Westbound / V2:Eastbound ,V1: Not reported / V2: Not reported ,V1: Passenger car / V2:Passenger car,Dry,Dark - roadway not lighted,Clear/Clear,GLEN ROAD / ROCKY NOOK TERRACE,,,,,,232833.8641,895431.5696
3265081,BOSTON,31-Jul-2012,7:04 AM,Not Reported,1,0,0,Single vehicle crash,V1: Turning left,V1:Southbound ,V1: Collision with pedestrian ,V1: Passenger car,Dry,Daylight,Clear/Clear,SUMMER STREET / SURFACE ARTERY,,,,,,236560.2012,900362.3713
3264046,BOSTON,31-Jul-2012,1:00 PM,Not Reported,2,0,0,Unknown,V1: Travelling straight ahead / V2:Entering traffic lane,V1:Westbound / V2:Southbound ,V1: Not reported / V2: Other ,"V1: Motorcycle / V2:Light truck(van, mini-van, panel, pickup, sport utility) with only four tires",Dry,Daylight,Clear/Clear,SAVIN HILL AVENUE / SAXTON STREET,,,,,,236687.7189,895856.375
3229312,BOSTON,31-Jul-2012,1:01 PM,Property damage only (none injured),2,0,0,Angle,V1: Changing lanes / V2:Travelling straight ahead,V1:Northbound / V2:Northbound ,V1: Collision with motor vehicle in traffic / V2: Collision with motor vehicle in traffic ,"V1: Light truck(van, mini-van, panel, pickup, sport utility) with only four tires / V2:Light truck(van, mini-van, panel, pickup, sport utility) with only four tires",Dry,Daylight,Clear,,Rte 93 N,,Exit 13 on Rte 93 N,,,237420.1414,894076.5227
3244934,BOSTON,31-Jul-2012,2:50 PM,Property damage only (none injured),2,0,0,Rear-end,V1: Slowing or stopped in traffic / V2:Slowing or stopped in traffic,V1:Westbound / V2:Westbound ,V1: Collision with motor vehicle in traffic / V2: Collision with motor vehicle in traffic ,V1: Passenger car / V2:Passenger car,Dry,Daylight,Clear,,Rte 90 W,,,,,232572.2182,899870.4883
3241105,BOSTON,31-Jul-2012,3:30 PM,Non-fatal injury,2,1,0,Rear-end,V1: Travelling straight ahead / V2:Slowing or stopped in traffic,V1:Northbound / V2:Northbound ,V1: Collision with motor vehicle in traffic / V2: Collision with motor vehicle in traffic ,V1: Passenger car / V2:Passenger car,Dry,Daylight,Clear,,Rte 93 N,,,,,236873.3679,900520.4569
3292137,BOSTON (HYDE PARK),31-Jul-2012,4:10 PM,Non-fatal injury,2,1,0,Not reported,V1: Slowing or stopped in traffic / V2:Travelling straight ahead,V1:Eastbound / V2:Eastbound ,V1: Collision with motor vehicle in traffic / V2: Collision with motor vehicle in traffic ,"V1: Light truck(van, mini-van, panel, pickup, sport utility) with only four tires / V2:Light truck(van, mini-van, panel, pickup, sport utility) with only four tires",Not reported,Not reported,Not Reported,,1011 HYDE PARK AVENUE,,,,,231246.8721,890549.0748
3236550,BOSTON,31-Jul-2012,5:30 PM,Non-fatal injury,2,2,0,"Sideswipe, same direction",V1: Turning right / V2:Travelling straight ahead,V1:Eastbound / V2:Eastbound ,V1: Collision with tree / V2: Collision with motor vehicle in traffic ,"V1: Passenger car / V2:Bus (seats for more than 15 people, including driver)",Dry,Daylight,Cloudy,DUDLEY STREET / WARREN STREET,,,,,,234332.2501,897657.1251
3264041,BOSTON (DORCHESTER),31-Jul-2012,6:14 PM,Non-fatal injury,1,1,0,Single vehicle crash,V1: Turning left,V1:Not reported ,V1: Collision with pedestrian ,V1: Not reported,Wet,Daylight,Cloudy,ADAMS STREET / DORCHESTER AVENUE,,,,,P3:Pedestrian,,
3267855,BOSTON (CHARLESTOWN),01-Aug-2012,6:49 AM,Non-fatal injury,1,1,0,Head-on,V1: Turning right,V1:Northbound ,"V1: Collision with cyclist (bicycle, tricycle, unicycle, pedal car) ",V1: Passenger car,Dry,Daylight,Clear/Clear,MAIN STREET / DORRANCE STREET,,,,,"P2:Pedalcyclist (bicycle, tricycle, unicycle, pedal car)",234903.0103,903996.362
3237369,BOSTON,01-Aug-2012,6:55 AM,Non-fatal injury,2,2,0,Rear-end,V1: Travelling straight ahead / V2:Travelling straight ahead,V1:Southbound / V2:Southbound ,V1: Collision with motor vehicle in traffic / V2: Collision with motor vehicle in traffic ,"V1: Light truck(van, mini-van, panel, pickup, sport utility) with only four tires / V2:Light truck(van, mini-van, panel, pickup, sport utility) with only four tires",Dry,Daylight,Clear,,Rte 93 S,,Exit 26 on Rte 93 S,,,234851.4113,903728.5151
3227317,BOSTON,01-Aug-2012,8:25 AM,Non-fatal injury,3,1,0,Rear-end,V1: Slowing or stopped in traffic / V2:Travelling straight ahead / V3:Travelling straight ahead,V1:Eastbound / V2:Eastbound / V3:Eastbound ,V1: Collision with motor vehicle in traffic / V2: Collision with motor vehicle in traffic / V3: Collision with motor vehicle in traffic ,V1: Passenger car / V2:Passenger car / V3:Passenger car,Dry,Daylight,Clear,,STORROW DRIVE / RAMP - STORROW DR TO RT 2A WB,,,PRIOR TO KENMORE EXIT,,233821.2668,900251.8675
3242538,BOSTON,01-Aug-2012,8:50 AM,Non-fatal injury,2,2,0,Head-on,V1: Turning left / V2:Travelling straight ahead,V1:Northbound / V2:Southbound ,V1: Collision with motor vehicle in traffic / V2: Collision with motor vehicle in traffic ,V1: Passenger car / V2:Passenger car,Dry,Daylight,Clear,,JAMAICAWAY / PERKINS STREET,,,,,231606.1562,896796.9999
3264525,BOSTON (DORCHESTER),01-Aug-2012,9:40 AM,Not Reported,2,0,0,Rear-end,V1: Not reported / V2:Not reported,V1:Not reported / V2:Not reported ,V1: Not reported / V2: Not reported ,V1: Not reported / V2:Not reported,Dry,Daylight,Clear,NEPONSET AVENUE / CLAYTON STREET / GREENWICH STREET,,,,,,236610.6874,894988.0624
3240261,BOSTON,01-Aug-2012,2:08 PM,Property damage only (none injured),2,0,0,Rear-end,V1: Travelling straight ahead / V2:Slowing or stopped in traffic,V1:Southbound / V2:Southbound ,V1: Collision with motor vehicle in traffic / V2: Collision with motor vehicle in traffic ,"V1: Light truck(van, mini-van, panel, pickup, sport utility) with only four tires / V2:Passenger car",Dry,Daylight,Clear,,Rte 93 S,,Exit 11 on Rte 93 S,,,237076.8671,891681.5326
3267876,BOSTON,01-Aug-2012,2:40 PM,Property damage only (none injured),1,0,0,Single vehicle crash,V1: Travelling straight ahead,V1:Not reported ,V1: Not reported ,V1: Passenger car,Dry,Daylight,Clear,MOUNT VERNON STREET / WEST CEDAR STREET,,,,,"P2:Pedalcyclist (bicycle, tricycle, unicycle, pedal car)",235466.9998,900915
3380447,BOSTON,01-Aug-2012,5:40 PM,Property damage only (none injured),2,0,0,Rear-end,V1: Travelling straight ahead / V2:Slowing or stopped in traffic,V1:Southbound / V2:Southbound ,V1: Collision with motor vehicle in traffic / V2: Collision with motor vehicle in traffic ,V1: Passenger car / V2:Passenger car,Wet,Dusk,Rain,,JOHN F FITZGERALD EXPRESSWAY Rte 1 S / TEMPORARY RAMP,,,CANA TUNNEL,,235981.9442,902299.2759
3236547,BOSTON (CHARLESTOWN),01-Aug-2012,9:40 PM,Property damage only (none injured),2,0,0,Rear-end,V1: Travelling straight ahead / V2:Parked,V1:Not reported / V2:Not reported ,V1: Collision with parked motor vehicle / V2: Collision with parked motor vehicle ,"V1: Bus (seats for more than 15 people, including driver) / V2:Passenger car",Dry,Dark - lighted roadway,Clear,,250 feet W from Intersection NEW RUTHERFORD AVENUE / ALFORD STREET,,,,,,
3267853,BOSTON (CHARLESTOWN),02-Aug-2012,1:00 AM,Property damage only (none injured),2,0,0,"Sideswipe, same direction",V1: Turning left / V2:Not reported,V1:Southbound / V2:Not reported ,V1: Collision with motor vehicle in traffic / V2: Not reported ,V1: Passenger car / V2:Not reported,Dry,Dark - lighted roadway,Clear/Clear,Rte 99 / ALFORD STREET / RUTHERFORD AVENUE,,,,,,,
3237370,BOSTON,02-Aug-2012,5:38 AM,Property damage only (none injured),1,0,0,Single vehicle crash,V1: Travelling straight ahead,V1:Northbound ,V1: Collision with median barrier ,V1: Passenger car,Dry,Dawn,Clear,,Rte 93 N,,Exit 27 on Rte 93 N,RAMP TO TOBIN,,235655.07,902467.5364
3250308,BOSTON,02-Aug-2012,8:12 AM,Non-fatal injury,2,1,0,Head-on,V1: Travelling straight ahead / V2:Parked,V1:Westbound / V2:Westbound ,V1: Collision with pedestrian / V2: Collision with pedestrian ,"V1: Bus (seats for more than 15 people, including driver) / V2:Bus (seats for 7-15 people, including driver)",Dry,Daylight,Clear,BEACON STREET / COMMONWEALTH AVENUE,,,,,P2:Pedestrian,233267.6771,899915.0896
3266738,BOSTON (BRIGHTON),02-Aug-2012,9:00 AM,Not Reported,2,0,0,Unknown,V1: Parked / V2:Backing,V1:Not reported / V2:Not reported ,V1: Collision with parked motor vehicle / V2: Collision with parked motor vehicle ,V1: Passenger car / V2:Not reported,Unknown,Daylight,Clear/Unknown,,38 FORDHAM ROAD,,,,,230660.3979,900206.8105
3266740,BOSTON (BRIGHTON),02-Aug-2012,10:41 AM,Property damage only (none injured),1,0,0,Single vehicle crash,V1: Travelling straight ahead,V1:Eastbound ,V1: Collision with light pole or other post/support ,V1: Passenger car,Dry,Daylight,Clear,WASHINGTON STREET / BRECK AVENUE,,,,,,227386.4314,900061.6635
3380449,BOSTON,02-Aug-2012,1:00 PM,Property damage only (none injured),2,0,0,Rear-end,V1: Slowing or stopped in traffic / V2:Travelling straight ahead,V1:Westbound / V2:Westbound ,V1: Collision with motor vehicle in traffic / V2: Collision with motor vehicle in traffic ,"V1: Light truck(van, mini-van, panel, pickup, sport utility) with only four tires / V2:Passenger car",Dry,Daylight,Clear,,RAMP - LEVERETT CONNECTOR TO STORROW DRI Rte 3A N / RAMP-RT 93 NB TO STORROW DRIVE Rte 3 N,,,STATION TUNNEL,,235723.8293,901875.6644
3263646,BOSTON,02-Aug-2012,1:44 PM,Non-fatal injury,1,1,0,Single vehicle crash,V1: Turning right,V1:Not reported ,V1: Collision with parked motor vehicle ,V1: Passenger car,Wet,Dark - lighted roadway,Clear,BLUE HILL AVENUE / SEAVER STREET,,,,,,234238.338,895060.5463
3229313,BOSTON,02-Aug-2012,2:20 PM,Non-fatal injury,2,1,0,Angle,V1: Travelling straight ahead / V2:Slowing or stopped in traffic,V1:Northbound / V2:Northbound ,V1: Collision with motor vehicle in traffic / V2: Collision with motor vehicle in traffic ,"V1: Passenger car / V2:Light truck(van, mini-van, panel, pickup, sport utility) with only four tires",Dry,Daylight,Not Reported,,Rte 93 N,,Exit 11 on Rte 93 N,,,237094.7253,891674.8051
3269031,BOSTON (HYDE PARK),02-Aug-2012,2:42 PM,Not Reported,2,0,0,Not reported,V1: Not reported / V2:Not reported,V1:Not reported / V2:Not reported ,V1: Not reported / V2: Not reported ,"V1: Light truck(van, mini-van, panel, pickup, sport utility) with only four tires / V2:Passenger car",Not reported,Not reported,Not Reported,,1515 RIVER STREET,,,,,230456.9209,888905.7825
3224326,BOSTON,02-Aug-2012,5:30 PM,Property damage only (none injured),3,0,0,Rear-end,V1: Slowing or stopped in traffic / V2:Slowing or stopped in traffic / V3:Travelling straight ahead,V1:Westbound / V2:Westbound / V3:Westbound ,V1: Collision with motor vehicle in traffic / V2: Collision with motor vehicle in traffic / V3: Collision with motor vehicle in traffic ,"V1: Light truck(van, mini-van, panel, pickup, sport utility) with only four tires / V2:Passenger car / V3:Passenger car",Dry,Daylight,Clear,,STORROW DRIVE / RAMP - STORROW DR TO RT 2A WB,,,FAIRFIELD ST FOOTBRIDGE,,234236.3984,900364.5938