Crash Number,City/Town Name,Crash Date,Crash Time,Crash Severity,Number of Vehicles,Total Nonfatal Injuries,Total Fatal Injuries,Manner of Collision,Vehicle Action Prior to Crash,Vehicle Travel Directions,Most Harmful Events,Vehicle Configuration,Road Surface Condition,Ambient Light,Weather Condition,At Roadway Intersection,Distance from Nearest Roadway Intersection,Distance from Nearest Milemarker,Distance from Nearest Exit,Distance from Nearest Landmark,Non Motorist Type,X Coordinate,Y Coordinate
3241884,BOSTON,02-Aug-2012,7:50 PM,Non-fatal injury,2,1,0,Rear-end,V1: Slowing or stopped in traffic / V2:Slowing or stopped in traffic,V1:Southbound / V2:Southbound ,V1: Collision with motor vehicle in traffic / V2: Collision with motor vehicle in traffic ,"V1: Passenger car / V2:Light truck(van, mini-van, panel, pickup, sport utility) with only four tires",Dry,Daylight,Clear,,Rte 93 S,,Exit 18 on Rte 93 S,,,236013.2783,899092.9981
3227311,BOSTON,02-Aug-2012,10:26 PM,Property damage only (none injured),2,0,0,Angle,V1: Travelling straight ahead / V2:Travelling straight ahead,V1:Westbound / V2:Southbound ,V1: Collision with motor vehicle in traffic / V2: Collision with motor vehicle in traffic ,V1: Passenger car / V2:Passenger car,Dry,Dark - lighted roadway,Clear,,CHARLESGATE WEST / COMMONWEALTH AVENUE,,,,,233546.2737,899931.2545
3388445,BOSTON,02-Aug-2012,11:13 PM,Property damage only (none injured),2,0,0,Rear-end,V1: Travelling straight ahead / V2:Slowing or stopped in traffic,V1:Eastbound / V2:Eastbound ,V1: Collision with motor vehicle in traffic / V2: Collision with motor vehicle in traffic ,"V1: Light truck(van, mini-van, panel, pickup, sport utility) with only four tires / V2:Light truck(van, mini-van, panel, pickup, sport utility) with only four tires",Dry,Dark - lighted roadway,Clear,,MELNEA CASS BOULEVARD Rte 93 N / MASSACHUSETTS AVENUE,,,MASS AVE OVERPASS TO RTE 93 N,,235260.952,898114.6273
3267873,BOSTON,03-Aug-2012,4:03 AM,Not Reported,2,0,0,Unknown,V1: Not reported / V2:Not reported,V1:Not reported / V2:Not reported ,V1: Not reported / V2: Not reported ,V1: Not reported / V2:Not reported,Dry,Dark - lighted roadway,Clear,HIGH STREET / CONGRESS STREET,,,,,,236692.4226,900555.4839
3229314,BOSTON,03-Aug-2012,7:07 AM,Property damage only (none injured),3,0,0,Head-on,V1: Travelling straight ahead / V2:Travelling straight ahead / V3:Travelling straight ahead,V1:Southbound / V2:Southbound / V3:Southbound ,V1: Collision with motor vehicle in traffic / V2: Collision with motor vehicle in traffic / V3: Collision with motor vehicle in traffic ,"V1: Light truck(van, mini-van, panel, pickup, sport utility) with only four tires / V2:Light truck(van, mini-van, panel, pickup, sport utility) with only four tires / V3:Light truck(van, mini-van, panel, pickup, sport utility) with only four tires",Dry,Daylight,Clear,,Rte 93 S,,Exit 15 on Rte 93 S,SAVIN HILL,,236629.6253,897168.5001
3237371,BOSTON,03-Aug-2012,7:35 AM,Non-fatal injury,4,2,0,"Sideswipe, same direction",V1: Changing lanes / V2:Travelling straight ahead / V3:Travelling straight ahead / V4:Travelling straight ahead,V1:Northbound / V2:Northbound / V3:Northbound / V4:Southbound ,V1: Collision with motor vehicle in traffic / V2: Collision with motor vehicle in traffic / V3: Collision with motor vehicle in traffic / V4: Collision with motor vehicle in traffic ,"V1: Passenger car / V2:Passenger car / V3:Light truck(van, mini-van, panel, pickup, sport utility) with only four tires / V4:Passenger car",Dry,Daylight,Clear,,Rte 93 N,,Exit 20 on Rte 93 N,,,235935.6734,898219.8317
3266735,BOSTON (BRIGHTON),03-Aug-2012,7:47 AM,Not Reported,2,0,0,Angle,V1: Turning left / V2:Travelling straight ahead,V1:Not reported / V2:Not reported ,V1: Collision with motor vehicle in traffic / V2: Collision with motor vehicle in traffic ,"V1: Light truck(van, mini-van, panel, pickup, sport utility) with only four tires / V2:Light truck(van, mini-van, panel, pickup, sport utility) with only four tires",Dry,Daylight,Clear/Other,PARSONS STREET / HARRIET STREET,,,,,,228495.1874,900328.1876
3269032,BOSTON (HYDE PARK),03-Aug-2012,8:35 AM,Non-fatal injury,1,1,0,Not reported,V1: Turning left,V1:Northbound ,V1: Collision with pedestrian ,V1: Passenger car,Not reported,Not reported,Not Reported,HYDE PARK AVENUE / FACTORY STREET,,,,,P2:Pedestrian,230946.8006,889205.6056
3266775,BOSTON (SOUTH BOSTON),03-Aug-2012,10:00 AM,Property damage only (none injured),2,0,0,Angle,V1: Travelling straight ahead / V2:Not reported,V1:Southbound / V2:Not reported ,V1: Collision with motor vehicle in traffic / V2: Not reported ,"V1: Light truck(van, mini-van, panel, pickup, sport utility) with only four tires / V2:Not reported",Dry,Daylight,Clear,,214 A STREET / MOUNT WASHINGTON PLACE,,,,,236939.8802,899623.5885
3264889,BOSTON,03-Aug-2012,10:33 AM,Property damage only (none injured),1,0,0,"Sideswipe, same direction",V1: Travelling straight ahead,V1:Not reported ,V1: Collision with pedestrian ,"V1: Light truck(van, mini-van, panel, pickup, sport utility) with only four tires",Dry,Daylight,Clear/Clear,ATLANTIC AVENUE / SUMMER STREET,,,,,,236630.702,900331.4409
3236562,BOSTON,03-Aug-2012,11:10 AM,Not Reported,1,0,0,Unknown,V1: Travelling straight ahead,V1:Westbound ,V1: Collision with pedestrian ,"V1: Bus (seats for more than 15 people, including driver)",Dry,Daylight,Clear,COMMONWEALTH AVENUE / BABCOCK STREET,,,,,P2:Pedestrian,231204.2967,900221.9999
3380450,BOSTON,03-Aug-2012,11:58 AM,Non-fatal injury,3,2,0,Rear-end,V1: Slowing or stopped in traffic / V2:Slowing or stopped in traffic / V3:Travelling straight ahead,V1:Southbound / V2:Southbound / V3:Southbound ,V1: Collision with motor vehicle in traffic / V2: Collision with motor vehicle in traffic / V3: Collision with motor vehicle in traffic ,V1: Passenger car / V2:Passenger car / V3:Passenger car,Dry,Daylight,Clear,,RAMP - RT 1 SB TO LEVERETT CONNECTOR / LEVERETT CONNECTOR SOUTH,,,,,235743.2528,902303.7505
3240225,BOSTON,03-Aug-2012,12:20 PM,Non-fatal injury,2,1,0,Rear-end,V1: Travelling straight ahead / V2:Slowing or stopped in traffic,V1:Northbound / V2:Northbound ,V1: Collision with motor vehicle in traffic / V2: Collision with motor vehicle in traffic ,"V1: Light truck(van, mini-van, panel, pickup, sport utility) with only four tires / V2:Light truck(van, mini-van, panel, pickup, sport utility) with only four tires",Dry,Daylight,Clear,,Rte 93 N,,Exit 13 on Rte 93 N,,,237420.1414,894076.5227
3263647,BOSTON,03-Aug-2012,12:53 PM,Non-fatal injury,2,2,0,Single vehicle crash,V1: Travelling straight ahead / V2:Travelling straight ahead,V1:Northbound / V2:Westbound ,V1: Other non-collision / V2: Other non-collision ,V1: Motorcycle / V2:Passenger car,Dry,Dark - lighted roadway,Clear,WALNUT AVENUE / ROCKLAND STREET,,,,,,234219.7186,896971.3748
3380451,BOSTON,03-Aug-2012,2:45 PM,Property damage only (none injured),2,0,0,Rear-end,V1: Travelling straight ahead / V2:Slowing or stopped in traffic,V1:Northbound / V2:Northbound ,V1: Collision with motor vehicle in traffic / V2: Collision with motor vehicle in traffic ,V1: Passenger car / V2:Passenger car,Dry,Other,Clear,,Rte 93 N,,,,,,
3237372,BOSTON,03-Aug-2012,4:50 PM,Property damage only (none injured),2,0,0,Rear-end,V1: Travelling straight ahead / V2:Slowing or stopped in traffic,V1:Northbound / V2:Northbound ,V1: Collision with motor vehicle in traffic / V2: Collision with motor vehicle in traffic ,"V1: Passenger car / V2:Light truck(van, mini-van, panel, pickup, sport utility) with only four tires",Dry,Daylight,Clear,,Rte 93 N,,Exit 20 on Rte 93 N,,,235935.6734,898219.8317
3283450,BOSTON (SOUTH BOSTON),03-Aug-2012,5:01 PM,Non-fatal injury,1,1,0,Single vehicle crash,V1: Turning right,V1:Northbound ,"V1: Collision with cyclist (bicycle, tricycle, unicycle, pedal car) ",V1: Passenger car,Dry,Daylight,Clear/Clear,D STREET / WEST BROADWAY,,,,,"P3:Pedalcyclist (bicycle, tricycle, unicycle, pedal car)",237013.7968,898797.6251
3380452,BOSTON,03-Aug-2012,10:45 PM,Property damage only (none injured),2,0,0,Rear-end,V1: Slowing or stopped in traffic / V2:Travelling straight ahead,V1:Southbound / V2:Northbound ,V1: Collision with motor vehicle in traffic / V2: Collision with motor vehicle in traffic ,"V1: Light truck(van, mini-van, panel, pickup, sport utility) with only four tires / V2:Passenger car",Dry,Dark - lighted roadway,Not Reported,,RAMP-RT 93 NB TO STORROW DRIVE / RAMP-RT 93 NB TO STORROW DRIVE Rte 3 N,,,LEVERETT CONNECTOR SOUTH,,236110.0133,901954.1901
3237373,BOSTON,04-Aug-2012,3:32 AM,Property damage only (none injured),1,0,0,Single vehicle crash,V1: Travelling straight ahead,V1:Northbound ,V1: Collision with motor vehicle in traffic ,"V1: Light truck(van, mini-van, panel, pickup, sport utility) with only four tires",Dry,Dark - lighted roadway,Clear,,Rte 93 N,,Exit 27 on Rte 93 N,ON THE RAMP TO THE TOBIN BRIDGE,,235655.07,902467.5364
3266734,BOSTON (BRIGHTON),04-Aug-2012,10:21 AM,Property damage only (none injured),2,0,0,Rear-end,V1: Travelling straight ahead / V2:Travelling straight ahead,V1:Westbound / V2:Westbound ,V1: Collision with motor vehicle in traffic / V2: Collision with motor vehicle in traffic ,V1: Passenger car / V2:Passenger car,Dry,Daylight,Clear,WASHINGTON STREET / PRESENTATION ROAD,,,,,,226973.547,900297.0626
3243770,BOSTON,04-Aug-2012,1:02 PM,Property damage only (none injured),2,0,0,Angle,V1: Travelling straight ahead / V2:Travelling straight ahead,V1:Northbound / V2:Northbound ,V1: Collision with motor vehicle in traffic / V2: Collision with motor vehicle in traffic ,V1: Passenger car / V2:Passenger car,Dry,Daylight,Clear,,Rte 93 N,,Exit 15 on Rte 93 N,,,236972.2496,896473.4282
3380453,BOSTON,04-Aug-2012,2:21 PM,Property damage only (none injured),2,0,0,Rear-end,V1: Slowing or stopped in traffic / V2:Travelling straight ahead,V1:Southbound / V2:Southbound ,V1: Collision with motor vehicle in traffic / V2: Collision with motor vehicle in traffic ,V1: Passenger car / V2:Passenger car,Dry,Daylight,Clear,,JOHN F FITZGERALD EXPRESSWAY Rte 93 S / SOUTHBOUND FRONTAGE ROAD,,,AT SOUTH BAY,,236256.1282,897703.8817
3240712,BOSTON,04-Aug-2012,3:04 PM,Non-fatal injury,3,2,0,Rear-end,V1: Slowing or stopped in traffic / V2:Slowing or stopped in traffic / V3:Travelling straight ahead,V1:Southbound / V2:Southbound / V3:Southbound ,V1: Collision with motor vehicle in traffic / V2: Collision with motor vehicle in traffic / V3: Collision with motor vehicle in traffic ,V1: Passenger car / V2:Passenger car / V3:Passenger car,Dry,Daylight,Clear,,Rte 93 S,,Exit 26 on Rte 93 S,HOV LANE,,234851.4113,903728.5151
3240758,BOSTON,04-Aug-2012,4:15 PM,Property damage only (none injured),2,0,0,"Sideswipe, same direction",V1: Changing lanes / V2:Travelling straight ahead,V1:Southbound / V2:Southbound ,V1: Collision with motor vehicle in traffic / V2: Collision with motor vehicle in traffic ,V1: Passenger car / V2:Passenger car,Dry,Dark - lighted roadway,Clear,,Rte 90 W,,Exit 24 on Rte 90 W,,,238090.4393,899691.5691
3240713,BOSTON,05-Aug-2012,00:00 AM,Non-fatal injury,2,7,0,"Sideswipe, same direction",V1: Travelling straight ahead / V2:Changing lanes,V1:Northbound / V2:Northbound ,V1: Reported but invalid / V2: Collision with median barrier ,"V1: Light truck(van, mini-van, panel, pickup, sport utility) with only four tires / V2:Passenger car",Dry,Dark - lighted roadway,Clear,,Rte 93 N,,,,,236956.219,900947.8086
3264035,BOSTON,05-Aug-2012,1:32 AM,Property damage only (none injured),2,0,0,"Sideswipe, same direction",V1: Parked / V2:Travelling straight ahead,V1:Northbound / V2:Northbound ,V1: Not reported / V2: Not reported ,"V1: Light truck(van, mini-van, panel, pickup, sport utility) with only four tires / V2:Passenger car",Dry,Dark - lighted roadway,Clear/Clear,ASHMONT STREET / ADAMS STREET,,,,,,236671.6564,893180.6251
3389303,BOSTON,05-Aug-2012,1:45 AM,Property damage only (none injured),2,0,0,"Sideswipe, same direction",V1: Travelling straight ahead / V2:Travelling straight ahead,V1:Southbound / V2:Southbound ,V1: Collision with motor vehicle in traffic / V2: Collision with motor vehicle in traffic ,V1: Passenger car / V2:Passenger car,Dry,Dark - roadway not lighted,Clear,,Rte 93 S,,Exit 12 on Rte 93 S,PRIOR TO EXIT 12,,237620.5493,892713.0989
3264036,BOSTON (DORCHESTER),05-Aug-2012,9:30 AM,Not Reported,2,0,0,"Sideswipe, same direction",V1: Not reported / V2:Parked,V1:Not reported / V2:Not reported ,V1: Not reported / V2: Not reported ,"V1: Light truck(van, mini-van, panel, pickup, sport utility) with only four tires / V2:Light truck(van, mini-van, panel, pickup, sport utility) with only four tires",Dry,Daylight,Cloudy,,24 MOUNT IDA ROAD,,,,,235848.1545,895197.0882
3267358,BOSTON,05-Aug-2012,11:12 AM,Not Reported,2,0,0,Unknown,V1: Turning right / V2:Turning right,V1:Not reported / V2:Not reported ,V1: Not reported / V2: Collision with motor vehicle in traffic ,V1: Passenger car / V2:Passenger car,Dry,Daylight,Clear/Clear,CONGRESS STREET / PURCHASE STREET,,,,,,236737.7735,900497.1333
3380454,BOSTON,05-Aug-2012,11:21 AM,Property damage only (none injured),2,0,0,"Sideswipe, same direction",V1: Changing lanes / V2:Slowing or stopped in traffic,V1:Northbound / V2:Northbound ,V1: Collision with motor vehicle in traffic / V2: Collision with motor vehicle in traffic ,"V1: Light truck(van, mini-van, panel, pickup, sport utility) with only four tires / V2:Passenger car",Dry,Other,Clear,JOHN F FITZGERALD EXPRESSWAY Rte 93 N / RAMP - RT 93 NB TO NORTH STREET,,,,,,236958.6478,900940.4628
3241106,BOSTON,05-Aug-2012,12:11 PM,Property damage only (none injured),2,0,0,Rear-end,V1: Slowing or stopped in traffic / V2:Travelling straight ahead,V1:Northbound / V2:Northbound ,V1: Collision with motor vehicle in traffic / V2: Collision with motor vehicle in traffic ,"V1: Passenger car / V2:Light truck(van, mini-van, panel, pickup, sport utility) with only four tires",Dry,Other,Clear,,Rte 93 N,,,,,236873.3679,900520.4569
3244175,BOSTON,05-Aug-2012,1:46 PM,Property damage only (none injured),5,0,0,Rear-end,V1: Changing lanes / V2:Travelling straight ahead / V3:Travelling straight ahead / V4:Travelling straight ahead / V5:Travelling straight ahead,V1:Westbound / V2:Westbound / V3:Westbound / V4:Westbound / V5:Westbound ,V1: Collision with motor vehicle in traffic / V2: Collision with guardrail / V3: Collision with motor vehicle in traffic / V4: Collision with motor vehicle in traffic / V5: Collision with motor vehicle in traffic ,"V1: Light truck(van, mini-van, panel, pickup, sport utility) with only four tires / V2:Passenger car / V3:Passenger car / V4:Passenger car / V5:Light truck(van, mini-van, panel, pickup, sport utility) with only four tires",Dry,Daylight,Clear,,RAMP - SOLDIERS FIELD RD WB TO WESTERN A / WESTERN AVENUE,,,UNDER THE MCHUGH OVERPASS.,,229119.0347,901304.95
3326926,BOSTON,05-Aug-2012,3:08 PM,Property damage only (none injured),2,0,0,Rear-end,V1: Slowing or stopped in traffic / V2:Slowing or stopped in traffic,V1:Southbound / V2:Southbound ,V1: Collision with motor vehicle in traffic / V2: Collision with motor vehicle in traffic ,"V1: Passenger car / V2:Light truck(van, mini-van, panel, pickup, sport utility) with only four tires",Dry,Daylight,Clear,,SURFACE ARTERY / LINCOLN STREET,,,,,236485.6225,900330.3656
3267838,BOSTON,05-Aug-2012,3:50 PM,Property damage only (none injured),2,0,0,"Sideswipe, same direction",V1: Travelling straight ahead / V2:Travelling straight ahead,V1:Northbound / V2:Northbound ,V1: Collision with motor vehicle in traffic / V2: Collision with motor vehicle in traffic ,"V1: Passenger car / V2:Light truck(van, mini-van, panel, pickup, sport utility) with only four tires",Dry,Daylight,Clear,ATLANTIC AVENUE / KNEELAND STREET,,,,,,236497.41,899985.3463
3229310,BOSTON,05-Aug-2012,6:53 PM,Property damage only (none injured),2,0,0,Angle,V1: Turning right / V2:Travelling straight ahead,V1:Eastbound / V2:Southbound ,V1: Collision with motor vehicle in traffic / V2: Collision with motor vehicle in traffic ,V1: Passenger car / V2:Passenger car,Dry,Daylight,Cloudy,STORROW DRIVE / DAVID G MUGAR WAY,,,,,,235214.6816,900915.4701
3237375,BOSTON,05-Aug-2012,7:50 PM,Non-fatal injury,1,1,0,Not reported,V1: Travelling straight ahead,V1:Eastbound ,V1: Collision with pedestrian ,"V1: Light truck(van, mini-van, panel, pickup, sport utility) with only four tires",Wet,Dark - lighted roadway,Not Reported,,WILLIAM DAY BOULEVARD / L STREET,,,@ L ST. BATH HOUSE,P2:Pedestrian,238315.9886,897756.7014
3240940,BOSTON,05-Aug-2012,8:32 PM,Property damage only (none injured),1,0,0,Single vehicle crash,V1: Travelling straight ahead,V1:Southbound ,V1: Collision with median barrier ,V1: Passenger car,Wet,Dark - lighted roadway,Cloudy,,Rte 93 S,,Exit 26 on Rte 93 S,LEVERETT CONNECTOR,,234851.4113,903728.5151
3289862,BOSTON (ROSLINDALE),05-Aug-2012,9:11 PM,Non-fatal injury,3,1,0,"Sideswipe, same direction",V1: Entering traffic lane / V2:Travelling straight ahead / V3:Not reported,V1:Westbound / V2:Westbound / V3:Not reported ,V1: Not reported / V2: Other / V3: Not reported ,"V1: Passenger car / V2:Passenger car / V3:Light truck(van, mini-van, panel, pickup, sport utility) with only four tires",Wet,Dark - lighted roadway,Rain,,75 GLENDOWER ROAD,,,,,230459.723,891701.6832
3240259,BOSTON,05-Aug-2012,9:25 PM,Property damage only (none injured),1,0,0,Single vehicle crash,V1: Travelling straight ahead,V1:Eastbound ,V1: Collision with curb ,V1: Passenger car,Wet,Dark - lighted roadway,Cloudy,,0 feet W from Intersection SOLDIERS FIELD ROAD / NORTH HARVARD STREET,,,,,230992.3482,902048.2872
3245035,BOSTON,05-Aug-2012,9:26 PM,Not Reported,1,0,0,Single vehicle crash,V1: Travelling straight ahead,V1:Westbound ,V1: Collision with animal - other ,V1: Passenger car,Wet,Dark - lighted roadway,Cloudy,,0 feet W from Intersection SOLDIERS FIELD ROAD / NORTH HARVARD STREET,,,,,230992.3482,902048.2872
3235167,BOSTON,05-Aug-2012,9:39 PM,Property damage only (none injured),1,0,0,Angle,V1: Travelling straight ahead,V1:Eastbound ,V1: Collision with median barrier ,V1: Passenger car,Wet,Dark - lighted roadway,Cloudy,,STORROW DRIVE Rte 28 N / RAMP - STORROW DRIVE TO LEVERETT CONNECT,,,MGH,,235321.7287,901407.0269
3276043,BOSTON,05-Aug-2012,10:21 PM,Non-fatal injury,0,1,0,Angle, , , , ,Dry,Dark - lighted roadway,Clear,,MORTON STREET / 732,,,,"P1:Pedalcyclist (bicycle, tricycle, unicycle, pedal car)",233810.3777,892693.8214
3240714,BOSTON,06-Aug-2012,00:00 AM,Property damage only (none injured),2,0,0,Angle,V1: Travelling straight ahead / V2:Travelling straight ahead,V1:Northbound / V2:Northbound ,V1: Collision with motor vehicle in traffic / V2: Collision with motor vehicle in traffic ,"V1: Passenger car / V2:Light truck(van, mini-van, panel, pickup, sport utility) with only four tires",Wet,Dark - lighted roadway,Cloudy,,Rte 93 N,,,,,236873.3679,900520.4569
3244508,BOSTON,06-Aug-2012,10:53 AM,Non-fatal injury,2,1,0,Rear-end,V1: Slowing or stopped in traffic / V2:Travelling straight ahead,V1:Northbound / V2:Northbound ,V1: Collision with motor vehicle in traffic / V2: Collision with motor vehicle in traffic ,V1: Passenger car / V2:Passenger car,Dry,Daylight,Clear,,Rte 93 N,,Exit 13 on Rte 93 N,,,237420.1414,894076.5227
3240262,BOSTON,06-Aug-2012,11:03 AM,Non-fatal injury,5,1,0,Rear-end,V1: Travelling straight ahead / V2:Slowing or stopped in traffic / V3:Slowing or stopped in traffic / V4:Slowing or stopped in traffic / V5:Slowing or stopped in traffic,V1:Southbound / V2:Southbound / V3:Southbound / V4:Southbound / V5:Southbound ,V1: Collision with motor vehicle in traffic / V2: Collision with motor vehicle in traffic / V3: Collision with motor vehicle in traffic / V4: Collision with motor vehicle in traffic / V5: Collision with motor vehicle in traffic ,"V1: Light truck(van, mini-van, panel, pickup, sport utility) with only four tires / V2:Passenger car / V3:Passenger car / V4:Light truck(van, mini-van, panel, pickup, sport utility) with only four tires / V5:Light truck(van, mini-van, panel, pickup, sport utility) with only four tires",Dry,Daylight,Clear,,Rte 93 S,,Exit 15 on Rte 93 S,SAVIN HILL,,236629.6253,897168.5001
3380455,BOSTON,06-Aug-2012,2:15 PM,Property damage only (none injured),2,0,0,Rear-end,V1: Travelling straight ahead / V2:Travelling straight ahead,V1:Westbound / V2:Westbound ,V1: Collision with motor vehicle in traffic / V2: Collision with motor vehicle in traffic ,"V1: Light truck(van, mini-van, panel, pickup, sport utility) with only four tires / V2:Passenger car",Dry,Daylight,Clear,,MASSACHUSETTS TURNPIKE Rte 90 W / RAMP - CLARENDON STREET TO I90 WB,,,PRUDENTIAL TUNNEL,,234857.0736,899796.2426
3266736,BOSTON,06-Aug-2012,2:27 PM,Non-fatal injury,2,1,0,Rear-end,V1: Travelling straight ahead / V2:Travelling straight ahead,V1:Not reported / V2:Northbound ,V1: Collision with motor vehicle in traffic / V2: Collision with motor vehicle in traffic ,V1: Motorcycle / V2:Passenger car,Dry,Daylight,Clear,TREMONT STREET / RUGGLES STREET,,,,,,233912.9533,898348.9375
3270844,BOSTON,06-Aug-2012,4:31 PM,Property damage only (none injured),1,0,0,Single vehicle crash,V1: Travelling straight ahead,V1:Not reported ,"V1: Collision with cyclist (bicycle, tricycle, unicycle, pedal car) ","V1: Light truck(van, mini-van, panel, pickup, sport utility) with only four tires",Dry,Daylight,Clear,BOWDOIN STREET / MOUNT IDA ROAD,,,,,"P2:Pedalcyclist (bicycle, tricycle, unicycle, pedal car)",235795.8282,895294.5625
3389304,BOSTON,06-Aug-2012,4:34 PM,Property damage only (none injured),3,0,0,Rear-end,V1: Slowing or stopped in traffic / V2:Slowing or stopped in traffic / V3:Travelling straight ahead,V1:Southbound / V2:Southbound / V3:Southbound ,V1: Collision with motor vehicle in traffic / V2: Collision with motor vehicle in traffic / V3: Collision with motor vehicle in traffic ,"V1: Passenger car / V2:Light truck(van, mini-van, panel, pickup, sport utility) with only four tires / V3:Light truck(van, mini-van, panel, pickup, sport utility) with only four tires",Dry,Daylight,Clear,,RAMP - MORRISSEY BLVD TO RT 93 SB / JOHN F FITZGERALD EXPRESSWAY Rte 93 S,,,TOLMAN ST RAMP,,237692.2688,892959.6899
3229315,BOSTON,06-Aug-2012,5:00 PM,Property damage only (none injured),3,0,0,Rear-end,V1: Travelling straight ahead / V2:Slowing or stopped in traffic / V3:Slowing or stopped in traffic,V1:Southbound / V2:Southbound / V3:Southbound ,V1: Collision with motor vehicle in traffic / V2: Collision with motor vehicle in traffic / V3: Collision with motor vehicle in traffic ,V1: Passenger car / V2:Passenger car / V3:Passenger car,Dry,Daylight,Clear,,Rte 93 S,,Exit 15 on Rte 93 S,,,236629.6253,897168.5001
3264038,BOSTON (DORCHESTER),06-Aug-2012,5:20 PM,Non-fatal injury,2,2,0,Angle,V1: Travelling straight ahead / V2:Travelling straight ahead,V1:Not reported / V2:Not reported ,V1: Collision with motor vehicle in traffic / V2: Collision with motor vehicle in traffic ,V1: Passenger car / V2:Passenger car,Dry,Daylight,Clear/Clear,HAMILTON STREET / CLARKSON STREET,,,,,,235566.3749,895304.6249
3266737,BOSTON (BRIGHTON),06-Aug-2012,6:23 PM,Non-fatal injury,1,1,0,Single vehicle crash,V1: Travelling straight ahead,V1:Westbound ,V1: Collision with pedestrian ,V1: Passenger car,Dry,Daylight,Clear/Clear,,85 COMMONWEALTH AVENUE,,,,P2:Pedestrian,234877.8132,900309.168
3244935,BOSTON,06-Aug-2012,8:38 PM,Non-fatal injury,1,1,0,Single vehicle crash,V1: Travelling straight ahead,V1:Eastbound ,V1: Collision with pedestrian ,"V1: Light truck(van, mini-van, panel, pickup, sport utility) with only four tires",Dry,Dark - lighted roadway,Clear,MASSACHUSETTS AVENUE CONNECTOR / MELNEA CASS BOULEVARD / SOUTHAMPTON STREET,,,,MASSACHUSETTS AVENUE EXTENSION R,P6:Pedestrian,235266.4401,898096.4559
3241885,BOSTON,07-Aug-2012,00:00 AM,Property damage only (none injured),2,0,0,Rear-end,V1: Travelling straight ahead / V2:Travelling straight ahead,V1:Southbound / V2:Southbound ,V1: Collision with motor vehicle in traffic / V2: Collision with motor vehicle in traffic ,V1: Passenger car / V2:Passenger car,Dry,Dark - lighted roadway,Clear,,Rte 93 S,,Exit 20 on Rte 93 S,,,236954.209,900826.9442
3240257,BOSTON,07-Aug-2012,12:30 PM,Property damage only (none injured),3,0,0,Rear-end,V1: Travelling straight ahead / V2:Slowing or stopped in traffic / V3:Turning right,V1:Eastbound / V2:Eastbound / V3:Southbound ,V1: Collision with motor vehicle in traffic / V2: Collision with motor vehicle in traffic / V3: Collision with motor vehicle in traffic ,"V1: Passenger car / V2:Light truck(van, mini-van, panel, pickup, sport utility) with only four tires / V3:Passenger car",Dry,Daylight,Not Reported,STORROW DRIVE Rte 28 N / REVERE STREET,,,,REVERE STREET,P5:Pedestrian,235248.1945,901083.0333
3292523,BOSTON (DORCHESTER),07-Aug-2012,1:00 PM,Non-fatal injury,1,1,0,Not reported,V1: Not reported,V1:Not reported ,V1: Not reported ,"V1: Light truck(van, mini-van, panel, pickup, sport utility) with only four tires",Not reported,Not reported,Not Reported,GENEVA AVENUE / TONAWANDA STREET,,,,,,235889.5779,894423.1877
3263907,BOSTON (ROXBURY),07-Aug-2012,1:13 PM,Not Reported,2,0,0,Head-on,V1: Not reported / V2:Not reported,V1:Not reported / V2:Not reported ,V1: Not reported / V2: Not reported ,V1: Passenger car / V2:Passenger car,Dry,Dark - lighted roadway,Clear/Cloudy,BLUE HILL AVENUE / DEVON STREET,,,,,,234496.3594,895679.2502
3235262,BOSTON,07-Aug-2012,7:22 PM,Non-fatal injury,2,1,0,Angle,V1: Travelling straight ahead / V2:Slowing or stopped in traffic,V1:Northbound / V2:Northbound ,V1: Not reported / V2: Not reported ,"V1: Light truck(van, mini-van, panel, pickup, sport utility) with only four tires / V2:Light truck(van, mini-van, panel, pickup, sport utility) with only four tires",Dry,Daylight,Not Reported,UNNAMED ROAD / VETERANS OF FOREIGN WARS PARKWAY,,,,VA HOSPITAL,,226896.4843,891553.8752
3270648,BOSTON,07-Aug-2012,11:32 PM,Non-fatal injury,3,1,0,"Sideswipe, same direction",V1: Travelling straight ahead / V2:Parked / V3:Not reported,V1:Northbound / V2:Not reported / V3:Not reported ,V1: Collision with parked motor vehicle / V2: Collision with motor vehicle in traffic / V3: Not reported ,"V1: Passenger car / V2:Light truck(van, mini-van, panel, pickup, sport utility) with only four tires / V3:Passenger car",Dry,Dark - lighted roadway,Clear,GRANITE AVENUE / MILTON STREET,,,,,,236730.1094,892303.1252