Crash Number,City/Town Name,Crash Date,Crash Time,Crash Severity,Number of Vehicles,Total Nonfatal Injuries,Total Fatal Injuries,Manner of Collision,Vehicle Action Prior to Crash,Vehicle Travel Directions,Most Harmful Events,Vehicle Configuration,Road Surface Condition,Ambient Light,Weather Condition,At Roadway Intersection,Distance from Nearest Roadway Intersection,Distance from Nearest Milemarker,Distance from Nearest Exit,Distance from Nearest Landmark,Non Motorist Type,X Coordinate,Y Coordinate
3245411,BOSTON,08-Aug-2012,8:40 AM,Property damage only (none injured),2,0,0,Rear-end,V1: Travelling straight ahead / V2:Travelling straight ahead,V1:Eastbound / V2:Eastbound ,V1: Collision with motor vehicle in traffic / V2: Collision with motor vehicle in traffic ,V1: Passenger car / V2:Passenger car,Dry,Daylight,Clear,,Rte 90 E,,,,,229761.5309,900823.963
3270641,BOSTON (DORCHESTER),08-Aug-2012,9:05 AM,Non-fatal injury,2,1,0,Angle,V1: Travelling straight ahead / V2:Turning left,V1:Southbound / V2:Northbound ,V1: Collision with motor vehicle in traffic / V2: Collision with motor vehicle in traffic ,V1: Passenger car / V2:Not reported,Dry,Daylight,Clear/Clear,DORCHESTER AVENUE / FAULKNER STREET,,,,,,236256.0937,894457.375
3235533,BOSTON,08-Aug-2012,9:50 AM,Property damage only (none injured),2,0,0,"Sideswipe, same direction",V1: Changing lanes / V2:Slowing or stopped in traffic,V1:Eastbound / V2:Eastbound ,V1: Collision with motor vehicle in traffic / V2: Collision with motor vehicle in traffic ,"V1: Light truck(van, mini-van, panel, pickup, sport utility) with only four tires / V2:Passenger car",Dry,Daylight,Not Reported,DAVID G MUGAR WAY Rte 28 N / STORROW DRIVE,,,,0 feet W from CHARLES ST,,235214.6816,900915.4701
3242540,BOSTON,08-Aug-2012,10:05 AM,Property damage only (none injured),2,0,0,Rear-end,V1: Slowing or stopped in traffic / V2:Slowing or stopped in traffic,V1:Eastbound / V2:Eastbound ,V1: Collision with motor vehicle in traffic / V2: Collision with motor vehicle in traffic ,V1: Passenger car / V2:Passenger car,Dry,Daylight,Not Reported,STORROW DRIVE / DAVID G MUGAR WAY Rte 28 N,,,,0 feet W from CHARLES CIRCLE,,235214.6816,900915.4701
3240221,BOSTON,08-Aug-2012,10:15 AM,Non-fatal injury,2,1,0,Head-on,V1: Turning left / V2:Travelling straight ahead,V1:Eastbound / V2:Westbound ,V1: Collision with motor vehicle in traffic / V2: Collision with motor vehicle in traffic ,V1: Passenger car / V2:Passenger car,Dry,Daylight,Not Reported,,LONGWOOD AVENUE / RIVERWAY,,,,,232142.9084,898941.3686
3241493,BOSTON,08-Aug-2012,11:30 AM,Property damage only (none injured),2,0,0,Angle,V1: Travelling straight ahead / V2:Changing lanes,V1:Northbound / V2:Northbound ,V1: Collision with motor vehicle in traffic / V2: Collision with motor vehicle in traffic ,"V1: Light truck(van, mini-van, panel, pickup, sport utility) with only four tires / V2:Passenger car",Dry,Daylight,Not Reported,,Rte 93 N,,Exit 12 on Rte 93 N,,,237641.3431,892708.5028
3244936,BOSTON,08-Aug-2012,11:39 AM,Non-fatal injury,1,1,0,Single vehicle crash,V1: Leaving traffic lane,V1:Westbound ,V1: Collision with pedestrian ,"V1: Light truck(van, mini-van, panel, pickup, sport utility) with only four tires",Dry,Daylight,Clear,,EAST BOSTON EXPRESSWAY / PORTER STREET,,,TOLL PLAZA,P3:Pedestrian,238092.4527,902704.1956
3242550,BOSTON,08-Aug-2012,12:02 PM,Property damage only (none injured),3,0,0,Rear-end,V1: Not reported / V2:Slowing or stopped in traffic / V3:Slowing or stopped in traffic,V1:Not reported / V2:Northbound / V3:Northbound ,V1: Not reported / V2: Collision with motor vehicle in traffic / V3: Collision with motor vehicle in traffic ,"V1: Not reported / V2:Passenger car / V3:Light truck(van, mini-van, panel, pickup, sport utility) with only four tires",Dry,Daylight,Clear,,Rte 93 N,,Exit 14 on Rte 93 N,,,237258.9796,894483.3974
3266733,BOSTON,08-Aug-2012,12:21 PM,Non-fatal injury,2,1,0,Angle,V1: Travelling straight ahead / V2:Unknown,V1:Not reported / V2:Not reported ,V1: Not reported / V2: Not reported ,V1: Not reported / V2:Passenger car,Dry,Daylight,Clear,,250 LINCOLN STREET,,,,,236349.6778,900067.8537
3242551,BOSTON,08-Aug-2012,1:19 PM,Non-fatal injury,2,1,0,Angle,V1: Entering traffic lane / V2:Travelling straight ahead,V1:Southbound / V2:Westbound ,V1: Collision with motor vehicle in traffic / V2: Collision with motor vehicle in traffic ,V1: Passenger car / V2:Passenger car,Dry,Daylight,Clear,,COLUMBIA ROAD / BUTTONWOOD STREET,,,,,236609.5872,896844.6625
3237374,BOSTON,08-Aug-2012,1:35 PM,Property damage only (none injured),3,0,0,Rear-end,V1: Travelling straight ahead / V2:Slowing or stopped in traffic / V3:Slowing or stopped in traffic,V1:Eastbound / V2:Eastbound / V3:Eastbound ,V1: Collision with motor vehicle in traffic / V2: Collision with motor vehicle in traffic / V3: Collision with motor vehicle in traffic ,V1: Passenger car / V2:Passenger car / V3:Passenger car,Dry,Daylight,Clear,,STORROW DRIVE / CHARLESGATE WEST,,,0 feet W from BOWKER OVERPASS,,233275.0079,900089.9762
3242515,BOSTON,08-Aug-2012,2:06 PM,Property damage only (none injured),2,0,0,"Sideswipe, same direction",V1: Travelling straight ahead / V2:Parked,V1:Northbound / V2:Northbound ,V1: Collision with parked motor vehicle / V2: Collision with motor vehicle in traffic ,"V1: Light truck(van, mini-van, panel, pickup, sport utility) with only four tires / V2:Single-unit truck (2-axle, 6-tire)",Dry,Daylight,Clear,WASHINGTON STREET / TEMPLE PLACE,,,,,,236146.5318,900569.1855
3243059,BOSTON,08-Aug-2012,4:05 PM,Non-fatal injury,2,1,0,"Sideswipe, same direction",V1: Travelling straight ahead / V2:Leaving traffic lane,V1:Southbound / V2:Southbound ,V1: Collision with motor vehicle in traffic / V2: Collision with motor vehicle in traffic ,V1: Not reported / V2:Not reported,Dry,Daylight,Not Reported,,WILLIAM T MORRISSEY BOULEVARD / DOMIENIC J BIANGUILL BOULEVARD,,,BC HIGH,,237252.2181,896215.0488
3322576,BOSTON (ROXBURY),08-Aug-2012,4:15 PM,Property damage only (none injured),2,0,0,Angle,V1: Turning right / V2:Turning left,V1:Eastbound / V2:Westbound ,V1: Collision with motor vehicle in traffic / V2: Collision with motor vehicle in traffic ,V1: Passenger car / V2:Passenger car,Dry,Daylight,Clear,SEAVER STREET / WALNUT AVENUE,,,,,,233385.0782,895956.6876
3242104,BOSTON,08-Aug-2012,5:46 PM,Property damage only (none injured),2,0,0,"Sideswipe, same direction",V1: Changing lanes / V2:Travelling straight ahead,V1:Southbound / V2:Southbound ,V1: Collision with motor vehicle in traffic / V2: Collision with motor vehicle in traffic ,"V1: Passenger car / V2:Single-unit truck (2-axle, 6-tire)",Dry,Daylight,Clear,,Rte 93 S,,Exit 18 on Rte 93 S,,,236013.2783,899092.9981
3242554,BOSTON,08-Aug-2012,6:00 PM,Non-fatal injury,1,1,0,Single vehicle crash,V1: Travelling straight ahead,V1:Northbound ,V1: Collision with ditch ,V1: Motorcycle,Dry,Daylight,Clear,,ENNEKING PARKWAY,,,,,,
3267878,BOSTON,09-Aug-2012,3:11 AM,Not Reported,2,0,0,"Sideswipe, same direction",V1: Not reported / V2:Not reported,V1:Not reported / V2:Not reported ,V1: Not reported / V2: Not reported ,V1: Passenger car / V2:Not reported,Dry,Dark - lighted roadway,Clear,CHURCH STREET / COLUMBUS AVENUE,,,,,,235524.5624,900149.5001
3389305,BOSTON,09-Aug-2012,10:00 AM,Non-fatal injury,3,1,0,Rear-end,V1: Travelling straight ahead / V2:Slowing or stopped in traffic / V3:Slowing or stopped in traffic,V1:Northbound / V2:Northbound / V3:Northbound ,V1: Collision with motor vehicle in traffic / V2: Collision with motor vehicle in traffic / V3: Collision with motor vehicle in traffic ,"V1: Passenger car / V2:Passenger car / V3:Light truck(van, mini-van, panel, pickup, sport utility) with only four tires",Dry,Daylight,Clear,,Rte 93 N,,,DORCHESTER YACHT CLUB,,236767.6302,895231.3826
3242110,BOSTON,09-Aug-2012,10:10 AM,Property damage only (none injured),2,0,0,Rear-to-rear,V1: Backing / V2:Slowing or stopped in traffic,V1:Eastbound / V2:Eastbound ,V1: Collision with motor vehicle in traffic / V2: Collision with motor vehicle in traffic ,"V1: Single-unit truck (2-axle, 6-tire) / V2:Light truck(van, mini-van, panel, pickup, sport utility) with only four tires",Dry,Daylight,Clear,,Rte 90 E,,Exit 25 on Rte 90,,,236958.0982,899783.0711
3242541,BOSTON,09-Aug-2012,11:10 AM,Property damage only (none injured),2,0,0,"Sideswipe, same direction",V1: Turning right / V2:Turning right,V1:Southbound / V2:Southbound ,V1: Collision with motor vehicle in traffic / V2: Collision with motor vehicle in traffic ,V1: Passenger car / V2:Passenger car,Dry,Daylight,Clear,,CHARLESGATE WEST / BEACON STREET,,,,,233543.9754,900022.1832
3322577,BOSTON,09-Aug-2012,12:08 PM,Non-fatal injury,2,1,0,"Sideswipe, same direction",V1: Travelling straight ahead / V2:Parked,V1:Not reported / V2:Not reported ,V1: Unknown / V2: Not reported ,V1: Passenger car / V2:Passenger car,Dry,Daylight,Clear,,63 WALNUT AVENUE / WALNUT PARK,,,,,,
3241886,BOSTON,09-Aug-2012,12:45 PM,Non-fatal injury,1,1,0,Single vehicle crash,V1: Travelling straight ahead,V1:Southbound ,V1: Collision with motor vehicle in traffic ,"V1: Light truck(van, mini-van, panel, pickup, sport utility) with only four tires",Dry,Daylight,Clear,,Rte 93 S,,Exit 24 on Rte 93 S,,,236397.1933,901565.6511
3270639,BOSTON (DORCHESTER),09-Aug-2012,12:53 PM,Non-fatal injury,1,1,0,Single vehicle crash,V1: Backing,V1:Not reported ,V1: Collision with pedestrian ,"V1: Light truck(van, mini-van, panel, pickup, sport utility) with only four tires",Not reported,Daylight,Clear/Clear,TAFT STREET / DORCHESTER AVENUE,,,,,P2:Pedestrian,236543.7342,896387.8126
3269754,BOSTON,09-Aug-2012,2:00 PM,Non-fatal injury,2,1,0,Angle,V1: Travelling straight ahead / V2:Turning right,V1:Not reported / V2:Not reported ,V1: Collision with impact attenuator/crash cushion / V2: Collision with impact attenuator/crash cushion ,V1: Passenger car / V2:Passenger car,Dry,Daylight,Clear,FOX STREET / MOUNT IDA ROAD,,,,,,235875.1877,895140.7501
3248909,BOSTON,09-Aug-2012,3:19 PM,Non-fatal injury,2,1,0,Angle,V1: Entering traffic lane / V2:Travelling straight ahead,V1:Westbound / V2:Westbound ,V1: Collision with motor vehicle in traffic / V2: Collision with motor vehicle in traffic ,V1: Passenger car / V2:Passenger car,Dry,Daylight,Clear,,GALLIVAN BOULEVARD Rte 203 W / BRANTON STREET,,,,,236910.8439,892619.9375
3286877,BOSTON (DORCHESTER),09-Aug-2012,10:38 PM,Not Reported,1,0,0,Single vehicle crash,V1: Travelling straight ahead,V1:Not reported ,"V1: Collision with other fixed object (wall, building, tunnel, etc.) ",V1: Passenger car,Dry,Dark - lighted roadway,Clear/Clear,PLEASANT STREET / DOWNER AVENUE,,,,,,236326.0467,895710.9998
3241887,BOSTON,09-Aug-2012,11:07 PM,Property damage only (none injured),2,0,0,Rear-end,V1: Turning right / V2:Slowing or stopped in traffic,V1:Southbound / V2:Southbound ,V1: Collision with motor vehicle in traffic / V2: Collision with motor vehicle in traffic ,V1: Passenger car / V2:Passenger car,Dry,Dark - lighted roadway,Clear,,TEMPORARY RAMP Rte 1 S / MAURICE TOBIN BRIDGE,,,RUTHERFOR AVE RAMP,,235853.0976,902245.2623
3240505,BOSTON,10-Aug-2012,2:43 AM,Non-fatal injury,2,1,0,Rear-end,V1: Travelling straight ahead / V2:Travelling straight ahead,V1:Eastbound / V2:Eastbound ,V1: Collision with motor vehicle in traffic / V2: Collision with motor vehicle in traffic ,"V1: Single-unit truck (2-axle, 6-tire) / V2:Passenger car",Dry,Other,Other,,MASSACHUSETTS TURNPIKE Rte 90 E / TED WILLIAMS TUNNEL,,,UR-48E,,239051.4028,900924.2439
3267253,BOSTON,10-Aug-2012,10:00 AM,Non-fatal injury,1,1,0,Unknown,V1: Slowing or stopped in traffic,V1:Not reported ,V1: Not reported ,V1: Passenger car,Dry,Daylight,Clear,ATLANTIC AVENUE / ESSEX STREET,,,,,"P2:Pedalcyclist (bicycle, tricycle, unicycle, pedal car)",236592.8611,900243.1501
3245494,BOSTON,10-Aug-2012,1:01 PM,Property damage only (none injured),2,0,0,Angle,V1: Travelling straight ahead / V2:Changing lanes,V1:Northbound / V2:Northbound ,V1: Not reported / V2: Collision with motor vehicle in traffic ,"V1: Bus (seats for more than 15 people, including driver) / V2:Passenger car",Dry,Daylight,Cloudy,LOGAN AIRPORT TERMINAL E / SR-2,,,,NEAR GULF STATION,,239239.2642,902203.1357
3266766,BOSTON (DORCHESTER),10-Aug-2012,2:16 PM,Non-fatal injury,1,1,0,Single vehicle crash,V1: Travelling straight ahead,V1:Not reported ,V1: Collision with pedestrian ,"V1: Light truck(van, mini-van, panel, pickup, sport utility) with only four tires",Dry,Daylight,Clear,,164 BOSTON STREET,,,,P3:Pedestrian,236278.2459,897163.2863
3270632,BOSTON (DORCHESTER),10-Aug-2012,4:40 PM,Property damage only (none injured),2,0,0,Angle,V1: Entering traffic lane / V2:Backing,V1:Not reported / V2:Not reported ,V1: Collision with motor vehicle in traffic / V2: Collision with motor vehicle in traffic ,V1: Passenger car / V2:Passenger car,Wet,Daylight,Rain,HOMES AVENUE / HAMILTON STREET,,,,,,235841.9845,894908.2498
3243060,BOSTON,10-Aug-2012,5:09 PM,Property damage only (none injured),2,0,0,Rear-end,V1: Slowing or stopped in traffic / V2:Travelling straight ahead,V1:Northbound / V2:Northbound ,V1: Collision with motor vehicle in traffic / V2: Collision with motor vehicle in traffic ,"V1: Light truck(van, mini-van, panel, pickup, sport utility) with only four tires / V2:Passenger car",Wet,Daylight,Rain,,Rte 93 N,,Exit 13 on Rte 93 N,,,237420.1414,894076.5227
3241131,BOSTON,10-Aug-2012,5:22 PM,Property damage only (none injured),2,0,0,Rear-end,V1: Slowing or stopped in traffic / V2:Slowing or stopped in traffic,V1:Northbound / V2:Northbound ,V1: Collision with motor vehicle in traffic / V2: Collision with motor vehicle in traffic ,V1: Passenger car / V2:Passenger car,Wet,Daylight,Rain,,VETERANS OF FOREIGN WARS PARKWAY,,,,,227347.4388,890705.9448
3247332,BOSTON,10-Aug-2012,7:22 PM,Property damage only (none injured),1,0,0,Single vehicle crash,V1: Travelling straight ahead,V1:Westbound ,V1: Collision with curb ,V1: Passenger car,Wet,Daylight,Cloudy/Rain,,0 feet E from Intersection SOLDIERS FIELD ROAD / NORTH HARVARD STREET,,,,,230992.3482,902048.2872
3247333,BOSTON,10-Aug-2012,7:23 PM,Property damage only (none injured),2,0,0,Rear-end,V1: Slowing or stopped in traffic / V2:Travelling straight ahead,V1:Westbound / V2:Westbound ,V1: Collision with motor vehicle in traffic / V2: Collision with motor vehicle in traffic ,"V1: Light truck(van, mini-van, panel, pickup, sport utility) with only four tires / V2:Passenger car",Wet,Daylight,Cloudy/Rain,,SOLDIERS FIELD ROAD / NORTH HARVARD STREET,,,,,230992.3482,902048.2872
3248036,BOSTON,10-Aug-2012,11:35 PM,Property damage only (none injured),2,0,0,"Sideswipe, same direction",V1: Travelling straight ahead / V2:Turning right,V1:Eastbound / V2:Eastbound ,V1: Collision with other movable object / V2: Collision with other movable object ,"V1: Passenger car / V2:Light truck(van, mini-van, panel, pickup, sport utility) with only four tires",Wet,Dark - lighted roadway,Not Reported,RAMP - SOLDIERS FIELD RD EB TO WESTERN A / WESTERN AVENUE / RAMP - WESTERN AVE TO SOLDIERS FIELD RD,,,,,,231453.9064,901588.7501
3270635,BOSTON (DORCHESTER),11-Aug-2012,00:00 AM,Non-fatal injury,2,2,0,Rear-end,V1: Slowing or stopped in traffic / V2:Travelling straight ahead,V1:Not reported / V2:Not reported ,V1: Collision with motor vehicle in traffic / V2: Collision with motor vehicle in traffic ,"V1: Light truck(van, mini-van, panel, pickup, sport utility) with only four tires / V2:Passenger car",Wet,Dark - lighted roadway,Rain/Clear,TALBOT AVENUE / WELLES AVENUE,,,,,,235709.3749,893267.4998
3241888,BOSTON,11-Aug-2012,2:46 AM,Property damage only (none injured),1,0,0,Single vehicle crash,V1: Travelling straight ahead,V1:Northbound ,V1: Collision with median barrier ,"V1: Light truck(van, mini-van, panel, pickup, sport utility) with only four tires",Dry,Dark - lighted roadway,Cloudy/Rain,,Rte 93 N,,,,,236956.219,900947.8086
3240222,BOSTON,11-Aug-2012,2:50 AM,Non-fatal injury,1,1,0,Single vehicle crash,V1: Travelling straight ahead,V1:Eastbound ,V1: Collision with guardrail ,V1: Passenger car,Dry,Dark - lighted roadway,Not Reported,,SOLDIERS FIELD ROAD / UNIVERSITY ROAD,,,BU BRIDGE,,232006.43,900226.9649
3240258,BOSTON,11-Aug-2012,12:20 PM,Non-fatal injury,2,1,0,"Sideswipe, same direction",V1: Leaving traffic lane / V2:Travelling straight ahead,V1:Westbound / V2:Westbound ,V1: Collision with motor vehicle in traffic / V2: Collision with motor vehicle in traffic ,V1: Passenger car / V2:Motorcycle,Dry,Daylight,Cloudy,,RAMP - STORROW DR TO RT 2A WB / STORROW DRIVE,,,,,233893.7565,900257.9029
3241889,BOSTON,11-Aug-2012,3:44 PM,Not Reported,1,0,0,"Sideswipe, same direction",V1: Leaving traffic lane,V1:Northbound ,V1: Collision with curb ,V1: Passenger car,Dry,Daylight,Cloudy,,Rte 93 N,,Exit 28 on Rte 93 N,,,234953.5188,903173.3157
3282604,BOSTON,11-Aug-2012,4:11 PM,Not Reported,2,0,0,Not reported,V1: Not reported / V2:Not reported,V1:Not reported / V2:Not reported ,V1: Not reported / V2: Not reported ,V1: Passenger car / V2:Passenger car,Not reported,Not reported,Not Reported,DUDLEY STREET / HARRISON AVENUE,,,,,,234390.0625,897652.5627
3270307,BOSTON (DORCHESTER),11-Aug-2012,7:00 PM,Property damage only (none injured),2,0,0,Angle,V1: Parked / V2:Not reported,V1:Not reported / V2:Not reported ,V1: Collision with parked motor vehicle / V2: Not reported ,V1: Passenger car / V2:Passenger car,Dry,Daylight,Cloudy,,204 GENEVA AVENUE,,,,,235087.1801,895027.52
3269149,BOSTON (DORCHESTER),12-Aug-2012,00:00 AM,Non-fatal injury,2,1,0,Head-on,V1: Travelling straight ahead / V2:Travelling straight ahead,V1:Westbound / V2:Northbound ,V1: Collision with motor vehicle in traffic / V2: Collision with motor vehicle in traffic ,V1: Passenger car / V2:Passenger car,Dry,Dark - lighted roadway,Clear,LONSDALE STREET / FLORIDA STREET,,,,,,236314.7811,893464.7498
3345073,BOSTON,12-Aug-2012,7:43 AM,Non-fatal injury,2,1,0,"Sideswipe, opposite direction",V1: Travelling straight ahead / V2:Not reported,V1:Not reported / V2:Not reported ,V1: Collision with motor vehicle in traffic / V2: Not reported ,V1: Passenger car / V2:Passenger car,Wet,Daylight,Rain,,75 HUNTINGTON AVENUE,,,,,234605.4374,899676.8361
3250012,BOSTON,12-Aug-2012,11:38 AM,Property damage only (none injured),1,0,0,Single vehicle crash,V1: Travelling straight ahead,V1:Southbound ,V1: Collision with embankment ,"V1: Light truck(van, mini-van, panel, pickup, sport utility) with only four tires",Dry,Daylight,Clear,TENEAN STREET / CONLEY STREET,,,,ACROSS FROM THE PARK,,237678.6554,893424.5957
3244187,BOSTON,12-Aug-2012,1:44 PM,Property damage only (none injured),2,0,0,Angle,V1: Travelling straight ahead / V2:Turning left,V1:Westbound / V2:Northbound ,V1: Collision with motor vehicle in traffic / V2: Collision with motor vehicle in traffic ,V1: Passenger car / V2:Passenger car,Dry,Daylight,Clear,GALLIVAN BOULEVARD Rte 203 / ADAMS STREET / GRANITE AVENUE,,,,,,236643.2967,892556.1249
3380456,BOSTON,12-Aug-2012,3:03 PM,Non-fatal injury,2,1,0,Rear-end,V1: Travelling straight ahead / V2:Parked,V1:Eastbound / V2:Eastbound ,V1: Collision with parked motor vehicle / V2: Collision with motor vehicle in traffic ,V1: Passenger car / V2:Passenger car,Dry,Daylight,Cloudy,,SOUTHBOUND FRONTAGE ROAD,,,MASS AVE CONNECTOR,,235789.3605,898391.443
3267430,BOSTON,12-Aug-2012,8:50 PM,Non-fatal injury,2,1,0,Rear-end,V1: Travelling straight ahead / V2:Travelling straight ahead,V1:Northbound / V2:Not reported ,V1: Collision with motor vehicle in traffic / V2: Collision with motor vehicle in traffic ,"V1: Passenger car / V2:Light truck(van, mini-van, panel, pickup, sport utility) with only four tires",Dry,Dark - lighted roadway,Cloudy,,RUTHERFORD AVENUE Rte 1 / Rte 1,,,RT 1 ENTRANCE,,,
3241890,BOSTON,13-Aug-2012,00:00 AM,Property damage only (none injured),2,0,0,Rear-end,V1: Slowing or stopped in traffic / V2:Not reported,V1:Southbound / V2:Not reported ,V1: Collision with motor vehicle in traffic / V2: Not reported ,"V1: Light truck(van, mini-van, panel, pickup, sport utility) with only four tires / V2:Light truck(van, mini-van, panel, pickup, sport utility) with only four tires",Dry,Dark - roadway not lighted,Clear,,Rte 93 S,,Exit 26 on Rte 93 S,,,234851.4113,903728.5151
3659407,BOSTON,13-Aug-2012,1:27 AM,Fatal injury,1,0,2,Single vehicle crash,V1: Not reported,V1:Not reported ,V1: Not reported ,V1: Motorcycle,Unknown,Dark - lighted roadway,Clear,COLUMBIA ROAD / OLD COLONY AVENUE,,,,JAMES ONEIL ROTARY,,,
3241891,BOSTON,13-Aug-2012,8:19 AM,Non-fatal injury,2,1,0,Rear-end,V1: Travelling straight ahead / V2:Travelling straight ahead,V1:Southbound / V2:Southbound ,V1: Collision with motor vehicle in traffic / V2: Collision with motor vehicle in traffic ,V1: Passenger car / V2:Passenger car,Dry,Daylight,Clear,,Rte 93 S,,Exit 20 on Rte 93 S,,,236954.209,900826.9442
3269750,BOSTON (DORCHESTER),13-Aug-2012,8:41 AM,Non-fatal injury,1,1,0,Single vehicle crash,V1: Parked,V1:Not reported ,V1: Other ,V1: Passenger car,Dry,Daylight,Clear,,7 DENVIR STREET,,,,,236134.7063,893274.1063
3388442,BOSTON,13-Aug-2012,9:48 AM,Property damage only (none injured),2,0,0,Rear-end,V1: Travelling straight ahead / V2:Travelling straight ahead,V1:Southbound / V2:Southbound ,V1: Collision with motor vehicle in traffic / V2: Collision with motor vehicle in traffic ,V1: Passenger car / V2:Single-unit truck (3-or-more axles),Dry,Daylight,Clear,,Rte 93 S,Rte 93  S Milemarker 15.4,,SOUTH BAY MALL,,235863.7765,898289.7074
3243066,BOSTON,13-Aug-2012,10:50 AM,Property damage only (none injured),3,0,0,Rear-end,V1: Travelling straight ahead / V2:Slowing or stopped in traffic / V3:Travelling straight ahead,V1:Southbound / V2:Southbound / V3:Southbound ,V1: Collision with motor vehicle in traffic / V2: Collision with motor vehicle in traffic / V3: Collision with motor vehicle in traffic ,"V1: Passenger car / V2:Light truck(van, mini-van, panel, pickup, sport utility) with only four tires / V3:Light truck(van, mini-van, panel, pickup, sport utility) with only four tires",Dry,Daylight,Clear,,0 feet S from Intersection VETERANS OF FOREIGN WARS PARKWAY / BAKER STREET,,,,,227086.7654,893107.1872
3243054,BOSTON,13-Aug-2012,12:20 PM,Non-fatal injury,2,1,0,Rear-end,V1: Travelling straight ahead / V2:Travelling straight ahead,V1:Northbound / V2:Northbound ,V1: Collision with motor vehicle in traffic / V2: Collision with motor vehicle in traffic ,V1: Passenger car / V2:Passenger car,Dry,Daylight,Clear,,Rte 93 N,,,,,236742.6233,900426.5825
3345080,BOSTON (ROXBURY),13-Aug-2012,1:30 PM,Property damage only (none injured),2,0,0,Angle,V1: Turning left / V2:Travelling straight ahead,V1:Northbound / V2:Southbound ,V1: Not reported / V2: Not reported ,"V1: Light truck(van, mini-van, panel, pickup, sport utility) with only four tires / V2:Passenger car",Dry,Daylight,Clear/Clear,COLUMBUS AVENUE / WALNUT AVENUE,,,,,,233385.0782,895956.6876
3389260,BOSTON,13-Aug-2012,4:38 PM,Property damage only (none injured),2,0,0,"Sideswipe, same direction",V1: Turning left / V2:Turning left,V1:Southbound / V2:Southbound ,V1: Collision with motor vehicle in traffic / V2: Collision with motor vehicle in traffic ,"V1: Passenger car / V2:Single-unit truck (2-axle, 6-tire)",Dry,Daylight,Clear,,CHARLES STREET CIRCLE,,,CHARLES CIR,,235385.419,901294.6172
3274828,BOSTON,13-Aug-2012,6:22 PM,Not Reported,1,0,0,Single vehicle crash,V1: Travelling straight ahead,V1:Westbound ,V1: Not reported ,"V1: Light truck(van, mini-van, panel, pickup, sport utility) with only four tires",Dry,Daylight,Clear,COMMONWEALTH AVENUE / BABCOCK STREET,,,,,P2:Pedestrian,231204.2967,900221.9999
3243061,BOSTON,13-Aug-2012,9:05 PM,Property damage only (none injured),2,0,0,"Sideswipe, opposite direction",V1: Travelling straight ahead / V2:Travelling straight ahead,V1:Eastbound / V2:Westbound ,V1: Collision with motor vehicle in traffic / V2: Collision with motor vehicle in traffic ,"V1: Light truck(van, mini-van, panel, pickup, sport utility) with only four tires / V2:Light truck(van, mini-van, panel, pickup, sport utility) with only four tires",Dry,Dark - lighted roadway,Clear,,GALLIVAN BOULEVARD / MORTON STREET,,,,,234631.4265,892127.267
3804082,BOSTON,14-Aug-2012,00:00 AM,Unknown,1,0,0,Single vehicle crash,V1: Travelling straight ahead,V1:Not reported ,V1: Collision with utility pole ,"V1: Light truck(van, mini-van, panel, pickup, sport utility) with only four tires",Dry,Dark - lighted roadway,Clear,,255 RIVER STREET,,,,,234489.2104,891290.1928
3346720,BOSTON,14-Aug-2012,5:22 AM,Non-fatal injury,2,4,0,Angle,V1: Travelling straight ahead / V2:Travelling straight ahead,V1:Not reported / V2:Not reported ,V1: Collision with motor vehicle in traffic / V2: Collision with motor vehicle in traffic ,V1: Passenger car / V2:Passenger car,Dry,Dawn,Clear,COLUMBUS AVENUE / HEATH STREET,,,,,,233100.8312,897238.0956
3242548,BOSTON,14-Aug-2012,7:05 AM,Property damage only (none injured),2,0,0,Angle,V1: Travelling straight ahead / V2:Travelling straight ahead,V1:Eastbound / V2:Northbound ,V1: Collision with motor vehicle in traffic / V2: Collision with motor vehicle in traffic ,V1: Passenger car / V2:Passenger car,Dry,Daylight,Clear,WESTERN AVENUE / BIRMINGHAM PARKWAY,,,,MCHUGH OVERPASS,,229180.0376,901281.697
3244257,BOSTON,14-Aug-2012,7:20 AM,Non-fatal injury,1,1,0,Single vehicle crash,V1: Travelling straight ahead,V1:Northbound ,V1: Collision with light pole or other post/support ,V1: Single-unit truck (3-or-more axles),Dry,Daylight,Clear,WILLIAM T MORRISSEY BOULEVARD / RAMP - RT 93 NB TO MORRISSEY BLVD,,,,"MORRISSEY BLVD NORTHBOUND, NORTH",,237259.4913,894834.6611
3243771,BOSTON,14-Aug-2012,8:55 AM,Property damage only (none injured),2,0,0,Angle,V1: Travelling straight ahead / V2:Changing lanes,V1:Northbound / V2:Northbound ,V1: Collision with motor vehicle in traffic / V2: Collision with motor vehicle in traffic ,V1: Passenger car / V2:Passenger car,Dry,Daylight,Clear,,WILLIAM T MORRISSEY BOULEVARD / VICTORY ROAD,,,MORRISSEY BLVD @ 7/11 STORE,,237249.0939,894096.3763
3380457,BOSTON,14-Aug-2012,9:04 AM,Property damage only (none injured),3,0,0,Rear-end,V1: Travelling straight ahead / V2:Travelling straight ahead / V3:Travelling straight ahead,V1:Southbound / V2:Southbound / V3:Southbound ,V1: Collision with motor vehicle in traffic / V2: Collision with motor vehicle in traffic / V3: Collision with motor vehicle in traffic ,"V1: Light truck(van, mini-van, panel, pickup, sport utility) with only four tires / V2:Passenger car / V3:Passenger car",Dry,Daylight,Clear,,JOHN F FITZGERALD EXPRESSWAY Rte 93 S / RAMP - LEVERETT CIRCLE TO RT 93 SB Rte 3 S,,,,,236209.399,901818.1082
3254808,BOSTON (CHARLESTOWN),14-Aug-2012,9:28 AM,Not Reported,2,0,0,"Sideswipe, same direction",V1: Not reported / V2:Not reported,V1:Not reported / V2:Not reported ,V1: Not reported / V2: Not reported ,V1: Passenger car / V2:Passenger car,Dry,Daylight,Clear/Cloudy,,433 BUNKER HILL STREET,,,,,235347.2833,903697.3197