Crash Number,City/Town Name,Crash Date,Crash Time,Crash Severity,Number of Vehicles,Total Nonfatal Injuries,Total Fatal Injuries,Manner of Collision,Vehicle Action Prior to Crash,Vehicle Travel Directions,Most Harmful Events,Vehicle Configuration,Road Surface Condition,Ambient Light,Weather Condition,At Roadway Intersection,Distance from Nearest Roadway Intersection,Distance from Nearest Milemarker,Distance from Nearest Exit,Distance from Nearest Landmark,Non Motorist Type,X Coordinate,Y Coordinate
3292140,BOSTON,14-Aug-2012,5:56 PM,Non-fatal injury,1,1,0,Single vehicle crash,V1: Turning left,V1:Northbound ,V1: Collision with utility pole ,"V1: Light truck(van, mini-van, panel, pickup, sport utility) with only four tires",Dry,Daylight,Clear/Cloudy,WASHINGTON STREET / FREEMAN AVENUE,,,,,,228389.5782,890288.0002
3245493,BOSTON,14-Aug-2012,6:10 PM,Property damage only (none injured),2,0,0,Angle,V1: Leaving traffic lane / V2:Leaving traffic lane,V1:Southbound / V2:Southbound ,V1: Collision with motor vehicle in traffic / V2: Collision with motor vehicle in traffic ,"V1: Passenger car / V2:Single-unit truck (2-axle, 6-tire)",Dry,Daylight,Clear,,Rte 93 S,,Exit 18 on Rte 93 S,,,236013.2783,899092.9981
3291922,BOSTON (ROSLINDALE),14-Aug-2012,6:41 PM,Not Reported,2,0,0,Not reported,V1: Not reported / V2:Not reported,V1:Westbound / V2:Westbound ,V1: Not reported / V2: Not reported ,V1: Passenger car / V2:Passenger car,Not reported,Not reported,Not Reported,CUMMINS HIGHWAY / WASHINGTON STREET,,,,,,230670.2033,892952.6249
3244171,BOSTON,14-Aug-2012,11:40 PM,Non-fatal injury,1,1,0,Single vehicle crash,V1: Travelling straight ahead,V1:Northbound ,V1: Other ,V1: Motorcycle,Dry,Dark - lighted roadway,Clear,,Rte 93 N,,Exit 23 on Rte 93 N,,,236957.4837,900943.9828
3275334,BOSTON (ALLSTON),15-Aug-2012,1:09 AM,Property damage only (none injured),2,0,0,Angle,V1: Turning left / V2:Travelling straight ahead,V1:Not reported / V2:Not reported ,V1: Collision with motor vehicle in traffic / V2: Collision with motor vehicle in traffic ,V1: Passenger car / V2:Passenger car,Dry,Daylight,Clear,,1198 COMMONWEALTH AVENUE,,,,,230508.7431,900053.541
3380458,BOSTON,15-Aug-2012,7:15 AM,Non-fatal injury,1,2,0,Single vehicle crash,V1: Travelling straight ahead,V1:Northbound ,V1: Collision with motor vehicle in traffic ,V1: Passenger car,Dry,Daylight,Cloudy,,JOHN F FITZGERALD EXPRESSWAY Rte 93 N / RAMP - RT 93 NB TO STORROW DRIVE Rte 3A N,,,,,236436.5383,901552.2491
3242543,BOSTON,15-Aug-2012,8:15 AM,Non-fatal injury,1,1,0,Single vehicle crash,V1: Leaving traffic lane,V1:Westbound ,V1: Other ,"V1: Light truck(van, mini-van, panel, pickup, sport utility) with only four tires",Wet,Daylight,Rain,,CHARLESGATE OVERPASS / CHARLESGATE OVERPASS,,,,,233516.0064,900181.4955
3380459,BOSTON,15-Aug-2012,9:05 AM,Non-fatal injury,2,1,0,Rear-end,V1: Slowing or stopped in traffic / V2:Travelling straight ahead,V1:Westbound / V2:Westbound ,V1: Collision with motor vehicle in traffic / V2: Collision with motor vehicle in traffic ,V1: Passenger car / V2:Passenger car,Dry,Other,Rain,SUMNER TUNNEL / RAMP - SUMNER TUNNEL TO MARKET STREET / RAMP - SUMNER TUNNEL TO STORROW DRIVE,,,,ST S RAMP .01 MM,,236652.6955,901439.7832
3245286,BOSTON,15-Aug-2012,9:40 AM,Property damage only (none injured),2,0,0,Rear-end,V1: Slowing or stopped in traffic / V2:Travelling straight ahead,V1:Eastbound / V2:Eastbound ,V1: Collision with motor vehicle in traffic / V2: Collision with motor vehicle in traffic ,"V1: Light truck(van, mini-van, panel, pickup, sport utility) with only four tires / V2:Passenger car",Dry,Daylight,Cloudy,,FENWAY / 300,,,,,233037.0994,898819.1715
3250242,BOSTON,15-Aug-2012,11:49 AM,Property damage only (none injured),2,0,0,Angle,V1: Travelling straight ahead / V2:Travelling straight ahead,V1:Northbound / V2:Northbound ,V1: Collision with motor vehicle in traffic / V2: Collision with motor vehicle in traffic ,V1: Passenger car / V2:Truck/trailer,Dry,Daylight,Cloudy,,Rte 93 N,,Exit 11 on Rte 93,,,237094.7253,891674.8051
3380460,BOSTON,15-Aug-2012,4:05 PM,Property damage only (none injured),2,0,0,Rear-end,V1: Travelling straight ahead / V2:Slowing or stopped in traffic,V1:Northbound / V2:Northbound ,V1: Not reported / V2: Not reported ,"V1: MOPED / V2:Light truck(van, mini-van, panel, pickup, sport utility) with only four tires",Dry,Daylight,Clear,,JOHN F FITZGERALD EXPRESSWAY Rte 93 N / RAMP - BROADWAY TO RT 93 NB,,,TIP O'NEIL TUNNEL,,236463.0189,899889.1788
3346711,BOSTON,15-Aug-2012,4:48 PM,Not Reported,1,0,0,Not reported,V1: Not reported,V1:Not reported ,V1: Not reported ,"V1: Light truck(van, mini-van, panel, pickup, sport utility) with only four tires",Not reported,Not reported,Not Reported,,3297 WASHINGTON STREET,,,,"P2:Pedalcyclist (bicycle, tricycle, unicycle, pedal car)",232698.8291,895647.2642
3243475,BOSTON,15-Aug-2012,4:50 PM,Property damage only (none injured),2,0,0,Angle,V1: Not reported / V2:Travelling straight ahead,V1:Eastbound / V2:Eastbound ,V1: Collision with motor vehicle in traffic / V2: Collision with motor vehicle in traffic ,"V1: Light truck(van, mini-van, panel, pickup, sport utility) with only four tires / V2:Passenger car",Dry,Daylight,Cloudy,,COLUMBIA ROAD / KOSCIUSZKO CIRCLE,,,,,236980.4846,896866.3749
3346677,BOSTON (JAMAICA PLAIN),15-Aug-2012,10:20 PM,Property damage only (none injured),2,0,0,Angle,V1: Travelling straight ahead / V2:Parked,V1:Southbound / V2:Not reported ,V1: Not reported / V2: Not reported ,V1: Passenger car / V2:Passenger car,Wet,Dark - lighted roadway,Rain/Rain,,71 SOUTH HUNTINGTON AVENUE,,,,,232030.3072,897821.8472
3281459,BOSTON,15-Aug-2012,11:04 PM,Non-fatal injury,1,3,0,Single vehicle crash,V1: Turning right,V1:Eastbound ,V1: Collision with fence ,V1: Passenger car,Wet,Dark - lighted roadway,Rain,,SOLDIERS FIELD ROAD / SOLDIERS FIELD ROAD EXTENSION,,,NEWELL BOAT HOUSE INBOUND,,230746.8836,902223.8495
3244971,BOSTON,15-Aug-2012,11:08 PM,Property damage only (none injured),1,0,0,Single vehicle crash,V1: Travelling straight ahead,V1:Eastbound ,V1: Collision with curb ,V1: Passenger car,Wet,Dark - lighted roadway,Not Reported,,STORROW DRIVE / DAVID G MUGAR WAY,,,,,235214.6816,900915.4701
3281220,BOSTON,16-Aug-2012,6:40 AM,Property damage only (none injured),1,0,0,Single vehicle crash,V1: Turning left,V1:Westbound ,V1: Collision with guardrail ,V1: Passenger car,Wet,Daylight,Cloudy,,0 feet E from Intersection SOLDIERS FIELD ROAD / NORTH HARVARD STREET,,,,,230992.3482,902048.2872
3242946,BOSTON,16-Aug-2012,7:05 AM,Non-fatal injury,1,1,0,Single vehicle crash,V1: Travelling straight ahead,V1:Westbound ,V1: Reported but invalid ,"V1: Light truck(van, mini-van, panel, pickup, sport utility) with only four tires",Wet,Daylight,Cloudy/Rain,,0 feet W from Intersection SOLDIERS FIELD ROAD / NORTH HARVARD STREET,,,,,230992.3482,902048.2872
3380461,BOSTON,16-Aug-2012,7:12 AM,Non-fatal injury,1,1,0,Single vehicle crash,V1: Travelling straight ahead,V1:Westbound ,V1: Not reported ,V1: Motorcycle,Wet,Daylight,Rain,,SUMNER TUNNEL / RAMP - SUMNER TUNNEL TO MARKET STREET,,,RAMP ST-S,,236654.8359,901442.9432
3244180,BOSTON,16-Aug-2012,7:50 AM,Property damage only (none injured),2,0,0,"Sideswipe, same direction",V1: Travelling straight ahead / V2:Travelling straight ahead,V1:Westbound / V2:Westbound ,V1: Collision with motor vehicle in traffic / V2: Collision with motor vehicle in traffic ,V1: Passenger car / V2:Passenger car,Wet,Daylight,Cloudy,,SOLDIERS FIELD ROAD / RAMP - N HARVARD ST TO SOLDIERS FIELD WB,,,0 feet W from LARZ ANDERSON BRIDGE,,230977.9051,902064.1164
3242874,BOSTON,16-Aug-2012,7:50 AM,Non-fatal injury,1,1,0,Single vehicle crash,V1: Travelling straight ahead,V1:Eastbound ,V1: Collision with utility pole ,V1: Passenger car,Wet,Daylight,Cloudy,,SOLDIERS FIELD ROAD,,,0 feet E from ELLIOT BRIDGE,,230457.2205,902493.5125
3242877,BOSTON,16-Aug-2012,8:10 AM,Non-fatal injury,1,1,0,Single vehicle crash,V1: Travelling straight ahead,V1:Eastbound ,V1: Collision with moped ,V1: Other,Wet,Daylight,Cloudy,,SOLDIERS FIELD ROAD / EVERETT STREET,,,NEAR WBZ,,230200.1729,901748.1751
3267255,BOSTON,16-Aug-2012,9:00 AM,Non-fatal injury,2,1,0,Rear-end,V1: Slowing or stopped in traffic / V2:Travelling straight ahead,V1:Southbound / V2:Northbound ,V1: Collision with motor vehicle in traffic / V2: Collision with motor vehicle in traffic ,V1: Passenger car / V2:Passenger car,Dry,Daylight,Clear,,376 COMMERCIAL STREET,,,,,236955.8542,901850.3519
3246844,BOSTON,16-Aug-2012,10:50 AM,Property damage only (none injured),2,0,0,Rear-end,V1: Travelling straight ahead / V2:Travelling straight ahead,V1:Northbound / V2:Northbound ,V1: Collision with motor vehicle in traffic / V2: Collision with motor vehicle in traffic ,"V1: Passenger car / V2:Single-unit truck (2-axle, 6-tire)",Dry,Daylight,Clear,,Rte 93 N,,Exit 15 on Rte 93 N,,,236972.2496,896473.4282
3248961,BOSTON (ROSLINDALE),16-Aug-2012,1:15 PM,Not Reported,1,0,0,Not reported,V1: Not reported,V1:Not reported ,V1: Not reported ,"V1: Bus (seats for more than 15 people, including driver)",Not reported,Not reported,Not Reported,HYDE PARK AVENUE / CUMMINS HIGHWAY,,,,,,231428.7354,892236.6369
3243068,BOSTON,16-Aug-2012,1:17 PM,Property damage only (none injured),2,0,0,Rear-end,V1: Travelling straight ahead / V2:Travelling straight ahead,V1:Southbound / V2:Southbound ,V1: Collision with motor vehicle in traffic / V2: Collision with motor vehicle in traffic ,"V1: Light truck(van, mini-van, panel, pickup, sport utility) with only four tires / V2:Passenger car",Dry,Daylight,Clear,CENTRE STREET / LOUDERS LANE,,,,,,230988.8593,895168.1876
3245031,BOSTON,16-Aug-2012,3:10 PM,Property damage only (none injured),2,0,0,Rear-end,V1: Slowing or stopped in traffic / V2:Travelling straight ahead,V1:Westbound / V2:Westbound ,V1: Collision with motor vehicle in traffic / V2: Collision with motor vehicle in traffic ,"V1: Light truck(van, mini-van, panel, pickup, sport utility) with only four tires / V2:Passenger car",Dry,Daylight,Clear,,STORROW DRIVE Rte 28 S / RAMP - RT 3 TO RT 28 SB,,,AT LONGFELLOW BRIDGE,,235197.3451,901310.3453
3389262,BOSTON,16-Aug-2012,4:55 PM,Not Reported,1,0,0,Single vehicle crash,V1: Travelling straight ahead,V1:Westbound ,V1: Collision with curb ,V1: Passenger car,Dry,Daylight,Clear,,STORROW DRIVE / LONGFELLOW BRIDGE,,,STORROW DR AT LONGFELLOW BRIDGE,,235193.1629,901280.3507
3241892,BOSTON,16-Aug-2012,5:40 PM,Property damage only (none injured),3,0,0,Rear-end,V1: Travelling straight ahead / V2:Slowing or stopped in traffic / V3:Slowing or stopped in traffic,V1:Westbound / V2:Westbound / V3:Westbound ,V1: Collision with motor vehicle in traffic / V2: Collision with motor vehicle in traffic / V3: Collision with motor vehicle in traffic ,"V1: Light truck(van, mini-van, panel, pickup, sport utility) with only four tires / V2:Passenger car / V3:Light truck(van, mini-van, panel, pickup, sport utility) with only four tires",Dry,Daylight,Clear,,Rte 90 W,,,PRU TUNNEL,,234974.2868,899800.9216
3245291,BOSTON,16-Aug-2012,7:20 PM,Property damage only (none injured),2,0,0,Rear-end,V1: Slowing or stopped in traffic / V2:Travelling straight ahead,V1:Northbound / V2:Northbound ,V1: Collision with motor vehicle in traffic / V2: Collision with motor vehicle in traffic ,V1: Passenger car / V2:Passenger car,Dry,Daylight,Not Reported,,COLUMBIA ROAD / DORCHESTER AVENUE,,,,,236535.6564,896787.6252
3321648,BOSTON (JAMAICA PLAIN),16-Aug-2012,8:29 PM,Property damage only (none injured),1,0,0,Angle,V1: Not reported,V1:Westbound ,V1: Not reported ,V1: Passenger car,Dry,Dark - lighted roadway,Clear/Clear,,595 CENTRE STREET,,,,"P3:Pedalcyclist (bicycle, tricycle, unicycle, pedal car)",231812.5075,896122.6166
3248037,BOSTON,17-Aug-2012,7:45 AM,Property damage only (none injured),3,0,0,Rear-end,V1: Slowing or stopped in traffic / V2:Travelling straight ahead / V3:Travelling straight ahead,V1:Northbound / V2:Northbound / V3:Northbound ,V1: Collision with motor vehicle in traffic / V2: Collision with motor vehicle in traffic / V3: Collision with motor vehicle in traffic ,"V1: Passenger car / V2:Passenger car / V3:Light truck(van, mini-van, panel, pickup, sport utility) with only four tires",Dry,Daylight,Clear,,Rte 93 N,,Exit 14 on Rte 93 N,,,237258.9796,894483.3974
3242879,BOSTON,17-Aug-2012,8:29 AM,Property damage only (none injured),2,0,0,Angle,V1: Turning left / V2:Travelling straight ahead,V1:Eastbound / V2:Eastbound ,V1: Collision with motor vehicle in traffic / V2: Collision with motor vehicle in traffic ,"V1: Bus (seats for 7-15 people, including driver) / V2:Passenger car",Dry,Daylight,Clear,,SOLDIERS FIELD ROAD,,,DOUBLETREE HOTEL,,231510.0467,901104.4669
3269834,BOSTON (DORCHESTER),17-Aug-2012,9:38 AM,Not Reported,2,0,0,Not reported,V1: Not reported / V2:Not reported,V1:Not reported / V2:Not reported ,V1: Not reported / V2: Not reported ,"V1: Light truck(van, mini-van, panel, pickup, sport utility) with only four tires / V2:Passenger car",Not reported,Not reported,Not Reported,DORCHESTER AVENUE / EAST STREET,,,,,,236407.2345,895327.0623
3245292,BOSTON,17-Aug-2012,12:00 PM,Property damage only (none injured),3,0,0,Rear-end,V1: Slowing or stopped in traffic / V2:Slowing or stopped in traffic / V3:Travelling straight ahead,V1:Northbound / V2:Northbound / V3:Northbound ,V1: Collision with motor vehicle in traffic / V2: Collision with motor vehicle in traffic / V3: Collision with motor vehicle in traffic ,"V1: Light truck(van, mini-van, panel, pickup, sport utility) with only four tires / V2:Passenger car / V3:Passenger car",Dry,Daylight,Clear,,Rte 93 N,,Exit 15 on Rte 93 N,,,236972.2496,896473.4282
3380462,BOSTON,17-Aug-2012,12:03 PM,Property damage only (none injured),1,0,0,"Sideswipe, same direction",V1: Travelling straight ahead,V1:Southbound ,V1: Collision with motor vehicle in traffic ,V1: Passenger car,Dry,Daylight,Clear,,NASHUA STREET / LEVERETT CIRCLE,,,LEVERETT CONNECTOR,,235642.789,901884.6073
3269756,BOSTON (DORCHESTER),17-Aug-2012,1:00 PM,Non-fatal injury,1,2,0,Angle,V1: Backing,V1:Southbound ,V1: Collision with pedestrian ,V1: Passenger car,Dry,Daylight,Clear,,45 SAVIN HILL AVENUE,,,,P2:Pedestrian / P3:Pedestrian,236536.4544,895923.7507
3380463,BOSTON,17-Aug-2012,2:15 PM,Property damage only (none injured),2,0,0,Angle,V1: Travelling straight ahead / V2:Travelling straight ahead,V1:Northbound / V2:Northbound ,V1: Collision with motor vehicle in traffic / V2: Collision with motor vehicle in traffic ,"V1: Light truck(van, mini-van, panel, pickup, sport utility) with only four tires / V2:Light truck(van, mini-van, panel, pickup, sport utility) with only four tires",Dry,Daylight,Clear,,RAMP - RT 1 NB TO TOBIN BRIDGE Rte 1 N / RAMP - RUTHERFORD AVENUE TO RT 1 NB,,,,,236026.8922,902331.1477
3249895,BOSTON,17-Aug-2012,2:30 PM,Property damage only (none injured),2,0,0,"Sideswipe, same direction",V1: Changing lanes / V2:Changing lanes,V1:Southbound / V2:Southbound ,V1: Collision with motor vehicle in traffic / V2: Collision with motor vehicle in traffic ,"V1: Light truck(van, mini-van, panel, pickup, sport utility) with only four tires / V2:Light truck(van, mini-van, panel, pickup, sport utility) with only four tires",Dry,Daylight,Clear,,Rte 93 S,,Exit 18 on Rte 93 S,,,236013.2783,899092.9981
3243131,BOSTON,17-Aug-2012,4:15 PM,Non-fatal injury,2,1,0,Rear-end,V1: Slowing or stopped in traffic / V2:Travelling straight ahead,V1:Southbound / V2:Southbound ,V1: Collision with motor vehicle in traffic / V2: Collision with motor vehicle in traffic ,"V1: Light truck(van, mini-van, panel, pickup, sport utility) with only four tires / V2:Light truck(van, mini-van, panel, pickup, sport utility) with only four tires",Dry,Daylight,Clear,,WILLIAM T MORRISSEY BOULEVARD,,,SAVIN HILL YACHT CLUB,,237466.431,895536.7662
3244937,BOSTON,17-Aug-2012,4:24 PM,Property damage only (none injured),2,0,0,Rear-end,V1: Slowing or stopped in traffic / V2:Travelling straight ahead,V1:Northbound / V2:Northbound ,V1: Collision with motor vehicle in traffic / V2: Collision with motor vehicle in traffic ,"V1: Light truck(van, mini-van, panel, pickup, sport utility) with only four tires / V2:Light truck(van, mini-van, panel, pickup, sport utility) with only four tires",Dry,Daylight,Clear,ATLANTIC AVENUE / SEAPORT BOULEVARD / RAMP - SEAPORT BOULEVARD TO RT 93 NB,,,,ACN ON RAMP FROM ATLANTIC AVE TO,,236957.6765,900570.2341
3380464,BOSTON,17-Aug-2012,5:50 PM,Property damage only (none injured),1,0,0,Single vehicle crash,V1: Travelling straight ahead,V1:Southbound ,V1: Collision with median barrier ,V1: Passenger car,Dry,Daylight,Clear,,RT 93 SB HOV LANE / JOHN F FITZGERALG EXPRESSWAY Rte 93 S,,,HOV ENTRANCE RAMP X,,235850.4746,898344.7129
3321647,BOSTON (JAMAICA PLAIN),18-Aug-2012,1:06 AM,Property damage only (none injured),2,0,0,Rear-end,V1: Slowing or stopped in traffic / V2:Travelling straight ahead,V1:Not reported / V2:Not reported ,V1: Collision with motor vehicle in traffic / V2: Collision with motor vehicle in traffic ,V1: Passenger car / V2:Passenger car,Wet,Dark - lighted roadway,Rain,,225 CENTRE STREET / COLUMBUS AVENUE,,,,,,
3243477,BOSTON,18-Aug-2012,2:10 AM,Property damage only (none injured),2,0,0,"Sideswipe, same direction",V1: Travelling straight ahead / V2:Changing lanes,V1:Southbound / V2:Southbound ,V1: Collision with motor vehicle in traffic / V2: Collision with motor vehicle in traffic ,"V1: Light truck(van, mini-van, panel, pickup, sport utility) with only four tires / V2:Light truck(van, mini-van, panel, pickup, sport utility) with only four tires",Dry,Dark - lighted roadway,Not Reported,,GENERAL CASIMIR PULASKI SKYWAY Rte 93 S / RAMP - FREEPORT ST TO RT 93 SB,,,,,237159.5519,894623.4104
3267432,BOSTON,18-Aug-2012,2:25 AM,Non-fatal injury,2,2,0,Angle,V1: Not reported / V2:Not reported,V1:Not reported / V2:Not reported ,V1: Not reported / V2: Not reported ,V1: Passenger car / V2:Passenger car,Wet,Dark - lighted roadway,Rain/Cloudy,ATLANTIC AVENUE / SUMMER STREET,,,,,,236630.702,900331.4409
3249897,BOSTON,18-Aug-2012,2:44 AM,Non-fatal injury,1,1,0,Single vehicle crash,V1: Travelling straight ahead,V1:Southbound ,V1: Collision with median barrier ,V1: Passenger car,Dry,Dark - roadway not lighted,Clear,,Rte 93 S,,Exit 15 on Rte 93 S,,,236629.6253,897168.5001
3270041,BOSTON (DORCHESTER),18-Aug-2012,4:30 AM,Not Reported,2,0,0,Not reported,V1: Not reported / V2:Not reported,V1:Not reported / V2:Not reported ,V1: Not reported / V2: Not reported ,"V1: Light truck(van, mini-van, panel, pickup, sport utility) with only four tires / V2:Not reported",Not reported,Not reported,Not Reported,,304 BOWDOIN STREET,,,,,235829.7303,895338.2449
3244181,BOSTON,18-Aug-2012,9:20 AM,Property damage only (none injured),1,0,0,Single vehicle crash,V1: Leaving traffic lane,V1:Eastbound ,V1: Collision with light pole or other post/support ,V1: Passenger car,Wet,Daylight,Not Reported,,0 feet W from Intersection SOLDIERS FIELD ROAD / NORTH HARVARD STREET,,,,,230992.3482,902048.2872
3286131,BOSTON,18-Aug-2012,10:10 AM,Property damage only (none injured),2,0,0,Angle,V1: Parked / V2:Turning right,V1:Westbound / V2:Westbound ,V1: Collision with motor vehicle in traffic / V2: Not reported ,V1: Passenger car / V2:Passenger car,Dry,Daylight,Cloudy,,MORTON STREET Rte 203 / HAVELOCK STREET,,,,,233533.0467,892972.5627
3279527,BOSTON,18-Aug-2012,5:02 PM,Non-fatal injury,2,1,0,Rear-end,V1: Slowing or stopped in traffic / V2:Slowing or stopped in traffic,V1:Eastbound / V2:Eastbound ,V1: Collision with motor vehicle in traffic / V2: Collision with motor vehicle in traffic ,"V1: Light truck(van, mini-van, panel, pickup, sport utility) with only four tires / V2:Passenger car",Dry,Daylight,Not Reported,,GALLIVAN BOULEVARD / WASHINGTON STREET,,,,,235509.2971,892128.6873
3243132,BOSTON,18-Aug-2012,5:05 PM,Property damage only (none injured),2,0,0,Rear-end,V1: Turning left / V2:Turning left,V1:Not reported / V2:Not reported ,V1: Collision with motor vehicle in traffic / V2: Collision with motor vehicle in traffic ,"V1: Light truck(van, mini-van, panel, pickup, sport utility) with only four tires / V2:Light truck(van, mini-van, panel, pickup, sport utility) with only four tires",Wet,Daylight,Cloudy,,WILLIAM T MORRISSEY BOULEVARD / FREEPORT STREET,,,,,237149.8439,894580.3748
3265078,BOSTON,18-Aug-2012,6:15 PM,Non-fatal injury,2,1,0,Rear-end,V1: Backing / V2:Travelling straight ahead,V1:Eastbound / V2:Eastbound ,V1: Collision with motor vehicle in traffic / V2: Collision with motor vehicle in traffic ,V1: Passenger car / V2:Passenger car,Dry,Dusk,Clear,WATER STREET / CONGRESS STREET,,,,,,236543.7747,900883.5489
3247638,BOSTON,19-Aug-2012,00:00 AM,Property damage only (none injured),1,0,0,Single vehicle crash,V1: Travelling straight ahead,V1:Northbound ,V1: Collision with guardrail ,V1: Passenger car,Dry,Dark - lighted roadway,Clear,,Rte 93 N,,Exit 23 on Rte 93,,,236957.4837,900943.9828
3246223,BOSTON,19-Aug-2012,1:20 AM,Property damage only (none injured),1,0,0,Single vehicle crash,V1: Travelling straight ahead,V1:Northbound ,V1: Collision with embankment ,"V1: Light truck(van, mini-van, panel, pickup, sport utility) with only four tires",Wet,Dark - lighted roadway,Cloudy,,0 feet S from Intersection ENNEKING PARKWAY / WASHINGTON STREET,,,,,229642.4842,891696.4999
3276944,BOSTON,19-Aug-2012,9:36 AM,Property damage only (none injured),2,0,0,Single vehicle crash,V1: Turning right / V2:Travelling straight ahead,V1:Not reported / V2:Not reported ,V1: Collision with motor vehicle in traffic / V2: Collision with motor vehicle in traffic ,"V1: Light truck(van, mini-van, panel, pickup, sport utility) with only four tires / V2:Passenger car",Dry,Daylight,Clear,,110 HUNTINGTON AVENUE,,,,,234624.5782,899697.9233
3270032,BOSTON (DORCHESTER),19-Aug-2012,11:45 AM,Not Reported,2,0,0,"Sideswipe, opposite direction",V1: Not reported / V2:Not reported,V1:Not reported / V2:Not reported ,V1: Not reported / V2: Not reported ,V1: Passenger car / V2:Passenger car,Dry,Daylight,Clear/Clear,,656 ADAMS STREET,,,,,236723.4047,893092.5286
3265588,BOSTON (HYDE PARK),19-Aug-2012,12:26 PM,Property damage only (none injured),2,0,0,Not reported,V1: Travelling straight ahead / V2:Entering traffic lane,V1:Northbound / V2:Westbound ,V1: Collision with motor vehicle in traffic / V2: Collision with motor vehicle in traffic ,V1: Passenger car / V2:Passenger car,Not reported,Not reported,Not Reported,RIVER STREET / WEBSTER STREET,,,,,,231381.0626,889738.0001
3244974,BOSTON,19-Aug-2012,6:20 PM,Non-fatal injury,4,1,0,Angle,V1: Travelling straight ahead / V2:Travelling straight ahead / V3:Travelling straight ahead / V4:Slowing or stopped in traffic,V1:Northbound / V2:Westbound / V3:Westbound / V4:Southbound ,V1: Collision with motor vehicle in traffic / V2: Collision with motor vehicle in traffic / V3: Collision with motor vehicle in traffic / V4: Collision with motor vehicle in traffic ,"V1: Light truck(van, mini-van, panel, pickup, sport utility) with only four tires / V2:Passenger car / V3:Passenger car / V4:Passenger car",Dry,Daylight,Not Reported,RIVERWAY / BROOKLINE AVENUE,,,,,,232136.0747,898499.2837
3269832,BOSTON (DORCHESTER),19-Aug-2012,9:01 PM,Non-fatal injury,2,1,0,Rear-end,V1: Travelling straight ahead / V2:Travelling straight ahead,V1:Westbound / V2:Not reported ,V1: Collision with motor vehicle in traffic / V2: Collision with motor vehicle in traffic ,"V1: Light truck(van, mini-van, panel, pickup, sport utility) with only four tires / V2:Light truck(van, mini-van, panel, pickup, sport utility) with only four tires",Dry,Dark - lighted roadway,Clear/Clear,COLUMBIA ROAD / POND STREET,,,,,,236286.297,896706.6877
3381531,BOSTON,19-Aug-2012,9:02 PM,Not Reported,1,0,0,Angle,V1: Travelling straight ahead,V1:Eastbound ,V1: Collision with motor vehicle in traffic ,"V1: Light truck(van, mini-van, panel, pickup, sport utility) with only four tires",Dry,Dark - lighted roadway,Not Reported,STORROW DRIVE / CHARLESGATE OVERPASS,,,,STORROW DR AT KENMORE SQ,,233287.6718,900098.5623
3380465,BOSTON,20-Aug-2012,4:06 AM,Property damage only (none injured),1,0,0,Single vehicle crash,V1: Changing lanes,V1:Southbound ,V1: Collision with median barrier ,V1: Passenger car,Dry,Dark - lighted roadway,Clear,,RAMP - RT 93 SB TO RT 90 WB / RAMP - RT 93 SB TO PURCHASE STREET,,,RAMP TO COLLECTOR TUNNEL,,236899.0209,900602.0526
3289541,BOSTON (MATTAPAN),20-Aug-2012,5:08 AM,Non-fatal injury,1,1,0,Not reported,V1: Travelling straight ahead,V1:Southbound ,V1: Collision with motor vehicle in traffic ,V1: Passenger car,Not reported,Not reported,Not Reported,CUMMINS HIGHWAY / TAMPA STREET,,,,,,232282.6429,891542.3045
3321651,BOSTON (ROXBURY),20-Aug-2012,7:00 AM,Non-fatal injury,2,2,0,Not reported,V1: Travelling straight ahead / V2:Parked,V1:Not reported / V2:Not reported ,V1: Collision with parked motor vehicle / V2: Collision with parked motor vehicle ,V1: Passenger car / V2:Passenger car,Not reported,Not reported,Not Reported,,7037 COLUMBUS AVENUE,,,,,,
3244938,BOSTON,20-Aug-2012,8:02 AM,Property damage only (none injured),3,0,0,Rear-end,V1: Entering traffic lane / V2:Slowing or stopped in traffic / V3:Entering traffic lane,V1:Westbound / V2:Westbound / V3:Westbound ,V1: Collision with motor vehicle in traffic / V2: Collision with motor vehicle in traffic / V3: Collision with motor vehicle in traffic ,"V1: Passenger car / V2:Passenger car / V3:Light truck(van, mini-van, panel, pickup, sport utility) with only four tires",Dry,Daylight,Clear,,Rte 90 W,,,,,233849.5805,899785.5734
3657707,BOSTON (JAMAICA PLAIN),20-Aug-2012,9:38 AM,Fatal injury,2,0,1,Not reported,V1: Not reported / V2:Not reported,V1:Not reported / V2:Not reported ,V1: Not reported / V2: Not reported ,"V1: Motorcycle / V2:Bus (seats for 7-15 people, including driver)",Not reported,Daylight,Not Reported,,490 WALNUT AVENUE,,,,,233153.1819,895626.4687
3248038,BOSTON,20-Aug-2012,1:40 PM,Non-fatal injury,2,1,0,Rear-end,V1: Slowing or stopped in traffic / V2:Travelling straight ahead,V1:Westbound / V2:Westbound ,V1: Collision with motor vehicle in traffic / V2: Collision with motor vehicle in traffic ,V1: Passenger car / V2:Passenger car,Dry,Daylight,Clear,,GALLIVAN BOULEVARD,,,NEPONSET CIRCLE,,237731.8737,892907.403
3283432,BOSTON (SOUTH BOSTON),20-Aug-2012,11:20 PM,Non-fatal injury,2,1,0,Angle,V1: Travelling straight ahead / V2:Not reported,V1:Northbound / V2:Westbound ,V1: Not reported / V2: Not reported ,"V1: Passenger car / V2:Light truck(van, mini-van, panel, pickup, sport utility) with only four tires",Dry,Daylight,Clear,D STREET / WEST SIXTH STREET,,,,,,236825.2185,898582.625