Crash Number,City/Town Name,Crash Date,Crash Time,Crash Severity,Number of Vehicles,Total Nonfatal Injuries,Total Fatal Injuries,Manner of Collision,Vehicle Action Prior to Crash,Vehicle Travel Directions,Most Harmful Events,Vehicle Configuration,Road Surface Condition,Ambient Light,Weather Condition,At Roadway Intersection,Distance from Nearest Roadway Intersection,Distance from Nearest Milemarker,Distance from Nearest Exit,Distance from Nearest Landmark,Non Motorist Type,X Coordinate,Y Coordinate
3252103,BOSTON,21-Aug-2012,8:30 AM,Property damage only (none injured),2,0,0,Rear-end,V1: Travelling straight ahead / V2:Travelling straight ahead,V1:Northbound / V2:Northbound ,V1: Collision with motor vehicle in traffic / V2: Collision with motor vehicle in traffic ,"V1: Passenger car / V2:Light truck(van, mini-van, panel, pickup, sport utility) with only four tires",Dry,Daylight,Not Reported,,MORTON STREET,,,SHEA ROTARY,,232426.4151,894490.4999
3245924,BOSTON,21-Aug-2012,9:20 AM,Non-fatal injury,1,1,0,Single vehicle crash,V1: Travelling straight ahead,V1:Southbound ,V1: Collision with curb ,V1: Passenger car,Dry,Daylight,Clear,,VETERANS OF FOREIGN WARS PARKWAY / BAKER STREET,,,BAKER ST.,,227074.1827,893082.3447
3270030,BOSTON (DORCHESTER),21-Aug-2012,12:54 PM,Non-fatal injury,6,1,0,"Sideswipe, same direction",V1: Slowing or stopped in traffic / V2:Slowing or stopped in traffic / V3:Slowing or stopped in traffic / V4:Slowing or stopped in traffic / V5:Slowing or stopped in traffic / V6:Travelling straight ahead,V1:Not reported / V2:Not reported / V3:Not reported / V4:Not reported / V5:Not reported / V6:Westbound ,V1: Collision with parked motor vehicle / V2: Collision with parked motor vehicle / V3: Collision with parked motor vehicle / V4: Collision with parked motor vehicle / V5: Collision with parked motor vehicle / V6: Collision with parked motor vehicle ,V1: Passenger car / V2:Passenger car / V3:Passenger car / V4:Passenger car / V5:Passenger car / V6:Passenger car,Dry,Daylight,Clear/Clear,,436 ADAMS STREET,,,,,236542.5458,893824.1959
3244646,BOSTON,21-Aug-2012,3:25 PM,Property damage only (none injured),2,0,0,Angle,V1: Travelling straight ahead / V2:Turning left,V1:Southbound / V2:Southbound ,V1: Collision with motor vehicle in traffic / V2: Collision with motor vehicle in traffic ,V1: Passenger car / V2:Passenger car,Dry,Daylight,Not Reported,,MORTON STREET / WOODMERE STREET,,,,,234675.7498,892082.6253
3389306,BOSTON,22-Aug-2012,9:02 AM,Property damage only (none injured),2,0,0,Rear-end,V1: Slowing or stopped in traffic / V2:Travelling straight ahead,V1:Southbound / V2:Southbound ,V1: Collision with motor vehicle in traffic / V2: Collision with motor vehicle in traffic ,"V1: Light truck(van, mini-van, panel, pickup, sport utility) with only four tires / V2:Passenger car",Dry,Daylight,Clear,,Rte 93 S / SAVIN HILL AVENUE,,,SAVIN HILL,,236853.5561,895734.5229
3244939,BOSTON,22-Aug-2012,9:11 AM,Property damage only (none injured),2,0,0,Rear-end,V1: Travelling straight ahead / V2:Travelling straight ahead,V1:Southbound / V2:Southbound ,V1: Collision with motor vehicle in traffic / V2: Collision with motor vehicle in traffic ,"V1: Light truck(van, mini-van, panel, pickup, sport utility) with only four tires / V2:Passenger car",Dry,Daylight,Clear,,Rte 93 S,,Exit 26 on Rte 93 S,,,234851.4113,903728.5151
3380466,BOSTON,22-Aug-2012,10:40 AM,Non-fatal injury,1,1,0,Single vehicle crash,V1: Travelling straight ahead,V1:Westbound ,V1: Reported but invalid ,V1: Motorcycle,Dry,Daylight,Clear,,RAMP - LEVERETT CIRCLE TO RT 93 SB Rte 3 S / STORROW DRIVE Rte 3A S,,,,,235731.251,901825.1727
3244647,BOSTON,22-Aug-2012,1:02 PM,Property damage only (none injured),2,0,0,Rear-end,V1: Slowing or stopped in traffic / V2:Travelling straight ahead,V1:Eastbound / V2:Eastbound ,V1: Collision with motor vehicle in traffic / V2: Collision with motor vehicle in traffic ,"V1: Light truck(van, mini-van, panel, pickup, sport utility) with only four tires / V2:Passenger car",Dry,Daylight,Clear,,COLUMBIA ROAD / COLUMBIA ROAD,,,@ JFK,,236890.3851,896871.2747
3276940,BOSTON,22-Aug-2012,4:50 PM,Property damage only (none injured),2,0,0,Not reported,V1: Travelling straight ahead / V2:Turning left,V1:Not reported / V2:Not reported ,V1: Collision with motor vehicle in traffic / V2: Collision with motor vehicle in traffic ,V1: Passenger car / V2:Passenger car,Not reported,Not reported,Not Reported,FORSYTH STREET / HEMENWAY STREET,,,,,,233686.1562,899016.375
3250304,BOSTON,22-Aug-2012,4:54 PM,Non-fatal injury,2,3,0,"Sideswipe, same direction",V1: Overtaking/passing / V2:Entering traffic lane,V1:Southbound / V2:Southbound ,V1: Collision with motor vehicle in traffic / V2: Collision with motor vehicle in traffic ,"V1: Bus (seats for more than 15 people, including driver) / V2:Passenger car",Dry,Daylight,Clear/Clear,RUGGLES STREET / SHAWMUT AVENUE,,,,,,234282.0034,898033.7267
3246735,BOSTON,23-Aug-2012,00:00 AM,Property damage only (none injured),1,0,0,Single vehicle crash,V1: Turning left,V1:Eastbound ,V1: Collision with other movable object ,V1: Motorcycle,Dry,Dark - lighted roadway,Clear,,STORROW DRIVE / RAMP - BERKELEY ST TO RT 28 NB,,,,,235165.4053,900751.5043
3247640,BOSTON,23-Aug-2012,1:53 AM,Non-fatal injury,2,1,0,Rear-end,V1: Travelling straight ahead / V2:Travelling straight ahead,V1:Northbound / V2:Northbound ,V1: Collision with motor vehicle in traffic / V2: Collision with motor vehicle in traffic ,"V1: Unknown heavy truck, cannot classify / V2:Passenger car",Dry,Dark - roadway not lighted,Clear,,RAMP - LEVERETT CONNECTOR TO RT 1 NB,,,,,235470.8211,902513.2435
3250954,BOSTON,23-Aug-2012,9:52 AM,Property damage only (none injured),2,0,0,"Sideswipe, same direction",V1: Travelling straight ahead / V2:Entering traffic lane,V1:Northbound / V2:Northbound ,V1: Collision with motor vehicle in traffic / V2: Collision with motor vehicle in traffic ,"V1: Single-unit truck (2-axle, 6-tire) / V2:Passenger car",Dry,Daylight,Clear,,Rte 93 N,,Exit 13 on Rte 93 N,,,237420.1414,894076.5227
3380467,BOSTON,23-Aug-2012,10:35 AM,Non-fatal injury,2,1,0,Rear-end,V1: Travelling straight ahead / V2:Travelling straight ahead,V1:Westbound / V2:Westbound ,V1: Collision with motor vehicle in traffic / V2: Collision with motor vehicle in traffic ,V1: Passenger car / V2:Passenger car,Dry,Daylight,Clear,BROADWAY / RAMP - ALBANY STREET TO FRONTAGE ROAD / RAMP - BROADWAY TO RT 90 WB,,,,RAMP M-W,,236152.5329,899356.0594
3251461,BOSTON,23-Aug-2012,11:00 AM,Property damage only (none injured),2,0,0,"Sideswipe, same direction",V1: Travelling straight ahead / V2:Entering traffic lane,V1:Eastbound / V2:Eastbound ,V1: Collision with motor vehicle in traffic / V2: Collision with motor vehicle in traffic ,"V1: Light truck(van, mini-van, panel, pickup, sport utility) with only four tires / V2:Light truck(van, mini-van, panel, pickup, sport utility) with only four tires",Dry,Daylight,Clear,,STORROW DRIVE / CHARLESGATE OVERPASS,,,,,234215.8389,900344.0331
3276938,BOSTON,23-Aug-2012,11:29 AM,Property damage only (none injured),2,0,0,Unknown,V1: Turning right / V2:Parked,V1:Not reported / V2:Not reported ,"V1: Collision with other fixed object (wall, building, tunnel, etc.) / V2: Not reported ",V1: Passenger car / V2:Passenger car,Dry,Daylight,Clear/Clear,BERKELEY STREET / BACK STREET,,,,,,235009.6998,900623.457
3380416,BOSTON,23-Aug-2012,12:20 PM,Property damage only (none injured),4,0,0,Rear-end,V1: Slowing or stopped in traffic / V2:Slowing or stopped in traffic / V3:Slowing or stopped in traffic / V4:Travelling straight ahead,V1:Northbound / V2:Northbound / V3:Northbound / V4:Northbound ,V1: Collision with motor vehicle in traffic / V2: Collision with motor vehicle in traffic / V3: Collision with motor vehicle in traffic / V4: Collision with motor vehicle in traffic ,"V1: Passenger car / V2:Light truck(van, mini-van, panel, pickup, sport utility) with only four tires / V3:Light truck(van, mini-van, panel, pickup, sport utility) with only four tires / V4:Light truck(van, mini-van, panel, pickup, sport utility) with only four tires",Dry,Daylight,Clear,,JOHN F FITZGERALD EXPRESSWAY Rte 93 N / RAMP - BROADWAY TO RT 93 NB,,,ENTRANCE TO TIP ONEIL TUNNEL,,236461.3734,899884.9257
3245033,BOSTON,23-Aug-2012,1:43 PM,Property damage only (none injured),2,0,0,"Sideswipe, same direction",V1: Entering traffic lane / V2:Changing lanes,V1:Westbound / V2:Westbound ,V1: Collision with motor vehicle in traffic / V2: Collision with motor vehicle in traffic ,"V1: Light truck(van, mini-van, panel, pickup, sport utility) with only four tires / V2:Light truck(van, mini-van, panel, pickup, sport utility) with only four tires",Dry,Daylight,Not Reported,,STORROW DRIVE,,,0 feet W from HATCH SHELL,,235176.6897,900826.525
3246332,BOSTON,23-Aug-2012,2:40 PM,Property damage only (none injured),2,0,0,"Sideswipe, same direction",V1: Travelling straight ahead / V2:Turning left,V1:Westbound / V2:Westbound ,V1: Collision with motor vehicle in traffic / V2: Collision with motor vehicle in traffic ,"V1: Passenger car / V2:Light truck(van, mini-van, panel, pickup, sport utility) with only four tires",Dry,Daylight,Clear,,Rte 90 W,Rte 90  W Milemarker 128.0,,,,226547.4435,900869.9716
3389307,BOSTON,23-Aug-2012,2:50 PM,Property damage only (none injured),2,0,0,Angle,V1: Entering traffic lane / V2:Travelling straight ahead,V1:Northbound / V2:Northbound ,V1: Collision with motor vehicle in traffic / V2: Collision with motor vehicle in traffic ,V1: Passenger car / V2:Tractor/semi-trailer,Dry,Daylight,Cloudy,,Rte 93 N,,Exit 13 on Rte 93 N,0 feet N from NEPONSETT,,237420.1414,894076.5227
3246222,BOSTON,23-Aug-2012,3:49 PM,Property damage only (none injured),3,0,0,Head-on,V1: Travelling straight ahead / V2:Travelling straight ahead / V3:Slowing or stopped in traffic,V1:Westbound / V2:Southbound / V3:Eastbound ,V1: Collision with motor vehicle in traffic / V2: Collision with motor vehicle in traffic / V3: Collision with motor vehicle in traffic ,"V1: Passenger car / V2:Passenger car / V3:Light truck(van, mini-van, panel, pickup, sport utility) with only four tires",Dry,Daylight,Clear,SOLDIERS FIELD ROAD / NORTH BEACON STREET,,,,,,228076.4974,901010.8434
3247337,BOSTON,23-Aug-2012,5:48 PM,Non-fatal injury,1,1,0,Single vehicle crash,V1: Travelling straight ahead,V1:Southbound ,V1: Collision with guardrail ,V1: Passenger car,Dry,Daylight,Cloudy,WILLIAM T MORRISSEY BOULEVARD / POPES HILL STREET,,,,,,237240.2032,893757.75
3247677,BOSTON,23-Aug-2012,10:20 PM,Non-fatal injury,2,1,0,Single vehicle crash,V1: Travelling straight ahead / V2:Not reported,V1:Northbound / V2:Not reported ,V1: Collision with light pole or other post/support / V2: Not reported ,V1: Passenger car / V2:Not reported,Dry,Dark - lighted roadway,Cloudy,,0 feet N from Intersection GENERAL CASIMIR PULASKI SKYWAY Rte 93 N / COLUMBIA ROAD,,,,,236787.0013,896862.7653
3247326,BOSTON,23-Aug-2012,10:41 PM,Property damage only (none injured),2,0,0,Angle,V1: Entering traffic lane / V2:Travelling straight ahead,V1:Northbound / V2:Westbound ,V1: Collision with motor vehicle in traffic / V2: Collision with motor vehicle in traffic ,"V1: Light truck(van, mini-van, panel, pickup, sport utility) with only four tires / V2:Passenger car",Dry,Dark - lighted roadway,Not Reported,,PARK DRIVE / RIVERWAY,,,LANDMARK CENTER EXIT,,232664.9555,899372.8467
3247327,BOSTON,24-Aug-2012,1:53 AM,Property damage only (none injured),1,0,0,Single vehicle crash,V1: Travelling straight ahead,V1:Northbound ,V1: Collision with motor vehicle in traffic ,V1: Passenger car,Dry,Dark - lighted roadway,Not Reported,,JAMAICAWAY / POND STREET,,,NEAR POND ST INTERSECTION,,231573.1563,896192.375
3245921,BOSTON,24-Aug-2012,2:38 AM,Not Reported,3,0,0,Angle,V1: Travelling straight ahead / V2:Parked / V3:Parked,V1:Westbound / V2:Not reported / V3:Not reported ,V1: Collision with parked motor vehicle / V2: Not reported / V3: Not reported ,"V1: Light truck(van, mini-van, panel, pickup, sport utility) with only four tires / V2:Light truck(van, mini-van, panel, pickup, sport utility) with only four tires / V3:Passenger car",Dry,Dark - lighted roadway,Clear,,PARK DRIVE / 51,,,,,233406.8384,899253.9756
3254186,BOSTON (CHARLESTOWN),24-Aug-2012,7:20 AM,Not Reported,1,0,0,Single vehicle crash,V1: Travelling straight ahead,V1:Southbound ,V1: Collision with pedestrian ,V1: Passenger car,Dry,Dawn,Clear/Clear,,50 MEDFORD STREET,,,,P3:Pedestrian,236330.6436,901812.1844
3251031,BOSTON,24-Aug-2012,10:59 AM,Non-fatal injury,4,2,0,Rear-end,V1: Slowing or stopped in traffic / V2:Slowing or stopped in traffic / V3:Travelling straight ahead / V4:Travelling straight ahead,V1:Northbound / V2:Northbound / V3:Northbound / V4:Northbound ,V1: Collision with motor vehicle in traffic / V2: Collision with motor vehicle in traffic / V3: Collision with motor vehicle in traffic / V4: Collision with motor vehicle in traffic ,"V1: Passenger car / V2:Light truck(van, mini-van, panel, pickup, sport utility) with only four tires / V3:Light truck(van, mini-van, panel, pickup, sport utility) with only four tires / V4:Passenger car",Dry,Daylight,Clear,,Rte 93 N,,Exit 14 on Rte 93 N,,,237258.9796,894483.3974
3381219,BOSTON,24-Aug-2012,11:20 AM,Property damage only (none injured),1,0,0,Angle,V1: Travelling straight ahead,V1:Northbound ,V1: Reported but invalid ,V1: Passenger car,Dry,Daylight,Clear,,RAMP - RT 1A/ RT 90 WB TO AIRPORT ROAD D / LOGAN AIRPORT TERMINAL A,,,,,239214.4421,901858.0727
3267431,BOSTON,24-Aug-2012,12:47 PM,Property damage only (none injured),1,0,0,Unknown,V1: Travelling straight ahead,V1:Westbound ,V1: Unknown ,V1: Passenger car,Other,Daylight,Clear,,DEVONSHIRE STREET,,,,"P2:Pedalcyclist (bicycle, tricycle, unicycle, pedal car)",,
3275354,BOSTON (BRIGHTON),24-Aug-2012,1:03 PM,Non-fatal injury,1,1,0,"Sideswipe, opposite direction",V1: Turning left,V1:Eastbound ,"V1: Collision with cyclist (bicycle, tricycle, unicycle, pedal car) ","V1: Light truck(van, mini-van, panel, pickup, sport utility) with only four tires",Dry,Daylight,Clear,BRIGHTON AVENUE / CHESTER STREET,,,,,"P2:Pedalcyclist (bicycle, tricycle, unicycle, pedal car)",230620.3596,900300.7501
3249279,BOSTON,24-Aug-2012,1:29 PM,Property damage only (none injured),2,0,0,Angle,V1: Parked / V2:Turning right,V1:Southbound / V2:Southbound ,V1: Collision with motor vehicle in traffic / V2: Collision with motor vehicle in traffic ,"V1: Passenger car / V2:Light truck(van, mini-van, panel, pickup, sport utility) with only four tires",Dry,Daylight,Clear,,SAINT THOMAS MORE ROAD / COMMOWEALTH AVENUE,,,Edmonds Hall Driveway,,227520.4056,898824.8295
3291738,BOSTON (DORCHESTER),24-Aug-2012,1:45 PM,Not Reported,2,0,0,"Sideswipe, same direction",V1: Not reported / V2:Not reported,V1:Not reported / V2:Not reported ,V1: Not reported / V2: Not reported ,V1: Passenger car / V2:Unknown vehicle configuration,Not reported,Not reported,Not Reported,,57 COLEMAN STREET,,,,,235715.2015,895345.4024
3247340,BOSTON,24-Aug-2012,2:55 PM,Non-fatal injury,6,1,0,"Sideswipe, same direction",V1: Travelling straight ahead / V2:Slowing or stopped in traffic / V3:Slowing or stopped in traffic / V4:Slowing or stopped in traffic / V5:Slowing or stopped in traffic / V6:Slowing or stopped in traffic,V1:Southbound / V2:Southbound / V3:Southbound / V4:Southbound / V5:Southbound / V6:Southbound ,V1: Collision with motor vehicle in traffic / V2: Collision with motor vehicle in traffic / V3: Collision with motor vehicle in traffic / V4: Collision with motor vehicle in traffic / V5: Collision with motor vehicle in traffic / V6: Collision with motor vehicle in traffic ,"V1: Passenger car / V2:Light truck(van, mini-van, panel, pickup, sport utility) with only four tires / V3:Passenger car / V4:Light truck(van, mini-van, panel, pickup, sport utility) with only four tires / V5:Passenger car / V6:Passenger car",Dry,Daylight,Not Reported,,VETERANS OF FOREIGN WARS PARKWAY / GARDNER STREET,,,,,227070.2991,891949.9297
3265682,BOSTON (HYDE PARK),24-Aug-2012,3:54 PM,Non-fatal injury,1,2,0,Not reported,V1: Travelling straight ahead,V1:Northbound ,V1: Collision with pedestrian ,V1: Passenger car,Not reported,Not reported,Not Reported,,996 RIVER STREET,,,,P2:Pedestrian / P3:Pedestrian,231782.6019,890110.6174
3283409,BOSTON,24-Aug-2012,10:29 PM,Non-fatal injury,2,4,0,Angle,V1: Travelling straight ahead / V2:Travelling straight ahead,V1:Eastbound / V2:Southbound ,V1: Collision with motor vehicle in traffic / V2: Collision with motor vehicle in traffic ,V1: Not reported / V2:Passenger car,Dry,Dark - lighted roadway,Clear,,12 ALLSTATE ROAD,,,,,235898.9634,897263.8646
3266177,BOSTON,25-Aug-2012,1:57 AM,Property damage only (none injured),2,0,0,"Sideswipe, same direction",V1: Parked / V2:Travelling straight ahead,V1:Eastbound / V2:Eastbound ,V1: Collision with motor vehicle in traffic / V2: Collision with parked motor vehicle ,V1: Passenger car / V2:Passenger car,Dry,Dark - lighted roadway,Clear,,STORROW DRIVE / RAMP - STORROW DRIVE TO CLARENDON STREET,,,STORROW TUNNEL ENTRANCE,,234793.8399,900566.8719
3280463,BOSTON (DORCHESTER),25-Aug-2012,2:45 AM,Not Reported,2,0,0,"Sideswipe, same direction",V1: Parked / V2:Not reported,V1:Not reported / V2:Not reported ,V1: Collision with unknown movable object / V2: Not reported ,V1: Passenger car / V2:Not reported,Dry,Dark - lighted roadway,Clear/Clear,,142 DAKOTA STREET,,,,,235694.6268,894493.3924
3255062,BOSTON,25-Aug-2012,3:00 AM,Non-fatal injury,1,1,0,Single vehicle crash,V1: Travelling straight ahead,V1:Southbound ,V1: Collision with median barrier ,V1: Passenger car,Dry,Dark - lighted roadway,Not Reported,,Rte 93 S,,Exit 15 on Rte 93 S,NORTH OF COLUMBIA RD EXIT,,236629.6253,897168.5001
3380468,BOSTON,25-Aug-2012,5:00 AM,Property damage only (none injured),1,0,0,Single vehicle crash,V1: Travelling straight ahead,V1:Westbound ,V1: Collision with median barrier ,V1: Passenger car,Dry,Dark - lighted roadway,Clear,,SUMNER TUNNEL / EAST BOSTON EXPRESSWAY,,,SUMNER TUNNEL,,238038.7602,902659.7652
3388441,BOSTON,25-Aug-2012,10:11 AM,Property damage only (none injured),2,0,0,Rear-end,V1: Travelling straight ahead / V2:Travelling straight ahead,V1:Northbound / V2:Northbound ,V1: Collision with motor vehicle in traffic / V2: Collision with motor vehicle in traffic ,V1: Passenger car / V2:Passenger car,Dry,Daylight,Clear,JOHN F FITZGERALD EXPRESSWAY Rte 93 N / RAMP - RT 90 TO RT 93 NB,,,,AREA RAMP D ON RAMP,,236586.4586,900220.4936
3380470,BOSTON,25-Aug-2012,11:37 AM,Property damage only (none injured),3,0,0,Rear-end,V1: Travelling straight ahead / V2:Slowing or stopped in traffic / V3:Travelling straight ahead,V1:Northbound / V2:Northbound / V3:Northbound ,V1: Collision with motor vehicle in traffic / V2: Collision with motor vehicle in traffic / V3: Collision with motor vehicle in traffic ,V1: Passenger car / V2:Passenger car / V3:Passenger car,Dry,Daylight,Clear/Cloudy,,Rte 93,,Exit 23 on Rte 93,AREA EXIT 23,,236957.4837,900943.9828
3244977,BOSTON,25-Aug-2012,12:48 PM,Property damage only (none injured),2,0,0,Rear-end,V1: Travelling straight ahead / V2:Travelling straight ahead,V1:Southbound / V2:Southbound ,V1: Collision with motor vehicle in traffic / V2: Collision with motor vehicle in traffic ,V1: Passenger car / V2:Passenger car,Dry,Daylight,Clear,,Rte 93 S,,Exit 15 on Rte 93,,,236629.6253,897168.5001
3249988,BOSTON,25-Aug-2012,2:00 PM,Property damage only (none injured),2,0,0,Rear-end,V1: Travelling straight ahead / V2:Slowing or stopped in traffic,V1:Northbound / V2:Northbound ,V1: Collision with motor vehicle in traffic / V2: Collision with motor vehicle in traffic ,"V1: Light truck(van, mini-van, panel, pickup, sport utility) with only four tires / V2:Light truck(van, mini-van, panel, pickup, sport utility) with only four tires",Dry,Daylight,Cloudy,,Rte 93 N,,Exit 26 on Rte 93 N,,,236402.7433,901600.0342
3281066,BOSTON (DORCHESTER),25-Aug-2012,3:13 PM,Non-fatal injury,2,1,0,Rear-end,V1: Not reported / V2:Not reported,V1:Not reported / V2:Not reported ,V1: Not reported / V2: Not reported ,"V1: Light truck(van, mini-van, panel, pickup, sport utility) with only four tires / V2:Passenger car",Dry,Daylight,Clear/Clear,BOWDOIN STREET / WASHINGTON STREET,,,,,,235156.7969,894409.0002
3283410,BOSTON (SOUTH BOSTON),25-Aug-2012,5:06 PM,Not Reported,2,0,0,Angle,V1: Not reported / V2:Not reported,V1:Not reported / V2:Not reported ,V1: Not reported / V2: Not reported ,V1: Passenger car / V2:Passenger car,Dry,Daylight,Clear,BROADWAY / D STREET,,,,,,,
3291926,BOSTON (WEST ROXBURY),25-Aug-2012,5:18 PM,Property damage only (none injured),2,0,0,Not reported,V1: Travelling straight ahead / V2:Parked,V1:Not reported / V2:Not reported ,V1: Not reported / V2: Collision with parked motor vehicle ,V1: Passenger car / V2:Passenger car,Not reported,Not reported,Not Reported,,1517 CENTRE STREET,,,,,229685.2185,893459.4043
3380417,BOSTON,25-Aug-2012,6:40 PM,Non-fatal injury,1,1,0,Single vehicle crash,V1: Travelling straight ahead,V1:Westbound ,V1: Collision with median barrier ,V1: Passenger car,Dry,Daylight,Not Reported,,RAMP - RT 93 SB TO MASSACHUSETTS AVENUE / JOHN F FITZGERALD EXPRESSWAY Rte 93 S,,,MASS AVE CONNECTOR,,235879.9381,898799.1885
3255063,BOSTON,25-Aug-2012,10:50 PM,Property damage only (none injured),2,0,0,"Sideswipe, opposite direction",V1: Travelling straight ahead / V2:Travelling straight ahead,V1:Westbound / V2:Eastbound ,V1: Collision with motor vehicle in traffic / V2: Collision with motor vehicle in traffic ,"V1: Light truck(van, mini-van, panel, pickup, sport utility) with only four tires / V2:Light truck(van, mini-van, panel, pickup, sport utility) with only four tires",Dry,Dark - lighted roadway,Clear,,GALLIVAN BOULEVARD / MORTON STREET,,,,,234631.4265,892127.267
3270034,BOSTON (DORCHESTER),26-Aug-2012,00:00 AM,Not Reported,2,0,0,Not reported,V1: Parked / V2:Slowing or stopped in traffic,V1:Not reported / V2:Not reported ,V1: Not reported / V2: Not reported ,V1: Passenger car / V2:Passenger car,Dry,Daylight,Clear/Clear,,26 ARCADIA STREET,,,,,236085.7181,894655.5336
3280477,BOSTON (DORCHESTER),26-Aug-2012,2:23 AM,Property damage only (none injured),2,0,0,Unknown,V1: Slowing or stopped in traffic / V2:Not reported,V1:Westbound / V2:Westbound ,V1: Unknown / V2: Not reported ,V1: Passenger car / V2:Not reported,Dry,Dark - lighted roadway,Clear/Clear,,820 WILLIAM T MORRISSEY BOULEVARD,,,,,,
3245283,BOSTON,26-Aug-2012,4:05 AM,Non-fatal injury,1,1,0,Single vehicle crash,V1: Leaving traffic lane,V1:Northbound ,V1: Collision with motor vehicle in traffic ,V1: Passenger car,Dry,Dark - lighted roadway,Clear,,Rte 93 N,,Exit 26 on Rte 93 N,RAMP TO EXIT #26,,236402.7433,901600.0342
3275340,BOSTON (BRIGHTON),26-Aug-2012,10:29 AM,Not Reported,2,0,0,Rear-end,V1: Not reported / V2:Not reported,V1:Not reported / V2:Not reported ,V1: Not reported / V2: Not reported ,V1: Passenger car / V2:Passenger car,Dry,Daylight,Clear/Clear,WASHINGTON STREET / MONASTERY ROAD,,,,,,229149.0467,899572.6866
3381248,BOSTON,26-Aug-2012,11:19 AM,Not Reported,1,0,0,Not reported,V1: Parked,V1:Not reported ,V1: Collision with parked motor vehicle ,V1: Passenger car,Dry,Daylight,Clear,,,,,PARKING LOT OF HYATT HOTEL,,,
3254592,BOSTON,26-Aug-2012,11:40 AM,Property damage only (none injured),5,0,0,Rear-end,V1: Slowing or stopped in traffic / V2:Travelling straight ahead / V3:Slowing or stopped in traffic / V4:Slowing or stopped in traffic / V5:Changing lanes,V1:Northbound / V2:Northbound / V3:Northbound / V4:Northbound / V5:Northbound ,V1: Collision with motor vehicle in traffic / V2: Collision with motor vehicle in traffic / V3: Collision with motor vehicle in traffic / V4: Collision with motor vehicle in traffic / V5: Collision with motor vehicle in traffic ,"V1: Passenger car / V2:Passenger car / V3:Light truck(van, mini-van, panel, pickup, sport utility) with only four tires / V4:Passenger car / V5:Passenger car",Dry,Daylight,Clear,,Rte 93 N,,Exit 15 on Rte 93 N,,,236972.2496,896473.4282
3275337,BOSTON (BRIGHTON),26-Aug-2012,1:21 PM,Not Reported,2,0,0,Angle,V1: Travelling straight ahead / V2:Parked,V1:Not reported / V2:Not reported ,V1: Collision with impact attenuator/crash cushion / V2: Collision with impact attenuator/crash cushion ,"V1: Passenger car / V2:Light truck(van, mini-van, panel, pickup, sport utility) with only four tires",Dry,Daylight,Clear/Other,,185 CHESTNUT HILL AVENUE,,,,,228455.3888,899040.1692
3276840,BOSTON (DORCHESTER),26-Aug-2012,2:00 PM,Not Reported,2,0,0,Rear-end,V1: Parked / V2:Not reported,V1:Not reported / V2:Not reported ,V1: Not reported / V2: Not reported ,"V1: Light truck(van, mini-van, panel, pickup, sport utility) with only four tires / V2:Not reported",Unknown,Unknown,Unknown/Unknown,,42 BEACH STREET,,,,,236159.915,900202.2251
3390292,BOSTON,26-Aug-2012,8:20 PM,Property damage only (none injured),1,0,0,Single vehicle crash,V1: Travelling straight ahead,V1:Not reported ,V1: Collision with tree ,V1: Passenger car,Dry,Dark - lighted roadway,Not Reported,,GALLIVAN BOULEVARD Rte 203 / MORTON STREET,,,,,234631.4265,892127.267
3283677,BOSTON (JAMAICA PLAIN),27-Aug-2012,11:38 AM,Property damage only (none injured),2,0,0,Single vehicle crash,V1: Parked / V2:Travelling straight ahead,V1:Not reported / V2:Northbound ,V1: Collision with parked motor vehicle / V2: Collision with parked motor vehicle ,V1: Passenger car / V2:Truck/trailer,Dry,Daylight,Clear/Clear,AMORY STREET / MARBURY TERRACE,,,,,,232827.8123,896439.3751
3280474,BOSTON (DORCHESTER),27-Aug-2012,12:28 PM,Non-fatal injury,1,1,0,Angle,V1: Travelling straight ahead,V1:Westbound ,"V1: Collision with cyclist (bicycle, tricycle, unicycle, pedal car) ",V1: Passenger car,Dry,Daylight,Clear/Clear,ELMER ROAD / BURGOYNE STREET,,,,,"P3:Pedalcyclist (bicycle, tricycle, unicycle, pedal car)",236526.9217,893018.25
3281046,BOSTON,27-Aug-2012,1:06 PM,Not Reported,2,0,0,"Sideswipe, same direction",V1: Travelling straight ahead / V2:Parked,V1:Westbound / V2:Not reported ,V1: Collision with motor vehicle in traffic / V2: Not reported ,V1: Passenger car / V2:Passenger car,Dry,Dark - lighted roadway,Clear,,COLUMBIA ROAD,,,,,236407.3737,896719.9835
3253513,BOSTON,27-Aug-2012,3:35 PM,Property damage only (none injured),2,0,0,Angle,V1: Travelling straight ahead / V2:Travelling straight ahead,V1:Not reported / V2:Not reported ,V1: Collision with motor vehicle in traffic / V2: Collision with motor vehicle in traffic ,V1: Passenger car / V2:Passenger car,Dry,Daylight,Clear/Clear,MILK STREET / KILBY STREET,,,,,,236654.4486,900841.5624