Crash Number,City/Town Name,Crash Date,Crash Time,Crash Severity,Number of Vehicles,Total Nonfatal Injuries,Total Fatal Injuries,Manner of Collision,Vehicle Action Prior to Crash,Vehicle Travel Directions,Most Harmful Events,Vehicle Configuration,Road Surface Condition,Ambient Light,Weather Condition,At Roadway Intersection,Distance from Nearest Roadway Intersection,Distance from Nearest Milemarker,Distance from Nearest Exit,Distance from Nearest Landmark,Non Motorist Type,X Coordinate,Y Coordinate
3245920,BOSTON,27-Aug-2012,4:42 PM,Property damage only (none injured),2,0,0,Rear-end,V1: Slowing or stopped in traffic / V2:Travelling straight ahead,V1:Eastbound / V2:Eastbound ,V1: Collision with motor vehicle in traffic / V2: Collision with motor vehicle in traffic ,"V1: Light truck(van, mini-van, panel, pickup, sport utility) with only four tires / V2:Passenger car",Dry,Other,Clear,FRONTAGE ROAD / ALBANY STREET CONNECTOR / RAMP - ALBANY STREET TO RT 90 EB,,,,FRONTAGE ROAD NORTH/FL TO L,,236004.2736,898934.2784
3247653,BOSTON,27-Aug-2012,4:53 PM,Property damage only (none injured),3,0,0,Rear-end,V1: Slowing or stopped in traffic / V2:Slowing or stopped in traffic / V3:Travelling straight ahead,V1:Westbound / V2:Westbound / V3:Westbound ,V1: Collision with motor vehicle in traffic / V2: Collision with motor vehicle in traffic / V3: Collision with motor vehicle in traffic ,V1: Passenger car / V2:Passenger car / V3:Passenger car,Dry,Daylight,Not Reported,,STORROW DRIVE,,,HATCH SHELL,,235176.6897,900826.525
3245496,BOSTON,27-Aug-2012,5:05 PM,Property damage only (none injured),2,0,0,Rear-end,V1: Slowing or stopped in traffic / V2:Travelling straight ahead,V1:Southbound / V2:Southbound ,V1: Collision with motor vehicle in traffic / V2: Collision with motor vehicle in traffic ,V1: Passenger car / V2:Passenger car,Dry,Daylight,Not Reported,,Rte 93 S,,Exit 12 on Rte 93 S,,,237620.5493,892713.0989
3265337,BOSTON,27-Aug-2012,5:40 PM,Property damage only (none injured),3,0,0,Rear-end,V1: Travelling straight ahead / V2:Slowing or stopped in traffic / V3:Travelling straight ahead,V1:Northbound / V2:Northbound / V3:Northbound ,V1: Collision with motor vehicle in traffic / V2: Collision with motor vehicle in traffic / V3: Collision with motor vehicle in traffic ,"V1: Passenger car / V2:Passenger car / V3:Light truck(van, mini-van, panel, pickup, sport utility) with only four tires",Dry,Other,Clear,,Rte 93 N,,Exit 23 on Rte 93 N,,,236957.4837,900943.9828
3250239,BOSTON,27-Aug-2012,9:13 PM,Property damage only (none injured),2,0,0,"Sideswipe, same direction",V1: Travelling straight ahead / V2:Changing lanes,V1:Southbound / V2:Southbound ,V1: Collision with motor vehicle in traffic / V2: Collision with motor vehicle in traffic ,"V1: Passenger car / V2:Unknown heavy truck, cannot classify",Dry,Dark - lighted roadway,Clear,CHARLES RIVER DAM ROAD Rte 28 N / EMBANKMENT ROAD Rte 28 N / NASHUA STREET,,,,,,235565.4707,901894.5497
3246179,BOSTON,28-Aug-2012,00:00 AM,Property damage only (none injured),2,0,0,Rear-end,V1: Changing lanes / V2:Travelling straight ahead,V1:Eastbound / V2:Eastbound ,V1: Collision with motor vehicle in traffic / V2: Collision with motor vehicle in traffic ,"V1: Light truck(van, mini-van, panel, pickup, sport utility) with only four tires / V2:Single-unit truck (2-axle, 6-tire)",Dry,Dark - lighted roadway,Cloudy,,Rte 90 E,,Exit 24 on Rte 90 E,,,236020.7529,899669.4659
3380471,BOSTON,28-Aug-2012,2:10 AM,Property damage only (none injured),1,0,0,Single vehicle crash,V1: Travelling straight ahead,V1:Eastbound ,V1: Collision with median barrier ,V1: Passenger car,Wet,Dark - lighted roadway,Cloudy/Rain,,RAMP - STORROW DRIVE TO LEVERETT CONNECT / RAMP - LEVERETT CIRCLE TO LEVERETT CONNE,,,RAMP SN,,235973.9204,901886.2135
3252104,BOSTON,28-Aug-2012,7:13 AM,Non-fatal injury,1,1,0,Single vehicle crash,V1: Travelling straight ahead,V1:Northbound ,V1: Collision with light pole or other post/support ,V1: Passenger car,Wet,Dusk,Rain,,WEST ROXBURY PARKWAY / WOODARD ROAD,,,,,229367.5195,892286.5628
3249280,BOSTON,28-Aug-2012,7:55 AM,Non-fatal injury,3,3,0,Head-on,V1: Travelling straight ahead / V2:Travelling straight ahead / V3:Travelling straight ahead,V1:Eastbound / V2:Eastbound / V3:Northbound ,V1: Collision with motor vehicle in traffic / V2: Collision with motor vehicle in traffic / V3: Collision with motor vehicle in traffic ,"V1: Light truck(van, mini-van, panel, pickup, sport utility) with only four tires / V2:Passenger car / V3:Light truck(van, mini-van, panel, pickup, sport utility) with only four tires",Wet,Daylight,Rain,BIRMINGHAM PARKWAY / NORTH BEACON STREET,,,,,,228446.9688,900906.4374
3275347,BOSTON (BRIGHTON),28-Aug-2012,8:24 AM,Non-fatal injury,1,2,0,Single vehicle crash,V1: Travelling straight ahead,V1:Not reported ,V1: Collision with pedestrian ,"V1: Light truck(van, mini-van, panel, pickup, sport utility) with only four tires",Wet,Daylight,Rain/Rain,,LAKE STREET,,,,P2:Pedestrian,,
3247659,BOSTON,28-Aug-2012,8:40 AM,Non-fatal injury,2,1,0,Rear-end,V1: Slowing or stopped in traffic / V2:Travelling straight ahead,V1:Westbound / V2:Eastbound ,V1: Collision with motor vehicle in traffic / V2: Collision with motor vehicle in traffic ,"V1: Light truck(van, mini-van, panel, pickup, sport utility) with only four tires / V2:Passenger car",Wet,Daylight,Not Reported,,PERKINS STREET / CHESTNUT STREET,,,CHESTNUT,,231364.3218,896841.9615
3283451,BOSTON,28-Aug-2012,8:43 AM,Property damage only (none injured),1,0,0,Angle,V1: Travelling straight ahead,V1:Northbound ,"V1: Collision with cyclist (bicycle, tricycle, unicycle, pedal car) ",V1: Passenger car,Wet,Daylight,Cloudy/Rain,,90 SOUTHAMPTON STREET,,,,"P2:Pedalcyclist (bicycle, tricycle, unicycle, pedal car)",235414.8365,898048.9822
3291924,BOSTON,28-Aug-2012,9:26 AM,Not Reported,2,0,0,Single vehicle crash,V1: Backing / V2:Backing,V1:Not reported / V2:Not reported ,V1: Collision with parked motor vehicle / V2: Collision with parked motor vehicle ,"V1: Passenger car / V2:Light truck(van, mini-van, panel, pickup, sport utility) with only four tires",Wet,Daylight,Cloudy/Rain,,5227 WASHINGTON STREET / GROVE STREET,,,,,228294.2499,890152.2501
3380418,BOSTON,28-Aug-2012,12:37 PM,Property damage only (none injured),2,0,0,Rear-end,V1: Slowing or stopped in traffic / V2:Travelling straight ahead,V1:Westbound / V2:Westbound ,V1: Collision with motor vehicle in traffic / V2: Collision with motor vehicle in traffic ,"V1: Passenger car / V2:Light truck(van, mini-van, panel, pickup, sport utility) with only four tires",Dry,Daylight,Clear,,MASSACHUSETTS TURNPIKE Rte 90 W / RAMP - DARTMOUTH STREET TO RT 90 WB,,,PRUDENTIAL TUNNEL,,234727.1463,899790.5138
3250004,BOSTON,28-Aug-2012,1:30 PM,Property damage only (none injured),2,0,0,Rear-end,V1: Travelling straight ahead / V2:Changing lanes,V1:Northbound / V2:Northbound ,V1: Collision with motor vehicle in traffic / V2: Collision with motor vehicle in traffic ,V1: Passenger car / V2:Passenger car,Dry,Daylight,Clear,,36 feet N from Intersection NORTH HARVARD STREET / RAMP - N HARVARD ST TO SOLDIERS FIELD WB,,,NORTH HARVARD BRIDGE,,231024.8867,902099.656
3275344,BOSTON (ALLSTON),28-Aug-2012,1:47 PM,Unknown,3,0,0,Unknown,V1: Travelling straight ahead / V2:Parked / V3:Parked,V1:Westbound / V2:Not reported / V3:Not reported ,V1: Collision with parked motor vehicle / V2: Collision with parked motor vehicle / V3: Collision with parked motor vehicle ,V1: Passenger car / V2:Not reported / V3:Passenger car,Dry,Daylight,Clear,,239 CAMBRIDGE STREET,,,,,235676.2339,901282.61
3249989,BOSTON,28-Aug-2012,1:58 PM,Property damage only (none injured),2,0,0,Angle,V1: Turning left / V2:Travelling straight ahead,V1:Eastbound / V2:Northbound ,V1: Collision with motor vehicle in traffic / V2: Collision with motor vehicle in traffic ,"V1: Passenger car / V2:Light truck(van, mini-van, panel, pickup, sport utility) with only four tires",Dry,Daylight,Clear,ALBANY STREET CONNECTOR / FRONTAGE ROAD / RAMP - ALBANY STREET TO RT 90 EB,,,,ALBANY ST EXTENSION,,236004.2736,898934.2784
3248248,BOSTON,28-Aug-2012,2:27 PM,Property damage only (none injured),2,0,0,Rear-end,V1: Slowing or stopped in traffic / V2:Travelling straight ahead,V1:Southbound / V2:Southbound ,V1: Collision with motor vehicle in traffic / V2: Collision with motor vehicle in traffic ,"V1: Light truck(van, mini-van, panel, pickup, sport utility) with only four tires / V2:Passenger car",Dry,Daylight,Clear,,WILLIAM T MORRISSEY BOULEVARD / NEPONSET AVENUE,,,,,237696.0819,892924.3425
3292141,BOSTON (ROSLINDALE),28-Aug-2012,5:26 PM,Not Reported,1,0,0,Not reported,V1: Not reported,V1:Not reported ,V1: Not reported ,V1: Passenger car,Not reported,Not reported,Not Reported,WASHINGTON STREET / WELLESMERE PARK,,,,,"P2:Pedalcyclist (bicycle, tricycle, unicycle, pedal car)",,
3804085,BOSTON,28-Aug-2012,5:30 PM,Property damage only (none injured),1,0,0,Single vehicle crash,V1: Travelling straight ahead,V1:Southbound ,V1: Collision with fence ,V1: Passenger car,Dry,Daylight,Clear,AMER LEGION HIGHWAY / MORTON STREET,,,,,,,
3252242,BOSTON,28-Aug-2012,5:40 PM,Non-fatal injury,1,1,0,Single vehicle crash,V1: Travelling straight ahead,V1:Southbound ,V1: Collision with pedestrian ,V1: Passenger car,Dry,Daylight,Clear,,OLD COLONY AVENUE / GAVIN WAY,,,,P1:Pedestrian,236880.9635,897479.7101
3267433,BOSTON (WEST BOSTON),28-Aug-2012,6:35 PM,Property damage only (none injured),2,0,0,"Sideswipe, same direction",V1: Travelling straight ahead / V2:Travelling straight ahead,V1:Southbound / V2:Southbound ,V1: Collision with motor vehicle in traffic / V2: Collision with motor vehicle in traffic ,"V1: Light truck(van, mini-van, panel, pickup, sport utility) with only four tires / V2:Passenger car",Dry,Dusk,Clear,,232 BOYLSTON STREET,,,WACHUSETT PL,,235518.93,900282.5337
3247704,BOSTON,28-Aug-2012,7:45 PM,Non-fatal injury,1,1,0,Single vehicle crash,V1: Travelling straight ahead,V1:Northbound ,V1: Collision with tree ,V1: Passenger car,Dry,Dark - lighted roadway,Clear,,111 GALLIVAN BOULEVARD,,,#111,,235197.0945,892041.439
3268374,BOSTON,28-Aug-2012,11:48 PM,Property damage only (none injured),2,0,0,"Sideswipe, opposite direction",V1: Other / V2:Parked,V1:Westbound / V2:Not reported ,V1: Collision with parked motor vehicle / V2: Collision with motor vehicle in traffic ,V1: Passenger car / V2:Passenger car,Dry,Dark - lighted roadway,Clear,,14/16 HURLCROFT AVENUE / DORCHESTER AVENUE,,,,,235771.6636,892477.3698
3247642,BOSTON,29-Aug-2012,00:00 AM,Property damage only (none injured),2,0,0,Rear-end,V1: Slowing or stopped in traffic / V2:Travelling straight ahead,V1:Southbound / V2:Southbound ,V1: Collision with motor vehicle in traffic / V2: Collision with motor vehicle in traffic ,"V1: Passenger car / V2:Light truck(van, mini-van, panel, pickup, sport utility) with only four tires",Dry,Dark - lighted roadway,Clear,,FRONTAGE ROAD / SOUTHAMPTON STREET,,,SOUTH BAY MALL,,236246.0308,897831.0996
3269752,BOSTON (DORCHESTER),29-Aug-2012,7:10 AM,Not Reported,2,0,0,Rear-end,V1: Travelling straight ahead / V2:Travelling straight ahead,V1:Northbound / V2:Northbound ,V1: Collision with motor vehicle in traffic / V2: Collision with motor vehicle in traffic ,"V1: Light truck(van, mini-van, panel, pickup, sport utility) with only four tires / V2:Passenger car",Unknown,Unknown,Unknown/Unknown,,1286 DORCHESTER AVENUE,,,,,236389.1505,895229.465
3255061,BOSTON,29-Aug-2012,2:00 PM,Not Reported,3,0,0,"Sideswipe, same direction",V1: Entering traffic lane / V2:Parked / V3:Parked,V1:Southbound / V2:Not reported / V3:Not reported ,V1: Collision with motor vehicle in traffic / V2: Collision with motor vehicle in traffic / V3: Collision with motor vehicle in traffic ,"V1: Light truck(van, mini-van, panel, pickup, sport utility) with only four tires / V2:Motorcycle / V3:Motorcycle",Dry,Daylight,Not Reported,,FENWAY / 300,,,,,233037.0994,898819.1715
3247320,BOSTON,29-Aug-2012,4:06 PM,Property damage only (none injured),2,0,0,Rear-end,V1: Travelling straight ahead / V2:Travelling straight ahead,V1:Southbound / V2:Southbound ,V1: Collision with motor vehicle in traffic / V2: Collision with motor vehicle in traffic ,"V1: Passenger car / V2:Light truck(van, mini-van, panel, pickup, sport utility) with only four tires",Dry,Daylight,Clear,,0 feet N from Intersection ALBANY STREET / MASSACHUSETTS AVENUE,,,,,235158.7194,898212.7833
3280737,BOSTON (DORCHESTER),29-Aug-2012,4:40 PM,Non-fatal injury,3,1,0,Rear-end,V1: Travelling straight ahead / V2:Travelling straight ahead / V3:Not reported,V1:Not reported / V2:Not reported / V3:Not reported ,V1: Collision with motor vehicle in traffic / V2: Collision with motor vehicle in traffic / V3: Not reported ,V1: Passenger car / V2:Passenger car / V3:Not reported,Dry,Daylight,Clear,ADAMS STREET / PARK STREET,,,,,,236437.8127,894408.1252
3251464,BOSTON,29-Aug-2012,5:20 PM,Non-fatal injury,2,1,0,Rear-end,V1: Travelling straight ahead / V2:Slowing or stopped in traffic,V1:Southbound / V2:Southbound ,V1: Collision with motor vehicle in traffic / V2: Collision with motor vehicle in traffic ,"V1: Single-unit truck (2-axle, 6-tire) / V2:Passenger car",Dry,Daylight,Clear,,OLD COLONY AVENUE / GAVIN WAY,,,,,236881.3293,897461.2109
3381220,BOSTON,29-Aug-2012,6:26 PM,Property damage only (none injured),1,0,0,Head-on,V1: Turning left,V1:Southbound ,V1: Collision with light pole or other post/support ,V1: Passenger car,Dry,Daylight,Clear,,,,,PARKING IN PORTER STREET GARAGE,,,
3249990,BOSTON,29-Aug-2012,11:38 PM,Property damage only (none injured),6,0,0,Rear-end,V1: Travelling straight ahead / V2:Slowing or stopped in traffic / V3:Slowing or stopped in traffic / V4:Slowing or stopped in traffic / V5:Slowing or stopped in traffic / V6:Slowing or stopped in traffic,V1:Southbound / V2:Southbound / V3:Southbound / V4:Southbound / V5:Southbound / V6:Southbound ,V1: Collision with motor vehicle in traffic / V2: Collision with motor vehicle in traffic / V3: Collision with motor vehicle in traffic / V4: Collision with motor vehicle in traffic / V5: Collision with motor vehicle in traffic / V6: Collision with motor vehicle in traffic ,"V1: Light truck(van, mini-van, panel, pickup, sport utility) with only four tires / V2:Light truck(van, mini-van, panel, pickup, sport utility) with only four tires / V3:Light truck(van, mini-van, panel, pickup, sport utility) with only four tires / V4:Passenger car / V5:Passenger car / V6:Passenger car",Dry,Dark - lighted roadway,Clear,,Rte 93 S,,Exit 24 on Rte 93 S,,,236397.1933,901565.6511
3270035,BOSTON (DORCHESTER),30-Aug-2012,2:52 AM,Not Reported,2,0,0,Angle,V1: Parked / V2:Not reported,V1:Not reported / V2:Not reported ,V1: Not reported / V2: Not reported ,V1: Passenger car / V2:Not reported,Dry,Dark - lighted roadway,Clear/Clear,BRINSLEY STREET / RONALD STREET,,,,,,234740.5158,895017.5623
3380472,BOSTON,30-Aug-2012,6:55 AM,Non-fatal injury,2,1,0,Rear-end,V1: Slowing or stopped in traffic / V2:Travelling straight ahead,V1:Eastbound / V2:Eastbound ,V1: Collision with motor vehicle in traffic / V2: Collision with motor vehicle in traffic ,V1: Passenger car / V2:Passenger car,Dry,Daylight,Clear,,MASSACHUSETTS AVENUE CONNECTOR / FRONTAGE ROAD,,,MASS AVE CONNECTOR,,235849.3682,898408.2234
3270038,BOSTON (DORCHESTER),30-Aug-2012,8:07 AM,Property damage only (none injured),1,0,0,Unknown,V1: Slowing or stopped in traffic,V1:Not reported ,V1: Not reported ,V1: Passenger car,Dry,Daylight,Clear/Clear,,240 ADAMS STREET,,,,"P3:Pedalcyclist (bicycle, tricycle, unicycle, pedal car)",236327.6375,894590.3155
3247707,BOSTON,30-Aug-2012,8:30 AM,Property damage only (none injured),2,0,0,Not reported,V1: Travelling straight ahead / V2:Travelling straight ahead,V1:Westbound / V2:Westbound ,V1: Collision with light pole or other post/support / V2: Collision with light pole or other post/support ,"V1: Light truck(van, mini-van, panel, pickup, sport utility) with only four tires / V2:Passenger car",Dry,Daylight,Clear,,MASSACHUSETTS TURNPIKE Rte 90 E,,Exit 19 on Rte 90,0 feet E from IC #19,,231208.7818,900799.0572
3254796,BOSTON,30-Aug-2012,2:30 PM,Non-fatal injury,2,1,0,Angle,V1: Turning left / V2:Turning left,V1:Southbound / V2:Southbound ,V1: Collision with motor vehicle in traffic / V2: Collision with motor vehicle in traffic ,V1: Passenger car / V2:Motorcycle,Dry,Daylight,Clear/Clear,STUART STREET / TREMONT STREET,,,,,,235847.0835,900157.3942
3249991,BOSTON,30-Aug-2012,4:00 PM,Non-fatal injury,2,1,0,Rear-end,V1: Slowing or stopped in traffic / V2:Changing lanes,V1:Northbound / V2:Northbound ,V1: Collision with motor vehicle in traffic / V2: Collision with motor vehicle in traffic ,"V1: Passenger car / V2:Light truck(van, mini-van, panel, pickup, sport utility) with only four tires",Dry,Daylight,Clear,,RAMP - RT 1 NB TO TOBIN BRIDGE Rte 1 N / RAMP - RUTHERFORD AVENUE TO RT 1 NB,,,CANA  TUNNEL  PRIOR  TO  TOBIN,,236014.0903,902322.4371
3381221,BOSTON,30-Aug-2012,6:43 PM,Non-fatal injury,1,1,0,Single vehicle crash,V1: Travelling straight ahead,V1:Eastbound ,V1: Collision with motor vehicle in traffic ,V1: Motorcycle,Dry,Daylight,Clear,,,,,IN GULF GAS STATION PARKING LOT,,,
3282601,BOSTON (DORCHESTER),30-Aug-2012,10:25 PM,Non-fatal injury,2,1,0,Rear-end,V1: Turning left / V2:Turning left,V1:Southbound / V2:Southbound ,V1: Not reported / V2: Not reported ,V1: Passenger car / V2:Passenger car,Dry,Dark - lighted roadway,Clear/Clear,BLUE HILL AVENUE / COLUMBIA ROAD,,,,,,234215.2186,894861.2498
3381478,BOSTON,31-Aug-2012,2:45 AM,Property damage only (none injured),2,0,0,Rear-end,V1: Travelling straight ahead / V2:Not reported,V1:Southbound / V2:Not reported ,V1: Collision with motor vehicle in traffic / V2: Not reported ,V1: Passenger car / V2:Not reported,Wet,Dark - lighted roadway,Rain,,JOHN F FITZGERALD EXPRESSWAY Rte 93 S,,,SOUTH OF THE DYC CUT OUT,,236834.5211,895031.2428
3280476,BOSTON,31-Aug-2012,8:20 AM,Non-fatal injury,2,1,0,Rear-end,V1: Travelling straight ahead / V2:Slowing or stopped in traffic,V1:Southbound / V2:Southbound ,V1: Collision with motor vehicle in traffic / V2: Collision with motor vehicle in traffic ,V1: Passenger car / V2:Not reported,Dry,Daylight,Clear/Clear,,758 WASHINGTON STREET,,,,,235957.1635,900026.6261
3250319,BOSTON (BRIGHTON),31-Aug-2012,9:45 AM,Property damage only (none injured),2,0,0,"Sideswipe, same direction",V1: Travelling straight ahead / V2:Travelling straight ahead,V1:Eastbound / V2:Northbound ,V1: Collision with motor vehicle in traffic / V2: Collision with motor vehicle in traffic ,"V1: Unknown heavy truck, cannot classify / V2:Bus (seats for more than 15 people, including driver)",Dry,Daylight,Clear,GUEST STREET / LIFE STREET,,,,,,229187.3438,900789.6251
3252243,BOSTON,31-Aug-2012,10:39 AM,Property damage only (none injured),2,0,0,Rear-end,V1: Travelling straight ahead / V2:Slowing or stopped in traffic,V1:Southbound / V2:Southbound ,V1: Collision with motor vehicle in traffic / V2: Collision with motor vehicle in traffic ,"V1: Passenger car / V2:Bus (seats for 7-15 people, including driver)",Dry,Daylight,Clear,,Rte 93 S,,Exit 13 on Rte 93,,,237399.8866,894072.472
3280467,BOSTON (DORCHESTER),31-Aug-2012,12:00 PM,Non-fatal injury,2,1,0,Not reported,V1: Not reported / V2:Not reported,V1:Not reported / V2:Not reported ,V1: Not reported / V2: Not reported ,V1: MOPED / V2:Passenger car,Not reported,Not reported,Not Reported,REGINA ROAD / WASHINGTON STREET,,,,,,235291.0781,893927.4375
3275357,BOSTON (BRIGHTON),31-Aug-2012,2:02 PM,Not Reported,1,0,0,Angle,V1: Travelling straight ahead,V1:Not reported ,V1: Not reported ,V1: Passenger car,Dry,Daylight,Clear,,55 FAIRBANKS STREET,,,,,227764.7586,900000.5713
3247701,BOSTON,31-Aug-2012,2:45 PM,Non-fatal injury,2,1,0,Rear-end,V1: Travelling straight ahead / V2:Slowing or stopped in traffic,V1:Southbound / V2:Southbound ,V1: Collision with motor vehicle in traffic / V2: Collision with motor vehicle in traffic ,V1: Passenger car / V2:Passenger car,Dry,Daylight,Clear,,VETERANS OF FOREIGN WARS PARKWAY / INDEPENDENCE DRIVE,,,,,228228.9064,893974.2502
3380419,BOSTON,31-Aug-2012,3:03 PM,Property damage only (none injured),2,0,0,Rear-end,V1: Travelling straight ahead / V2:Slowing or stopped in traffic,V1:Southbound / V2:Southbound ,V1: Collision with motor vehicle in traffic / V2: Collision with motor vehicle in traffic ,"V1: Passenger car / V2:Light truck(van, mini-van, panel, pickup, sport utility) with only four tires",Dry,Daylight,Clear,,JOHN F FITZGERALD EXPRESSWAY Rte 93 S / RAMP - RT 93 SB TO MASSACHUSETTS AVENUE,,,RL PRIOR TO ALBANY ON RAMP,,236016.2709,899100.6747
3250014,BOSTON,31-Aug-2012,3:30 PM,Non-fatal injury,2,1,0,Rear-end,V1: Not reported / V2:Not reported,V1:Not reported / V2:Not reported ,V1: Not reported / V2: Not reported ,V1: Not reported / V2:Not reported,Dry,Daylight,Clear,CENTRE PERKINS STREET ROTARY / CENTRE STREET / PERKINS STREET,,,,,,232144.3317,896891.1869
3280475,BOSTON (DORCHESTER),31-Aug-2012,10:30 PM,Non-fatal injury,2,1,0,Angle,V1: Entering traffic lane / V2:Travelling straight ahead,V1:Not reported / V2:Not reported ,V1: Collision with motor vehicle in traffic / V2: Collision with motor vehicle in traffic ,"V1: Light truck(van, mini-van, panel, pickup, sport utility) with only four tires / V2:Passenger car",Dry,Dark - lighted roadway,Clear/Clear,,20 BELLEVUE STREET,,,,,235655.2339,895754.2635
3365341,BOSTON,01-Sep-2012,00:00 AM,Property damage only (none injured),2,0,0,Rear-to-rear,V1: Backing / V2:Travelling straight ahead,V1:Not reported / V2:Not reported ,V1: Collision with motor vehicle in traffic / V2: Collision with motor vehicle in traffic ,V1: Passenger car / V2:Passenger car,Dry,Dark - lighted roadway,Clear,,,,,CELL PHONE PARKING LOT LOGAN INT,,,
3247665,BOSTON,01-Sep-2012,2:07 AM,Property damage only (none injured),2,0,0,"Sideswipe, opposite direction",V1: Turning left / V2:Travelling straight ahead,V1:Northbound / V2:Westbound ,V1: Collision with motor vehicle in traffic / V2: Collision with motor vehicle in traffic ,V1: Passenger car / V2:Passenger car,Dry,Dark - lighted roadway,Clear,,RIVERWAY / LONGWOOD AVENUE,,,,,232142.9084,898941.3686
3276951,BOSTON,01-Sep-2012,2:15 AM,Not Reported,2,0,0,"Sideswipe, opposite direction",V1: Travelling straight ahead / V2:Turning left,V1:Northbound / V2:Not reported ,V1: Collision with motor vehicle in traffic / V2: Collision with motor vehicle in traffic ,"V1: Passenger car / V2:Light truck(van, mini-van, panel, pickup, sport utility) with only four tires",Dry,Dark - lighted roadway,Clear/Unknown,BROOKLINE AVENUE / BEACON STREET,,,,,,233196.6837,899889.6776
3253868,BOSTON,01-Sep-2012,2:30 AM,Non-fatal injury,1,2,0,Single vehicle crash,V1: Travelling straight ahead,V1:Westbound ,V1: Reported but invalid ,V1: Passenger car,Dry,Dark - lighted roadway,Clear,,Rte 90 W,,,VEH AT REST EB,,232572.2182,899870.4883
3249992,BOSTON,01-Sep-2012,2:34 AM,Property damage only (none injured),1,0,0,Single vehicle crash,V1: Travelling straight ahead,V1:Northbound ,V1: Collision with motor vehicle in traffic ,"V1: Light truck(van, mini-van, panel, pickup, sport utility) with only four tires",Dry,Dark - lighted roadway,Clear,,Rte 93 N,,Exit 23 on Rte 93 N,,,236957.4837,900943.9828
3275359,BOSTON (BRIGHTON),01-Sep-2012,7:41 AM,Property damage only (none injured),1,0,0,Single vehicle crash,V1: Slowing or stopped in traffic,V1:Westbound ,V1: Not reported ,V1: Passenger car,Dry,Daylight,Clear/Unknown,CAMBRIDGE STREET / NORTH BEACON STREET,,,,,"P2:Pedalcyclist (bicycle, tricycle, unicycle, pedal car)",229882.4724,900409.761
3252096,BOSTON,01-Sep-2012,9:49 AM,Property damage only (none injured),3,0,0,Rear-end,V1: Travelling straight ahead / V2:Travelling straight ahead / V3:Travelling straight ahead,V1:Northbound / V2:Northbound / V3:Northbound ,V1: Collision with motor vehicle in traffic / V2: Collision with motor vehicle in traffic / V3: Collision with motor vehicle in traffic ,"V1: Light truck(van, mini-van, panel, pickup, sport utility) with only four tires / V2:Passenger car / V3:Light truck(van, mini-van, panel, pickup, sport utility) with only four tires",Dry,Daylight,Clear,WILLIAM T MORRISSEY BOULEVARD / DOMINIC J BANCULLI BOULEVARD / UNNAMED ROAD,,,,,,237369.7223,896004.065
3253952,BOSTON,01-Sep-2012,11:12 AM,Property damage only (none injured),2,0,0,Rear-end,V1: Travelling straight ahead / V2:Slowing or stopped in traffic,V1:Northbound / V2:Northbound ,V1: Collision with motor vehicle in traffic / V2: Collision with motor vehicle in traffic ,"V1: Light truck(van, mini-van, panel, pickup, sport utility) with only four tires / V2:Passenger car",Dry,Daylight,Clear,,Rte 93 N,,Exit 20 on Rte 93 N,,,235935.6734,898219.8317
3254395,BOSTON,01-Sep-2012,1:49 PM,Property damage only (none injured),2,0,0,Rear-end,V1: Slowing or stopped in traffic / V2:Travelling straight ahead,V1:Southbound / V2:Southbound ,V1: Collision with motor vehicle in traffic / V2: Collision with motor vehicle in traffic ,V1: Passenger car / V2:Passenger car,Dry,Daylight,Clear,,Rte 93 S,,Exit 15 on Rte 93 S,,,236629.6253,897168.5001
3253869,BOSTON,01-Sep-2012,6:58 PM,Non-fatal injury,1,1,0,Single vehicle crash,V1: Turning left,V1:Northbound ,V1: Other ,V1: Motorcycle,Dry,Daylight,Clear,,FRONTAGE ROAD / WEST FOURTH STREET,,,,,236111.8694,899236.5468
3280738,BOSTON (DORCHESTER),01-Sep-2012,7:20 PM,Not Reported,2,0,0,Not reported,V1: Not reported / V2:Not reported,V1:Not reported / V2:Not reported ,V1: Not reported / V2: Not reported ,V1: Not reported / V2:Not reported,Not reported,Not reported,Not Reported,FREEPORT STREET / VICTORY ROAD,,,,,,237247.5315,894302.5001
3247331,BOSTON,01-Sep-2012,10:43 PM,Non-fatal injury,1,1,0,Single vehicle crash,V1: Travelling straight ahead,V1:Northbound ,V1: Other ,V1: Passenger car,Dry,Dark - lighted roadway,Not Reported,,STORROW DRIVE / DAVID G MUGAR WAY,,,,,235214.6816,900915.4701
3380474,BOSTON,02-Sep-2012,1:16 AM,Non-fatal injury,1,1,0,Single vehicle crash,V1: Travelling straight ahead,V1:Westbound ,V1: Collision with curb ,V1: Passenger car,Dry,Dark - lighted roadway,Clear,,MASSACHUSETTS TURNPIKE Rte 90 W / TOLL PLAZA,,,VIADUCT,,231238.9684,900828.0628
3250405,BOSTON,02-Sep-2012,2:08 AM,Property damage only (none injured),2,0,0,Rear-end,V1: Travelling straight ahead / V2:Slowing or stopped in traffic,V1:Eastbound / V2:Eastbound ,V1: Collision with motor vehicle in traffic / V2: Collision with motor vehicle in traffic ,V1: Passenger car / V2:Passenger car,Dry,Dark - lighted roadway,Not Reported,,STORROW DRIVE / RAMP - BERKELEY ST TO RT 28 NB,,,,,235177.0183,900785.702