Crash Number,City/Town Name,Crash Date,Crash Time,Crash Severity,Number of Vehicles,Total Nonfatal Injuries,Total Fatal Injuries,Manner of Collision,Vehicle Action Prior to Crash,Vehicle Travel Directions,Most Harmful Events,Vehicle Configuration,Road Surface Condition,Ambient Light,Weather Condition,At Roadway Intersection,Distance from Nearest Roadway Intersection,Distance from Nearest Milemarker,Distance from Nearest Exit,Distance from Nearest Landmark,Non Motorist Type,X Coordinate,Y Coordinate
3280736,BOSTON (DORCHESTER),02-Sep-2012,9:45 AM,Not Reported,3,0,0,"Sideswipe, opposite direction",V1: Not reported / V2:Not reported / V3:Not reported,V1:Not reported / V2:Not reported / V3:Not reported ,V1: Not reported / V2: Not reported / V3: Not reported ,"V1: Light truck(van, mini-van, panel, pickup, sport utility) with only four tires / V2:Not reported / V3:Not reported",Dry,Daylight,Clear,VICTORY ROAD / FREEPORT STREET,,,,,,237247.5315,894302.5001
3250005,BOSTON,02-Sep-2012,12:17 PM,Property damage only (none injured),2,0,0,Rear-end,V1: Slowing or stopped in traffic / V2:Travelling straight ahead,V1:Eastbound / V2:Eastbound ,V1: Collision with motor vehicle in traffic / V2: Collision with motor vehicle in traffic ,"V1: Light truck(van, mini-van, panel, pickup, sport utility) with only four tires / V2:Light truck(van, mini-van, panel, pickup, sport utility) with only four tires",Dry,Daylight,Clear,CAMBRIDGE STREET / ALLSTON TOLL PLAZA,,,,NEAR DOUBLETREE HOTEL,,231486.5756,901224.159
3250409,BOSTON,02-Sep-2012,2:08 PM,Property damage only (none injured),3,0,0,Rear-end,V1: Travelling straight ahead / V2:Slowing or stopped in traffic / V3:Slowing or stopped in traffic,V1:Eastbound / V2:Eastbound / V3:Eastbound ,V1: Collision with motor vehicle in traffic / V2: Collision with motor vehicle in traffic / V3: Collision with motor vehicle in traffic ,"V1: Passenger car / V2:Light truck(van, mini-van, panel, pickup, sport utility) with only four tires / V3:Light truck(van, mini-van, panel, pickup, sport utility) with only four tires",Dry,Daylight,Clear,,RAMP-WESTERN AV TO SOLDIERS FIELD RD EB / SOLDIERS FIELD ROAD,,,,,231490.9075,901004.5802
3280733,BOSTON (DORCHESTER),02-Sep-2012,6:00 PM,Property damage only (none injured),2,0,0,"Sideswipe, same direction",V1: Parked / V2:Travelling straight ahead,V1:Northbound / V2:Northbound ,V1: Collision with motor vehicle in traffic / V2: Collision with motor vehicle in traffic ,"V1: Passenger car / V2:Light truck(van, mini-van, panel, pickup, sport utility) with only four tires",Dry,Daylight,Clear/Clear,,SAVIN HILL AVENUE / SYDNEY STREET,,,,,236794.5456,895777.3652
3380420,BOSTON,03-Sep-2012,2:47 AM,Property damage only (none injured),1,0,0,Single vehicle crash,V1: Entering traffic lane,V1:Northbound ,V1: Collision with curb ,V1: Passenger car,Dry,Dark - lighted roadway,Clear,JOHN F FITZGERALD EXPRESSWAY Rte 93 N / RAMP - RT 93 NB TO NORTH STREET,,,,RAMP RT,,236958.6478,900940.4628
3280735,BOSTON (DORCHESTER),03-Sep-2012,5:37 AM,Non-fatal injury,2,3,0,Angle,V1: Travelling straight ahead / V2:Turning left,V1:Northbound / V2:Southbound ,V1: Collision with motor vehicle in traffic / V2: Collision with motor vehicle in traffic ,"V1: Light truck(van, mini-van, panel, pickup, sport utility) with only four tires / V2:Light truck(van, mini-van, panel, pickup, sport utility) with only four tires",Dry,Dawn,Clear,,1420 DORCHESTER AVENUE,,,TEDESCHIS,,236314.3482,894756.4484
3248040,BOSTON,03-Sep-2012,10:50 AM,Property damage only (none injured),2,0,0,Rear-end,V1: Slowing or stopped in traffic / V2:Travelling straight ahead,V1:Eastbound / V2:Eastbound ,V1: Collision with motor vehicle in traffic / V2: Collision with motor vehicle in traffic ,"V1: Light truck(van, mini-van, panel, pickup, sport utility) with only four tires / V2:Passenger car",Dry,Daylight,Clear,,KOSCIUSZKO CIRCLE,,,,,237020.6238,896892.1848
3250410,BOSTON,03-Sep-2012,4:02 PM,Non-fatal injury,2,1,0,Angle,V1: Travelling straight ahead / V2:Turning left,V1:Eastbound / V2:Northbound ,V1: Collision with motor vehicle in traffic / V2: Collision with motor vehicle in traffic ,"V1: Light truck(van, mini-van, panel, pickup, sport utility) with only four tires / V2:Passenger car",Dry,Daylight,Clear,NORTH BEACON STREET / BIRMINGHAM PARKWAY,,,,,,228446.9688,900906.4374
3280734,BOSTON (DORCHESTER),03-Sep-2012,4:30 PM,Non-fatal injury,2,1,0,Head-on,V1: Travelling straight ahead / V2:Turning left,V1:Southbound / V2:Southbound ,V1: Collision with motor vehicle in traffic / V2: Collision with motor vehicle in traffic ,V1: Passenger car / V2:Passenger car,Dry,Daylight,Clear,QUINCY STREET / STANLEY STREET,,,,,,235557.656,895676.3123
3251034,BOSTON,03-Sep-2012,5:01 PM,Property damage only (none injured),2,0,0,Angle,V1: Turning left / V2:Travelling straight ahead,V1:Northbound / V2:Westbound ,V1: Collision with motor vehicle in traffic / V2: Collision with motor vehicle in traffic ,V1: Passenger car / V2:Passenger car,Dry,Daylight,Clear,,MORTON STREET Rte 203 / WILDWOOD STREET,,,,,233901.0974,892582.753
3291927,BOSTON (ROSLINDALE),03-Sep-2012,5:20 PM,Non-fatal injury,2,3,0,"Sideswipe, same direction",V1: Travelling straight ahead / V2:Parked,V1:Northbound / V2:Not reported ,V1: Not reported / V2: Not reported ,"V1: Light truck(van, mini-van, panel, pickup, sport utility) with only four tires / V2:Light truck(van, mini-van, panel, pickup, sport utility) with only four tires",Dry,Daylight,Clear,,4362 WASHINGTON STREET,,,,,230335.6306,892530.1998
3345602,BOSTON (JAMAICA PLAIN),04-Sep-2012,6:20 AM,Property damage only (none injured),2,0,0,Angle,V1: Travelling straight ahead / V2:Parked,V1:Not reported / V2:Not reported ,V1: Collision with parked motor vehicle / V2: Collision with motor vehicle in traffic ,V1: Passenger car / V2:Passenger car,Wet,Daylight,Rain,,71 SOUTH HUNTINGTON AVENUE,,,,,232030.3072,897821.8472
3254867,BOSTON,04-Sep-2012,6:36 AM,Property damage only (none injured),2,0,0,Rear-end,V1: Travelling straight ahead / V2:Slowing or stopped in traffic,V1:Southbound / V2:Southbound ,V1: Collision with motor vehicle in traffic / V2: Collision with motor vehicle in traffic ,V1: Passenger car / V2:Passenger car,Wet,Daylight,Cloudy/Rain,,Rte 93 S,,Exit 18 on Rte 93 S,,,236013.2783,899092.9981
3254805,BOSTON,04-Sep-2012,7:45 AM,Property damage only (none injured),2,0,0,Angle,V1: Travelling straight ahead / V2:Making U-turn,V1:Not reported / V2:Not reported ,V1: Not reported / V2: Collision with motor vehicle in traffic ,"V1: Passenger car / V2:Light truck(van, mini-van, panel, pickup, sport utility) with only four tires",Wet,Daylight,Rain/Unknown,,10 BOWDOIN STREET,,,,,236010.3967,901256.052
3250006,BOSTON,04-Sep-2012,8:36 AM,Property damage only (none injured),4,0,0,Rear-end,V1: Travelling straight ahead / V2:Travelling straight ahead / V3:Slowing or stopped in traffic / V4:Travelling straight ahead,V1:Westbound / V2:Westbound / V3:Westbound / V4:Westbound ,V1: Collision with motor vehicle in traffic / V2: Collision with motor vehicle in traffic / V3: Collision with motor vehicle in traffic / V4: Collision with motor vehicle in traffic ,"V1: Light truck(van, mini-van, panel, pickup, sport utility) with only four tires / V2:Passenger car / V3:Passenger car / V4:Light truck(van, mini-van, panel, pickup, sport utility) with only four tires",Wet,Daylight,Rain,,0 feet E from Intersection SOLDIERS FIELD ROAD / NORTH HARVARD STREET,,,,,230992.3482,902048.2872
3254802,BOSTON,04-Sep-2012,10:28 AM,Property damage only (none injured),1,0,0,Angle,V1: Travelling straight ahead,V1:Not reported ,V1: Not reported ,V1: Passenger car,Wet,Daylight,Rain,SURFACE ARTERY / BEACH STREET,,,,,"P3:Pedalcyclist (bicycle, tricycle, unicycle, pedal car)",236306.2072,900160.3888
3249278,BOSTON,04-Sep-2012,11:55 AM,Property damage only (none injured),2,0,0,Angle,V1: Travelling straight ahead / V2:Travelling straight ahead,V1:Southbound / V2:Southbound ,V1: Reported but invalid / V2: Collision with motor vehicle in traffic ,"V1: Light truck(van, mini-van, panel, pickup, sport utility) with only four tires / V2:Passenger car",Wet,Daylight,Cloudy/Rain,,STORROW DRIVE / CHARLESGATE OVERPASS,,,,,233621.0799,900220.7677
3380475,BOSTON,04-Sep-2012,12:02 PM,Property damage only (none injured),1,0,0,Single vehicle crash,V1: Travelling straight ahead,V1:Southbound ,V1: Other ,V1: Motorcycle,"Sand, mud, dirt, oil, gravel",Daylight,Rain,,JOHN F FITZGERALD EXPRESSWAY Rte 93 S,,,ZAKIM BRIDGE,,235837.1523,902263.2881
3248556,BOSTON,04-Sep-2012,12:09 PM,Non-fatal injury,2,1,0,Rear-end,V1: Slowing or stopped in traffic / V2:Travelling straight ahead,V1:Westbound / V2:Westbound ,V1: Collision with motor vehicle in traffic / V2: Collision with motor vehicle in traffic ,"V1: Passenger car / V2:Light truck(van, mini-van, panel, pickup, sport utility) with only four tires",Wet,Daylight,Cloudy/Rain,,MORTON STREET / FOREST HILLS AVENUE,,,MORTON STREET @ FOREST HILLS AVE,,232598.4532,894496.6249
3251360,BOSTON,04-Sep-2012,12:10 PM,Property damage only (none injured),3,0,0,Angle,V1: Travelling straight ahead / V2:Travelling straight ahead / V3:Travelling straight ahead,V1:Westbound / V2:Westbound / V3:Westbound ,V1: Collision with motor vehicle in traffic / V2: Collision with motor vehicle in traffic / V3: Collision with motor vehicle in traffic ,"V1: Passenger car / V2:Passenger car / V3:Light truck(van, mini-van, panel, pickup, sport utility) with only four tires",Wet,Daylight,Cloudy/Rain,,STORROW DRIVE / RAMP - STORROW DR TO RT 2A WB,,,PRIOR TO MASS AVE,,234022.5255,900285.921
3291925,BOSTON,04-Sep-2012,1:00 PM,Not Reported,2,0,0,Single vehicle crash,V1: Turning left / V2:Parked,V1:Not reported / V2:Not reported ,V1: Collision with parked motor vehicle / V2: Collision with motor vehicle in traffic ,V1: Passenger car / V2:Passenger car,Wet,Daylight,Cloudy/Rain,,399 BELGRADE AVENUE / WEST ROXBURY PARKWAY,,,,,229080.4487,892896.7522
3384446,BOSTON,04-Sep-2012,2:36 PM,Property damage only (none injured),1,0,0,Single vehicle crash,V1: Turning left,V1:Northbound ,V1: Collision with light pole or other post/support ,"V1: Light truck(van, mini-van, panel, pickup, sport utility) with only four tires",Wet,Daylight,Cloudy/Rain,,MORTON STREET / JAMES SHEA CIRCLE,,,MORTON STREET AT THE SHEA ROTARY,,232426.4151,894490.4999
3250411,BOSTON,04-Sep-2012,2:40 PM,Property damage only (none injured),1,0,0,Single vehicle crash,V1: Travelling straight ahead,V1:Westbound ,V1: Collision with motor vehicle in traffic ,V1: Passenger car,Wet,Daylight,Rain,,SOLDIERS FIELD ROAD / NORTH HARVARD STREET,,,,,230992.3482,902048.2872
3321661,BOSTON (JAMAICA PLAIN),04-Sep-2012,3:20 PM,Not Reported,2,0,0,Not reported,V1: Not reported / V2:Parked,V1:Not reported / V2:Not reported ,V1: Not reported / V2: Not reported ,"V1: Light truck(van, mini-van, panel, pickup, sport utility) with only four tires / V2:Passenger car",Not reported,Not reported,Not Reported,,58 SOUTH HUNTINGTON AVENUE,,,,,232023.7017,897843.465
3257904,BOSTON,04-Sep-2012,3:46 PM,Property damage only (none injured),1,0,0,Single vehicle crash,V1: Travelling straight ahead,V1:Westbound ,V1: Collision with curb ,V1: Passenger car,Wet,Daylight,Cloudy/Rain,,SOLDIERS FIELD ROAD / RAMP - N HARVARD ST TO SOLDIERS FIELD WB,,,,,230776.4291,902194.8882
3257905,BOSTON,04-Sep-2012,3:50 PM,Property damage only (none injured),1,0,0,Single vehicle crash,V1: Travelling straight ahead,V1:Westbound ,V1: Collision with guardrail ,"V1: Light truck(van, mini-van, panel, pickup, sport utility) with only four tires",Wet,Daylight,Cloudy/Rain,,SOLDIERS FIELD ROAD / RAMP - N HARVARD ST TO SOLDIERS FIELD WB,,,,,230776.9718,902194.0199
3248244,BOSTON,04-Sep-2012,4:05 PM,Property damage only (none injured),2,0,0,Rear-end,V1: Travelling straight ahead / V2:Changing lanes,V1:Southbound / V2:Southbound ,V1: Collision with motor vehicle in traffic / V2: Collision with motor vehicle in traffic ,"V1: Single-unit truck (2-axle, 6-tire) / V2:Light truck(van, mini-van, panel, pickup, sport utility) with only four tires",Wet,Daylight,Cloudy/Rain,,Rte 93 S,,Exit 18 on Rte 93 S,,,236013.2783,899092.9981
3255055,BOSTON,04-Sep-2012,4:15 PM,Non-fatal injury,2,1,0,Rear-end,V1: Travelling straight ahead / V2:Slowing or stopped in traffic,V1:Southbound / V2:Southbound ,V1: Collision with motor vehicle in traffic / V2: Collision with motor vehicle in traffic ,"V1: Light truck(van, mini-van, panel, pickup, sport utility) with only four tires / V2:Passenger car",Dry,Daylight,Clear,,Rte 93 S,,Exit 15 on Rte 93 S,,,236629.6253,897168.5001
3248041,BOSTON,04-Sep-2012,4:58 PM,Non-fatal injury,2,1,0,Angle,V1: Travelling straight ahead / V2:Entering traffic lane,V1:Northbound / V2:Eastbound ,V1: Collision with motor vehicle in traffic / V2: Collision with motor vehicle in traffic ,"V1: Passenger car / V2:Light truck(van, mini-van, panel, pickup, sport utility) with only four tires",Wet,Daylight,Cloudy,,COLUMBIA ROAD / BUTTONWOOD STREET,,,,,236609.5872,896844.6625
3283466,BOSTON,04-Sep-2012,5:22 PM,Not Reported,1,0,0,Single vehicle crash,V1: Turning left,V1:Northbound ,V1: Collision with other movable object ,V1: Passenger car,Dry,Daylight,Clear,,312 NORTHERN AVENUE,,,,,238391.5422,899617.1532
3381532,BOSTON,04-Sep-2012,5:30 PM,Property damage only (none injured),2,0,0,Angle,V1: Other / V2:Turning right,V1:Northbound / V2:Eastbound ,V1: Collision with motor vehicle in traffic / V2: Collision with motor vehicle in traffic ,"V1: Passenger car / V2:Light truck(van, mini-van, panel, pickup, sport utility) with only four tires",Wet,Daylight,Cloudy,QUEENSBERRY STREET / PARK DRIVE,,,,PARK DRIVE BY QUEENSBERRY ST.,,233390.0349,899294.0562
3251466,BOSTON,04-Sep-2012,7:18 PM,Property damage only (none injured),1,0,0,Single vehicle crash,V1: Travelling straight ahead,V1:Eastbound ,V1: Collision with tree ,V1: Passenger car,Wet,Dark - lighted roadway,Cloudy/Rain,,ARBORWAY / CENTRE STREET,,,,,231152.5791,895470.3126
3254798,BOSTON,04-Sep-2012,7:44 PM,Property damage only (none injured),2,0,0,"Sideswipe, opposite direction",V1: Travelling straight ahead / V2:Travelling straight ahead,V1:Southbound / V2:Northbound ,V1: Collision with utility pole / V2: Collision with utility pole ,V1: Passenger car / V2:Passenger car,Wet,Dark - lighted roadway,Rain,,CAUSEWAY STREET / WASHINGTON STREET,,,,,,
3251462,BOSTON,04-Sep-2012,8:52 PM,Property damage only (none injured),2,0,0,Head-on,V1: Travelling straight ahead / V2:Travelling straight ahead,V1:Northbound / V2:Eastbound ,V1: Collision with motor vehicle in traffic / V2: Collision with motor vehicle in traffic ,V1: Passenger car / V2:Passenger car,Dry,Dark - lighted roadway,Clear,,CHARLESGATE EAST / COMMONWEALTH AVENUE,,,,,233649.9732,899935.8523
3250406,BOSTON,05-Sep-2012,4:45 AM,Non-fatal injury,1,1,0,Single vehicle crash,V1: Travelling straight ahead,V1:Westbound ,V1: Collision with light pole or other post/support ,V1: Passenger car,Wet,Dark - lighted roadway,Not Reported,,CHARLESGATE WEST / STORROW DRIVE,,,BOWKER BRIDGE RAMP TO FENWAY,,233381.2845,900080.0628
3282492,BOSTON (CHARLESTOWN),05-Sep-2012,6:00 AM,Non-fatal injury,1,1,0,Single vehicle crash,V1: Turning left,V1:Northbound ,V1: Collision with pedestrian ,V1: Passenger car,Wet,Dark - lighted roadway,Rain/Rain,MAIN STREET / HENLEY STREET,,,,,P2:Pedestrian,236076.078,902587.125
3264739,BOSTON,05-Sep-2012,6:03 AM,Property damage only (none injured),2,0,0,Rear-end,V1: Travelling straight ahead / V2:Travelling straight ahead,V1:Northbound / V2:Northbound ,V1: Collision with motor vehicle in traffic / V2: Collision with guardrail ,"V1: Light truck(van, mini-van, panel, pickup, sport utility) with only four tires / V2:Light truck(van, mini-van, panel, pickup, sport utility) with only four tires",Wet,Dawn,Rain,,Rte 93 N,,Exit 20 on Rte 93 N,,,235935.6734,898219.8317
3380422,BOSTON,05-Sep-2012,7:17 AM,Property damage only (none injured),1,0,0,Single vehicle crash,V1: Travelling straight ahead,V1:Northbound ,V1: Collision with curb ,V1: Passenger car,Wet,Daylight,Rain,,LEVERETT CONNECTOR NORTH,,,S-N TUNNEL,,235993.1066,901915.0987
3255056,BOSTON,05-Sep-2012,8:25 AM,Non-fatal injury,3,1,0,Rear-end,V1: Slowing or stopped in traffic / V2:Travelling straight ahead / V3:Travelling straight ahead,V1:Westbound / V2:Westbound / V3:Westbound ,V1: Collision with motor vehicle in traffic / V2: Collision with motor vehicle in traffic / V3: Collision with motor vehicle in traffic ,"V1: Passenger car / V2:Light truck(van, mini-van, panel, pickup, sport utility) with only four tires / V3:Passenger car",Dry,Daylight,Cloudy/Rain,,SUMNER TUNNEL / EAST BOSTON EXPRESSWAY,,,,,237382.0997,902084.15
3250008,BOSTON,05-Sep-2012,8:39 AM,Non-fatal injury,2,1,0,Head-on,V1: Travelling straight ahead / V2:Travelling straight ahead,V1:Westbound / V2:Northbound ,V1: Collision with motor vehicle in traffic / V2: Collision with motor vehicle in traffic ,"V1: Light truck(van, mini-van, panel, pickup, sport utility) with only four tires / V2:Passenger car",Wet,Daylight,Rain,,BIRMINGHAM PARKWAY / NORTH BEACON STREET,,,,,228439.0628,900920.8752
3263246,BOSTON,05-Sep-2012,9:00 AM,Property damage only (none injured),2,0,0,Rear-end,V1: Travelling straight ahead / V2:Travelling straight ahead,V1:Westbound / V2:Westbound ,V1: Collision with motor vehicle in traffic / V2: Collision with motor vehicle in traffic ,"V1: Light truck(van, mini-van, panel, pickup, sport utility) with only four tires / V2:Passenger car",Wet,Daylight,Not Reported,,0 feet E from Intersection SOLDIERS FIELD ROAD / NORTH HARVARD STREET,,,,,230992.3482,902048.2872
3297102,BOSTON (JAMAICA PLAIN),05-Sep-2012,9:00 AM,Property damage only (none injured),3,0,0,"Sideswipe, same direction",V1: Travelling straight ahead / V2:Travelling straight ahead / V3:Parked,V1:Northbound / V2:Southbound / V3:Not reported ,V1: Collision with motor vehicle in traffic / V2: Collision with motor vehicle in traffic / V3: Not reported ,"V1: Light truck(van, mini-van, panel, pickup, sport utility) with only four tires / V2:Passenger car / V3:Passenger car",Wet,Daylight,Rain,,81 SOUTH HUNTINGTON AVENUE,,,,,232043.247,897783.2514
3254458,BOSTON,05-Sep-2012,9:50 AM,Property damage only (none injured),2,0,0,Rear-end,V1: Travelling straight ahead / V2:Slowing or stopped in traffic,V1:Eastbound / V2:Eastbound ,V1: Collision with motor vehicle in traffic / V2: Collision with motor vehicle in traffic ,"V1: Passenger car / V2:Light truck(van, mini-van, panel, pickup, sport utility) with only four tires",Dry,Daylight,Not Reported,,SOLDIERS FIELD ROAD / RAMP - WESTERN AVE TO SOLDIERS FIELD RD,,,0 feet W from RIVER STREET BRIDGE,,231495.2558,901243.2611
3252091,BOSTON,05-Sep-2012,10:50 AM,Non-fatal injury,1,1,0,Single vehicle crash,V1: Travelling straight ahead,V1:Eastbound ,V1: Other ,V1: Passenger car,Wet,Daylight,Cloudy/Rain,,SOLDIERS FIELD ROAD / WESTERN AVENUE,,,EAST OF HARVARD SQUARE,,,
3250661,BOSTON (DORCHESTER),05-Sep-2012,7:48 PM,Non-fatal injury,2,2,0,Angle,V1: Turning left / V2:Travelling straight ahead,V1:Eastbound / V2:Northbound ,V1: Collision with motor vehicle in traffic / V2: Collision with motor vehicle in traffic ,V1: Passenger car / V2:Passenger car,Dry,Dark - lighted roadway,Clear/Clear,COLUMBIA ROAD / HAMILTON STREET,,,,,,235262.0595,895595.2269
3733316,BOSTON,05-Sep-2012,9:33 PM,Fatal injury,1,0,1,Not reported,V1: Not reported,V1:Not reported ,V1: Not reported ,V1: Unknown vehicle configuration,Not reported,Not reported,Not Reported,BRADSHAW STREET / GLENWAY STREET,,,,,P2:Pedestrian,234516.3591,894364.875
3345598,BOSTON (JAMAICA PLAIN),05-Sep-2012,11:35 PM,Not Reported,2,0,0,Not reported,V1: Travelling straight ahead / V2:Travelling straight ahead,V1:Not reported / V2:Not reported ,V1: Collision with motor vehicle in traffic / V2: Collision with parked motor vehicle ,"V1: Light truck(van, mini-van, panel, pickup, sport utility) with only four tires / V2:Light truck(van, mini-van, panel, pickup, sport utility) with only four tires",Not reported,Not reported,Not Reported,HYDE PARK AVENUE / WALK HILL STREET,,,,,,231647.8279,894025.4374
3286851,BOSTON (DORCHESTER),06-Sep-2012,7:20 AM,Non-fatal injury,2,1,0,Angle,V1: Not reported / V2:Travelling straight ahead,V1:Not reported / V2:Not reported ,V1: Not reported / V2: Collision with motor vehicle in traffic ,V1: Passenger car / V2:Passenger car,Dry,Daylight,Clear/Clear,ADAMS STREET / KING STREET,,,,,,236508.1251,893722.0626
3266287,BOSTON,06-Sep-2012,8:04 AM,Property damage only (none injured),2,0,0,Angle,V1: Travelling straight ahead / V2:Entering traffic lane,V1:Southbound / V2:Southbound ,V1: Collision with motor vehicle in traffic / V2: Collision with motor vehicle in traffic ,"V1: Single-unit truck (3-or-more axles) / V2:Light truck(van, mini-van, panel, pickup, sport utility) with only four tires",Dry,Daylight,Clear,,1285 HYDE PARK AVENUE,,,,,231005.2617,889470.3523
3380476,BOSTON,06-Sep-2012,3:22 PM,Property damage only (none injured),3,0,0,Rear-end,V1: Travelling straight ahead / V2:Slowing or stopped in traffic / V3:Slowing or stopped in traffic,V1:Northbound / V2:Northbound / V3:Northbound ,V1: Collision with motor vehicle in traffic / V2: Collision with motor vehicle in traffic / V3: Collision with motor vehicle in traffic ,"V1: Passenger car / V2:Light truck(van, mini-van, panel, pickup, sport utility) with only four tires / V3:Light truck(van, mini-van, panel, pickup, sport utility) with only four tires",Dry,Daylight,Clear,,JOHN F FITZGERALD EXPRESSWAY Rte 93 N / RAMP - BROADWAY TO RT 93 NB,,,LL RAMP,,236455.615,899870.0929
3250413,BOSTON,06-Sep-2012,8:00 PM,Non-fatal injury,2,2,0,Angle,V1: Turning left / V2:Travelling straight ahead,V1:Southbound / V2:Northbound ,V1: Collision with motor vehicle in traffic / V2: Collision with motor vehicle in traffic ,"V1: Light truck(van, mini-van, panel, pickup, sport utility) with only four tires / V2:Passenger car",Dry,Dark - lighted roadway,Clear,,TRUMAN HIGHWAY / CHITTICK ROAD,,,,,231016.8719,888713.6545
3255355,BOSTON,07-Sep-2012,7:59 AM,Non-fatal injury,2,1,0,Rear-end,V1: Slowing or stopped in traffic / V2:Travelling straight ahead,V1:Westbound / V2:Westbound ,V1: Collision with motor vehicle in traffic / V2: Collision with motor vehicle in traffic ,"V1: Bus (seats for more than 15 people, including driver) / V2:Passenger car",Dry,Daylight,Clear,,Rte 90 W,Rte 90  W Milemarker 134.0,,,,235774.8312,899761.4554
3250002,BOSTON,07-Sep-2012,8:02 AM,Non-fatal injury,2,1,0,Angle,V1: Entering traffic lane / V2:Travelling straight ahead,V1:Eastbound / V2:Northbound ,V1: Collision with motor vehicle in traffic / V2: Collision with motor vehicle in traffic ,V1: Passenger car / V2:Motorcycle,Dry,Daylight,Not Reported,RIVERWAY / NETHERLANDS ROAD / FRANCIS STREET,,,,PILGRIM RD,,232080.5294,898632.4523
3255057,BOSTON,07-Sep-2012,8:10 AM,Property damage only (none injured),2,0,0,Rear-end,V1: Slowing or stopped in traffic / V2:Travelling straight ahead,V1:Westbound / V2:Westbound ,V1: Collision with motor vehicle in traffic / V2: Collision with motor vehicle in traffic ,V1: Passenger car / V2:Passenger car,Dry,Daylight,Clear,,Rte 90 W,,,,,235774.8312,899761.4554
3254052,BOSTON,07-Sep-2012,8:46 AM,Non-fatal injury,2,1,0,Angle,V1: Travelling straight ahead / V2:Changing lanes,V1:Southbound / V2:Southbound ,V1: Collision with motor vehicle in traffic / V2: Collision with motor vehicle in traffic ,V1: Passenger car / V2:Tractor/semi-trailer,Dry,Daylight,Clear,,Rte 93 S,,Exit 23 on Rte 93 S,,,236856.2793,901152.8251
3380423,BOSTON,07-Sep-2012,9:20 AM,Non-fatal injury,2,1,0,Rear-end,V1: Travelling straight ahead / V2:Travelling straight ahead,V1:Northbound / V2:Northbound ,V1: Collision with motor vehicle in traffic / V2: Collision with motor vehicle in traffic ,V1: Passenger car / V2:Passenger car,Dry,Daylight,Clear,RAMP - RT 93 NB TO RT 90 WB / RAMP - BROADWAY TO RT 90 WB,,,,,,236289.1345,899821.8258
3380477,BOSTON,07-Sep-2012,9:32 AM,Non-fatal injury,2,1,0,Rear-end,V1: Slowing or stopped in traffic / V2:Travelling straight ahead,V1:Southbound / V2:Southbound ,V1: Collision with motor vehicle in traffic / V2: Collision with motor vehicle in traffic ,"V1: Light truck(van, mini-van, panel, pickup, sport utility) with only four tires / V2:Passenger car",Dry,Daylight,Clear,,JOHN F FITZGERALD EXPRESSWAY Rte 93 S / RAMP - RT 93 SB TO CALLAHAN TUNNEL,,,,,236388.0348,901578.6567
3252092,BOSTON,07-Sep-2012,10:17 AM,Non-fatal injury,1,1,0,Single vehicle crash,V1: Travelling straight ahead,V1:Westbound ,V1: Collision with guardrail ,V1: Passenger car,Dry,Daylight,Not Reported,SAINT THOMAS MORE ROAD / CHESTNUT HILL DRIVEWAY,,,,&AMP; CHESTNUT HILL DRIVEWAY,,227723.3751,898463.2502
3312246,BOSTON,07-Sep-2012,2:40 PM,Non-fatal injury,2,2,0,Not reported,V1: Travelling straight ahead / V2:Turning left,V1:Not reported / V2:Not reported ,V1: Collision with motor vehicle in traffic / V2: Collision with motor vehicle in traffic ,"V1: Bus (seats for more than 15 people, including driver) / V2:Passenger car",Not reported,Not reported,Not Reported,ESSEX STREET / CHAUNCY STREET / HARRISON AVENUE,,,,,,236157.0585,900316.4239
3254868,BOSTON,07-Sep-2012,7:10 PM,Property damage only (none injured),2,0,0,"Sideswipe, same direction",V1: Changing lanes / V2:Travelling straight ahead,V1:Southbound / V2:Southbound ,V1: Collision with motor vehicle in traffic / V2: Collision with motor vehicle in traffic ,"V1: Passenger car / V2:Light truck(van, mini-van, panel, pickup, sport utility) with only four tires",Dry,Dark - lighted roadway,Rain,,Rte 93 S,,Exit 20 on Rte 93 S,,,236954.209,900826.9442
3266888,BOSTON,07-Sep-2012,8:10 PM,Property damage only (none injured),2,0,0,Angle,V1: Travelling straight ahead / V2:Travelling straight ahead,V1:Eastbound / V2:Eastbound ,V1: Collision with motor vehicle in traffic / V2: Collision with motor vehicle in traffic ,V1: Passenger car / V2:Passenger car,Wet,Dark - lighted roadway,Cloudy/Rain,,STORROW DRIVE Rte 28 N / RAMP TO CHARLES CIRCLE,,,,,235239.5199,901205.1123
3282344,BOSTON,07-Sep-2012,9:01 PM,Property damage only (none injured),1,0,0,Single vehicle crash,V1: Changing lanes,V1:Eastbound ,V1: Collision with guardrail ,V1: Passenger car,Wet,Dark - lighted roadway,Rain,,STORROW DRIVE Rte 28 N / RAMP TO CHARLES CIRCLE,,,CHARLES CIRCLE,,235227.5056,901251.1712
3251467,BOSTON,07-Sep-2012,9:18 PM,Property damage only (none injured),1,0,0,Single vehicle crash,V1: Travelling straight ahead,V1:Southbound ,V1: Collision with light pole or other post/support ,"V1: Light truck(van, mini-van, panel, pickup, sport utility) with only four tires",Dry,Dark - lighted roadway,Clear,,ENNEKING PARKWAY BRANCH / WASHINGTON STREET,,,LAGRANGE EXT-4 WAY STOP,,229400.8044,891423.4733