Crash Number,City/Town Name,Crash Date,Crash Time,Crash Severity,Number of Vehicles,Total Nonfatal Injuries,Total Fatal Injuries,Manner of Collision,Vehicle Action Prior to Crash,Vehicle Travel Directions,Most Harmful Events,Vehicle Configuration,Road Surface Condition,Ambient Light,Weather Condition,At Roadway Intersection,Distance from Nearest Roadway Intersection,Distance from Nearest Milemarker,Distance from Nearest Exit,Distance from Nearest Landmark,Non Motorist Type,X Coordinate,Y Coordinate
3584356,BOSTON,08-Sep-2012,10:46 AM,Non-fatal injury,2,1,0,Angle,V1: Travelling straight ahead / V2:Entering traffic lane,V1:Southbound / V2:Westbound ,V1: Collision with motor vehicle in traffic / V2: Collision with motor vehicle in traffic ,"V1: Light truck(van, mini-van, panel, pickup, sport utility) with only four tires / V2:Passenger car",Dry,Daylight,Clear,,DORCHESTER AVENUE / HOYT STREET,,,DORCHESTER AVE @ HOYT ST,,236415.7967,895386.25
3380424,BOSTON,08-Sep-2012,11:40 AM,Property damage only (none injured),2,0,0,Rear-end,V1: Slowing or stopped in traffic / V2:Travelling straight ahead,V1:Northbound / V2:Northbound ,V1: Collision with motor vehicle in traffic / V2: Collision with motor vehicle in traffic ,V1: Passenger car / V2:Passenger car,Dry,Daylight,Not Reported,,Rte 93 N,,,TIP O'NEILL TUNNEL,,,
3252239,BOSTON,08-Sep-2012,12:21 PM,Property damage only (none injured),2,0,0,Angle,V1: Travelling straight ahead / V2:Travelling straight ahead,V1:Westbound / V2:Northbound ,V1: Collision with motor vehicle in traffic / V2: Collision with motor vehicle in traffic ,"V1: Light truck(van, mini-van, panel, pickup, sport utility) with only four tires / V2:Passenger car",Dry,Daylight,Clear,,BEACON STREET / PARK DRIVE,,,,,232535.3749,899651.148
3252245,BOSTON,08-Sep-2012,1:20 PM,Non-fatal injury,2,1,0,Angle,V1: Travelling straight ahead / V2:Travelling straight ahead,V1:Southbound / V2:Westbound ,V1: Collision with motor vehicle in traffic / V2: Collision with motor vehicle in traffic ,"V1: Passenger car / V2:Single-unit truck (2-axle, 6-tire)",Dry,Daylight,Clear,,COLUMBIA ROAD / BUTTONWOOD STREET,,,,,236609.5872,896844.6625
3380479,BOSTON,08-Sep-2012,1:30 PM,Property damage only (none injured),2,0,0,Rear-end,V1: Slowing or stopped in traffic / V2:Travelling straight ahead,V1:Southbound / V2:Southbound ,V1: Collision with motor vehicle in traffic / V2: Collision with motor vehicle in traffic ,V1: Passenger car / V2:Passenger car,Dry,Daylight,Cloudy,,JOHN F FITZGERALD EXPRESSWAY Rte 93 S / RAMP - RT 93 SB TO MASSACHUSETTS AVENUE,,,,,236022.6326,899116.9922
3380425,BOSTON,08-Sep-2012,2:18 PM,Property damage only (none injured),3,0,0,Rear-end,V1: Slowing or stopped in traffic / V2:Slowing or stopped in traffic / V3:Travelling straight ahead,V1:Northbound / V2:Northbound / V3:Northbound ,V1: Collision with motor vehicle in traffic / V2: Collision with motor vehicle in traffic / V3: Collision with motor vehicle in traffic ,"V1: Passenger car / V2:Passenger car / V3:Light truck(van, mini-van, panel, pickup, sport utility) with only four tires",Dry,Daylight,Cloudy,,Rte 93 N,,,TIP O'NEILL TUNNEL,,,
3255058,BOSTON,08-Sep-2012,3:40 PM,Property damage only (none injured),2,0,0,Rear-end,V1: Slowing or stopped in traffic / V2:Backing,V1:Northbound / V2:Northbound ,V1: Collision with moped / V2: Collision with motor vehicle in traffic ,"V1: Passenger car / V2:Light truck(van, mini-van, panel, pickup, sport utility) with only four tires",Dry,Daylight,Cloudy,,Rte 93 N,,Exit 26 on Rte 93 N,,,236402.7433,901600.0342
3255059,BOSTON,08-Sep-2012,3:55 PM,Property damage only (none injured),1,0,0,Single vehicle crash,V1: Travelling straight ahead,V1:Westbound ,V1: Collision with guardrail ,V1: Passenger car,Dry,Daylight,Clear,,Rte 90 W,,,,,233045.4818,899787.7
3250414,BOSTON,08-Sep-2012,5:00 PM,Property damage only (none injured),2,0,0,Angle,V1: Other / V2:Travelling straight ahead,V1:Southbound / V2:Southbound ,V1: Collision with utility pole / V2: Collision with utility pole ,"V1: Light truck(van, mini-van, panel, pickup, sport utility) with only four tires / V2:Light truck(van, mini-van, panel, pickup, sport utility) with only four tires",Dry,Daylight,Clear,,ENNEKING PARKWAY,,,,,,
3253953,BOSTON,08-Sep-2012,7:50 PM,Property damage only (none injured),1,0,0,Head-on,V1: Travelling straight ahead,V1:Westbound ,V1: Collision with guardrail ,"V1: Light truck(van, mini-van, panel, pickup, sport utility) with only four tires",Wet,Dark - roadway not lighted,Rain,,Rte 93 N,,Exit 27 on Rte 93 N,,,235655.07,902467.5364
3289498,BOSTON,08-Sep-2012,8:20 PM,Not Reported,3,0,0,Single vehicle crash,V1: Travelling straight ahead / V2:Slowing or stopped in traffic / V3:Travelling straight ahead,V1:Southbound / V2:Southbound / V3:Westbound ,V1: Collision with motor vehicle in traffic / V2: Collision with motor vehicle in traffic / V3: Collision with motor vehicle in traffic ,"V1: Light truck(van, mini-van, panel, pickup, sport utility) with only four tires / V2:Passenger car / V3:Passenger car",Wet,Dark - lighted roadway,Rain,HARVARD STREET / WALES STREET,,,,,,234277.5936,894020
3276841,BOSTON,08-Sep-2012,8:50 PM,Non-fatal injury,1,1,0,Not reported,V1: Turning left,V1:Not reported ,"V1: Collision with cyclist (bicycle, tricycle, unicycle, pedal car) ",V1: Passenger car,Not reported,Not reported,Not Reported,WASHINGTON STREET / EAST SPRINGFIELD STREET,,,,,"P2:Pedalcyclist (bicycle, tricycle, unicycle, pedal car)",234915.4385,898584.1513
3257898,BOSTON,08-Sep-2012,9:01 PM,Non-fatal injury,1,1,0,Single vehicle crash,V1: Travelling straight ahead,V1:Northbound ,V1: Collision with median barrier ,V1: Passenger car,Wet,Daylight,Rain,,Rte 93 N,,Exit 27 on Rte 93 N,PAST #27,,235655.07,902467.5364
3250929,BOSTON,08-Sep-2012,9:30 PM,Non-fatal injury,1,1,0,Single vehicle crash,V1: Travelling straight ahead,V1:Westbound ,V1: Collision with tree ,V1: Passenger car,Wet,Dark - lighted roadway,Rain,,SOLDIERS FIELD ROAD,,,AT THE NEWELL BOATHOUSE,,230787.0834,902179.9392
3264740,BOSTON,08-Sep-2012,10:34 PM,Property damage only (none injured),1,0,0,Single vehicle crash,V1: Travelling straight ahead,V1:Eastbound ,V1: Collision with curb ,V1: Passenger car,Wet,Dark - lighted roadway,Rain,,Rte 90 E,,,VIADUCT,,231570.8954,900395.7187
3250407,BOSTON,08-Sep-2012,11:20 PM,Non-fatal injury,2,1,0,Angle,V1: Travelling straight ahead / V2:Turning left,V1:Northbound / V2:Southbound ,V1: Collision with motor vehicle in traffic / V2: Collision with motor vehicle in traffic ,V1: Passenger car / V2:Passenger car,Wet,Dark - lighted roadway,Cloudy,,JAMAICAWAY / PERKINS STREET,,,,,231606.1562,896796.9999
3381479,BOSTON,08-Sep-2012,11:45 PM,Property damage only (none injured),2,0,0,"Sideswipe, same direction",V1: Travelling straight ahead / V2:Travelling straight ahead,V1:Southbound / V2:Southbound ,V1: Collision with motor vehicle in traffic / V2: Collision with motor vehicle in traffic ,V1: Passenger car / V2:Passenger car,Dry,Dark - lighted roadway,Cloudy,,JOHN F FITZGERALD EXPRESSWAY Rte 93 S / RAMP - COLUMBIA RD TO RT 93 SB,,,RAMADA CUT OUT,,236957.6378,896078.5243
3249993,BOSTON,09-Sep-2012,3:40 AM,Non-fatal injury,1,1,0,Single vehicle crash,V1: Travelling straight ahead,V1:Westbound ,V1: Collision with guardrail ,V1: Passenger car,Wet,Dark - lighted roadway,Rain,,RAMP - SUMNER TUNNEL TO STORROW DRIVE / RAMP - SUMNER TUNNEL TO MARKET STREET,,,RAMP STS,,236619.8304,901423.7719
3274325,BOSTON,09-Sep-2012,5:33 AM,Fatal injury,3,1,1,Head-on,V1: Travelling straight ahead / V2:Travelling straight ahead / V3:Travelling straight ahead,V1:Southbound / V2:Northbound / V3:Northbound ,V1: Collision with motor vehicle in traffic / V2: Collision with motor vehicle in traffic / V3: Collision with motor vehicle in traffic ,"V1: Light truck(van, mini-van, panel, pickup, sport utility) with only four tires / V2:Light truck(van, mini-van, panel, pickup, sport utility) with only four tires / V3:Light truck(van, mini-van, panel, pickup, sport utility) with only four tires",Dry,Dark - lighted roadway,Clear,,Rte 93 N,,,O'NEIL TUNNEL,,236612.9046,900287.568
3257899,BOSTON,09-Sep-2012,1:11 PM,Non-fatal injury,2,1,0,Rear-end,V1: Slowing or stopped in traffic / V2:Changing lanes,V1:Southbound / V2:Southbound ,V1: Collision with motor vehicle in traffic / V2: Collision with motor vehicle in traffic ,V1: Passenger car / V2:Passenger car,Dry,Dark - lighted roadway,Clear,,Rte 93 S,,Exit 20 on Rte 93 S,,,236954.209,900826.9442
3281837,BOSTON (ALLSTON),09-Sep-2012,2:05 PM,Non-fatal injury,2,1,0,Head-on,V1: Travelling straight ahead / V2:Turning left,V1:Eastbound / V2:Westbound ,V1: Collision with motor vehicle in traffic / V2: Collision with motor vehicle in traffic ,V1: Passenger car / V2:Passenger car,Dry,Daylight,Clear/Clear,CAMBRIDGE STREET / HIGHGATE STREET,,,,,,230304.8673,900654.1483
3380480,BOSTON,09-Sep-2012,2:45 PM,Non-fatal injury,2,1,0,Rear-end,V1: Slowing or stopped in traffic / V2:Slowing or stopped in traffic,V1:Westbound / V2:Westbound ,V1: Collision with motor vehicle in traffic / V2: Collision with motor vehicle in traffic ,"V1: Light truck(van, mini-van, panel, pickup, sport utility) with only four tires / V2:Passenger car",Dry,Daylight,Clear,RAMP - MASSACHUSETTS AVENUE TO RT 90 WB / MASSACHUSETTS TURNPIKE Rte 90 W,,,,ON THE MASS AVE ON-RAMP,,233650.7371,899794.9294
3257900,BOSTON,09-Sep-2012,2:48 PM,Property damage only (none injured),3,0,0,Rear-end,V1: Slowing or stopped in traffic / V2:Travelling straight ahead / V3:Slowing or stopped in traffic,V1:Eastbound / V2:Eastbound / V3:Eastbound ,V1: Collision with motor vehicle in traffic / V2: Collision with moped / V3: Collision with motor vehicle in traffic ,"V1: Light truck(van, mini-van, panel, pickup, sport utility) with only four tires / V2:Passenger car / V3:Light truck(van, mini-van, panel, pickup, sport utility) with only four tires",Dry,Daylight,Clear,,MASSACHUSETTS AVENUE CONNECTOR / FRONTAGE ROAD,,,FRONTAGE RD. N/B,,235855.2271,898410.3186
3251367,BOSTON,09-Sep-2012,3:13 PM,Property damage only (none injured),2,0,0,Angle,V1: Turning right / V2:Travelling straight ahead,V1:Eastbound / V2:Eastbound ,V1: Collision with motor vehicle in traffic / V2: Collision with motor vehicle in traffic ,V1: Passenger car / V2:Passenger car,Dry,Daylight,Not Reported,,WILLIAM DAY BOULEVARD / L STREET,,,,,238307.7815,897755.4374
3380426,BOSTON,09-Sep-2012,8:09 PM,Property damage only (none injured),2,0,0,"Sideswipe, same direction",V1: Parked / V2:Overtaking/passing,V1:Westbound / V2:Westbound ,V1: Collision with motor vehicle in traffic / V2: Collision with motor vehicle in traffic ,V1: Passenger car / V2:Passenger car,Dry,Dark - lighted roadway,Clear,,MASSACHUSETTS TURNPIKE Rte 90 W / RAMP - MASSACHUSETTS AVENUE TO RT 90 WB,,,WEST OF MASS. AVE.,,233622.4401,899794.6193
3265721,BOSTON,09-Sep-2012,11:48 PM,Non-fatal injury,2,1,0,Angle,V1: Travelling straight ahead / V2:Travelling straight ahead,V1:Northbound / V2:Northbound ,V1: Collision with motor vehicle in traffic / V2: Collision with motor vehicle in traffic ,"V1: Bus (seats for more than 15 people, including driver) / V2:Passenger car",Dry,Dark - lighted roadway,Clear,,519 RIVER STREET / BLUE HILL AVENUE,,,,,233518.7814,890879.3126
3254391,BOSTON,10-Sep-2012,9:19 AM,Property damage only (none injured),1,0,0,"Sideswipe, same direction",V1: Travelling straight ahead,V1:Northbound ,V1: Collision with curb ,V1: Passenger car,Dry,Daylight,Clear,,JAMAICAWAY / LOCHSTEAD AVENUE,,,,,231615.7341,896526.2506
3255345,BOSTON,10-Sep-2012,9:30 AM,Property damage only (none injured),2,0,0,"Sideswipe, same direction",V1: Slowing or stopped in traffic / V2:Slowing or stopped in traffic,V1:Eastbound / V2:Eastbound ,V1: Collision with motor vehicle in traffic / V2: Collision with motor vehicle in traffic ,V1: Passenger car / V2:Truck/trailer,Dry,Daylight,Clear,,Rte 90 E,,Exit 18 on Rte 90 E,,,230714.9765,900764.6942
3250412,BOSTON,10-Sep-2012,10:00 AM,Property damage only (none injured),2,0,0,Rear-end,V1: Travelling straight ahead / V2:Travelling straight ahead,V1:Westbound / V2:Westbound ,V1: Collision with motor vehicle in traffic / V2: Collision with motor vehicle in traffic ,"V1: Light truck(van, mini-van, panel, pickup, sport utility) with only four tires / V2:Light truck(van, mini-van, panel, pickup, sport utility) with only four tires",Dry,Daylight,Cloudy,,SOLDIERS FIELD ROAD / EVERETT STREET,,,OPPOSITE 1234 SOLDIERS FIELD RD.,,229933.5356,901613.2616
3276956,BOSTON,10-Sep-2012,10:16 AM,Unknown,1,0,0,Single vehicle crash,V1: Travelling straight ahead,V1:Not reported ,V1: Collision with motor vehicle in traffic ,V1: Passenger car,Dry,Daylight,Clear/Clear,MELNEA CASS BOULEVARD / WASHINGTON STREET,,,,,,234535.2381,898131.509
3321663,BOSTON (JAMAICA PLAIN),10-Sep-2012,11:12 AM,Non-fatal injury,2,3,0,Angle,V1: Travelling straight ahead / V2:Not reported,V1:Northbound / V2:Not reported ,V1: Collision with motor vehicle in traffic / V2: Not reported ,"V1: Light truck(van, mini-van, panel, pickup, sport utility) with only four tires / V2:Not reported",Dry,Daylight,Clear/Clear,AMORY STREET / ATHERTON STREET,,,,,,232870.3907,896494.9998
3290893,BOSTON,10-Sep-2012,2:46 PM,Property damage only (none injured),2,0,0,Rear-end,V1: Slowing or stopped in traffic / V2:Travelling straight ahead,V1:Southbound / V2:Southbound ,V1: Collision with motor vehicle in traffic / V2: Collision with motor vehicle in traffic ,V1: Passenger car / V2:Passenger car,Dry,Daylight,Clear,,Rte 93 S,,Exit 15 on Rte 93 S,BY DYC CUTOUT,,236629.6253,897168.5001
3263168,BOSTON,10-Sep-2012,3:40 PM,Non-fatal injury,2,1,0,"Sideswipe, same direction",V1: Travelling straight ahead / V2:Changing lanes,V1:Southbound / V2:Southbound ,V1: Collision with motor vehicle in traffic / V2: Collision with motor vehicle in traffic ,V1: Passenger car / V2:Passenger car,Dry,Daylight,Clear,,Rte 93 S,,Exit 20 on Rte 93 S,,,236954.209,900826.9442
3257907,BOSTON,10-Sep-2012,3:44 PM,Non-fatal injury,1,1,0,Angle,V1: Turning right,V1:Westbound ,"V1: Collision with cyclist (bicycle, tricycle, unicycle, pedal car) ",V1: Passenger car,Dry,Daylight,Clear,NONANTUM ROAD / UNNAMED ROAD,,,,BY COMMUNITY ROWING,"P2:Pedalcyclist (bicycle, tricycle, unicycle, pedal car)",227486.3595,900883.125
3281830,BOSTON (BRIGHTON),10-Sep-2012,10:35 PM,Property damage only (none injured),2,0,0,Angle,V1: Travelling straight ahead / V2:Turning left,V1:Northbound / V2:Westbound ,V1: Collision with motor vehicle in traffic / V2: Collision with motor vehicle in traffic ,V1: Passenger car / V2:Passenger car,Dry,Dark - lighted roadway,Clear,,15 WASHINGTON STREET,,,,,236427.3556,901019.4767
3265585,BOSTON (DORCHESTER),11-Sep-2012,00:00 AM,Non-fatal injury,1,1,0,Not reported,V1: Travelling straight ahead,V1:Not reported ,V1: Collision with pedestrian ,"V1: Light truck(van, mini-van, panel, pickup, sport utility) with only four tires",Not reported,Not reported,Not Reported,,780 DUDLEY STREET,,,,P2:Pedestrian,235822.4124,896392.0245
3281259,BOSTON (BRIGHTON),11-Sep-2012,8:05 AM,Property damage only (none injured),1,0,0,Not reported,V1: Travelling straight ahead,V1:Not reported ,"V1: Collision with cyclist (bicycle, tricycle, unicycle, pedal car) ",V1: Passenger car,Not reported,Not reported,Not Reported,EVERETT STREET / NORTH BEACON STREET,,,,,"P2:Pedalcyclist (bicycle, tricycle, unicycle, pedal car)",229736.3906,900428.8125
3263760,BOSTON,11-Sep-2012,8:55 AM,Property damage only (none injured),2,0,0,Rear-end,V1: Travelling straight ahead / V2:Travelling straight ahead,V1:Southbound / V2:Southbound ,V1: Collision with motor vehicle in traffic / V2: Collision with motor vehicle in traffic ,V1: Passenger car / V2:Passenger car,Dry,Daylight,Clear,,Rte 93 S,,Exit 24 on Rte 93 S,,,236397.1933,901565.6511
3281257,BOSTON (ALLSTON),11-Sep-2012,9:17 AM,Not Reported,2,0,0,Angle,V1: Travelling straight ahead / V2:Turning left,V1:Not reported / V2:Not reported ,V1: Not reported / V2: Not reported ,"V1: Bus (seats for more than 15 people, including driver) / V2:Light truck(van, mini-van, panel, pickup, sport utility) with only four tires",Dry,Daylight,Clear/Other,,204 NORTH HARVARD STREET,,,,,230474.6261,901444.9142
3281833,BOSTON (BRIGHTON),11-Sep-2012,11:23 AM,Non-fatal injury,2,1,0,Unknown,V1: Travelling straight ahead / V2:Turning left,V1:Not reported / V2:Not reported ,V1: Unknown / V2: Unknown ,"V1: MOPED / V2:Light truck(van, mini-van, panel, pickup, sport utility) with only four tires",Dry,Daylight,Clear,COMMONWEALTH AVENUE / ALLSTON STREET,,,,,,229853.5679,899842.3698
3291923,BOSTON,11-Sep-2012,2:31 PM,Not Reported,2,0,0,Angle,V1: Travelling straight ahead / V2:Travelling straight ahead,V1:Not reported / V2:Not reported ,V1: Collision with motor vehicle in traffic / V2: Collision with motor vehicle in traffic ,"V1: Passenger car / V2:Light truck(van, mini-van, panel, pickup, sport utility) with only four tires",Dry,Daylight,Clear,CENTRE STREET / PARK STREET,,,,,,228334.0154,892796.8125
3282477,BOSTON (CHARLESTOWN),11-Sep-2012,6:40 PM,Property damage only (none injured),2,0,0,Angle,V1: Travelling straight ahead / V2:Travelling straight ahead,V1:Eastbound / V2:Northbound ,V1: Collision with motor vehicle in traffic / V2: Collision with motor vehicle in traffic ,"V1: Passenger car / V2:Light truck(van, mini-van, panel, pickup, sport utility) with only four tires",Dry,Dusk,Clear/Clear,ELM STREET / BARTLETT STREET,,,,,,235959.6385,903146.3053
3286843,BOSTON,11-Sep-2012,9:59 PM,Non-fatal injury,2,4,0,Rear-end,V1: Travelling straight ahead / V2:Travelling straight ahead,V1:Not reported / V2:Not reported ,V1: Collision with motor vehicle in traffic / V2: Collision with motor vehicle in traffic ,"V1: Light truck(van, mini-van, panel, pickup, sport utility) with only four tires / V2:Light truck(van, mini-van, panel, pickup, sport utility) with only four tires",Dry,Dark - lighted roadway,Clear/Clear,BOWDOIN STREET / TOPLIFF STREET,,,,,,235553.047,895023.8123
3388440,BOSTON,12-Sep-2012,1:08 AM,Property damage only (none injured),2,0,0,Single vehicle crash,V1: Changing lanes / V2:Slowing or stopped in traffic,V1:Westbound / V2:Not reported ,V1: Collision with work zone maintenance equipment / V2: Other ,V1: Passenger car / V2:Passenger car,Wet,Dark - lighted roadway,Cloudy,,MASSACHUSETTS TURNPIKE Rte 90 W / RAMP - DARTMOUTH STREET TO RT 90 WB,,,EAST OF THE PRU TUNNEL,,234691.551,899789.242
3252107,BOSTON,12-Sep-2012,7:33 AM,Non-fatal injury,1,1,0,Single vehicle crash,V1: Travelling straight ahead,V1:Northbound ,V1: Collision with pedestrian ,V1: Passenger car,Dry,Daylight,Not Reported,,MORTON STREET / SELDEN STREET,,,MORTON STREET @ SELDON STREET,P2:Pedestrian,234424.4024,892301.6634
3288813,BOSTON (DORCHESTER),12-Sep-2012,7:58 AM,Non-fatal injury,1,1,0,Not reported,V1: Turning left,V1:Westbound ,V1: Collision with pedestrian ,V1: Passenger car,Not reported,Not reported,Not Reported,WELLES AVENUE / DORCHESTER AVENUE,,,,,P2:Pedestrian,236030.0313,893368.7498
3264184,BOSTON,12-Sep-2012,8:56 AM,Property damage only (none injured),2,0,0,Angle,V1: Travelling straight ahead / V2:Travelling straight ahead,V1:Southbound / V2:Westbound ,V1: Collision with motor vehicle in traffic / V2: Collision with motor vehicle in traffic ,"V1: Light truck(van, mini-van, panel, pickup, sport utility) with only four tires / V2:Light truck(van, mini-van, panel, pickup, sport utility) with only four tires",Dry,Daylight,Clear,,OLD COLONY AVENUE / PREBLE STREET,,,,,236869.4374,897748.4378
3252258,BOSTON,12-Sep-2012,12:26 PM,Non-fatal injury,3,1,0,Rear-end,V1: Slowing or stopped in traffic / V2:Travelling straight ahead / V3:Travelling straight ahead,V1:Southbound / V2:Southbound / V3:Southbound ,V1: Collision with motor vehicle in traffic / V2: Collision with median barrier / V3: Collision with motor vehicle in traffic ,"V1: Passenger car / V2:Light truck(van, mini-van, panel, pickup, sport utility) with only four tires / V3:Passenger car",Dry,Daylight,Not Reported,FOREST HILLS ENTRANCE DRIVE / JAMES SHEA CIRCLE Rte 203 W / @MORTON & JEWISH WAR,,,,JEWISH WAR VETS PARKWAY @ MORTON,,232451.1877,894560.4375
3381222,BOSTON,12-Sep-2012,1:49 PM,Property damage only (none injured),2,0,0,"Sideswipe, same direction",V1: Parked / V2:Entering traffic lane,V1:Eastbound / V2:Eastbound ,V1: Collision with motor vehicle in traffic / V2: Collision with parked motor vehicle ,"V1: Light truck(van, mini-van, panel, pickup, sport utility) with only four tires / V2:Passenger car",Dry,Daylight,Clear,,LOGAN AIRPORT TERMINAL B / LOGAN AIRPORT TERMINAL B,,,,,239690.084,901758.9968
3252568,BOSTON,12-Sep-2012,3:51 PM,Non-fatal injury,1,1,0,Single vehicle crash,V1: Travelling straight ahead,V1:Not reported ,V1: Collision with pedestrian ,"V1: Light truck(van, mini-van, panel, pickup, sport utility) with only four tires",Dry,Daylight,Not Reported,NEPONSET VALLEY PARKWAY / MILTON STREET,,,,MILTON ST BRIDGE,P2:Pedestrian,230226.9685,887751.6874
3286880,BOSTON (DORCHESTER),12-Sep-2012,5:00 PM,Non-fatal injury,1,1,0,Single vehicle crash,V1: Turning left,V1:Not reported ,V1: Collision with pedestrian ,"V1: Light truck(van, mini-van, panel, pickup, sport utility) with only four tires",Dry,Daylight,Rain,DORCHESTER AVENUE / PARK STREET,,,,,P2:Pedestrian,236228.2762,894329.7784
3281629,BOSTON (BRIGHTON),12-Sep-2012,6:35 PM,Non-fatal injury,1,1,0,Angle,V1: Travelling straight ahead,V1:Eastbound ,V1: Collision with parked motor vehicle ,V1: Passenger car,Dry,Dusk,Clear,BRIGHTON AVENUE / PARK VALE AVENUE,,,,,"P2:Pedalcyclist (bicycle, tricycle, unicycle, pedal car)",230222.3283,900351.6249
3282483,BOSTON,13-Sep-2012,00:00 AM,Property damage only (none injured),2,0,0,"Sideswipe, same direction",V1: Travelling straight ahead / V2:Parked,V1:Not reported / V2:Not reported ,V1: Not reported / V2: Collision with parked motor vehicle ,"V1: Light truck(van, mini-van, panel, pickup, sport utility) with only four tires / V2:Light truck(van, mini-van, panel, pickup, sport utility) with only four tires",Dry,Dark - lighted roadway,Clear/Clear,CONGRESS STREET / NEW CHARDON STREET,,,,,,,
3282490,BOSTON,13-Sep-2012,3:26 AM,Property damage only (none injured),2,0,0,Angle,V1: Parked / V2:Turning right,V1:Not reported / V2:Not reported ,V1: Not reported / V2: Not reported ,V1: Passenger car / V2:Passenger car,Dry,Dark - lighted roadway,Clear,,40 BEACON STREET,,,,,235749.1592,900806.994
3263587,BOSTON,13-Sep-2012,7:20 AM,Property damage only (none injured),2,0,0,Angle,V1: Travelling straight ahead / V2:Travelling straight ahead,V1:Eastbound / V2:Northbound ,V1: Collision with motor vehicle in traffic / V2: Collision with motor vehicle in traffic ,"V1: Light truck(van, mini-van, panel, pickup, sport utility) with only four tires / V2:Light truck(van, mini-van, panel, pickup, sport utility) with only four tires",Dry,Daylight,Clear,COLUMBIA ROAD / RAMP - RT 93 NB TO COLUMBIA RD / RAMP - COLUMBIA RD TO RT 93 NB,,,,BOTTON OF RTE 93 NB RAMP,,236856.5944,896870.7883
3281627,BOSTON (BRIGHTON),13-Sep-2012,7:45 AM,Property damage only (none injured),2,0,0,Angle,V1: Turning left / V2:Travelling straight ahead,V1:Not reported / V2:Not reported ,V1: Collision with motor vehicle in traffic / V2: Collision with motor vehicle in traffic ,"V1: Passenger car / V2:Light truck(van, mini-van, panel, pickup, sport utility) with only four tires",Dry,Daylight,Clear/Clear,NORTH BEACON STREET / GOODENOUGH STREET,,,,,,228524.7626,900827.2832
3380427,BOSTON,13-Sep-2012,8:29 AM,Non-fatal injury,4,2,0,Rear-end,V1: Slowing or stopped in traffic / V2:Slowing or stopped in traffic / V3:Slowing or stopped in traffic / V4:Travelling straight ahead,V1:Southbound / V2:Southbound / V3:Southbound / V4:Southbound ,V1: Collision with motor vehicle in traffic / V2: Collision with motor vehicle in traffic / V3: Collision with motor vehicle in traffic / V4: Collision with motor vehicle in traffic ,"V1: Passenger car / V2:Passenger car / V3:Passenger car / V4:Light truck(van, mini-van, panel, pickup, sport utility) with only four tires",Dry,Daylight,Clear,,JOHN F FITZGERALD EXPRESSWAY Rte 93 S,,,ZAKIM BRIDGE,,235923.3171,902164.5247
3252095,BOSTON,13-Sep-2012,9:06 AM,Property damage only (none injured),2,0,0,Rear-end,V1: Travelling straight ahead / V2:Travelling straight ahead,V1:Eastbound / V2:Eastbound ,V1: Collision with motor vehicle in traffic / V2: Collision with motor vehicle in traffic ,"V1: Passenger car / V2:Light truck(van, mini-van, panel, pickup, sport utility) with only four tires",Dry,Daylight,Clear,,SOLDIERS FIELD ROAD / RAMP - WESTERN AVE TO SOLDIERS FIELD RD,,,RIVER STREET OVERPASS,,231496.9672,901229.9969
3281626,BOSTON (BRIGHTON),13-Sep-2012,9:08 AM,Not Reported,2,0,0,Head-on,V1: Travelling straight ahead / V2:Unknown,V1:Not reported / V2:Not reported ,V1: Not reported / V2: Not reported ,V1: Passenger car / V2:Passenger car,Dry,Daylight,Clear/Other,GLENCOE STREET / SAYBROOK STREET,,,,,,228982.7814,900519.1877
3264434,BOSTON,13-Sep-2012,10:10 AM,Non-fatal injury,2,1,0,Head-on,V1: Turning left / V2:Travelling straight ahead,V1:Eastbound / V2:Westbound ,V1: Collision with motor vehicle in traffic / V2: Collision with motor vehicle in traffic ,V1: Passenger car / V2:Motorcycle,Dry,Daylight,Clear,,ENNEKING PARKWAY BRANCH / WASHINGTON STREET,,,,,229395.1252,891436.3748
3267863,BOSTON,13-Sep-2012,12:00 PM,Property damage only (none injured),2,0,0,"Sideswipe, same direction",V1: Travelling straight ahead / V2:Turning left,V1:Northbound / V2:Northbound ,V1: Collision with motor vehicle in traffic / V2: Collision with motor vehicle in traffic ,"V1: Light truck(van, mini-van, panel, pickup, sport utility) with only four tires / V2:Truck/trailer",Dry,Daylight,Clear,SOLDIERS FIELD ROAD / CAMBRIDGE STREET,,,,RIVER STREET BRIDGE,,231481.8339,900947.1158
3267589,BOSTON,13-Sep-2012,12:10 PM,Property damage only (none injured),2,0,0,"Sideswipe, same direction",V1: Travelling straight ahead / V2:Turning left,V1:Eastbound / V2:Northbound ,V1: Collision with motor vehicle in traffic / V2: Collision with motor vehicle in traffic ,"V1: Light truck(van, mini-van, panel, pickup, sport utility) with only four tires / V2:Passenger car",Dry,Daylight,Clear,SOLDIERS FIELD ROAD / CAMBRIDGE STREET,,,,RIVER STREET BRIDGE,,231481.8339,900947.1158
3264524,BOSTON,13-Sep-2012,2:02 PM,Property damage only (none injured),2,0,0,"Sideswipe, same direction",V1: Turning right / V2:Turning right,V1:Southbound / V2:Southbound ,V1: Collision with motor vehicle in traffic / V2: Collision with motor vehicle in traffic ,"V1: Light truck(van, mini-van, panel, pickup, sport utility) with only four tires / V2:Truck/trailer",Dry,Daylight,Clear,,RAMP - RT 1A SB/ RT 90 WB TO HARBORSIDE / TOLLBOOTH ACCESS ROAD,,,LOOP RD. TO HARBORSIDE DR.,,238970.7011,902148.7889