Crash Number,City/Town Name,Crash Date,Crash Time,Crash Severity,Number of Vehicles,Total Nonfatal Injuries,Total Fatal Injuries,Manner of Collision,Vehicle Action Prior to Crash,Vehicle Travel Directions,Most Harmful Events,Vehicle Configuration,Road Surface Condition,Ambient Light,Weather Condition,At Roadway Intersection,Distance from Nearest Roadway Intersection,Distance from Nearest Milemarker,Distance from Nearest Exit,Distance from Nearest Landmark,Non Motorist Type,X Coordinate,Y Coordinate
3264761,BOSTON,13-Sep-2012,3:31 PM,Property damage only (none injured),4,0,0,Rear-end,V1: Slowing or stopped in traffic / V2:Slowing or stopped in traffic / V3:Slowing or stopped in traffic / V4:Travelling straight ahead,V1:Southbound / V2:Southbound / V3:Southbound / V4:Southbound ,V1: Collision with motor vehicle in traffic / V2: Collision with motor vehicle in traffic / V3: Collision with motor vehicle in traffic / V4: Collision with motor vehicle in traffic ,"V1: Light truck(van, mini-van, panel, pickup, sport utility) with only four tires / V2:Passenger car / V3:Passenger car / V4:Passenger car",Dry,Daylight,Clear,,VETERANS OF FOREIGN WARS PARKWAY / BAKER STREET,,,,,227086.7657,893107.1877
3255066,BOSTON,13-Sep-2012,5:25 PM,Property damage only (none injured),3,0,0,Rear-end,V1: Slowing or stopped in traffic / V2:Slowing or stopped in traffic / V3:Travelling straight ahead,V1:Southbound / V2:Southbound / V3:Southbound ,V1: Collision with motor vehicle in traffic / V2: Collision with motor vehicle in traffic / V3: Collision with motor vehicle in traffic ,"V1: Light truck(van, mini-van, panel, pickup, sport utility) with only four tires / V2:Light truck(van, mini-van, panel, pickup, sport utility) with only four tires / V3:Light truck(van, mini-van, panel, pickup, sport utility) with only four tires",Dry,Daylight,Clear,,Rte 93 S,,Exit 15 on Rte 93 S,,,236629.6253,897168.5001
3257908,BOSTON,13-Sep-2012,5:54 PM,Property damage only (none injured),4,0,0,Rear-end,V1: Slowing or stopped in traffic / V2:Slowing or stopped in traffic / V3:Slowing or stopped in traffic / V4:Travelling straight ahead,V1:Westbound / V2:Westbound / V3:Westbound / V4:Westbound ,V1: Collision with motor vehicle in traffic / V2: Collision with motor vehicle in traffic / V3: Collision with motor vehicle in traffic / V4: Collision with motor vehicle in traffic ,"V1: Passenger car / V2:Light truck(van, mini-van, panel, pickup, sport utility) with only four tires / V3:Passenger car / V4:Passenger car",Dry,Daylight,Clear,,STORROW DRIVE / CHARLESGATE OVERPASS,,,0 feet W from SILBER WAY O/P,,232850.6363,900136.2944
3263169,BOSTON,13-Sep-2012,9:30 PM,Property damage only (none injured),2,0,0,Angle,V1: Slowing or stopped in traffic / V2:Travelling straight ahead,V1:Westbound / V2:Westbound ,V1: Not reported / V2: Not reported ,"V1: Passenger car / V2:Light truck(van, mini-van, panel, pickup, sport utility) with only four tires",Dry,Dark - lighted roadway,Clear,,Rte 90 W,,,,,234170.1927,899773.2896
3264209,BOSTON,14-Sep-2012,00:00 AM,Fatal injury,1,1,1,Single vehicle crash,V1: Travelling straight ahead,V1:Southbound ,"V1: Collision with cyclist (bicycle, tricycle, unicycle, pedal car) ","V1: Light truck(van, mini-van, panel, pickup, sport utility) with only four tires",Dry,Dark - lighted roadway,Clear,,WILLIAM T MORRISSEY BOULEVARD / OLD COLONY TERRACE,,,MALIBU BEACH,"P1:Pedalcyclist (bicycle, tricycle, unicycle, pedal car)",237392.6343,895265.4678
3381577,BOSTON,14-Sep-2012,5:20 AM,Non-fatal injury,1,1,0,Single vehicle crash,V1: Travelling straight ahead,V1:Southbound ,V1: Collision with median barrier ,V1: Passenger car,Dry,Dark - lighted roadway,Clear,,JOHN F FITZGERALD EXPRESSWAY Rte 93 S / RAMP - RT 93 SB TO COLUMBIA RD,,,SOUTH OF EXIT 15,,236702.9833,897041.1502
3268378,BOSTON,14-Sep-2012,8:22 AM,Property damage only (none injured),2,0,0,Rear-end,V1: Slowing or stopped in traffic / V2:Travelling straight ahead,V1:Northbound / V2:Northbound ,V1: Collision with motor vehicle in traffic / V2: Collision with motor vehicle in traffic ,V1: Motorcycle / V2:Passenger car,Dry,Daylight,Clear,,Rte 93,,Exit 11 on Rte 93,,,237094.7253,891674.8051
3321656,BOSTON (JAMAICA PLAIN),14-Sep-2012,8:45 AM,Non-fatal injury,1,1,0,Unknown,V1: Parked,V1:Not reported ,"V1: Collision with cyclist (bicycle, tricycle, unicycle, pedal car) ",V1: Passenger car,Dry,Daylight,Clear/Clear,,424 CENTRE STREET,,,,"P2:Pedalcyclist (bicycle, tricycle, unicycle, pedal car)",236540.3454,893933.615
3381480,BOSTON,14-Sep-2012,10:28 AM,Property damage only (none injured),2,0,0,Angle,V1: Travelling straight ahead / V2:Changing lanes,V1:Westbound / V2:Westbound ,V1: Collision with motor vehicle in traffic / V2: Collision with motor vehicle in traffic ,"V1: Passenger car / V2:Light truck(van, mini-van, panel, pickup, sport utility) with only four tires",Dry,Daylight,Clear,COLUMBIA ROAD / KOSCIUSZKO CIRCLE / WILLIAM DAY BOULEVARD,,,,COLUMBIA CIRCLE,,237000,896933.5626
3252670,BOSTON,14-Sep-2012,3:03 PM,Property damage only (none injured),2,0,0,Rear-end,V1: Slowing or stopped in traffic / V2:Slowing or stopped in traffic,V1:Northbound / V2:Northbound ,V1: Collision with motor vehicle in traffic / V2: Collision with motor vehicle in traffic ,"V1: Bus (seats for more than 15 people, including driver) / V2:Light truck(van, mini-van, panel, pickup, sport utility) with only four tires",Dry,Daylight,Clear,,TRUMAN HIGHWAY / WAKEFIELD AVENUE,,,,,230848.6139,888274.7989
3265341,BOSTON,14-Sep-2012,3:50 PM,Property damage only (none injured),4,0,0,Rear-end,V1: Slowing or stopped in traffic / V2:Slowing or stopped in traffic / V3:Slowing or stopped in traffic / V4:Travelling straight ahead,V1:Northbound / V2:Northbound / V3:Northbound / V4:Northbound ,V1: Collision with motor vehicle in traffic / V2: Collision with motor vehicle in traffic / V3: Collision with motor vehicle in traffic / V4: Collision with motor vehicle in traffic ,"V1: Passenger car / V2:Passenger car / V3:Light truck(van, mini-van, panel, pickup, sport utility) with only four tires / V4:Light truck(van, mini-van, panel, pickup, sport utility) with only four tires",Dry,Daylight,Clear,,STORROW DRIVE / CHARLESGATE WEST,,,BOWKER OVERPASS N/B,,233356.842,900087.0736
3253043,BOSTON,14-Sep-2012,7:08 PM,Property damage only (none injured),1,0,0,Single vehicle crash,V1: Travelling straight ahead,V1:Eastbound ,V1: Collision with curb ,V1: Passenger car,Dry,Dark - lighted roadway,Clear,,CANTERBURY STREET,,,,,233292.4546,893667.6433
3321652,BOSTON (JAMAICA PLAIN),14-Sep-2012,7:28 PM,Non-fatal injury,2,1,0,Not reported,V1: Travelling straight ahead / V2:Parked,V1:Not reported / V2:Not reported ,V1: Collision with parked motor vehicle / V2: Collision with motor vehicle in traffic ,V1: Passenger car / V2:Passenger car,Dry,Daylight,Clear/Clear,,449 WALNUT AVENUE,,,,,233177.7294,895777.8308
3252249,BOSTON,14-Sep-2012,7:40 PM,Property damage only (none injured),2,0,0,Rear-end,V1: Travelling straight ahead / V2:Slowing or stopped in traffic,V1:Northbound / V2:Northbound ,V1: Collision with motor vehicle in traffic / V2: Collision with motor vehicle in traffic ,V1: Passenger car / V2:Passenger car,Dry,Dark - lighted roadway,Not Reported,NEPONSET AVENUE / WILLIAM T MORRISSEY BOULEVARD,,,,,,237696.0819,892924.3425
3322275,BOSTON,15-Sep-2012,6:01 AM,Non-fatal injury,2,3,0,"Sideswipe, opposite direction",V1: Travelling straight ahead / V2:Turning right,V1:Northbound / V2:Eastbound ,V1: Collision with motor vehicle in traffic / V2: Collision with motor vehicle in traffic ,"V1: Light truck(van, mini-van, panel, pickup, sport utility) with only four tires / V2:Passenger car",Dry,Dawn,Clear/Clear,MAIN STREET / BEACHAM STREET,,,,,,234995.6561,903924.2498
3321654,BOSTON (JAMAICA PLAIN),15-Sep-2012,8:38 AM,Non-fatal injury,3,1,0,Not reported,V1: Travelling straight ahead / V2:Parked / V3:Parked,V1:Not reported / V2:Not reported / V3:Not reported ,V1: Collision with parked motor vehicle / V2: Collision with motor vehicle in traffic / V3: Collision with motor vehicle in traffic ,"V1: Passenger car / V2:Passenger car / V3:Light truck(van, mini-van, panel, pickup, sport utility) with only four tires",Not reported,Not reported,Not Reported,,81 SOUTH HUNTINGTON AVENUE,,,,,232043.247,897783.2514
3266112,BOSTON,15-Sep-2012,9:00 AM,Not Reported,2,0,0,Not reported,V1: Not reported / V2:Not reported,V1:Not reported / V2:Not reported ,V1: Not reported / V2: Not reported ,"V1: Passenger car / V2:Light truck(van, mini-van, panel, pickup, sport utility) with only four tires",Not reported,Not reported,Not Reported,HYDE PARK AVENUE / AMERICAN LEGION HIGHWAY,,,,,,231339.0781,891416.7713
3380481,BOSTON,15-Sep-2012,9:23 AM,Property damage only (none injured),2,0,0,Rear-end,V1: Slowing or stopped in traffic / V2:Slowing or stopped in traffic,V1:Southbound / V2:Southbound ,V1: Collision with motor vehicle in traffic / V2: Not reported ,"V1: Passenger car / V2:Light truck(van, mini-van, panel, pickup, sport utility) with only four tires",Wet,Daylight,Cloudy,,RAMP - LEVERETT CONNECTOR TO STORROW DRI Rte 3A N / RAMP-RT 93 NB TO STORROW DRIVE Rte 3 N,,,STATION TUNNEL,,235626.6842,901891.1598
3253954,BOSTON,15-Sep-2012,11:02 AM,Property damage only (none injured),2,0,0,Angle,V1: Travelling straight ahead / V2:Turning left,V1:Southbound / V2:Southbound ,V1: Collision with motor vehicle in traffic / V2: Collision with motor vehicle in traffic ,"V1: Light truck(van, mini-van, panel, pickup, sport utility) with only four tires / V2:Light truck(van, mini-van, panel, pickup, sport utility) with only four tires",Dry,Daylight,Clear,SOUTHBOUND FRONTAGE ROAD / HAUL ROAD,,,,HAGERTY BRIDGE,,235884.1717,898231.2671
3384380,BOSTON,15-Sep-2012,11:45 AM,Property damage only (none injured),2,0,0,Rear-end,V1: Slowing or stopped in traffic / V2:Travelling straight ahead,V1:Northbound / V2:Northbound ,V1: Collision with motor vehicle in traffic / V2: Collision with motor vehicle in traffic ,V1: Passenger car / V2:Passenger car,Dry,Daylight,Clear,,VETERANS OF FOREIGN WARS PARKWAY / CALEDONIA AVENUE,,,IPARTY,,227055.9957,891102.0261
3380428,BOSTON,15-Sep-2012,12:46 PM,Property damage only (none injured),3,0,0,Rear-end,V1: Slowing or stopped in traffic / V2:Slowing or stopped in traffic / V3:Slowing or stopped in traffic,V1:Northbound / V2:Northbound / V3:Northbound ,V1: Collision with motor vehicle in traffic / V2: Collision with motor vehicle in traffic / V3: Collision with motor vehicle in traffic ,"V1: Passenger car / V2:Passenger car / V3:Light truck(van, mini-van, panel, pickup, sport utility) with only four tires",Dry,Daylight,Clear,,JOHN F FITZGERALD EXPRESSWAY Rte 93 N / RAMP - RT 90 TO RT 93 NB,,,RAMP D,,236552.6574,900128.4908
3380482,BOSTON,15-Sep-2012,4:00 PM,Property damage only (none injured),2,0,0,Rear-end,V1: Slowing or stopped in traffic / V2:Travelling straight ahead,V1:Northbound / V2:Northbound ,V1: Collision with motor vehicle in traffic / V2: Collision with motor vehicle in traffic ,"V1: Light truck(van, mini-van, panel, pickup, sport utility) with only four tires / V2:Passenger car",Dry,Daylight,Clear,,JOHN F FITZGERALD EXPRESSWAY Rte 93 N / RAMP - RT 90 TO RT 93 NB,,,RAMP D MERGE,,236585.0635,900216.6804
3252101,BOSTON,15-Sep-2012,5:50 PM,Property damage only (none injured),4,0,0,Rear-end,V1: Travelling straight ahead / V2:Slowing or stopped in traffic / V3:Travelling straight ahead / V4:Travelling straight ahead,V1:Southbound / V2:Southbound / V3:Southbound / V4:Southbound ,V1: Collision with motor vehicle in traffic / V2: Collision with motor vehicle in traffic / V3: Collision with motor vehicle in traffic / V4: Collision with motor vehicle in traffic ,V1: Passenger car / V2:Passenger car / V3:Passenger car / V4:Passenger car,Dry,Daylight,Clear,,Rte 93 S,,Exit 15 on Rte 93 S,,,236629.6253,897168.5001
3263170,BOSTON,15-Sep-2012,6:28 PM,Property damage only (none injured),2,0,0,Rear-end,V1: Slowing or stopped in traffic / V2:Slowing or stopped in traffic,V1:Southbound / V2:Southbound ,V1: Collision with motor vehicle in traffic / V2: Collision with motor vehicle in traffic ,V1: Passenger car / V2:Passenger car,Dry,Dark - roadway not lighted,Clear,,Rte 93 S / RAMP - RT 1 SB TO LEVERETT CONNECTOR,,,"RAMP "T/C"""AMP ",,235594.6499,902474.2326
3282605,BOSTON (ROXBURY),15-Sep-2012,8:35 PM,Non-fatal injury,1,1,0,Angle,V1: Travelling straight ahead,V1:Westbound ,V1: Collision with motor vehicle in traffic ,V1: Passenger car,Dry,Dark - lighted roadway,Clear,WALNUT AVENUE / DALE STREET,,,,,,234153.5155,896841.8127
3263171,BOSTON,15-Sep-2012,9:06 PM,Property damage only (none injured),1,0,0,Single vehicle crash,V1: Travelling straight ahead,V1:Northbound ,V1: Collision with median barrier ,"V1: Light truck(van, mini-van, panel, pickup, sport utility) with only four tires",Dry,Dark - roadway not lighted,Clear,,Rte 93 N,,Exit 27 on Rte 93 N,,,235655.07,902467.5364
3254456,BOSTON,15-Sep-2012,10:12 PM,Property damage only (none injured),2,0,0,Angle,V1: Turning right / V2:Not reported,V1:Southbound / V2:Southbound ,V1: Collision with motor vehicle in traffic / V2: Collision with motor vehicle in traffic ,"V1: Light truck(van, mini-van, panel, pickup, sport utility) with only four tires / V2:Passenger car",Dry,Dark - lighted roadway,Clear,,CHARLESGATE WEST / BEACON STREET,,,,,233543.9754,900022.1832
3389308,BOSTON,15-Sep-2012,11:40 PM,Property damage only (none injured),2,0,0,Angle,V1: Changing lanes / V2:Travelling straight ahead,V1:Southbound / V2:Southbound ,V1: Collision with motor vehicle in traffic / V2: Collision with motor vehicle in traffic ,"V1: Light truck(van, mini-van, panel, pickup, sport utility) with only four tires / V2:Light truck(van, mini-van, panel, pickup, sport utility) with only four tires",Dry,Dark - lighted roadway,Clear,,100 PLAYSTEAD ROAD Rte 93 S,,,DYC,,236767.6302,895231.3826
3252250,BOSTON,16-Sep-2012,1:30 AM,Property damage only (none injured),3,0,0,Single vehicle crash,V1: Parked / V2:Parked / V3:Overtaking/passing,V1:Not reported / V2:Not reported / V3:Northbound ,V1: Collision with motor vehicle in traffic / V2: Collision with motor vehicle in traffic / V3: Collision with motor vehicle in traffic ,"V1: Light truck(van, mini-van, panel, pickup, sport utility) with only four tires / V2:Light truck(van, mini-van, panel, pickup, sport utility) with only four tires / V3:Passenger car",Dry,Dark - lighted roadway,Clear,,0 feet S from Intersection WILLIAM DAY BOULEVARD / P STREET,,,,,238975.3903,898098.9374
3254462,BOSTON,16-Sep-2012,1:53 AM,Property damage only (none injured),1,0,0,Single vehicle crash,V1: Travelling straight ahead,V1:Northbound ,V1: Collision with light pole or other post/support ,V1: Passenger car,Dry,Dark - lighted roadway,Cloudy,,ENNEKING PARKWAY / SMITH FIELD ROAD,,,NORTH OF SMITH FIELD,,230050.6826,889832.3555
3282482,BOSTON,16-Sep-2012,2:25 AM,Non-fatal injury,1,1,0,Single vehicle crash,V1: Travelling straight ahead,V1:Not reported ,V1: Not reported ,V1: Passenger car,Dry,Dark - lighted roadway,Clear/Cloudy,,BEACON STREET,,,,,,
3567742,BOSTON,16-Sep-2012,3:05 AM,Not Reported,2,0,0,Not reported,V1: Not reported / V2:Not reported,V1:Eastbound / V2:Eastbound ,V1: Not reported / V2: Not reported ,"V1: Light truck(van, mini-van, panel, pickup, sport utility) with only four tires / V2:Passenger car",Not reported,Not reported,Not Reported,,808 COMMONWEALTH AVENUE,,,,,232054.2848,900067.8889
3266178,BOSTON,16-Sep-2012,3:18 AM,Non-fatal injury,1,1,0,Single vehicle crash,V1: Travelling straight ahead,V1:Southbound ,V1: Collision with utility pole ,V1: Passenger car,Dry,Dark - lighted roadway,Clear,,ARBORWAY / CENTRE STREET,,,,,231269.4377,895461.1869
3274478,BOSTON,16-Sep-2012,4:47 AM,Property damage only (none injured),1,0,0,Single vehicle crash,V1: Travelling straight ahead,V1:Southbound ,V1: Collision with median barrier ,V1: Passenger car,Dry,Dark - lighted roadway,Cloudy,,Rte 93 S,,Exit 24 on Rte 93 S,JUST INSIDE THE O'NEIL TUNNEL,,236397.1933,901565.6511
3252234,BOSTON,16-Sep-2012,9:55 AM,Non-fatal injury,2,1,0,Rear-end,V1: Travelling straight ahead / V2:Slowing or stopped in traffic,V1:Westbound / V2:Westbound ,V1: Collision with motor vehicle in traffic / V2: Collision with motor vehicle in traffic ,V1: Passenger car / V2:Passenger car,Dry,Daylight,Clear,,Rte 90 W,,Exit 18 on Rte 90,,,230710.1153,900785.5149
3264741,BOSTON,16-Sep-2012,10:10 AM,Non-fatal injury,3,1,0,Rear-end,V1: Slowing or stopped in traffic / V2:Slowing or stopped in traffic / V3:Travelling straight ahead,V1:Northbound / V2:Northbound / V3:Northbound ,V1: Collision with motor vehicle in traffic / V2: Collision with motor vehicle in traffic / V3: Collision with motor vehicle in traffic ,V1: Passenger car / V2:Passenger car / V3:Passenger car,Dry,Daylight,Clear,,Rte 93 N,,Exit 26 on Rte 93 N,,,236402.7433,901600.0342
3381481,BOSTON,16-Sep-2012,12:00 PM,Property damage only (none injured),2,0,0,Rear-end,V1: Travelling straight ahead / V2:Slowing or stopped in traffic,V1:Southbound / V2:Southbound ,V1: Collision with motor vehicle in traffic / V2: Collision with motor vehicle in traffic ,"V1: Passenger car / V2:Light truck(van, mini-van, panel, pickup, sport utility) with only four tires",Dry,Daylight,Not Reported,,JOHN F FITZGERALD EXPRESSWAY Rte 93 S / RAMP - MORRISSEY BLVD TO RT 93 SB,,,PRIOR TO NEPONSET,,237690.8246,892941.0236
3254461,BOSTON,16-Sep-2012,12:10 PM,Non-fatal injury,2,1,0,Rear-end,V1: Not reported / V2:Travelling straight ahead,V1:Not reported / V2:Northbound ,V1: Not reported / V2: Collision with motor vehicle in traffic ,V1: Passenger car / V2:Passenger car,Dry,Daylight,Clear,,Rte 93 N,,Exit 15 on Rte 93 N,,,236972.2496,896473.4282
3253870,BOSTON,16-Sep-2012,1:33 PM,Property damage only (none injured),2,0,0,Rear-end,V1: Slowing or stopped in traffic / V2:Travelling straight ahead,V1:Northbound / V2:Northbound ,V1: Collision with motor vehicle in traffic / V2: Collision with motor vehicle in traffic ,V1: Passenger car / V2:Passenger car,Dry,Daylight,Clear,,Rte 93 N,,,,,236742.6233,900426.5825
3266434,BOSTON,16-Sep-2012,7:07 PM,Property damage only (none injured),2,0,0,Angle,V1: Turning right / V2:Parked,V1:Not reported / V2:Not reported ,V1: Collision with parked motor vehicle / V2: Not reported ,V1: Truck/trailer / V2:Passenger car,Dry,Daylight,Clear/Clear,EAST COTTAGE STREET / DAWES STREET,,,,,,236262.3436,896626.6247
3298659,BOSTON,17-Sep-2012,3:21 AM,Property damage only (none injured),2,0,0,Angle,V1: Backing / V2:Parked,V1:Southbound / V2:Not reported ,V1: Collision with motor vehicle in traffic / V2: Collision with motor vehicle in traffic ,"V1: Unknown heavy truck, cannot classify / V2:Passenger car",Dry,Dark - lighted roadway,Not Reported,,CHARLESGATE WEST / BEACON STREET,,,,,233543.9754,900022.1832
3265727,BOSTON,17-Sep-2012,9:22 AM,Property damage only (none injured),1,0,0,Rear-to-rear,V1: Travelling straight ahead,V1:Northbound ,"V1: Collision with cyclist (bicycle, tricycle, unicycle, pedal car) ","V1: Bus (seats for more than 15 people, including driver)",Dry,Daylight,Clear/Rain,,431 SOUTH HUNTINGTON AVENUE,,,,"P2:Pedalcyclist (bicycle, tricycle, unicycle, pedal car)",232006.4648,896686.3604
3283501,BOSTON,17-Sep-2012,9:36 AM,Not Reported,2,0,0,Not reported,V1: Not reported / V2:Not reported,V1:Not reported / V2:Not reported ,V1: Not reported / V2: Not reported ,V1: Passenger car / V2:Not reported,Not reported,Not reported,Not Reported,SEAVER STREET / BLUE HILL AVENUE,,,,,,234238.338,895060.5463
3289860,BOSTON (WEST ROXBURY),17-Sep-2012,9:55 AM,Not Reported,1,0,0,Single vehicle crash,V1: Travelling straight ahead,V1:Not reported ,V1: Collision with utility pole ,V1: Passenger car,Dry,Daylight,Clear,LA GRANGE STREET / PARTRIDGE STREET,,,,,,229244.1093,891660.1874
3281625,BOSTON (BRIGHTON),17-Sep-2012,10:55 AM,Non-fatal injury,3,1,0,Head-on,V1: Unknown / V2:Turning left / V3:Parked,V1:Eastbound / V2:Westbound / V3:Northbound ,V1: Collision with motor vehicle in traffic / V2: Collision with motor vehicle in traffic / V3: Collision with motor vehicle in traffic ,V1: Passenger car / V2:Not reported / V3:Not reported,Dry,Daylight,Clear,BRIGHTON AVENUE / HARVARD AVENUE,,,,,,230310.1562,900350.1872
3254392,BOSTON,17-Sep-2012,2:23 PM,Property damage only (none injured),2,0,0,Rear-end,V1: Travelling straight ahead / V2:Slowing or stopped in traffic,V1:Southbound / V2:Southbound ,V1: Collision with motor vehicle in traffic / V2: Collision with motor vehicle in traffic ,"V1: Passenger car / V2:Light truck(van, mini-van, panel, pickup, sport utility) with only four tires",Dry,Daylight,Clear,,JAMAICAWAY / KELLEY CIRCLE,,,PRINCE / KELLEY ROTARY,,231228.8755,895994.75
3286867,BOSTON,17-Sep-2012,3:30 PM,Not Reported,2,0,0,"Sideswipe, same direction",V1: Not reported / V2:Not reported,V1:Not reported / V2:Not reported ,V1: Not reported / V2: Not reported ,V1: Passenger car / V2:Passenger car,Dry,Daylight,Clear,ELMER ROAD / ADAMS STREET,,,,,,236723.4846,893092.3748
3285059,BOSTON,17-Sep-2012,3:44 PM,Property damage only (none injured),2,0,0,"Sideswipe, same direction",V1: Travelling straight ahead / V2:Travelling straight ahead,V1:Westbound / V2:Westbound ,V1: Collision with motor vehicle in traffic / V2: Collision with motor vehicle in traffic ,"V1: Passenger car / V2:Light truck(van, mini-van, panel, pickup, sport utility) with only four tires",Dry,Daylight,Clear,,76 BEACON STREET,,,,,235386.5549,900694.66
3659403,BOSTON,17-Sep-2012,3:51 PM,Fatal injury,1,0,1,Not reported,V1: Not reported,V1:Not reported ,V1: Not reported ,"V1: Unknown heavy truck, cannot classify",Not reported,Daylight,Not Reported,BROADWAY / A STREET,,,,,,,
3263230,BOSTON,17-Sep-2012,5:25 PM,Not Reported,2,0,0,Rear-end,V1: Slowing or stopped in traffic / V2:Slowing or stopped in traffic,V1:Northbound / V2:Northbound ,V1: Collision with motor vehicle in traffic / V2: Collision with motor vehicle in traffic ,"V1: Light truck(van, mini-van, panel, pickup, sport utility) with only four tires / V2:Passenger car",Dry,Daylight,Clear,,Rte 93 N,,Exit 28 on Rte 93 N,,,234953.5188,903173.3157
3386627,BOSTON,17-Sep-2012,8:00 PM,Property damage only (none injured),2,0,0,Angle,V1: Turning right / V2:Travelling straight ahead,V1:Westbound / V2:Westbound ,V1: Collision with motor vehicle in traffic / V2: Collision with motor vehicle in traffic ,"V1: Light truck(van, mini-van, panel, pickup, sport utility) with only four tires / V2:Passenger car",Dry,Dark - lighted roadway,Clear,,Rte 90 W,Rte 90  W Milemarker 130.0,Exit 19 on Rte 90 W,INTERCHANGE 19,,229752.0583,900842.7985
3263291,BOSTON,17-Sep-2012,10:14 PM,Property damage only (none injured),2,0,0,"Sideswipe, same direction",V1: Travelling straight ahead / V2:Changing lanes,V1:Northbound / V2:Northbound ,V1: Collision with motor vehicle in traffic / V2: Collision with motor vehicle in traffic ,V1: Passenger car / V2:Truck/trailer,Dry,Dark - lighted roadway,Clear,,Rte 93,,Exit 23 on Rte 93,,,236957.4837,900943.9828
3268302,BOSTON,17-Sep-2012,10:40 PM,Non-fatal injury,1,1,0,Angle,V1: Travelling straight ahead,V1:Southbound ,"V1: Collision with cyclist (bicycle, tricycle, unicycle, pedal car) ",V1: Passenger car,Dry,Dark - lighted roadway,Not Reported,SAINT THOMAS MORE ROAD / UNNAMED ROAD,,,,,"P2:Pedalcyclist (bicycle, tricycle, unicycle, pedal car)",227522.0935,898794.8751
3257901,BOSTON,17-Sep-2012,11:20 PM,Property damage only (none injured),2,0,0,Rear-end,V1: Travelling straight ahead / V2:Travelling straight ahead,V1:Southbound / V2:Southbound ,V1: Collision with motor vehicle in traffic / V2: Collision with motor vehicle in traffic ,"V1: Light truck(van, mini-van, panel, pickup, sport utility) with only four tires / V2:Passenger car",Dry,Dark - lighted roadway,Not Reported,JAMAICAWAY / KELLEY CIRCLE,,,,,,231228.8752,895994.7502
3253192,BOSTON,18-Sep-2012,2:55 AM,Property damage only (none injured),1,0,0,Single vehicle crash,V1: Changing lanes,V1:Westbound ,V1: Collision with median barrier ,"V1: Light truck(van, mini-van, panel, pickup, sport utility) with only four tires",Dry,Dark - lighted roadway,Clear,,Rte 90 W,Rte 90  W Milemarker 129.0,,NEW BALANCE BUILDING,,228154.8166,900866.0695
3266892,BOSTON,18-Sep-2012,3:05 AM,Not Reported,1,0,0,Not reported,V1: Not reported,V1:Northbound ,V1: Collision with utility pole ,V1: Not reported,Dry,Dark - lighted roadway,Clear,WILLIAM T MORRISSEY BOULEVARD / NEPONSET AVENUE,,,,,,237696.0819,892924.3425
3282485,BOSTON,18-Sep-2012,5:03 AM,Property damage only (none injured),2,0,0,Angle,V1: Travelling straight ahead / V2:Travelling straight ahead,V1:Not reported / V2:Not reported ,V1: Not reported / V2: Not reported ,"V1: Not reported / V2:Light truck(van, mini-van, panel, pickup, sport utility) with only four tires",Dry,Dark - lighted roadway,Clear,,CONGRESS STREET,,,,,,
3282481,BOSTON,18-Sep-2012,8:50 AM,Property damage only (none injured),2,0,0,"Sideswipe, opposite direction",V1: Travelling straight ahead / V2:Turning left,V1:Westbound / V2:Eastbound ,V1: Collision with motor vehicle in traffic / V2: Collision with motor vehicle in traffic ,"V1: Light truck(van, mini-van, panel, pickup, sport utility) with only four tires / V2:Light truck(van, mini-van, panel, pickup, sport utility) with only four tires",Dry,Daylight,Cloudy,,100 CAMBRIDGE STREET,,,,,236015.6889,901278.0142
3298658,BOSTON,18-Sep-2012,10:20 AM,Property damage only (none injured),2,0,0,"Sideswipe, same direction",V1: Travelling straight ahead / V2:Entering traffic lane,V1:Westbound / V2:Westbound ,V1: Collision with motor vehicle in traffic / V2: Collision with motor vehicle in traffic ,V1: Passenger car / V2:Passenger car,Dry,Daylight,Cloudy,,BEACON STREET,,,,,231891.7605,889477.6089
3264742,BOSTON,18-Sep-2012,11:35 AM,Property damage only (none injured),1,0,0,Single vehicle crash,V1: Travelling straight ahead,V1:Northbound ,V1: Collision with median barrier ,V1: Passenger car,Dry,Daylight,Clear,,198 feet N from Intersection LEVERETT CONNECTOR NORTH,,,LEVERETT CONNECTOR N/B,,236003.8057,901952.0512
3285058,BOSTON,18-Sep-2012,3:00 PM,Non-fatal injury,1,1,0,"Sideswipe, same direction",V1: Changing lanes,V1:Northbound ,"V1: Collision with cyclist (bicycle, tricycle, unicycle, pedal car) ",V1: Passenger car,Dry,Daylight,Clear,,1 CHARLES STREET SOUTH,,,,"P2:Pedalcyclist (bicycle, tricycle, unicycle, pedal car)",235657.7664,900226.2538
3379917,BOSTON,18-Sep-2012,6:12 PM,Property damage only (none injured),2,0,0,Not reported,V1: Travelling straight ahead / V2:Travelling straight ahead,V1:Westbound / V2:Westbound ,V1: Collision with motor vehicle in traffic / V2: Collision with motor vehicle in traffic ,V1: Passenger car / V2:Passenger car,Not reported,Not reported,Not Reported,,2599 BEACON STREET,,,BY 2599 BEACON STREET,,228153.7632,897988.0493