Crash Number,City/Town Name,Crash Date,Crash Time,Crash Severity,Number of Vehicles,Total Nonfatal Injuries,Total Fatal Injuries,Manner of Collision,Vehicle Action Prior to Crash,Vehicle Travel Directions,Most Harmful Events,Vehicle Configuration,Road Surface Condition,Ambient Light,Weather Condition,At Roadway Intersection,Distance from Nearest Roadway Intersection,Distance from Nearest Milemarker,Distance from Nearest Exit,Distance from Nearest Landmark,Non Motorist Type,X Coordinate,Y Coordinate
3264759,BOSTON,18-Sep-2012,10:16 PM,Property damage only (none injured),2,0,0,Angle,V1: Changing lanes / V2:Travelling straight ahead,V1:Westbound / V2:Westbound ,V1: Collision with motor vehicle in traffic / V2: Collision with motor vehicle in traffic ,V1: Passenger car / V2:Passenger car,Dry,Dark - lighted roadway,Severe crosswinds,,COLUMBIA ROAD / BUTTONWOOD STREET,,,,,236609.5872,896844.6625
3265342,BOSTON,19-Sep-2012,00:00 AM,Property damage only (none injured),1,0,0,Single vehicle crash,V1: Travelling straight ahead,V1:Westbound ,V1: Collision with motor vehicle in traffic ,V1: Passenger car,Dry,Dark - lighted roadway,Not Reported,,STORROW DRIVE Rte 28 S / RAMP - RT 3 TO RT 28 SB,,,AFTER LONGFELLOW BRIDGE,,235192.9338,901261.224
3263231,BOSTON,19-Sep-2012,00:00 AM,Property damage only (none injured),1,0,0,Single vehicle crash,V1: Travelling straight ahead,V1:Northbound ,V1: Collision with motor vehicle in traffic ,V1: Passenger car,Wet,Dark - lighted roadway,Rain,,Rte 93,,Exit 23 on Rte 93,PRIOR TO EXIT #23,,236957.4837,900943.9828
3263294,BOSTON,19-Sep-2012,2:09 AM,Property damage only (none injured),1,0,0,Single vehicle crash,V1: Travelling straight ahead,V1:Northbound ,V1: Collision with motor vehicle in traffic ,"V1: Unknown heavy truck, cannot classify",Wet,Dark - lighted roadway,Rain,,Rte 93 N,,Exit 20 on Rte 93 N,AT START OF HOV,,235935.6734,898219.8317
3263232,BOSTON,19-Sep-2012,2:48 AM,Property damage only (none injured),1,0,0,Single vehicle crash,V1: Entering traffic lane,V1:Southbound ,V1: Collision with motor vehicle in traffic ,V1: Passenger car,Wet,Dark - lighted roadway,Rain,SOUTHBOUND FRONTAGE ROAD,,,,BY THE BOSTON FOOD BANK,,235832.921,898314.614
3266268,BOSTON (READVILLE),19-Sep-2012,6:13 AM,Non-fatal injury,2,1,0,Rear-end,V1: Travelling straight ahead / V2:Travelling straight ahead,V1:Southbound / V2:Not reported ,V1: Collision with motor vehicle in traffic / V2: Collision with motor vehicle in traffic ,"V1: Bus (seats for 7-15 people, including driver) / V2:Bus (seats for 7-15 people, including driver)",Wet,Dawn,Cloudy/Rain,,MEADOW ROAD / NEPONSET VALLEY PARKWAY,,,,,230851.8579,887323.2827
3254591,BOSTON,19-Sep-2012,8:22 AM,Property damage only (none injured),2,0,0,Angle,V1: Turning left / V2:Turning left,V1:Northbound / V2:Northbound ,V1: Collision with motor vehicle in traffic / V2: Collision with motor vehicle in traffic ,V1: Passenger car / V2:Truck/trailer,Dry,Daylight,Cloudy,,SOLDIERS FIELD ROAD / CAMBRIDGE STREET,,,DOUBLETREE HOTEL,,231510.0467,901104.4669
3264185,BOSTON,19-Sep-2012,8:38 AM,Non-fatal injury,2,1,0,Angle,V1: Turning left / V2:Travelling straight ahead,V1:Northbound / V2:Westbound ,V1: Collision with motor vehicle in traffic / V2: Collision with motor vehicle in traffic ,V1: Passenger car / V2:Passenger car,Dry,Daylight,Clear,WILLIAM DAY BOULEVARD / BABE RUTH PARK DRIVE,,,,,,237329.8124,897671.1252
3253955,BOSTON,19-Sep-2012,8:45 AM,Non-fatal injury,2,1,0,"Sideswipe, same direction",V1: Travelling straight ahead / V2:Not reported,V1:Eastbound / V2:Not reported ,V1: Collision with motor vehicle in traffic / V2: Not reported ,V1: Passenger car / V2:Not reported,Dry,Daylight,Clear,,Rte 90 E,,Exit 22 on Rte 90 E,,,234741.7413,899775.696
3264910,BOSTON,19-Sep-2012,8:48 AM,Property damage only (none injured),3,0,0,Rear-end,V1: Slowing or stopped in traffic / V2:Slowing or stopped in traffic / V3:Travelling straight ahead,V1:Not reported / V2:Not reported / V3:Not reported ,V1: Collision with motor vehicle in traffic / V2: Collision with motor vehicle in traffic / V3: Not reported ,"V1: Light truck(van, mini-van, panel, pickup, sport utility) with only four tires / V2:Truck/trailer / V3:Light truck(van, mini-van, panel, pickup, sport utility) with only four tires",Dry,Daylight,Clear,,251 CAUSEWAY STREET,,,,,236310.6805,901875.0305
3321621,BOSTON (SOUTH BOSTON),19-Sep-2012,11:25 AM,Property damage only (none injured),2,0,0,"Sideswipe, same direction",V1: Travelling straight ahead / V2:Changing lanes,V1:Southbound / V2:Southbound ,V1: Collision with motor vehicle in traffic / V2: Collision with motor vehicle in traffic ,"V1: Passenger car / V2:Single-unit truck (2-axle, 6-tire)",Dry,Daylight,Clear,,125 OLD COLONY AVENUE / EARL STREET,,,,,236710.2888,898267.0032
3268379,BOSTON,19-Sep-2012,11:29 AM,Non-fatal injury,2,1,0,Rear-end,V1: Slowing or stopped in traffic / V2:Travelling straight ahead,V1:Southbound / V2:Southbound ,V1: Collision with motor vehicle in traffic / V2: Collision with motor vehicle in traffic ,"V1: Light truck(van, mini-van, panel, pickup, sport utility) with only four tires / V2:Light truck(van, mini-van, panel, pickup, sport utility) with only four tires",Dry,Daylight,Clear,,Rte 93,,Exit 14 on Rte 93,,,237239.2727,894476.3088
3264528,BOSTON,19-Sep-2012,11:45 AM,Non-fatal injury,2,1,0,"Sideswipe, same direction",V1: Changing lanes / V2:Travelling straight ahead,V1:Eastbound / V2:Eastbound ,V1: Collision with motor vehicle in traffic / V2: Collision with motor vehicle in traffic ,V1: Passenger car / V2:Passenger car,Dry,Daylight,Not Reported,,STORROW DRIVE / LONGFELLOW BRIDGE,,,LONGFELLOW BRIDGE,,235193.1629,901280.3507
3267591,BOSTON,19-Sep-2012,12:04 PM,Property damage only (none injured),1,0,0,Rear-end,V1: Travelling straight ahead,V1:Westbound ,V1: Collision with motor vehicle in traffic ,V1: Passenger car,Dry,Daylight,Clear,CHARLESGATE OVERPASS / STORROW DRIVE,,,,0 feet W from BOWKER OVERPASS,,233287.6718,900098.5623
3254397,BOSTON,19-Sep-2012,12:23 PM,Property damage only (none injured),3,0,0,Rear-end,V1: Slowing or stopped in traffic / V2:Slowing or stopped in traffic / V3:Slowing or stopped in traffic,V1:Northbound / V2:Northbound / V3:Northbound ,V1: Collision with motor vehicle in traffic / V2: Collision with motor vehicle in traffic / V3: Collision with motor vehicle in traffic ,V1: Passenger car / V2:Passenger car / V3:Passenger car,Dry,Daylight,Clear,,Rte 93 N,,Exit 14 on Rte 93 N,,,237258.9796,894483.3974
3253871,BOSTON,19-Sep-2012,4:30 PM,Property damage only (none injured),2,0,0,Angle,V1: Travelling straight ahead / V2:Turning left,V1:Southbound / V2:Eastbound ,V1: Not reported / V2: Collision with motor vehicle in traffic ,V1: Passenger car / V2:Passenger car,Dry,Daylight,Clear,TRAVELER STREET / ALBANY STREET / BROADWAY,,,,TRAVELERS,,236086.8879,899375.6393
3263233,BOSTON,19-Sep-2012,5:55 PM,Non-fatal injury,3,1,0,"Sideswipe, same direction",V1: Travelling straight ahead / V2:Travelling straight ahead / V3:Travelling straight ahead,V1:Southbound / V2:Southbound / V3:Southbound ,V1: Collision with motor vehicle in traffic / V2: Collision with motor vehicle in traffic / V3: Collision with motor vehicle in traffic ,V1: Passenger car / V2:Passenger car / V3:Passenger car,Dry,Daylight,Clear,,Rte 93 S,,Exit 18 on Rte 93 S,,,236013.2783,899092.9981
3281912,BOSTON,20-Sep-2012,1:18 AM,Non-fatal injury,3,1,0,Angle,V1: Changing lanes / V2:Travelling straight ahead / V3:Travelling straight ahead,V1:Southbound / V2:Southbound / V3:Southbound ,V1: Collision with motor vehicle in traffic / V2: Collision with motor vehicle in traffic / V3: Collision with motor vehicle in traffic ,V1: Passenger car / V2:Passenger car / V3:Passenger car,Dry,Dark - lighted roadway,Not Reported,,Rte 93,,Exit 15 on Rte 93,IBEW/DYC CUT-OUT,,236629.6253,897168.5001
3274479,BOSTON,20-Sep-2012,5:40 AM,Property damage only (none injured),3,0,0,Rear-to-rear,V1: Travelling straight ahead / V2:Changing lanes / V3:Travelling straight ahead,V1:Southbound / V2:Southbound / V3:Southbound ,V1: Collision with motor vehicle in traffic / V2: Collision with motor vehicle in traffic / V3: Collision with motor vehicle in traffic ,"V1: Light truck(van, mini-van, panel, pickup, sport utility) with only four tires / V2:Passenger car / V3:Light truck(van, mini-van, panel, pickup, sport utility) with only four tires",Dry,Dawn,Clear,,TEMPORARY RAMP Rte 1 S / MAURICE TOBIN BRIDGE,,,,,235853.0976,902245.2623
3264186,BOSTON,20-Sep-2012,7:14 AM,Non-fatal injury,3,1,0,Rear-end,V1: Slowing or stopped in traffic / V2:Slowing or stopped in traffic / V3:Travelling straight ahead,V1:Southbound / V2:Southbound / V3:Southbound ,V1: Collision with motor vehicle in traffic / V2: Collision with motor vehicle in traffic / V3: Collision with motor vehicle in traffic ,"V1: Light truck(van, mini-van, panel, pickup, sport utility) with only four tires / V2:Light truck(van, mini-van, panel, pickup, sport utility) with only four tires / V3:Light truck(van, mini-van, panel, pickup, sport utility) with only four tires",Dry,Daylight,Clear,,Rte 93 S,,Exit 12 on Rte 93 S,,,237620.5493,892713.0989
3264756,BOSTON,20-Sep-2012,7:15 AM,Non-fatal injury,1,1,0,Single vehicle crash,V1: Turning right,V1:Not reported ,V1: Collision with pedestrian ,V1: Passenger car,Dry,Daylight,Clear,RIVERWAY / BROOKLINE AVENUE / FENWAY,,,,,,232691.9572,899212.3563
3380429,BOSTON,20-Sep-2012,7:19 AM,Property damage only (none injured),4,0,0,Rear-end,V1: Slowing or stopped in traffic / V2:Slowing or stopped in traffic / V3:Slowing or stopped in traffic / V4:Changing lanes,V1:Eastbound / V2:Eastbound / V3:Eastbound / V4:Eastbound ,V1: Collision with motor vehicle in traffic / V2: Collision with motor vehicle in traffic / V3: Collision with motor vehicle in traffic / V4: Collision with motor vehicle in traffic ,V1: Passenger car / V2:Passenger car / V3:Passenger car / V4:Passenger car,Dry,Daylight,Clear,,MASSACHUSETTS TURNPIKE Rte 90 E / RAMP - RT 90 EB TO RT 93 & KNEELAND STRE,,,WASHINGTON ST OVERPASS,,235884.2841,899710.8017
3345592,BOSTON (JAMAICA PLAIN),20-Sep-2012,7:34 AM,Non-fatal injury,2,1,0,Rear-end,V1: Not reported / V2:Not reported,V1:Not reported / V2:Not reported ,V1: Not reported / V2: Not reported ,"V1: Light truck(van, mini-van, panel, pickup, sport utility) with only four tires / V2:Passenger car",Dry,Daylight,Clear,HEATH STREET / SOUTH HUNTINGTON AVENUE,,,,,,232075.0627,897693.4377
3284870,BOSTON,20-Sep-2012,7:59 AM,Property damage only (none injured),4,0,0,Rear-end,V1: Travelling straight ahead / V2:Travelling straight ahead / V3:Travelling straight ahead / V4:Slowing or stopped in traffic,V1:Eastbound / V2:Eastbound / V3:Eastbound / V4:Eastbound ,V1: Collision with motor vehicle in traffic / V2: Collision with motor vehicle in traffic / V3: Collision with motor vehicle in traffic / V4: Collision with motor vehicle in traffic ,V1: Passenger car / V2:Passenger car / V3:Passenger car / V4:Passenger car,Dry,Daylight,Not Reported,,0 feet W from Intersection SOLDIERS FIELD ROAD / WESTERN AVENUE,,,,,,
3380483,BOSTON,20-Sep-2012,8:22 AM,Property damage only (none injured),2,0,0,Rear-end,V1: Travelling straight ahead / V2:Slowing or stopped in traffic,V1:Southbound / V2:Southbound ,V1: Collision with motor vehicle in traffic / V2: Collision with motor vehicle in traffic ,"V1: Light truck(van, mini-van, panel, pickup, sport utility) with only four tires / V2:Passenger car",Dry,Daylight,Clear,,JOHN F FITZGERALD EXPRESSWAY Rte 93 S / RAMP - SURFACE ARTERY TO RT 93 SB,,,,,236272.6102,900011.7553
3285062,BOSTON,20-Sep-2012,8:25 AM,Property damage only (none injured),1,0,0,"Sideswipe, same direction",V1: Parked,V1:Eastbound ,"V1: Collision with cyclist (bicycle, tricycle, unicycle, pedal car) ",V1: Passenger car,Dry,Daylight,Clear/Clear,NORTH GROVE STREET / PARKMAN STREET,,,,,"P3:Pedalcyclist (bicycle, tricycle, unicycle, pedal car)",235532.8732,901384.0832
3381578,BOSTON,20-Sep-2012,8:55 AM,Property damage only (none injured),2,0,0,Rear-end,V1: Slowing or stopped in traffic / V2:Travelling straight ahead,V1:Northbound / V2:Northbound ,V1: Collision with motor vehicle in traffic / V2: Collision with motor vehicle in traffic ,"V1: Passenger car / V2:Light truck(van, mini-van, panel, pickup, sport utility) with only four tires",Dry,Daylight,Not Reported,,JOHN F FITZGERALD EXPRESSWAY Rte 93 N / RAMP - RT 3A NB TO RT 93 NB Rte 3A N,,,NORTH OF NEPONSETCIRCLE,,237631.8868,893485.1241
3263295,BOSTON,20-Sep-2012,10:20 AM,Property damage only (none injured),3,0,0,Rear-end,V1: Changing lanes / V2:Slowing or stopped in traffic / V3:Slowing or stopped in traffic,V1:Southbound / V2:Southbound / V3:Southbound ,V1: Collision with motor vehicle in traffic / V2: Collision with motor vehicle in traffic / V3: Collision with motor vehicle in traffic ,"V1: Single-unit truck (2-axle, 6-tire) / V2:Light truck(van, mini-van, panel, pickup, sport utility) with only four tires / V3:Passenger car",Dry,Daylight,Clear,,Rte 93 S,,Exit 20 on Rte 93 S,,,236954.209,900826.9442
3264187,BOSTON,20-Sep-2012,1:45 PM,Property damage only (none injured),2,0,0,Rear-end,V1: Backing / V2:Travelling straight ahead,V1:Southbound / V2:Westbound ,V1: Collision with motor vehicle in traffic / V2: Collision with motor vehicle in traffic ,"V1: Passenger car / V2:Light truck(van, mini-van, panel, pickup, sport utility) with only four tires",Dry,Daylight,Clear,,GALLIVAN BOULEVARD / MILTON AVENUE,,,,,235078.9376,892049.5623
3388438,BOSTON,20-Sep-2012,5:10 PM,Property damage only (none injured),3,0,0,Rear-end,V1: Changing lanes / V2:Slowing or stopped in traffic / V3:Travelling straight ahead,V1:Not reported / V2:Northbound / V3:Northbound ,V1: Collision with motor vehicle in traffic / V2: Collision with motor vehicle in traffic / V3: Collision with motor vehicle in traffic ,"V1: Single-unit truck (3-or-more axles) / V2:Light truck(van, mini-van, panel, pickup, sport utility) with only four tires / V3:Passenger car",Dry,Daylight,Clear,,Rte 93 N,,,,,,
3254457,BOSTON,20-Sep-2012,5:23 PM,Non-fatal injury,2,1,0,Rear-end,V1: Travelling straight ahead / V2:Travelling straight ahead,V1:Northbound / V2:Northbound ,V1: Collision with motor vehicle in traffic / V2: Collision with moped ,"V1: Light truck(van, mini-van, panel, pickup, sport utility) with only four tires / V2:Light truck(van, mini-van, panel, pickup, sport utility) with only four tires",Dry,Daylight,Clear,,STORROW DRIVE / CHARLESGATE OVERPASS,,,BOWKER TO RAMP W/B,,233447.792,900109.8459
3290208,BOSTON,20-Sep-2012,8:37 PM,Property damage only (none injured),2,0,0,"Sideswipe, same direction",V1: Travelling straight ahead / V2:Turning left,V1:Eastbound / V2:Eastbound ,V1: Collision with motor vehicle in traffic / V2: Not reported ,V1: Passenger car / V2:Passenger car,Dry,Dark - lighted roadway,Clear,COMMONWEALTH AVENUE / ALLSTON STREET,,,,,,229853.5679,899842.3698
3263234,BOSTON,20-Sep-2012,9:10 PM,Property damage only (none injured),2,0,0,Angle,V1: Travelling straight ahead / V2:Changing lanes,V1:Northbound / V2:Northbound ,V1: Collision with motor vehicle in traffic / V2: Collision with motor vehicle in traffic ,"V1: Passenger car / V2:Light truck(van, mini-van, panel, pickup, sport utility) with only four tires",Dry,Dark - lighted roadway,Clear,,RAMP - RT 1 NB TO TOBIN BRIDGE Rte 1 N,,,RAMP FROM LEVERETT BY PASS NORTH,,235874.0446,902253.7726
3290894,BOSTON,20-Sep-2012,9:48 PM,Non-fatal injury,2,1,0,"Sideswipe, same direction",V1: Changing lanes / V2:Overtaking/passing,V1:Southbound / V2:Southbound ,V1: Collision with motor vehicle in traffic / V2: Collision with motor vehicle in traffic ,V1: Passenger car / V2:Passenger car,Dry,Dark - lighted roadway,Clear,,Rte 93 S,,Exit 15 on Rte 93 S,,,236629.6253,897168.5001
3263235,BOSTON,21-Sep-2012,8:52 AM,Property damage only (none injured),2,0,0,"Sideswipe, same direction",V1: Travelling straight ahead / V2:Travelling straight ahead,V1:Eastbound / V2:Eastbound ,V1: Collision with motor vehicle in traffic / V2: Collision with motor vehicle in traffic ,"V1: Passenger car / V2:Light truck(van, mini-van, panel, pickup, sport utility) with only four tires",Dry,Daylight,Cloudy,,Rte 90 E,,,,,231330.9165,900740.8618
3321641,BOSTON,21-Sep-2012,10:58 AM,Property damage only (none injured),3,0,0,"Sideswipe, same direction",V1: Travelling straight ahead / V2:Travelling straight ahead / V3:Parked,V1:Not reported / V2:Not reported / V3:Not reported ,V1: Not reported / V2: Not reported / V3: Not reported ,V1: Passenger car / V2:Passenger car / V3:Passenger car,Dry,Daylight,Clear,,68 HYDE PARK AVENUE / UKRAINE WAY,,,,,231756.4776,894234.921
3263769,BOSTON,21-Sep-2012,12:55 PM,Non-fatal injury,2,1,0,Rear-end,V1: Slowing or stopped in traffic / V2:Slowing or stopped in traffic,V1:Northbound / V2:Northbound ,V1: Collision with motor vehicle in traffic / V2: Collision with motor vehicle in traffic ,"V1: Passenger car / V2:Light truck(van, mini-van, panel, pickup, sport utility) with only four tires",Dry,Daylight,Clear,,KOSCIUSZKO CIRCLE,,,,,237020.6238,896892.1848
3254393,BOSTON,21-Sep-2012,3:20 PM,Property damage only (none injured),3,0,0,Rear-end,V1: Slowing or stopped in traffic / V2:Slowing or stopped in traffic / V3:Travelling straight ahead,V1:Northbound / V2:Northbound / V3:Northbound ,V1: Collision with motor vehicle in traffic / V2: Collision with motor vehicle in traffic / V3: Collision with motor vehicle in traffic ,"V1: Passenger car / V2:Light truck(van, mini-van, panel, pickup, sport utility) with only four tires / V3:Passenger car",Dry,Daylight,Clear,,STORROW DRIVE / CHARLESGATE OVERPASS,,,,,233558.6746,900144.5806
3255069,BOSTON,21-Sep-2012,4:25 PM,Property damage only (none injured),2,0,0,Angle,V1: Travelling straight ahead / V2:Entering traffic lane,V1:Southbound / V2:Southbound ,V1: Collision with motor vehicle in traffic / V2: Collision with motor vehicle in traffic ,V1: Passenger car / V2:Passenger car,Dry,Daylight,Not Reported,WILLIAM T MORRISSEY BOULEVARD Rte 777 / MORRISSEY SERVICE ROAD,,,,@ LAMBERT'S FRUIT MARKET,,237286.5699,893933.8401
3266284,BOSTON,21-Sep-2012,5:00 PM,Property damage only (none injured),2,0,0,"Sideswipe, same direction",V1: Travelling straight ahead / V2:Turning right,V1:Eastbound / V2:Eastbound ,V1: Collision with motor vehicle in traffic / V2: Collision with motor vehicle in traffic ,"V1: Bus (seats for more than 15 people, including driver) / V2:Passenger car",Dry,Daylight,Clear,ESSEX STREET / LINCOLN STREET,,,,,,236415.2888,900300.2207
3291919,BOSTON,21-Sep-2012,5:52 PM,Non-fatal injury,2,1,0,"Sideswipe, same direction",V1: Changing lanes / V2:Travelling straight ahead,V1:Eastbound / V2:Eastbound ,V1: Collision with motor vehicle in traffic / V2: Collision with motor vehicle in traffic ,V1: Passenger car / V2:Passenger car,Dry,Dusk,Clear,WASHINGTON STREET / LA GRANGE STREET,,,,,,229387.8435,891448.375
3274537,BOSTON,21-Sep-2012,6:35 PM,Non-fatal injury,2,3,0,Rear-end,V1: Slowing or stopped in traffic / V2:Travelling straight ahead,V1:Westbound / V2:Westbound ,V1: Collision with motor vehicle in traffic / V2: Collision with motor vehicle in traffic ,"V1: Light truck(van, mini-van, panel, pickup, sport utility) with only four tires / V2:Light truck(van, mini-van, panel, pickup, sport utility) with only four tires",Dry,Daylight,Clear,,STORROW DRIVE / RAMP - STORROW DR TO RT 2A WB,,,,,233837.9403,900254.5232
3272663,BOSTON (BRIGHTON),21-Sep-2012,7:30 PM,Property damage only (none injured),2,0,0,"Sideswipe, same direction",V1: Parked / V2:Travelling straight ahead,V1:Not reported / V2:Eastbound ,V1: Not reported / V2: Not reported ,V1: Passenger car / V2:Truck/trailer,Dry,Dark - lighted roadway,Clear/Clear,MOUNT HOOD ROAD / EGREMONT ROAD,,,,,,229469.9376,899105.6873
3255430,BOSTON,21-Sep-2012,8:07 PM,Property damage only (none injured),2,0,0,Rear-end,V1: Slowing or stopped in traffic / V2:Slowing or stopped in traffic,V1:Southbound / V2:Southbound ,V1: Collision with motor vehicle in traffic / V2: Collision with motor vehicle in traffic ,"V1: Light truck(van, mini-van, panel, pickup, sport utility) with only four tires / V2:Passenger car",Dry,Dark - lighted roadway,Not Reported,,Rte 93 S,,Exit 15 on Rte 93,,,236629.6253,897168.5001
3263762,BOSTON,21-Sep-2012,10:55 PM,Non-fatal injury,1,1,0,Angle,V1: Entering traffic lane,V1:Westbound ,"V1: Collision with cyclist (bicycle, tricycle, unicycle, pedal car) ",V1: Passenger car,Dry,Dark - lighted roadway,Not Reported,RAMP - STORROW DR TO RT 2A WB / MASSACHUSETTS AVENUE Rte 2A W,,,,MASS AVE RAMP,"P2:Pedalcyclist (bicycle, tricycle, unicycle, pedal car)",233784.834,900223.7079
3263236,BOSTON,22-Sep-2012,1:31 AM,Property damage only (none injured),1,0,0,Single vehicle crash,V1: Leaving traffic lane,V1:Southbound ,V1: Collision with median barrier ,V1: Passenger car,Wet,Dark - lighted roadway,Cloudy/Rain,,Rte 93 S,,Exit 18 on Rte 93 S,,,236013.2783,899092.9981
3351701,BOSTON,22-Sep-2012,1:42 AM,Not Reported,1,0,0,Single vehicle crash,V1: Unknown,V1:Not reported ,V1: Collision with utility pole ,V1: Passenger car,Dry,Dark - lighted roadway,Clear,COMMONWEALTH AVENUE / BRIGHTON AVENUE,,,,,,230921.0624,900242.4374
3282345,BOSTON,22-Sep-2012,1:55 AM,Property damage only (none injured),2,0,0,"Sideswipe, same direction",V1: Not reported / V2:Not reported,V1:Eastbound / V2:Eastbound ,V1: Collision with motor vehicle in traffic / V2: Collision with motor vehicle in traffic ,"V1: Passenger car / V2:Light truck(van, mini-van, panel, pickup, sport utility) with only four tires",Dry,Dark - lighted roadway,Clear,STORROW DRIVE Rte 28 N / RAMP TO CHARLES CIRCLE,,,,CHARLES CIRCLE EXIT,,235254.3907,901130.5454
3380484,BOSTON,22-Sep-2012,2:00 AM,Non-fatal injury,1,1,0,Single vehicle crash,V1: Travelling straight ahead,V1:Westbound ,V1: Other ,"V1: Light truck(van, mini-van, panel, pickup, sport utility) with only four tires",Dry,Dark - lighted roadway,Clear,SUMNER TUNNEL / RAMP - SUMNER TUNNEL TO MARKET STREET / RAMP - SUMNER TUNNEL TO STORROW DRIVE,,,,RAMP STS,,236652.6955,901439.7832
3263237,BOSTON,22-Sep-2012,3:44 AM,Property damage only (none injured),1,0,0,Single vehicle crash,V1: Travelling straight ahead,V1:Westbound ,V1: Collision with median barrier ,V1: Passenger car,Wet,Dark - lighted roadway,Cloudy/Rain,,Rte 90 W,,,1/2 WAY THRU TED WILLAMS TUNNEL,,237341.5884,899863.6044
3381482,BOSTON,22-Sep-2012,2:54 PM,Property damage only (none injured),2,0,0,Rear-end,V1: Travelling straight ahead / V2:Slowing or stopped in traffic,V1:Not reported / V2:Not reported ,V1: Collision with motor vehicle in traffic / V2: Collision with motor vehicle in traffic ,"V1: Light truck(van, mini-van, panel, pickup, sport utility) with only four tires / V2:Passenger car",Dry,Daylight,Clear,,COLUMBIA ROAD ROTARY / COLUMBIA ROAD,,,COLUMBIA ROTARY,,236938.5882,897753.5781
3263238,BOSTON,22-Sep-2012,4:50 PM,Property damage only (none injured),3,0,0,Rear-end,V1: Slowing or stopped in traffic / V2:Slowing or stopped in traffic / V3:Travelling straight ahead,V1:Northbound / V2:Northbound / V3:Northbound ,V1: Collision with motor vehicle in traffic / V2: Collision with motor vehicle in traffic / V3: Collision with motor vehicle in traffic ,"V1: Light truck(van, mini-van, panel, pickup, sport utility) with only four tires / V2:Light truck(van, mini-van, panel, pickup, sport utility) with only four tires / V3:Passenger car",Dry,Daylight,Clear,,Rte 93 N / RAMP - BROADWAY TO RT 93 NB,,Exit PRIOR on Rte 93 N,INSIDE TIP O'NEIL TUNNEL,,236463.7016,899890.9436
3257910,BOSTON,22-Sep-2012,7:01 PM,Property damage only (none injured),2,0,0,Rear-end,V1: Slowing or stopped in traffic / V2:Travelling straight ahead,V1:Southbound / V2:Southbound ,V1: Collision with motor vehicle in traffic / V2: Collision with motor vehicle in traffic ,"V1: Light truck(van, mini-van, panel, pickup, sport utility) with only four tires / V2:Passenger car",Dry,Dusk,Clear,,Rte 93 S,,Exit 12 on Rte 93 S,,,237620.5493,892713.0989
3263763,BOSTON,23-Sep-2012,00:00 AM,Non-fatal injury,1,1,0,"Sideswipe, same direction",V1: Turning right,V1:Eastbound ,"V1: Collision with cyclist (bicycle, tricycle, unicycle, pedal car) ",V1: Passenger car,Dry,Dark - lighted roadway,Not Reported,CHARLESGATE WEST / COMMONWEALTH AVENUE,,,,,"P4:Pedalcyclist (bicycle, tricycle, unicycle, pedal car)",233546.2737,899931.2545
3274812,BOSTON,23-Sep-2012,1:40 AM,Property damage only (none injured),2,0,0,Angle,V1: Travelling straight ahead / V2:Overtaking/passing,V1:Southbound / V2:Southbound ,V1: Collision with motor vehicle in traffic / V2: Other ,V1: Passenger car / V2:Passenger car,Dry,Dark - lighted roadway,Clear,,Rte 93 S,,Exit 20 on Rte 93 S,,,236954.209,900826.9442
3281913,BOSTON,23-Sep-2012,1:53 AM,Non-fatal injury,1,1,0,Single vehicle crash,V1: Changing lanes,V1:Southbound ,V1: Collision with guardrail ,V1: Passenger car,Wet,Dark - lighted roadway,Cloudy/Rain,,Rte 93 S,,Exit 12 on Rte 93 S,,,237620.5493,892713.0989
3264522,BOSTON,23-Sep-2012,2:54 AM,Property damage only (none injured),1,0,0,Single vehicle crash,V1: Travelling straight ahead,V1:Northbound ,V1: Other ,V1: Passenger car,Dry,Dark - lighted roadway,Cloudy/Rain,,Rte 93,,Exit 23 on Rte 93,,,236957.4837,900943.9828
3381223,BOSTON,23-Sep-2012,9:44 AM,Property damage only (none injured),2,0,0,Rear-end,V1: Slowing or stopped in traffic / V2:Travelling straight ahead,V1:Eastbound / V2:Eastbound ,V1: Collision with motor vehicle in traffic / V2: Collision with motor vehicle in traffic ,"V1: Light truck(van, mini-van, panel, pickup, sport utility) with only four tires / V2:Light truck(van, mini-van, panel, pickup, sport utility) with only four tires",Dry,Daylight,Clear,,CONGRESS STREET / SEAPORT LANE,,,,"P3:Other non-motorist (wheelchair, etc.) / P4:Other non-motorist (wheelchair, etc.)",237755.3534,899887.1985
3264529,BOSTON,23-Sep-2012,12:04 PM,Non-fatal injury,4,1,0,Rear-end,V1: Travelling straight ahead / V2:Slowing or stopped in traffic / V3:Slowing or stopped in traffic / V4:Slowing or stopped in traffic,V1:Northbound / V2:Northbound / V3:Northbound / V4:Northbound ,V1: Collision with motor vehicle in traffic / V2: Collision with motor vehicle in traffic / V3: Not reported / V4: Collision with motor vehicle in traffic ,"V1: Passenger car / V2:Light truck(van, mini-van, panel, pickup, sport utility) with only four tires / V3:Passenger car / V4:Light truck(van, mini-van, panel, pickup, sport utility) with only four tires",Dry,Daylight,Clear,,Rte 93,,Exit 11 on Rte 93,,,237094.7253,891674.8051