Crash Number,City/Town Name,Crash Date,Crash Time,Crash Severity,Number of Vehicles,Total Nonfatal Injuries,Total Fatal Injuries,Manner of Collision,Vehicle Action Prior to Crash,Vehicle Travel Directions,Most Harmful Events,Vehicle Configuration,Road Surface Condition,Ambient Light,Weather Condition,At Roadway Intersection,Distance from Nearest Roadway Intersection,Distance from Nearest Milemarker,Distance from Nearest Exit,Distance from Nearest Landmark,Non Motorist Type,X Coordinate,Y Coordinate
3254399,BOSTON,23-Sep-2012,3:20 PM,Property damage only (none injured),4,0,0,Rear-end,V1: Travelling straight ahead / V2:Travelling straight ahead / V3:Travelling straight ahead / V4:Travelling straight ahead,V1:Northbound / V2:Northbound / V3:Northbound / V4:Northbound ,V1: Collision with motor vehicle in traffic / V2: Collision with motor vehicle in traffic / V3: Collision with motor vehicle in traffic / V4: Collision with motor vehicle in traffic ,"V1: Light truck(van, mini-van, panel, pickup, sport utility) with only four tires / V2:Light truck(van, mini-van, panel, pickup, sport utility) with only four tires / V3:Light truck(van, mini-van, panel, pickup, sport utility) with only four tires / V4:Light truck(van, mini-van, panel, pickup, sport utility) with only four tires",Dry,Daylight,Clear,,VETERANS OF FOREIGN WARS PARKWAY / LA GRANGE STREET,,,,,227356.7344,893407.1877
3286796,BOSTON,23-Sep-2012,4:00 PM,Non-fatal injury,1,2,0,Single vehicle crash,V1: Travelling straight ahead,V1:Southbound ,V1: Not reported ,V1: Passenger car,Dry,Daylight,Clear,CHARLES STREET / REVERE STREET,,,,,P4:Pedestrian / P5:Pedestrian,235359.4823,901086.5072
3279178,BOSTON,23-Sep-2012,4:34 PM,Property damage only (none injured),3,0,0,Rear-end,V1: Slowing or stopped in traffic / V2:Travelling straight ahead / V3:Travelling straight ahead,V1:Northbound / V2:Northbound / V3:Northbound ,V1: Collision with motor vehicle in traffic / V2: Collision with motor vehicle in traffic / V3: Collision with motor vehicle in traffic ,"V1: Light truck(van, mini-van, panel, pickup, sport utility) with only four tires / V2:Light truck(van, mini-van, panel, pickup, sport utility) with only four tires / V3:Passenger car",Dry,Daylight,Not Reported,RAMP - COLUMBIA RD TO RT 93 NB / Rte 93 N,,,,,,236673.8867,897131.4137
3380430,BOSTON,23-Sep-2012,4:46 PM,Non-fatal injury,3,4,0,Rear-end,V1: Changing lanes / V2:Travelling straight ahead / V3:Travelling straight ahead,V1:Southbound / V2:Southbound / V3:Southbound ,V1: Collision with motor vehicle in traffic / V2: Collision with motor vehicle in traffic / V3: Collision with motor vehicle in traffic ,V1: Passenger car / V2:Passenger car / V3:Passenger car,Dry,Daylight,Clear,LEVERETT CONNECTOR SOUTH / INTERSTATE 93 Rte 93 S,,,,LCS RAMP,,234851.4114,903728.5153
3264760,BOSTON,23-Sep-2012,5:51 PM,Property damage only (none injured),2,0,0,Rear-end,V1: Slowing or stopped in traffic / V2:Travelling straight ahead,V1:Northbound / V2:Northbound ,V1: Collision with motor vehicle in traffic / V2: Collision with motor vehicle in traffic ,V1: Passenger car / V2:Passenger car,Dry,Daylight,Clear,,Rte 93 N / RAMP - RT 3A NB TO RT 93 NB Rte 3A N,,,,,237662.0484,893343.0223
3286879,BOSTON (DORCHESTER),23-Sep-2012,7:30 PM,Not Reported,2,0,0,"Sideswipe, same direction",V1: Not reported / V2:Travelling straight ahead,V1:Not reported / V2:Not reported ,V1: Not reported / V2: Collision with parked motor vehicle ,V1: Passenger car / V2:Not reported,Unknown,Unknown,Clear,FULLER STREET / DORCHESTER AVENUE,,,,,,235895.5781,892705.25
3258018,BOSTON,23-Sep-2012,9:40 PM,Property damage only (none injured),2,0,0,Rear-end,V1: Travelling straight ahead / V2:Slowing or stopped in traffic,V1:Southbound / V2:Southbound ,V1: Collision with motor vehicle in traffic / V2: Collision with motor vehicle in traffic ,V1: Passenger car / V2:Passenger car,Dry,Dark - lighted roadway,Clear,,Rte 93 S,,Exit 12 on Rte 93 S,,,237620.5493,892713.0989
3286881,BOSTON (DORCHESTER),24-Sep-2012,6:43 AM,Unknown,2,0,0,Not reported,V1: Travelling straight ahead / V2:Parked,V1:Not reported / V2:Not reported ,V1: Collision with parked motor vehicle / V2: Collision with other movable object ,V1: Passenger car / V2:Passenger car,Not reported,Not reported,Not Reported,,1451 DORCHESTER AVENUE,,,,,236286.5881,894605.8776
3264938,BOSTON,24-Sep-2012,9:45 AM,Property damage only (none injured),2,0,0,Single vehicle crash,V1: Travelling straight ahead / V2:Not reported,V1:Eastbound / V2:Not reported ,V1: Collision with light pole or other post/support / V2: Not reported ,V1: Tractor/semi-trailer / V2:Not reported,Dry,Daylight,Clear/Cloudy,,TRUMAN HIGHWAY / FAIRMOUNT AVENUE,,,,,231503.1562,889184.7498
3265097,BOSTON (ROXBURY),24-Sep-2012,11:35 AM,Non-fatal injury,2,1,0,Rear-end,V1: Slowing or stopped in traffic / V2:Turning left,V1:Not reported / V2:Not reported ,V1: Collision with motor vehicle in traffic / V2: Not reported ,"V1: Light truck(van, mini-van, panel, pickup, sport utility) with only four tires / V2:Passenger car",Dry,Daylight,Clear/Unknown,WARREN STREET / QUINCY STREET,,,,,,234383.894,896293.5339
3263590,BOSTON,24-Sep-2012,11:42 AM,Non-fatal injury,2,2,0,"Sideswipe, same direction",V1: Travelling straight ahead / V2:Travelling straight ahead,V1:Northbound / V2:Northbound ,V1: Collision with motor vehicle in traffic / V2: Collision with motor vehicle in traffic ,"V1: Passenger car / V2:Light truck(van, mini-van, panel, pickup, sport utility) with only four tires",Dry,Daylight,Clear,,Rte 93 N,,Exit 14 on Rte 93 N,,,237258.9796,894483.3974
3264743,BOSTON,24-Sep-2012,12:43 PM,Property damage only (none injured),3,0,0,"Sideswipe, same direction",V1: Travelling straight ahead / V2:Travelling straight ahead / V3:Travelling straight ahead,V1:Northbound / V2:Northbound / V3:Northbound ,V1: Other / V2: Not reported / V3: Collision with motor vehicle in traffic ,"V1: Light truck(van, mini-van, panel, pickup, sport utility) with only four tires / V2:Passenger car / V3:Light truck(van, mini-van, panel, pickup, sport utility) with only four tires",Dry,Daylight,Clear,,Rte 93 N / RAMP - RT 90 TO RT 93 NB,,,,,236601.0457,900260.277
3267648,BOSTON,24-Sep-2012,2:20 PM,Non-fatal injury,2,1,0,Rear-end,V1: Travelling straight ahead / V2:Entering traffic lane,V1:Westbound / V2:Westbound ,V1: Collision with motor vehicle in traffic / V2: Collision with motor vehicle in traffic ,"V1: Passenger car / V2:Light truck(van, mini-van, panel, pickup, sport utility) with only four tires",Dry,Daylight,Cloudy,CHARLESGATE OVERPASS / STORROW DRIVE,,,,,,233287.6718,900098.5623
3304301,BOSTON,24-Sep-2012,3:21 PM,Non-fatal injury,1,1,0,Single vehicle crash,V1: Travelling straight ahead,V1:Eastbound ,V1: Collision with pedestrian ,V1: Passenger car,Dry,Daylight,Clear/Clear,ESSEX STREET / CHAUNCEY STREET,,,,,P4:Pedestrian,236157.0585,900316.4239
3257911,BOSTON,24-Sep-2012,3:32 PM,Property damage only (none injured),2,0,0,"Sideswipe, same direction",V1: Travelling straight ahead / V2:Travelling straight ahead,V1:Northbound / V2:Northbound ,V1: Collision with motor vehicle in traffic / V2: Collision with motor vehicle in traffic ,"V1: Light truck(van, mini-van, panel, pickup, sport utility) with only four tires / V2:Light truck(van, mini-van, panel, pickup, sport utility) with only four tires",Dry,Daylight,Clear,,KOSCIUSZKO CIRCLE,,,,,237020.6238,896892.1848
3268354,BOSTON,24-Sep-2012,6:42 PM,Property damage only (none injured),2,0,0,"Sideswipe, same direction",V1: Changing lanes / V2:Travelling straight ahead,V1:Southbound / V2:Southbound ,V1: Collision with motor vehicle in traffic / V2: Collision with motor vehicle in traffic ,"V1: Passenger car / V2:Light truck(van, mini-van, panel, pickup, sport utility) with only four tires",Dry,Dusk,Not Reported,,Rte 93 S,,Exit 18 on Rte 93 S,,,236013.2783,899092.9981
3264930,BOSTON,25-Sep-2012,4:27 AM,Property damage only (none injured),1,0,0,Single vehicle crash,V1: Travelling straight ahead,V1:Southbound ,V1: Collision with guardrail ,V1: Passenger car,Dry,Dark - lighted roadway,Clear,,730 WILLIAM T MORRISSEY BOULEVARD / MORRISSEY SERVICE ROAD,,,7 ELEVEN,,237237.4749,894092.5164
3263301,BOSTON,25-Sep-2012,7:42 AM,Property damage only (none injured),1,0,0,Single vehicle crash,V1: Travelling straight ahead,V1:Eastbound ,V1: Collision with overhead sign support ,"V1: Single-unit truck (2-axle, 6-tire)",Dry,Daylight,Clear,,STORROW DRIVE,,,ENTRANCE TO THE STORROW TUNNEL,,234802.4808,900570.1567
3264174,BOSTON,25-Sep-2012,8:20 AM,Property damage only (none injured),2,0,0,Rear-end,V1: Travelling straight ahead / V2:Slowing or stopped in traffic,V1:Eastbound / V2:Eastbound ,V1: Collision with motor vehicle in traffic / V2: Collision with motor vehicle in traffic ,V1: Passenger car / V2:Truck/trailer,Dry,Daylight,Clear,,Rte 90 E,,Exit 18 on Rte 90 E,,,230714.9765,900764.6942
3286024,BOSTON,25-Sep-2012,8:54 AM,Non-fatal injury,1,2,0,Single vehicle crash,V1: Slowing or stopped in traffic,V1:Northbound ,V1: Collision with parked motor vehicle ,V1: Passenger car,Dry,Daylight,Clear,,645 ATLANTIC AVENUE / ESSEX STREET,,,,P3:Pedestrian,236592.8611,900243.1501
3290308,BOSTON (BRIGHTON),25-Sep-2012,11:10 AM,Not Reported,2,0,0,"Sideswipe, same direction",V1: Travelling straight ahead / V2:Travelling straight ahead,V1:Not reported / V2:Not reported ,V1: Not reported / V2: Not reported ,V1: Passenger car / V2:Passenger car,Dry,Daylight,Clear/Unknown,,940 COMMONWEALTH AVENUE,,,,,231450.4064,900162.4374
3257903,BOSTON,25-Sep-2012,12:03 PM,Property damage only (none injured),2,0,0,"Sideswipe, same direction",V1: Travelling straight ahead / V2:Changing lanes,V1:Westbound / V2:Westbound ,V1: Collision with motor vehicle in traffic / V2: Collision with motor vehicle in traffic ,"V1: Light truck(van, mini-van, panel, pickup, sport utility) with only four tires / V2:Passenger car",Dry,Daylight,Clear,,CHARLES STREET CIRCLE,,,,,235385.419,901294.6172
3273281,BOSTON,25-Sep-2012,12:45 PM,Non-fatal injury,2,1,0,Rear-end,V1: Slowing or stopped in traffic / V2:Travelling straight ahead,V1:Southbound / V2:Southbound ,V1: Collision with motor vehicle in traffic / V2: Collision with motor vehicle in traffic ,"V1: Passenger car / V2:Light truck(van, mini-van, panel, pickup, sport utility) with only four tires",Dry,Daylight,Clear,,WILLIAM T MORRISSEY BOULEVARD / DOMINIC J BANCULLI BOULEVARD,,,AT THE BOSTON GLOBE,,237234.4884,896233.9739
3263245,BOSTON,25-Sep-2012,1:06 PM,Property damage only (none injured),1,0,0,Single vehicle crash,V1: Travelling straight ahead,V1:Eastbound ,V1: Collision with tree ,"V1: Light truck(van, mini-van, panel, pickup, sport utility) with only four tires",Dry,Daylight,Clear,,PARK DRIVE / 195,,,,,232960.4003,899010.1568
3345593,BOSTON (JAMAICA PLAIN),25-Sep-2012,3:09 PM,Property damage only (none injured),2,0,0,Rear-end,V1: Travelling straight ahead / V2:Travelling straight ahead,V1:Northbound / V2:Northbound ,V1: Collision with motor vehicle in traffic / V2: Collision with motor vehicle in traffic ,V1: Passenger car / V2:Passenger car,Dry,Daylight,Clear/Clear,,626 CENTRE STREET,,,,,231813.3604,895998.2384
3271014,BOSTON,25-Sep-2012,5:26 PM,Property damage only (none injured),2,0,0,Rear-end,V1: Travelling straight ahead / V2:Travelling straight ahead,V1:Eastbound / V2:Eastbound ,V1: Collision with motor vehicle in traffic / V2: Collision with motor vehicle in traffic ,V1: Passenger car / V2:Passenger car,Dry,Daylight,Not Reported,,SOLDIERS FIELD ROAD,,,WESTERN AVE UNDERPASS,,231463.2983,901610.4675
3289858,BOSTON (ROSLINDALE),25-Sep-2012,6:39 PM,Non-fatal injury,3,1,0,"Sideswipe, same direction",V1: Travelling straight ahead / V2:Parked / V3:Not reported,V1:Eastbound / V2:Not reported / V3:Not reported ,V1: Not reported / V2: Collision with parked motor vehicle / V3: Not reported ,"V1: Passenger car / V2:Light truck(van, mini-van, panel, pickup, sport utility) with only four tires / V3:Passenger car",Dry,Dark - lighted roadway,Clear,,97 WALWORTH STREET,,,,,229898.9633,892688.334
3282065,BOSTON,26-Sep-2012,6:54 AM,Property damage only (none injured),2,0,0,"Sideswipe, same direction",V1: Changing lanes / V2:Travelling straight ahead,V1:Northbound / V2:Northbound ,V1: Collision with motor vehicle in traffic / V2: Collision with motor vehicle in traffic ,"V1: Passenger car / V2:Unknown heavy truck, cannot classify",Wet,Daylight,Cloudy,,Rte 93 N,,Exit 16 on Rte 93,,,236403.9842,897524.312
3264757,BOSTON,26-Sep-2012,7:05 AM,Property damage only (none injured),1,0,0,Single vehicle crash,V1: Travelling straight ahead,V1:Eastbound ,V1: Collision with guardrail ,V1: Passenger car,Wet,Daylight,Cloudy/Rain,,STORROW DRIVE Rte 28 N / RAMP TO CHARLES CIRCLE,,,LONGFELLOW BRIDGE,,235227.2077,901255.3689
3264433,BOSTON,26-Sep-2012,7:24 AM,Property damage only (none injured),2,0,0,Rear-end,V1: Entering traffic lane / V2:Slowing or stopped in traffic,V1:Southbound / V2:Southbound ,V1: Collision with motor vehicle in traffic / V2: Collision with motor vehicle in traffic ,V1: Passenger car / V2:Passenger car,Wet,Daylight,Cloudy/Rain,RAMP - COLUMBIA RD TO RT 93 SB / Rte 93 S,,,,,,236956.3473,896468.511
3264744,BOSTON,26-Sep-2012,7:37 AM,Non-fatal injury,1,1,0,Not reported,V1: Travelling straight ahead,V1:Northbound ,V1: Collision with guardrail ,V1: Passenger car,Dry,Daylight,Clear,,Rte 93 N,,Exit 27 on Rte 93 N,,,235655.07,902467.5364
3268361,BOSTON,26-Sep-2012,7:45 AM,Property damage only (none injured),2,0,0,Rear-end,V1: Slowing or stopped in traffic / V2:Travelling straight ahead,V1:Eastbound / V2:Eastbound ,V1: Collision with motor vehicle in traffic / V2: Collision with motor vehicle in traffic ,V1: Passenger car / V2:Passenger car,Wet,Daylight,Cloudy,,STORROW DRIVE / RAMP - BERKELEY ST TO RT 28 NB,,,,,235195.2713,900841.1578
3322294,BOSTON,26-Sep-2012,7:55 AM,Non-fatal injury,1,1,0,"Sideswipe, opposite direction",V1: Travelling straight ahead,V1:Northbound ,V1: Collision with pedestrian ,V1: Passenger car,Wet,Daylight,Rain/Rain,,150 feet N from Intersection CAMBRIDGE STREET / COURT STREET,,,70 feet W from CITY HALL,P2:Pedestrian,236268.5639,901108.2638
3321622,BOSTON (DORCHESTER),26-Sep-2012,8:37 AM,Property damage only (none injured),1,0,0,Single vehicle crash,V1: Travelling straight ahead,V1:Not reported ,V1: Collision with pedestrian ,V1: Passenger car,Wet,Daylight,Cloudy/Rain,,375 MOUNT VERNON STREET,,,,P3:Pedestrian,237757.9394,896461.7679
3264954,BOSTON,26-Sep-2012,9:30 AM,Property damage only (none injured),3,0,0,Rear-end,V1: Travelling straight ahead / V2:Slowing or stopped in traffic / V3:Travelling straight ahead,V1:Southbound / V2:Southbound / V3:Southbound ,V1: Collision with motor vehicle in traffic / V2: Collision with motor vehicle in traffic / V3: Collision with motor vehicle in traffic ,"V1: Light truck(van, mini-van, panel, pickup, sport utility) with only four tires / V2:Passenger car / V3:Passenger car",Dry,Daylight,Clear,,Rte 93,,Exit 15 on Rte 93,,,236629.6253,897168.5001
3321752,BOSTON (DORCHESTER),26-Sep-2012,10:00 AM,Non-fatal injury,2,2,0,Rear-end,V1: Not reported / V2:Not reported,V1:Eastbound / V2:Eastbound ,V1: Not reported / V2: Not reported ,"V1: Passenger car / V2:Light truck(van, mini-van, panel, pickup, sport utility) with only four tires",Dry,Daylight,Clear/Clear,,54 PLEASANT STREET,,,,,236277.2748,896145.2487
3381224,BOSTON,26-Sep-2012,11:17 AM,Non-fatal injury,2,1,0,Rear-end,V1: Travelling straight ahead / V2:Slowing or stopped in traffic,V1:Westbound / V2:Westbound ,V1: Not reported / V2: Collision with motor vehicle in traffic ,V1: Passenger car / V2:Passenger car,Dry,Daylight,Clear,MASSACHUSETTS TURNPIKE Rte 1A S / RAMP - RT 1A/ RT 90 WB TO AIRPORT ROAD,,,,,,238752.6538,902887.9009
3264745,BOSTON,26-Sep-2012,5:00 PM,Property damage only (none injured),2,0,0,Angle,V1: Changing lanes / V2:Travelling straight ahead,V1:Southbound / V2:Southbound ,V1: Collision with motor vehicle in traffic / V2: Collision with motor vehicle in traffic ,"V1: Passenger car / V2:Light truck(van, mini-van, panel, pickup, sport utility) with only four tires",Dry,Dusk,Cloudy,,Rte 93 S,,Exit 23 on Rte 93 S,,,236856.2793,901152.8251
3299217,BOSTON,26-Sep-2012,5:30 PM,Property damage only (none injured),1,0,0,Not reported,V1: Travelling straight ahead,V1:Westbound ,V1: Collision with pedestrian ,V1: Passenger car,Not reported,Not reported,Not Reported,,337 NEWBURY STREET,,,,P2:Pedestrian,234040.8738,899853.451
3380531,BOSTON,27-Sep-2012,9:27 AM,Property damage only (none injured),3,0,0,Rear-end,V1: Slowing or stopped in traffic / V2:Slowing or stopped in traffic / V3:Slowing or stopped in traffic,V1:Westbound / V2:Westbound / V3:Westbound ,V1: Collision with motor vehicle in traffic / V2: Collision with motor vehicle in traffic / V3: Collision with motor vehicle in traffic ,"V1: Light truck(van, mini-van, panel, pickup, sport utility) with only four tires / V2:Passenger car / V3:Passenger car",Dry,Daylight,Clear,,Rte 90 W,Rte 90  W Milemarker 133.0,,133 MILE MAKER,,234170.1927,899773.2896
3381483,BOSTON,27-Sep-2012,1:57 PM,Property damage only (none injured),2,0,0,Rear-end,V1: Entering traffic lane / V2:Slowing or stopped in traffic,V1:Northbound / V2:Northbound ,V1: Collision with motor vehicle in traffic / V2: Collision with motor vehicle in traffic ,"V1: Passenger car / V2:Light truck(van, mini-van, panel, pickup, sport utility) with only four tires",Dry,Daylight,Clear,JOHN F FITZGERALD EXPRESSWAY Rte 93 N / RAMP - COLUMBIA RD TO RT 93 NB,,,,RAMP FROM COLUMBIA RD TO 93N,,236673.8867,897131.4137
3321659,BOSTON (BRIGHTON),27-Sep-2012,3:30 PM,Not Reported,1,0,0,Single vehicle crash,V1: Not reported,V1:Not reported ,V1: Not reported ,V1: Passenger car,Dry,Daylight,Clear,SAUNDERS STREET / NORTH BEACON STREET,,,,,,229522.1877,900480.3126
3264747,BOSTON,27-Sep-2012,5:51 PM,Property damage only (none injured),3,0,0,Rear-end,V1: Slowing or stopped in traffic / V2:Changing lanes / V3:Travelling straight ahead,V1:Northbound / V2:Northbound / V3:Northbound ,V1: Collision with motor vehicle in traffic / V2: Collision with motor vehicle in traffic / V3: Collision with motor vehicle in traffic ,"V1: Passenger car / V2:Passenger car / V3:Light truck(van, mini-van, panel, pickup, sport utility) with only four tires",Dry,Daylight,Clear,,Rte 93 N,,Exit 23 on Rte 93 N,SOUTH OF X23,,236957.4837,900943.9828
3281221,BOSTON,27-Sep-2012,7:46 PM,Property damage only (none injured),3,0,0,Rear-end,V1: Slowing or stopped in traffic / V2:Slowing or stopped in traffic / V3:Slowing or stopped in traffic,V1:Southbound / V2:Southbound / V3:Southbound ,V1: Collision with motor vehicle in traffic / V2: Collision with motor vehicle in traffic / V3: Collision with motor vehicle in traffic ,V1: Passenger car / V2:Passenger car / V3:Passenger car,Dry,Dark - lighted roadway,Cloudy,,Rte 93 S,,Exit 15 on Rte 93 S,,,236629.6253,897168.5001
3381533,BOSTON,27-Sep-2012,8:13 PM,Property damage only (none injured),3,0,0,Rear-end,V1: Travelling straight ahead / V2:Slowing or stopped in traffic / V3:Turning right,V1:Eastbound / V2:Eastbound / V3:Eastbound ,V1: Collision with motor vehicle in traffic / V2: Collision with motor vehicle in traffic / V3: Collision with motor vehicle in traffic ,"V1: Light truck(van, mini-van, panel, pickup, sport utility) with only four tires / V2:Light truck(van, mini-van, panel, pickup, sport utility) with only four tires / V3:Light truck(van, mini-van, panel, pickup, sport utility) with only four tires",Dry,Dark - lighted roadway,Cloudy,STORROW DRIVE Rte 28 N / REVERE STREET,,,,STORRORW DR AT REVERE ST,,235248.1945,901083.0333
3322112,BOSTON,27-Sep-2012,9:36 PM,Non-fatal injury,1,1,0,Single vehicle crash,V1: Travelling straight ahead,V1:Westbound ,"V1: Collision with cyclist (bicycle, tricycle, unicycle, pedal car) ","V1: Light truck(van, mini-van, panel, pickup, sport utility) with only four tires",Dry,Dark - lighted roadway,Not Reported,SAINT THOMAS MORE ROAD / MORE DRIVE,,,,,"P2:Pedalcyclist (bicycle, tricycle, unicycle, pedal car)",227522.0935,898794.8751
3290309,BOSTON (BRIGHTON),27-Sep-2012,9:55 PM,Non-fatal injury,2,1,0,Rear-end,V1: Travelling straight ahead / V2:Travelling straight ahead,V1:Eastbound / V2:Eastbound ,V1: Collision with motor vehicle in traffic / V2: Collision with motor vehicle in traffic ,V1: Passenger car / V2:Passenger car,Dry,Dark - lighted roadway,Clear,,461 CAMBRIDGE STREET / HANO STREET,,,,,229965.5623,900457.5624
3292522,BOSTON (DORCHESTER),28-Sep-2012,2:15 AM,Not Reported,2,0,0,Unknown,V1: Travelling straight ahead / V2:Not reported,V1:Northbound / V2:Not reported ,V1: Not reported / V2: Not reported ,V1: Unknown vehicle configuration / V2:Unknown vehicle configuration,Wet,Dark - lighted roadway,Rain,,689 WASHINGTON STREET,,,,,236012.6853,900178.8256
3388736,BOSTON,28-Sep-2012,7:21 AM,Property damage only (none injured),2,0,0,"Sideswipe, same direction",V1: Not reported / V2:Not reported,V1:Not reported / V2:Not reported ,V1: Not reported / V2: Not reported ,"V1: Not reported / V2:Bus (seats for 7-15 people, including driver)",Wet,Daylight,Cloudy/Rain,,HARBORSIDE DRIVE / AIRPORT STATION BUS ACCESS,,,,,238715.4211,902682.4277
3268466,BOSTON,28-Sep-2012,7:32 AM,Property damage only (none injured),2,0,0,Rear-end,V1: Travelling straight ahead / V2:Travelling straight ahead,V1:Northbound / V2:Northbound ,V1: Collision with motor vehicle in traffic / V2: Other ,V1: Passenger car / V2:Passenger car,Wet,Daylight,Cloudy/Rain,,Rte 93 N,,Exit 14 on Rte 93 N,,,237258.9796,894483.3974
3268467,BOSTON,28-Sep-2012,8:00 AM,Property damage only (none injured),2,0,0,Rear-end,V1: Travelling straight ahead / V2:Slowing or stopped in traffic,V1:Southbound / V2:Southbound ,V1: Collision with motor vehicle in traffic / V2: Collision with motor vehicle in traffic ,V1: Passenger car / V2:Passenger car,Wet,Daylight,Cloudy/Rain,,Rte 93,,Exit 15 on Rte 93,,,236629.6253,897168.5001
3265598,BOSTON,28-Sep-2012,8:20 AM,Property damage only (none injured),1,0,0,Single vehicle crash,V1: Travelling straight ahead,V1:Eastbound ,V1: Collision with guardrail ,V1: Passenger car,Wet,Daylight,Cloudy/Rain,,STORROW DRIVE / LONGFELLOW BRIDGE,,,PRIOR TO THE LONGFELLOW BR,,235193.1629,901280.3507
3264748,BOSTON,28-Sep-2012,9:25 AM,Not Reported,1,0,0,Single vehicle crash,V1: Changing lanes,V1:Westbound ,V1: Other ,V1: Passenger car,"Sand, mud, dirt, oil, gravel",Daylight,Rain,,Rte 90 W,,Exit 24 on Rte 90 W,SPLIT FOR 93 NORTH AND SOUTH,,238090.4393,899691.5691
3381534,BOSTON,28-Sep-2012,9:59 AM,Property damage only (none injured),1,0,0,Single vehicle crash,V1: Leaving traffic lane,V1:Westbound ,V1: Other ,"V1: Light truck(van, mini-van, panel, pickup, sport utility) with only four tires",Wet,Daylight,Cloudy/Rain,,STORROW DRIVE / CHARLESGATE OVERPASS,,,BOWKER OVERPASS,,233546.387,900192.6309
3268363,BOSTON,28-Sep-2012,10:20 AM,Property damage only (none injured),1,0,0,Single vehicle crash,V1: Turning left,V1:Eastbound ,V1: Collision with guardrail ,V1: Passenger car,Wet,Daylight,Cloudy/Rain,STORROW DRIVE Rte 28 N / CHARLES STREET Rte 3A S,,,,E/B PRIOR TO THE LONGFELLOW BR,,235498.539,901758.7361
3286023,BOSTON,28-Sep-2012,11:40 AM,Non-fatal injury,2,3,0,Angle,V1: Entering traffic lane / V2:Travelling straight ahead,V1:Eastbound / V2:Southbound ,V1: Collision with motor vehicle in traffic / V2: Collision with motor vehicle in traffic ,"V1: Passenger car / V2:Bus (seats for more than 15 people, including driver)",Wet,Daylight,Rain/Rain,WASHINGTON STREET / EAST BERKELEY STREET,,,,,,235764.3827,899364.1321
3270238,BOSTON,28-Sep-2012,12:58 PM,Non-fatal injury,2,2,0,Rear-end,V1: Changing lanes / V2:Travelling straight ahead,V1:Northbound / V2:Northbound ,V1: Collision with motor vehicle in traffic / V2: Collision with motor vehicle in traffic ,"V1: Light truck(van, mini-van, panel, pickup, sport utility) with only four tires / V2:Passenger car",Dry,Daylight,Cloudy,,Rte 93 N,,,,,236873.3679,900520.4569
3282844,BOSTON,28-Sep-2012,1:08 PM,Property damage only (none injured),2,0,0,"Sideswipe, same direction",V1: Travelling straight ahead / V2:Changing lanes,V1:Westbound / V2:Westbound ,V1: Collision with motor vehicle in traffic / V2: Collision with motor vehicle in traffic ,V1: Passenger car / V2:Passenger car,Wet,Daylight,Not Reported,,SOLDIERS FIELD ROAD / RAMP - SOLDIERS FIELD RD WB TO WESTERN A,,,0 feet E from RIVER ST.,,231511.6067,901186.0814
3268305,BOSTON,28-Sep-2012,1:29 PM,Property damage only (none injured),1,0,0,Single vehicle crash,V1: Travelling straight ahead,V1:Westbound ,V1: Collision with motor vehicle in traffic ,V1: Passenger car,Dry,Daylight,Clear,,SOLDIERS FIELD ROAD / NORTH HARVARD STREET,,,,,230992.3482,902048.2872
3279205,BOSTON,28-Sep-2012,4:17 PM,Non-fatal injury,2,1,0,"Sideswipe, same direction",V1: Entering traffic lane / V2:Travelling straight ahead,V1:Eastbound / V2:Eastbound ,V1: Collision with motor vehicle in traffic / V2: Collision with motor vehicle in traffic ,"V1: Light truck(van, mini-van, panel, pickup, sport utility) with only four tires / V2:Bus (seats for more than 15 people, including driver)",Wet,Daylight,Cloudy/Rain,TREMONT STREET / SAINT ALPHONSUS STREET,,,,,,232856.9062,898128.8752
3270244,BOSTON,28-Sep-2012,6:45 PM,Property damage only (none injured),2,0,0,Rear-end,V1: Travelling straight ahead / V2:Travelling straight ahead,V1:Westbound / V2:Westbound ,V1: Collision with motor vehicle in traffic / V2: Collision with motor vehicle in traffic ,V1: Passenger car / V2:Passenger car,Wet,Dark - lighted roadway,Rain,,MORTON STREET / JAMES SHEA CIRCLE,,,,,232426.4151,894490.4999
3380485,BOSTON,28-Sep-2012,8:02 PM,Property damage only (none injured),5,0,0,Rear-end,V1: Slowing or stopped in traffic / V2:Travelling straight ahead / V3:Travelling straight ahead / V4:Travelling straight ahead / V5:Travelling straight ahead,V1:Southbound / V2:Southbound / V3:Southbound / V4:Southbound / V5:Southbound ,V1: Collision with motor vehicle in traffic / V2: Collision with motor vehicle in traffic / V3: Collision with motor vehicle in traffic / V4: Collision with motor vehicle in traffic / V5: Collision with motor vehicle in traffic ,"V1: Passenger car / V2:Passenger car / V3:Light truck(van, mini-van, panel, pickup, sport utility) with only four tires / V4:Passenger car / V5:Passenger car",Wet,Dark - lighted roadway,Cloudy/Rain,,LEVERETT CONNECTOR SOUTH / RAMP - LEVERETT CONNECTOR TO NASHUA STRE,,,LEVERETT CONNECTOR,,235984.0752,901933.3723
3265344,BOSTON,28-Sep-2012,8:39 PM,Property damage only (none injured),2,0,0,Angle,V1: Turning left / V2:Not reported,V1:Northbound / V2:Not reported ,V1: Collision with motor vehicle in traffic / V2: Not reported ,"V1: Light truck(van, mini-van, panel, pickup, sport utility) with only four tires / V2:Not reported",Wet,Dark - lighted roadway,Cloudy/Rain,,JAMAICAWAY / BYNNER STREET,,,,,231761.9221,897172.3749