Crash Number,City/Town Name,Crash Date,Crash Time,Crash Severity,Number of Vehicles,Total Nonfatal Injuries,Total Fatal Injuries,Manner of Collision,Vehicle Action Prior to Crash,Vehicle Travel Directions,Most Harmful Events,Vehicle Configuration,Road Surface Condition,Ambient Light,Weather Condition,At Roadway Intersection,Distance from Nearest Roadway Intersection,Distance from Nearest Milemarker,Distance from Nearest Exit,Distance from Nearest Landmark,Non Motorist Type,X Coordinate,Y Coordinate
3271015,BOSTON,28-Sep-2012,9:02 PM,Property damage only (none injured),1,0,0,Single vehicle crash,V1: Turning left,V1:Northbound ,V1: Other ,V1: Passenger car,Dry,Dark - lighted roadway,Clear,,BIRMINGHAM PARKWAY / 30 WAVERLY STREET,,,,,229140.0422,901198.1988
3264939,BOSTON,28-Sep-2012,9:05 PM,Non-fatal injury,2,2,0,Rear-end,V1: Slowing or stopped in traffic / V2:Travelling straight ahead,V1:Eastbound / V2:Eastbound ,V1: Collision with motor vehicle in traffic / V2: Collision with motor vehicle in traffic ,"V1: Passenger car / V2:Light truck(van, mini-van, panel, pickup, sport utility) with only four tires",Wet,Dark - lighted roadway,Cloudy,,30 ARBORWAY / ARBORWAY,,,,,231146.0345,895628.0409
3279368,BOSTON,28-Sep-2012,10:06 PM,Property damage only (none injured),2,0,0,Rear-end,V1: Slowing or stopped in traffic / V2:Travelling straight ahead,V1:Southbound / V2:Northbound ,V1: Collision with motor vehicle in traffic / V2: Collision with motor vehicle in traffic ,"V1: Light truck(van, mini-van, panel, pickup, sport utility) with only four tires / V2:Passenger car",Wet,Dark - lighted roadway,Rain,,Rte 93 S,,Exit 15 on Rte 93 S,,,236629.6253,897168.5001
3268364,BOSTON,28-Sep-2012,10:35 PM,Property damage only (none injured),1,0,0,Angle,V1: Travelling straight ahead,V1:Eastbound ,V1: Collision with curb ,V1: Passenger car,Dry,Dark - lighted roadway,Cloudy,,EMBANKMENT ROAD Rte 28 N / RAMP TO CHARLES CIRCLE,,,LONGFELLOW BRIDGE,,235253.2927,901160.5652
3274327,BOSTON,28-Sep-2012,11:38 PM,Property damage only (none injured),1,0,0,Single vehicle crash,V1: Travelling straight ahead,V1:Northbound ,V1: Collision with median barrier ,"V1: Light truck(van, mini-van, panel, pickup, sport utility) with only four tires",Wet,Dark - lighted roadway,Rain,,Rte 93 N,,,,,237000.642,900793.2505
3268365,BOSTON,28-Sep-2012,11:45 PM,Property damage only (none injured),3,0,0,"Sideswipe, same direction",V1: Travelling straight ahead / V2:Changing lanes / V3:Travelling straight ahead,V1:Eastbound / V2:Eastbound / V3:Eastbound ,V1: Collision with guardrail / V2: Collision with motor vehicle in traffic / V3: Collision with motor vehicle in traffic ,V1: Passenger car / V2:Passenger car / V3:Passenger car,Wet,Daylight,Rain,,STORROW DRIVE Rte 28 N / RAMP TO CHARLES CIRCLE,,,S TURN/LONGFELLOW BRIDGE,,235229.9675,901296.7566
3274489,BOSTON,29-Sep-2012,3:15 AM,Property damage only (none injured),1,0,0,Single vehicle crash,V1: Travelling straight ahead,V1:Eastbound ,V1: Collision with motor vehicle in traffic ,V1: Passenger car,Wet,Dark - lighted roadway,Rain,,STORROW DRIVE Rte 28 N / RAMP - STORROW DRIVE TO LEVERETT CONNECT,,,S TURN/LONGFELLOW BRIDGE,,235312.8448,901401.4825
3268366,BOSTON,29-Sep-2012,5:55 AM,Property damage only (none injured),1,0,0,Single vehicle crash,V1: Travelling straight ahead,V1:Westbound ,V1: Collision with motor vehicle in traffic ,V1: Passenger car,Wet,Daylight,Clear,,STORROW DRIVE Rte 28 S / RAMP - RT 3 TO RT 28 SB,,,0 feet W from LONGFELLOW BRIDGE,,235204.1891,901335.632
3283443,BOSTON,29-Sep-2012,7:15 AM,Property damage only (none injured),1,0,0,Single vehicle crash,V1: Travelling straight ahead,V1:Westbound ,V1: Collision with guardrail ,V1: Passenger car,Wet,Dawn,Not Reported,,SOLDIERS FIELD ROAD / NORTH HARVARD STREET,,,,,230992.3482,902048.2872
3266889,BOSTON,29-Sep-2012,7:20 AM,Property damage only (none injured),2,0,0,Angle,V1: Travelling straight ahead / V2:Travelling straight ahead,V1:Eastbound / V2:Eastbound ,V1: Collision with curb / V2: Collision with other movable object ,V1: Passenger car / V2:Passenger car,Wet,Daylight,Cloudy/Rain,,STORROW DRIVE Rte 28 N / RAMP TO CHARLES CIRCLE,,,PRIOR TO THE LONGFELLOW BRIDGE,,235227.2463,901256.8507
3264749,BOSTON,29-Sep-2012,7:54 AM,Property damage only (none injured),1,0,0,Single vehicle crash,V1: Travelling straight ahead,V1:Southbound ,V1: Collision with motor vehicle in traffic ,V1: Passenger car,Wet,Daylight,Cloudy/Rain,,Rte 93 S,,Exit 26 on Rte 93 S,LEVERETT CONNECTOR RAMP,,234851.4113,903728.5151
3274538,BOSTON,29-Sep-2012,8:21 AM,Not Reported,1,0,0,Single vehicle crash,V1: Travelling straight ahead,V1:Eastbound ,V1: Collision with curb ,V1: Passenger car,Wet,Daylight,Cloudy/Rain,,STORROW DRIVE Rte 28 N / RAMP TO CHARLES CIRCLE,,,LONGFELLOW BRIDGE,,235251.4346,901171.2426
3264750,BOSTON,29-Sep-2012,8:54 AM,Non-fatal injury,1,1,0,Single vehicle crash,V1: Travelling straight ahead,V1:Southbound ,V1: Collision with motor vehicle in traffic ,V1: Passenger car,Wet,Daylight,Cloudy/Rain,,Rte 93 S,,Exit 26 on Rte 93 S,LEVERETT CONNECTOR,,234851.4113,903728.5151
3266890,BOSTON,29-Sep-2012,9:10 AM,Property damage only (none injured),2,0,0,Angle,V1: Travelling straight ahead / V2:Travelling straight ahead,V1:Eastbound / V2:Eastbound ,V1: Collision with motor vehicle in traffic / V2: Collision with motor vehicle in traffic ,"V1: Light truck(van, mini-van, panel, pickup, sport utility) with only four tires / V2:Passenger car",Wet,Daylight,Cloudy/Rain,,STORROW DRIVE Rte 28 N / RAMP - STORROW DRIVE TO LEVERETT CONNECT,,,"MGH "S" CURVES""GH "S" CU""H "S""" """",,235307.5778,901398.7956
3301817,BOSTON,29-Sep-2012,1:05 PM,Property damage only (none injured),2,0,0,Rear-end,V1: Travelling straight ahead / V2:Slowing or stopped in traffic,V1:Southbound / V2:Southbound ,V1: Collision with motor vehicle in traffic / V2: Collision with motor vehicle in traffic ,V1: Passenger car / V2:Passenger car,Dry,Daylight,Not Reported,,CENTRE STREET / HILLCROFT ROAD,,,,,231123.4534,895386.1455
3321748,BOSTON (DORCHESTER),29-Sep-2012,2:40 PM,Property damage only (none injured),3,0,0,Rear-to-rear,V1: Not reported / V2:Not reported / V3:Travelling straight ahead,V1:Not reported / V2:Not reported / V3:Not reported ,V1: Not reported / V2: Not reported / V3: Not reported ,"V1: Light truck(van, mini-van, panel, pickup, sport utility) with only four tires / V2:Passenger car / V3:Passenger car",Wet,Daylight,Cloudy,,53 GRANITE AVENUE,,,,,236702.2189,892384.2901
3321747,BOSTON,29-Sep-2012,3:07 PM,Non-fatal injury,2,4,0,Angle,V1: Travelling straight ahead / V2:Travelling straight ahead,V1:Eastbound / V2:Southbound ,V1: Collision with motor vehicle in traffic / V2: Collision with motor vehicle in traffic ,V1: Passenger car / V2:Passenger car,Wet,Daylight,Cloudy/Other,BOWDOIN STREET / HOMES AVENUE,,,,,,235325.953,894749.6875
3279179,BOSTON,29-Sep-2012,6:46 PM,Property damage only (none injured),2,0,0,Rear-end,V1: Leaving traffic lane / V2:Entering traffic lane,V1:Westbound / V2:Westbound ,V1: Collision with motor vehicle in traffic / V2: Collision with motor vehicle in traffic ,"V1: Passenger car / V2:Light truck(van, mini-van, panel, pickup, sport utility) with only four tires",Dry,Dark - lighted roadway,Clear,,KOSCIUSZKO CIRCLE,,,,,237020.6238,896892.1848
3270246,BOSTON,29-Sep-2012,10:35 PM,Non-fatal injury,2,1,0,Head-on,V1: Turning left / V2:Travelling straight ahead,V1:Westbound / V2:Eastbound ,V1: Collision with motor vehicle in traffic / V2: Collision with motor vehicle in traffic ,"V1: Passenger car / V2:Light truck(van, mini-van, panel, pickup, sport utility) with only four tires",Dry,Dark - lighted roadway,Clear,MORTON STREET / COURTLAND ROAD,,,,,,233533.0467,892972.5627
3284947,BOSTON,30-Sep-2012,2:22 AM,Non-fatal injury,1,1,0,Single vehicle crash,V1: Turning left,V1:Northbound ,V1: Collision with median barrier ,V1: Passenger car,Dry,Dark - lighted roadway,Clear,,BOYLSTON STREET / CHARLESGATE OVERPASS,,,,,233583.8202,899756.5488
3318947,BOSTON,30-Sep-2012,3:59 AM,Non-fatal injury,1,1,0,Single vehicle crash,V1: Changing lanes,V1:Not reported ,V1: Not reported ,V1: Passenger car,Dry,Dark - lighted roadway,Clear,ATLANTIC AVENUE / EAST STREET,,,,,"P2:Pedalcyclist (bicycle, tricycle, unicycle, pedal car)",236568.1213,900176.5588
3264751,BOSTON,30-Sep-2012,8:31 AM,Property damage only (none injured),1,0,0,Single vehicle crash,V1: Turning left,V1:Northbound ,V1: Collision with median barrier ,"V1: Light truck(van, mini-van, panel, pickup, sport utility) with only four tires",Wet,Daylight,Rain,,Rte 93 N,,Exit 27 on Rte 93 N,,,235655.07,902467.5364
3265338,BOSTON,30-Sep-2012,11:12 AM,Property damage only (none injured),1,0,0,Single vehicle crash,V1: Not reported,V1:Not reported ,V1: Not reported ,"V1: Light truck(van, mini-van, panel, pickup, sport utility) with only four tires",Wet,Other,Rain,,Rte 90 W,,Exit 24 on Rte 90 W,,,238090.4393,899691.5691
3274490,BOSTON,30-Sep-2012,11:17 AM,Not Reported,1,0,0,Single vehicle crash,V1: Turning left,V1:Southbound ,V1: Collision with curb ,"V1: Light truck(van, mini-van, panel, pickup, sport utility) with only four tires",Wet,Daylight,Cloudy/Rain,,STORROW DRIVE / CHARLESGATE OVERPASS,,,@ FENWAY/KENMORE EXIT,,233729.3188,900237.5212
3270239,BOSTON,30-Sep-2012,11:22 AM,Property damage only (none injured),1,0,0,Single vehicle crash,V1: Changing lanes,V1:Southbound ,V1: Collision with motor vehicle in traffic ,V1: Passenger car,Wet,Daylight,Cloudy/Rain,JOHN F FITZGERALD EXPRESSWAY Rte 1 S / RAMP - LEVERETT CIRCLE TO RT 93 SB Rte 3 S / Rte 93 S,,,,CANA LOOP RAMP SPLIT SB 93/STORR,,236192.3118,901840.5409
3268462,BOSTON,30-Sep-2012,11:57 AM,Property damage only (none injured),1,0,0,Single vehicle crash,V1: Travelling straight ahead,V1:Eastbound ,V1: Collision with guardrail ,"V1: Light truck(van, mini-van, panel, pickup, sport utility) with only four tires",Wet,Daylight,Rain,RAMP TO CHARLES CIRCLE / STORROW DRIVE  Rte 28 N,,,,LONGFELLOW BRIDGE &AMP;QUOT;S&AM,,235254.3907,901130.5454
3265339,BOSTON,30-Sep-2012,12:40 PM,Property damage only (none injured),2,0,0,Angle,V1: Travelling straight ahead / V2:Travelling straight ahead,V1:Eastbound / V2:Eastbound ,V1: Collision with motor vehicle in traffic / V2: Collision with motor vehicle in traffic ,"V1: Passenger car / V2:Light truck(van, mini-van, panel, pickup, sport utility) with only four tires",Wet,Daylight,Rain,,Rte 90 E,,Exit 22 on Rte 90 E,,,234741.7413,899775.696
3381579,BOSTON,30-Sep-2012,1:13 PM,Property damage only (none injured),5,0,0,Rear-end,V1: Slowing or stopped in traffic / V2:Slowing or stopped in traffic / V3:Slowing or stopped in traffic / V4:Slowing or stopped in traffic / V5:Slowing or stopped in traffic,V1:Southbound / V2:Southbound / V3:Southbound / V4:Southbound / V5:Southbound ,V1: Collision with motor vehicle in traffic / V2: Collision with motor vehicle in traffic / V3: Collision with motor vehicle in traffic / V4: Collision with motor vehicle in traffic / V5: Collision with motor vehicle in traffic ,"V1: Passenger car / V2:Light truck(van, mini-van, panel, pickup, sport utility) with only four tires / V3:Passenger car / V4:Passenger car / V5:Light truck(van, mini-van, panel, pickup, sport utility) with only four tires",Wet,Daylight,Cloudy/Rain,,JOHN F FITZGERALD EXPRESSWAY Rte 93 S,,,SAVIN HILL OVERPASS,,236862.4302,895763.6846
3265345,BOSTON,30-Sep-2012,1:17 PM,Non-fatal injury,1,1,0,Single vehicle crash,V1: Turning left,V1:Southbound ,V1: Reported but invalid ,"V1: Light truck(van, mini-van, panel, pickup, sport utility) with only four tires",Wet,Daylight,Rain,CHARLESGATE OVERPASS / CHARLESGATE OVERPASS,,,,RAMP TO BOWKER OVERPASS,,233540.3991,900175.6895
3268314,BOSTON,30-Sep-2012,2:07 PM,Property damage only (none injured),2,0,0,Rear-end,V1: Slowing or stopped in traffic / V2:Slowing or stopped in traffic,V1:Northbound / V2:Northbound ,V1: Collision with motor vehicle in traffic / V2: Collision with motor vehicle in traffic ,"V1: Light truck(van, mini-van, panel, pickup, sport utility) with only four tires / V2:Passenger car",Wet,Daylight,Rain,,Rte 93 N,,Exit 14 on Rte 93 N,,,237258.9796,894483.3974
3285260,BOSTON,30-Sep-2012,2:09 PM,Property damage only (none injured),2,0,0,Angle,V1: Changing lanes / V2:Travelling straight ahead,V1:Westbound / V2:Westbound ,V1: Collision with motor vehicle in traffic / V2: Collision with median barrier ,"V1: Light truck(van, mini-van, panel, pickup, sport utility) with only four tires / V2:Passenger car",Wet,Daylight,Rain,,0 feet E from Intersection SOLDIERS FIELD ROAD / NORTH HARVARD STREET,,,,,230992.3482,902048.2872
3265346,BOSTON,30-Sep-2012,3:33 PM,Property damage only (none injured),1,0,0,Single vehicle crash,V1: Travelling straight ahead,V1:Westbound ,V1: Collision with guardrail ,V1: Passenger car,Wet,Daylight,Rain,,SOLDIERS FIELD ROAD,,,WEEKS FOOTBRIDGE,,231377.8076,901969.8381
3265340,BOSTON,30-Sep-2012,3:40 PM,Property damage only (none injured),1,0,0,Single vehicle crash,V1: Travelling straight ahead,V1:Eastbound ,V1: Not reported ,"V1: Light truck(van, mini-van, panel, pickup, sport utility) with only four tires",Wet,Daylight,Rain,,LEVERETT CONNECTOR NORTH / RAMP - STORROW DRIVE TO LEVERETT CONNECT,,,,,235982.3047,901896.8422
3279370,BOSTON,30-Sep-2012,9:35 PM,Non-fatal injury,1,1,0,Single vehicle crash,V1: Travelling straight ahead,V1:Northbound ,V1: Reported but invalid ,V1: Motorcycle,Wet,Dark - lighted roadway,Not Reported,,GALLIVAN BOULEVARD / 131,,,,,235284.2014,892047.9393
3321739,BOSTON (DORCHESTER),30-Sep-2012,10:25 PM,Not Reported,3,0,0,Not reported,V1: Slowing or stopped in traffic / V2:Travelling straight ahead / V3:Slowing or stopped in traffic,V1:Not reported / V2:Not reported / V3:Not reported ,V1: Not reported / V2: Not reported / V3: Not reported ,"V1: Passenger car / V2:Passenger car / V3:Light truck(van, mini-van, panel, pickup, sport utility) with only four tires",Not reported,Not reported,Not Reported,,1911 DORCHESTER AVENUE,,,,,235927.0223,892857.8876
3282352,BOSTON,01-Oct-2012,7:25 AM,Property damage only (none injured),1,0,0,Single vehicle crash,V1: Travelling straight ahead,V1:Southbound ,V1: Collision with guardrail ,V1: Passenger car,Dry,Daylight,Clear,,Rte 93 S,,Exit 15 on Rte 93 S,,,236629.6253,897168.5001
3283710,BOSTON,01-Oct-2012,7:45 AM,Property damage only (none injured),2,0,0,Rear-end,V1: Travelling straight ahead / V2:Slowing or stopped in traffic,V1:Northbound / V2:Northbound ,V1: Collision with motor vehicle in traffic / V2: Collision with motor vehicle in traffic ,"V1: Passenger car / V2:Light truck(van, mini-van, panel, pickup, sport utility) with only four tires",Dry,Daylight,Clear,,Rte 93 N,,Exit 26 on Rte 93 N,,,236402.7433,901600.0342
3274328,BOSTON,01-Oct-2012,9:00 AM,Non-fatal injury,2,1,0,Rear-end,V1: Slowing or stopped in traffic / V2:Travelling straight ahead,V1:Northbound / V2:Northbound ,V1: Collision with motor vehicle in traffic / V2: Collision with motor vehicle in traffic ,V1: Passenger car / V2:Passenger car,Dry,Daylight,Cloudy,,Rte 93 N,,Exit 26 on Rte 93 N,,,236402.7433,901600.0342
3322287,BOSTON,01-Oct-2012,1:30 PM,Non-fatal injury,1,1,0,Single vehicle crash,V1: Travelling straight ahead,V1:Southbound ,V1: Collision with pedestrian ,"V1: Light truck(van, mini-van, panel, pickup, sport utility) with only four tires",Dry,Daylight,Clear,ELIOT STREET / COLUMBUS AVENUE,,,,,,,
3274329,BOSTON,01-Oct-2012,2:45 PM,Non-fatal injury,1,1,0,Angle,V1: Travelling straight ahead,V1:Eastbound ,V1: Collision with curb ,V1: Passenger car,Dry,Daylight,Clear,,Rte 90 E,,,,,233824.9565,899774.6293
3279180,BOSTON,01-Oct-2012,5:30 PM,Property damage only (none injured),4,0,0,Rear-end,V1: Slowing or stopped in traffic / V2:Slowing or stopped in traffic / V3:Slowing or stopped in traffic / V4:Travelling straight ahead,V1:Northbound / V2:Northbound / V3:Northbound / V4:Northbound ,V1: Collision with motor vehicle in traffic / V2: Collision with motor vehicle in traffic / V3: Collision with motor vehicle in traffic / V4: Collision with motor vehicle in traffic ,V1: Passenger car / V2:Passenger car / V3:Passenger car / V4:Passenger car,Dry,Daylight,Clear,RAMP - RT 3A NB TO RT 93 NB Rte 3A N / Rte 93 N,,,,NEPONSET CIRCLE ON RAMP /RT 93 N,,237634.4299,893472.9536
3353374,BOSTON (SOUTH BOSTON),01-Oct-2012,6:04 PM,Not Reported,2,0,0,Not reported,V1: Not reported / V2:Not reported,V1:Not reported / V2:Not reported ,V1: Not reported / V2: Not reported ,V1: Passenger car / V2:Passenger car,Not reported,Daylight,Clear/Clear,DORCHESTER STREET / WEST NINTH STREET,,,,,,236949.0831,898099.7875
3290435,BOSTON,01-Oct-2012,7:33 PM,Non-fatal injury,1,1,0,Single vehicle crash,V1: Travelling straight ahead,V1:Westbound ,V1: Not reported ,V1: Passenger car,Dry,Daylight,Cloudy,,501 WESTERN AVENUE / RICHARDSON STREET,,,,P2:Pedestrian,229368.7342,901329.7498
3381225,BOSTON,01-Oct-2012,10:03 PM,Property damage only (none injured),2,0,0,Angle,V1: Making U-turn / V2:Travelling straight ahead,V1:Westbound / V2:Westbound ,V1: Collision with motor vehicle in traffic / V2: Collision with motor vehicle in traffic ,"V1: Light truck(van, mini-van, panel, pickup, sport utility) with only four tires / V2:Light truck(van, mini-van, panel, pickup, sport utility) with only four tires",Dry,Dark - lighted roadway,Clear,HOTEL DRIVE / SR-2,,,,HOTEL DR NEAR CELLPHONE LOT,,239100.7308,902296.287
3345587,BOSTON (ROXBURY),02-Oct-2012,5:58 AM,Not Reported,2,0,0,Angle,V1: Travelling straight ahead / V2:Travelling straight ahead,V1:Westbound / V2:Not reported ,V1: Collision with motor vehicle in traffic / V2: Collision with motor vehicle in traffic ,V1: Passenger car / V2:Passenger car,Dry,Dark - lighted roadway,Clear,QUINCY STREET / WARREN STREET,,,,,,234383.894,896293.5339
3379873,BOSTON,02-Oct-2012,8:20 AM,Property damage only (none injured),2,0,0,"Sideswipe, same direction",V1: Parked / V2:Slowing or stopped in traffic,V1:Southbound / V2:Southbound ,V1: Collision with motor vehicle in traffic / V2: Collision with parked motor vehicle ,"V1: Light truck(van, mini-van, panel, pickup, sport utility) with only four tires / V2:Light truck(van, mini-van, panel, pickup, sport utility) with only four tires",Dry,Daylight,Cloudy,,RAMP - RT 1 SB FROM TOBIN BRIDGE Rte 1 S / RAMP - RT 1 SB TO LEVERETT CONNECTOR,,,CANA LOOP RAMP TO 93SB,,235517.5861,902495.3674
3281609,BOSTON,02-Oct-2012,8:50 AM,Property damage only (none injured),2,0,0,Angle,V1: Slowing or stopped in traffic / V2:Turning left,V1:Eastbound / V2:Westbound ,V1: Collision with motor vehicle in traffic / V2: Collision with motor vehicle in traffic ,V1: Passenger car / V2:Tractor/semi-trailer,Dry,Daylight,Cloudy/Cloudy,KNEELAND STREET / SURFACE ARTERY,,,,,,236274.497,900050.9872
3268307,BOSTON,02-Oct-2012,9:35 AM,Property damage only (none injured),2,0,0,Rear-end,V1: Slowing or stopped in traffic / V2:Travelling straight ahead,V1:Westbound / V2:Westbound ,V1: Collision with motor vehicle in traffic / V2: Collision with motor vehicle in traffic ,V1: Passenger car / V2:Passenger car,Dry,Daylight,Clear,CHARLESGATE OVERPASS / STORROW DRIVE,,,,BOWKER OVERPASS,,233287.6718,900098.5623
3266561,BOSTON,02-Oct-2012,9:40 AM,Property damage only (none injured),3,0,0,Rear-end,V1: Slowing or stopped in traffic / V2:Slowing or stopped in traffic / V3:Slowing or stopped in traffic,V1:Southbound / V2:Southbound / V3:Southbound ,V1: Collision with motor vehicle in traffic / V2: Collision with motor vehicle in traffic / V3: Collision with motor vehicle in traffic ,"V1: Light truck(van, mini-van, panel, pickup, sport utility) with only four tires / V2:Passenger car / V3:Passenger car",Dry,Daylight,Clear,,Rte 93 S,,Exit 26 on Rte 93 S,,,234851.4113,903728.5151
3287196,BOSTON,02-Oct-2012,9:46 AM,Non-fatal injury,1,1,0,Single vehicle crash,V1: Travelling straight ahead,V1:Northbound ,V1: Not reported ,V1: Motorcycle,Dry,Daylight,Clear,,WILLIAM DAY BOULEVARD / BABE RUTH PARK DRIVE,,,CARSON BEACH BATHHOUSE,,237206.1818,897445.0751
3276851,BOSTON,02-Oct-2012,2:12 PM,Property damage only (none injured),1,0,0,Single vehicle crash,V1: Travelling straight ahead,V1:Westbound ,V1: Collision with highway traffic sign post ,V1: Truck/trailer,Wet,Daylight,Cloudy,,RAMP - LEVERETT CONNECTOR TO STORROW DRI Rte 3A N / RAMP-RT 93 NB TO STORROW DRIVE Rte 3 N,,,,,235651.6228,901890.5725
3381536,BOSTON,02-Oct-2012,3:25 PM,Non-fatal injury,1,1,0,Angle,V1: Travelling straight ahead,V1:Westbound ,V1: Collision with median barrier ,V1: Passenger car,Wet,Daylight,Rain,STORROW DRIVE / CHARLESGATE OVERPASS,,,,STORROW DR AT BOWKER OVER PASS,,233695.1823,900232.3919
3318946,BOSTON (CHARLESTOWN),02-Oct-2012,3:25 PM,Property damage only (none injured),2,0,0,Angle,V1: Parked / V2:Turning left,V1:Not reported / V2:Southbound ,V1: Collision with motor vehicle in traffic / V2: Collision with parked motor vehicle ,V1: Passenger car / V2:Truck/trailer,Wet,Daylight,Rain,,MONUMENT AVENUE / MONUMENT STREET,,,,,,
3266891,BOSTON,02-Oct-2012,4:10 PM,Non-fatal injury,1,1,0,Single vehicle crash,V1: Travelling straight ahead,V1:Westbound ,V1: Collision with median barrier ,"V1: Light truck(van, mini-van, panel, pickup, sport utility) with only four tires",Wet,Daylight,Rain,,STORROW DRIVE,,,FIEDLER FOOT BRIDGE,,235126.0553,900717.373
3321750,BOSTON (DORCHESTER),02-Oct-2012,4:45 PM,Property damage only (none injured),2,0,0,"Sideswipe, same direction",V1: Entering traffic lane / V2:Entering traffic lane,V1:Not reported / V2:Not reported ,V1: Collision with motor vehicle in traffic / V2: Collision with motor vehicle in traffic ,V1: Passenger car / V2:Passenger car,Wet,Daylight,Rain/Rain,,1429 DORCHESTER AVENUE,,,,,236312.1751,894742.0285
3298549,BOSTON,02-Oct-2012,5:49 PM,Property damage only (none injured),2,0,0,Angle,V1: Turning left / V2:Travelling straight ahead,V1:Eastbound / V2:Southbound ,V1: Collision with motor vehicle in traffic / V2: Collision with motor vehicle in traffic ,V1: Passenger car / V2:Passenger car,Wet,Daylight,Rain,,WILLIAM T MORRISSEY BOULEVARD / MOUNT VERNON STREET,,,SHAWS,,237082.5709,896597.7407
3270247,BOSTON,02-Oct-2012,6:39 PM,Not Reported,1,0,0,Single vehicle crash,V1: Travelling straight ahead,V1:Westbound ,V1: Other ,V1: Passenger car,Wet,Dark - lighted roadway,Rain,,WEST ROXBURY PARKWAY / BELGRADE AVENUE,,,,,229049.9998,892895.3751
3381484,BOSTON,02-Oct-2012,7:08 PM,Non-fatal injury,5,1,0,Rear-end,V1: Travelling straight ahead / V2:Slowing or stopped in traffic / V3:Slowing or stopped in traffic / V4:Slowing or stopped in traffic / V5:Slowing or stopped in traffic,V1:Southbound / V2:Southbound / V3:Southbound / V4:Southbound / V5:Southbound ,V1: Collision with motor vehicle in traffic / V2: Collision with motor vehicle in traffic / V3: Collision with motor vehicle in traffic / V4: Collision with motor vehicle in traffic / V5: Collision with motor vehicle in traffic ,"V1: Passenger car / V2:Light truck(van, mini-van, panel, pickup, sport utility) with only four tires / V3:Passenger car / V4:Passenger car / V5:Passenger car",Wet,Daylight,Cloudy/Rain,,JOHN Rte 93 S,,,SAVIN HILL,,236852.6931,895731.8108
3279182,BOSTON,02-Oct-2012,8:20 PM,Property damage only (none injured),1,0,0,Single vehicle crash,V1: Travelling straight ahead,V1:Southbound ,V1: Collision with pedestrian ,"V1: Light truck(van, mini-van, panel, pickup, sport utility) with only four tires",Wet,Dark - roadway not lighted,Cloudy,COLUMBIA ROAD / RAMP - RT 93 SB TO COLUMBIA RD,,,,UNDER 93,P2:Pedestrian,236745.2344,896875.3748
3321667,BOSTON (JAMAICA PLAIN),02-Oct-2012,9:00 PM,Property damage only (none injured),2,0,0,"Sideswipe, same direction",V1: Not reported / V2:Parked,V1:Not reported / V2:Not reported ,V1: Not reported / V2: Not reported ,"V1: Light truck(van, mini-van, panel, pickup, sport utility) with only four tires / V2:Passenger car",Wet,Dark - lighted roadway,Rain,,48 SOUTH HUNTINGTON AVENUE,,,,,232014.5278,897873.4889
3267594,BOSTON,02-Oct-2012,10:40 PM,Property damage only (none injured),1,0,0,Single vehicle crash,V1: Travelling straight ahead,V1:Eastbound ,V1: Collision with light pole or other post/support ,V1: Passenger car,Wet,Dark - lighted roadway,Rain,SOLDIERS FIELD ROAD / RAMP - SOLDIERS FIELD EB TO N HARVARD ST,,,,HAVARD STATIUM GATE 14,,230840.4689,902119.5625
3321738,BOSTON (DORCHESTER),03-Oct-2012,1:13 AM,Property damage only (none injured),4,0,0,"Sideswipe, same direction",V1: Travelling straight ahead / V2:Parked / V3:Parked / V4:Parked,V1:Not reported / V2:Not reported / V3:Not reported / V4:Not reported ,V1: Collision with parked motor vehicle / V2: Collision with parked motor vehicle / V3: Collision with parked motor vehicle / V4: Collision with parked motor vehicle ,"V1: Passenger car / V2:Passenger car / V3:Light truck(van, mini-van, panel, pickup, sport utility) with only four tires / V4:Passenger car",Dry,Dark - lighted roadway,Cloudy,,90 WRENTHAM STREET,,,,,236378.2986,893196.0468
3380532,BOSTON,03-Oct-2012,5:15 AM,Property damage only (none injured),2,0,0,"Sideswipe, same direction",V1: Travelling straight ahead / V2:Travelling straight ahead,V1:Southbound / V2:Southbound ,V1: Collision with motor vehicle in traffic / V2: Collision with motor vehicle in traffic ,V1: Passenger car / V2:Passenger car,Dry,Daylight,Clear,,Rte 1 S / UNKNOWN,,,TOBIN BRIDGE TOLLS,,237031.1375,903581.2631
3297980,BOSTON,03-Oct-2012,9:04 AM,Non-fatal injury,3,1,0,Rear-end,V1: Slowing or stopped in traffic / V2:Travelling straight ahead / V3:Slowing or stopped in traffic,V1:Northbound / V2:Northbound / V3:Northbound ,V1: Collision with motor vehicle in traffic / V2: Collision with motor vehicle in traffic / V3: Collision with motor vehicle in traffic ,"V1: Passenger car / V2:Passenger car / V3:Light truck(van, mini-van, panel, pickup, sport utility) with only four tires",Dry,Daylight,Cloudy,,Rte 93 N,,Exit 13 on Rte 93 N,93N @ EXIT 13,,237420.1414,894076.5227
3380486,BOSTON,03-Oct-2012,11:56 AM,Property damage only (none injured),2,0,0,Rear-end,V1: Travelling straight ahead / V2:Travelling straight ahead,V1:Southbound / V2:Southbound ,V1: Collision with motor vehicle in traffic / V2: Collision with motor vehicle in traffic ,V1: Passenger car / V2:Passenger car,Wet,Daylight,Rain,RAMP - RT 1 SB TO RUTHERFORD AVENUE / RAMP - RT 1 SB FROM TOBIN BRIDGE Rte 1 S / MAURICE TOBIN BRIDGE Rte 1 S,,,,CANA RAMP T-C,,236392.5847,902724.2544