Crash Number,City/Town Name,Crash Date,Crash Time,Crash Severity,Number of Vehicles,Total Nonfatal Injuries,Total Fatal Injuries,Manner of Collision,Vehicle Action Prior to Crash,Vehicle Travel Directions,Most Harmful Events,Vehicle Configuration,Road Surface Condition,Ambient Light,Weather Condition,At Roadway Intersection,Distance from Nearest Roadway Intersection,Distance from Nearest Milemarker,Distance from Nearest Exit,Distance from Nearest Landmark,Non Motorist Type,X Coordinate,Y Coordinate
3274481,BOSTON,03-Oct-2012,11:56 AM,Property damage only (none injured),2,0,0,Rear-end,V1: Travelling straight ahead / V2:Travelling straight ahead,V1:Northbound / V2:Northbound ,V1: Collision with motor vehicle in traffic / V2: Collision with motor vehicle in traffic ,V1: Passenger car / V2:Passenger car,Wet,Daylight,Rain,FRONTAGE ROAD / HAUL ROAD,,,,HAUL ROAD,,235950.9524,898250.4215
3268315,BOSTON,03-Oct-2012,11:59 AM,Property damage only (none injured),2,0,0,Rear-end,V1: Slowing or stopped in traffic / V2:Travelling straight ahead,V1:Eastbound / V2:Eastbound ,V1: Collision with motor vehicle in traffic / V2: Collision with motor vehicle in traffic ,V1: Passenger car / V2:Passenger car,Wet,Daylight,Rain,,WILLIAM DAY BOULEVARD / BABE RUTH PARK DRIVE,,,,,237329.8124,897671.1252
3380252,BOSTON,03-Oct-2012,1:55 PM,Property damage only (none injured),1,0,0,Single vehicle crash,V1: Travelling straight ahead,V1:Not reported ,V1: Collision with curb ,"V1: Light truck(van, mini-van, panel, pickup, sport utility) with only four tires",Wet,Daylight,Cloudy/Rain,ALLSTON TOLL PLAZA / CAMBRIDGE STREET,,,Exit 18 on Rte UNKNOW,CAMBRIDGE ST RAMP,,231486.5756,901224.159
3268367,BOSTON,03-Oct-2012,2:05 PM,Property damage only (none injured),1,0,0,Single vehicle crash,V1: Turning left,V1:Eastbound ,V1: Collision with guardrail ,V1: Passenger car,Wet,Daylight,Cloudy/Rain,,473 feet N from Intersection EMBANKMENT ROAD Rte 28 N / RAMP TO CHARLES CIRCLE,,,MGH,,235227.7318,901270.6809
3268368,BOSTON,03-Oct-2012,2:54 PM,Non-fatal injury,1,1,0,Angle,V1: Travelling straight ahead,V1:Westbound ,V1: Collision with median barrier ,V1: Passenger car,Wet,Daylight,Cloudy/Rain,,STORROW DRIVE / CHARLESGATE OVERPASS,,,@ OFF RAMP TO BOWKER O/P,,233673.4841,900229.6382
3274544,BOSTON,03-Oct-2012,3:26 PM,Property damage only (none injured),1,0,0,Single vehicle crash,V1: Travelling straight ahead,V1:Westbound ,V1: Collision with motor vehicle in traffic ,V1: Passenger car,Wet,Daylight,Rain,,800 feet W from Intersection SOLDIERS FIELD ROAD / NORTH HARVARD STREET,,,NEWELL BOAT HOUSE,,230787.0834,902179.9392
3272031,BOSTON,03-Oct-2012,3:34 PM,Non-fatal injury,2,1,0,Head-on,V1: Other / V2:Travelling straight ahead,V1:Westbound / V2:Eastbound ,V1: Collision with motor vehicle in traffic / V2: Collision with motor vehicle in traffic ,"V1: Light truck(van, mini-van, panel, pickup, sport utility) with only four tires / V2:Passenger car",Wet,Daylight,Rain,,1650 SOLDIERS FIELD ROAD,,,MARTIGNETTI LIQUORS,,228672.3442,901120.7458
3380533,BOSTON,03-Oct-2012,3:45 PM,Property damage only (none injured),2,0,0,Rear-end,V1: Slowing or stopped in traffic / V2:Travelling straight ahead,V1:Westbound / V2:Southbound ,V1: Collision with motor vehicle in traffic / V2: Collision with motor vehicle in traffic ,"V1: Light truck(van, mini-van, panel, pickup, sport utility) with only four tires / V2:Passenger car",Wet,Daylight,Cloudy/Rain,,MASSACHUSETTS TURNPIKE Rte 90 W / ALLSTON TOLL PLAZA,,,,,230823.3643,900836.2669
3268308,BOSTON,03-Oct-2012,5:47 PM,Property damage only (none injured),1,0,0,Single vehicle crash,V1: Travelling straight ahead,V1:Eastbound ,V1: Collision with light pole or other post/support ,V1: Passenger car,Wet,Daylight,Cloudy,,0 feet E from Intersection SOLDIERS FIELD ROAD / NORTH HARVARD STREET,,,,,230992.3482,902048.2872
3268299,BOSTON,03-Oct-2012,7:44 PM,Property damage only (none injured),2,0,0,"Sideswipe, same direction",V1: Travelling straight ahead / V2:Overtaking/passing,V1:Northbound / V2:Northbound ,V1: Collision with motor vehicle in traffic / V2: Collision with motor vehicle in traffic ,V1: Passenger car / V2:Passenger car,Dry,Daylight,Clear,,BYNNER STREET / JAMAICAWAY,,,JAMAICAWAY N/B BY BYNNER,,231761.922,897172.3747
3318948,BOSTON (CHARLESTOWN),04-Oct-2012,00:00 AM,Not Reported,1,0,0,Single vehicle crash,V1: Not reported,V1:Northbound ,V1: Not reported ,V1: Passenger car,Wet,Dark - lighted roadway,Rain,,NORTH WASHINGTON STREET,,,WASHINTON BRIDGE,,,
3268371,BOSTON,04-Oct-2012,2:13 AM,Property damage only (none injured),1,0,0,Single vehicle crash,V1: Travelling straight ahead,V1:Eastbound ,V1: Collision with motor vehicle in traffic ,V1: Passenger car,Wet,Dark - lighted roadway,Not Reported,,STORROW DRIVE Rte 28 N / RAMP TO CHARLES CIRCLE,,,LONGFELLOW BRIDGE,,235229.2125,901288.0287
3278739,BOSTON,04-Oct-2012,3:59 AM,Non-fatal injury,1,1,0,Single vehicle crash,V1: Travelling straight ahead,V1:Eastbound ,V1: Collision with guardrail ,"V1: Light truck(van, mini-van, panel, pickup, sport utility) with only four tires",Wet,Dark - lighted roadway,Cloudy,FRONTAGE ROAD / MASSACHUSETTS AVENUE CONNECTOR / RAMP - FRONTAGE ROAD TO RT 93 NB,,,,MASS. AVE CONNECTOR AT FRONTAGE,,235865.0173,898419.1854
3312247,BOSTON,04-Oct-2012,5:30 AM,Not Reported,2,0,0,"Sideswipe, opposite direction",V1: Travelling straight ahead / V2:Travelling straight ahead,V1:Westbound / V2:Southbound ,V1: Collision with motor vehicle in traffic / V2: Collision with motor vehicle in traffic ,V1: Passenger car / V2:Passenger car,Wet,Dark - lighted roadway,Cloudy,MARKET STREET / NEW CHARDON STREET,,,,,,236265.3711,901490.5474
3388434,BOSTON,04-Oct-2012,7:41 AM,Property damage only (none injured),2,0,0,Rear-end,V1: Travelling straight ahead / V2:Travelling straight ahead,V1:Eastbound / V2:Eastbound ,V1: Collision with motor vehicle in traffic / V2: Collision with motor vehicle in traffic ,V1: Passenger car / V2:Truck/trailer,Wet,Daylight,Rain,,MASSACHUSETTS TURNPIKE Rte 90 E,Rte 90  E Milemarker 131.0,,BU VIADUCT,,231330.7226,900741.0487
3274814,BOSTON,04-Oct-2012,7:50 AM,Property damage only (none injured),4,0,0,Rear-end,V1: Travelling straight ahead / V2:Travelling straight ahead / V3:Travelling straight ahead / V4:Travelling straight ahead,V1:Northbound / V2:Northbound / V3:Northbound / V4:Northbound ,V1: Collision with motor vehicle in traffic / V2: Collision with motor vehicle in traffic / V3: Collision with motor vehicle in traffic / V4: Collision with motor vehicle in traffic ,"V1: Passenger car / V2:Light truck(van, mini-van, panel, pickup, sport utility) with only four tires / V3:Passenger car / V4:Light truck(van, mini-van, panel, pickup, sport utility) with only four tires",Dry,Daylight,Clear/Cloudy,,Rte 93 N,,Exit 26 on Rte 93 N,,,236402.7433,901600.0342
3268380,BOSTON,04-Oct-2012,7:55 AM,Property damage only (none injured),2,0,0,"Sideswipe, same direction",V1: Changing lanes / V2:Travelling straight ahead,V1:Southbound / V2:Southbound ,V1: Collision with motor vehicle in traffic / V2: Collision with motor vehicle in traffic ,V1: Passenger car / V2:Passenger car,Wet,Daylight,Cloudy,,Rte 93,,Exit 15 on Rte 93,AT THE LANE DROP FOR THE HOV LAN,,236629.6253,897168.5001
3330129,BOSTON,04-Oct-2012,7:57 AM,Property damage only (none injured),1,0,0,Single vehicle crash,V1: Travelling straight ahead,V1:Not reported ,V1: Collision with guardrail ,V1: Passenger car,Wet,Daylight,Rain,SOUTH STREET / ARCHDALE ROAD,,,,,,231105.2968,893740.875
3292434,BOSTON,04-Oct-2012,8:17 AM,Property damage only (none injured),1,0,0,Single vehicle crash,V1: Travelling straight ahead,V1:Westbound ,V1: Collision with guardrail ,V1: Passenger car,Wet,Daylight,Not Reported,,0 feet W from Intersection SOLDIERS FIELD ROAD / NORTH HARVARD STREET,,,,,230992.3482,902048.2872
3274530,BOSTON,04-Oct-2012,8:29 AM,Property damage only (none injured),2,0,0,Rear-end,V1: Travelling straight ahead / V2:Slowing or stopped in traffic,V1:Southbound / V2:Southbound ,V1: Collision with motor vehicle in traffic / V2: Collision with motor vehicle in traffic ,V1: Passenger car / V2:Passenger car,Dry,Daylight,Clear,,Rte 93 S / RAMP - LEVERETT CIRCLE TO RT 93 SB Rte 3 S,,Exit 2 on Rte 93 S,,,236176.4635,901861.0413
3281608,BOSTON,04-Oct-2012,8:40 AM,Property damage only (none injured),2,0,0,Angle,V1: Slowing or stopped in traffic / V2:Travelling straight ahead,V1:Southbound / V2:Westbound ,V1: Collision with motor vehicle in traffic / V2: Collision with motor vehicle in traffic ,"V1: Passenger car / V2:Bus (seats for more than 15 people, including driver)",Wet,Daylight,Cloudy/Cloudy,,165 CAMBRIDGE STREET / BLOSSOM STREET,,,,,235676.3607,901282.612
3274482,BOSTON,04-Oct-2012,9:36 AM,Non-fatal injury,3,1,0,Rear-end,V1: Slowing or stopped in traffic / V2:Slowing or stopped in traffic / V3:Slowing or stopped in traffic,V1:Southbound / V2:Southbound / V3:Southbound ,V1: Collision with motor vehicle in traffic / V2: Collision with motor vehicle in traffic / V3: Collision with motor vehicle in traffic ,"V1: Passenger car / V2:Light truck(van, mini-van, panel, pickup, sport utility) with only four tires / V3:Light truck(van, mini-van, panel, pickup, sport utility) with only four tires",Wet,Daylight,Rain,,Rte 93 S,,Exit 26 on Rte 93 S,LEVERETT CONNECTOR,,234851.4113,903728.5151
3380534,BOSTON,04-Oct-2012,9:43 AM,Non-fatal injury,2,2,0,Rear-end,V1: Slowing or stopped in traffic / V2:Slowing or stopped in traffic,V1:Northbound / V2:Northbound ,V1: Collision with motor vehicle in traffic / V2: Collision with motor vehicle in traffic ,"V1: Passenger car / V2:Light truck(van, mini-van, panel, pickup, sport utility) with only four tires",Wet,Daylight,Rain,,JOHN F FITZGERALD EXPRESSWAY Rte 93 N / RAMP - BROADWAY TO RT 93 NB,,,RL PRIOR TO O'NEILL TUNNEL,,236455.8645,899870.6864
3380487,BOSTON,04-Oct-2012,10:02 AM,Property damage only (none injured),2,0,0,Rear-end,V1: Slowing or stopped in traffic / V2:Slowing or stopped in traffic,V1:Southbound / V2:Southbound ,V1: Collision with motor vehicle in traffic / V2: Collision with motor vehicle in traffic ,"V1: Light truck(van, mini-van, panel, pickup, sport utility) with only four tires / V2:Light truck(van, mini-van, panel, pickup, sport utility) with only four tires",Dry,Daylight,Clear,,LEVERETT CONNECTOR SOUTH / INTERSTATE 93 Rte 93 S,,,LOWER DECK,,234844.4106,903670.2943
3268469,BOSTON,04-Oct-2012,11:26 AM,Non-fatal injury,2,1,0,Single vehicle crash,V1: Changing lanes / V2:Travelling straight ahead,V1:Southbound / V2:Southbound ,V1: Collision with motor vehicle in traffic / V2: Collision with motor vehicle in traffic ,"V1: Passenger car / V2:Single-unit truck (2-axle, 6-tire)",Wet,Daylight,Cloudy/Rain,,Rte 93,,Exit 15 on Rte 93,,,236629.6253,897168.5001
3388431,BOSTON,04-Oct-2012,11:30 AM,Property damage only (none injured),2,0,0,Angle,V1: Travelling straight ahead / V2:Travelling straight ahead,V1:Westbound / V2:Westbound ,V1: Collision with motor vehicle in traffic / V2: Collision with motor vehicle in traffic ,"V1: Light truck(van, mini-van, panel, pickup, sport utility) with only four tires / V2:Truck/trailer",Wet,Daylight,Rain,,Rte 90 W / ARLINGTON STREET,,,AREA ARLINGTON STREET,,235503.7191,899806.8126
3290486,BOSTON,04-Oct-2012,1:45 PM,Not Reported,1,0,0,Single vehicle crash,V1: Turning left,V1:Southbound ,V1: Collision with light pole or other post/support ,V1: Passenger car,Wet,Dark - lighted roadway,Rain/Rain,MARKET STREET / LINCOLN STREET,,,,,,229043.7386,900988.2166
3380488,BOSTON,04-Oct-2012,3:17 PM,Property damage only (none injured),1,0,0,Angle,V1: Travelling straight ahead,V1:Southbound ,V1: Collision with motor vehicle in traffic ,"V1: Light truck(van, mini-van, panel, pickup, sport utility) with only four tires",Dry,Dark - lighted roadway,Clear,JOHN F FITZGERALD EXPRESSWAY Rte 93 S,,,,ZAKIM,,235893.3877,902199.0868
3268300,BOSTON,04-Oct-2012,5:30 PM,Property damage only (none injured),2,0,0,"Sideswipe, same direction",V1: Changing lanes / V2:Travelling straight ahead,V1:Southbound / V2:Southbound ,V1: Collision with motor vehicle in traffic / V2: Collision with motor vehicle in traffic ,"V1: Passenger car / V2:Light truck(van, mini-van, panel, pickup, sport utility) with only four tires",Dry,Daylight,Cloudy,,0 feet S from Intersection JAMAICAWAY / BYNNER STREET,,,,,231761.922,897172.3747
3281222,BOSTON,04-Oct-2012,6:20 PM,Property damage only (none injured),2,0,0,Rear-end,V1: Travelling straight ahead / V2:Slowing or stopped in traffic,V1:Northbound / V2:Northbound ,V1: Collision with motor vehicle in traffic / V2: Collision with motor vehicle in traffic ,"V1: Light truck(van, mini-van, panel, pickup, sport utility) with only four tires / V2:Passenger car",Wet,Dusk,Cloudy,,Rte 93 N,,Exit 13 on Rte 93 N,,,237420.1414,894076.5227
3279183,BOSTON,04-Oct-2012,7:00 PM,Property damage only (none injured),3,0,0,Rear-end,V1: Slowing or stopped in traffic / V2:Slowing or stopped in traffic / V3:Travelling straight ahead,V1:Northbound / V2:Northbound / V3:Northbound ,V1: Collision with motor vehicle in traffic / V2: Collision with motor vehicle in traffic / V3: Collision with motor vehicle in traffic ,V1: Passenger car / V2:Passenger car / V3:Passenger car,Wet,Dark - lighted roadway,Rain,,Rte 93 N,,Exit 15 on Rte 93 N,,,236972.2496,896473.4282
3388388,BOSTON,04-Oct-2012,9:50 PM,Property damage only (none injured),2,0,0,Rear-end,V1: Travelling straight ahead / V2:Overtaking/passing,V1:Northbound / V2:Northbound ,V1: Collision with motor vehicle in traffic / V2: Collision with motor vehicle in traffic ,V1: Tractor/semi-trailer / V2:Passenger car,Dry,Dark - lighted roadway,Clear,,Rte 93,,Exit 23 on Rte 93,SOUTH X23,,236957.4837,900943.9828
3274815,BOSTON,04-Oct-2012,11:29 PM,Property damage only (none injured),2,0,0,"Sideswipe, same direction",V1: Overtaking/passing / V2:Travelling straight ahead,V1:Eastbound / V2:Eastbound ,V1: Collision with motor vehicle in traffic / V2: Collision with motor vehicle in traffic ,"V1: Light truck(van, mini-van, panel, pickup, sport utility) with only four tires / V2:Single-unit truck (2-axle, 6-tire)",Dry,Dark - lighted roadway,Clear,,MASSACHUSETTS AVENUE CONNECTOR / FRONTAGE ROAD,,,MASS AVE CONNECTOR/ EAST,,235857.6842,898412.544
3282803,BOSTON,05-Oct-2012,00:00 AM,Non-fatal injury,1,1,0,Single vehicle crash,V1: Travelling straight ahead,V1:Southbound ,V1: Collision with curb ,"V1: Light truck(van, mini-van, panel, pickup, sport utility) with only four tires",Wet,Dark - lighted roadway,Rain,VETERANS OF FOREIGN WARS PARKWAY / UNNAMED ROAD,,,,WEST ROXBURY HIGH SCHOOL,,227077.9991,892043.1798
3274494,BOSTON,05-Oct-2012,1:56 AM,Non-fatal injury,1,1,0,Single vehicle crash,V1: Not reported,V1:Northbound ,V1: Collision with light pole or other post/support ,V1: Passenger car,Dry,Dark - lighted roadway,Clear,,TRUMAN HIGHWAY / 776 NEPONSET AVENUE,,,,,231214.8931,888949.1307
3388385,BOSTON,05-Oct-2012,7:56 AM,Property damage only (none injured),2,0,0,Rear-end,V1: Slowing or stopped in traffic / V2:Travelling straight ahead,V1:Westbound / V2:Westbound ,V1: Collision with motor vehicle in traffic / V2: Collision with motor vehicle in traffic ,V1: Passenger car / V2:Passenger car,Dry,Daylight,Clear,,RAMP - MASSACHUSETTS AVENUE TO RT 90 WB / MASSACHUSETTS TURNPIKE Rte 90 W,,,MASS AVE RAMP,,233682.093,899796.404
3281586,BOSTON,05-Oct-2012,8:42 AM,Not Reported,2,0,0,Not reported,V1: Travelling straight ahead / V2:Changing lanes,V1:Northbound / V2:Northbound ,V1: Not reported / V2: Not reported ,"V1: Passenger car / V2:Bus (seats for more than 15 people, including driver)",Not reported,Not reported,Not Reported,,NORTH WASHINGTON STREET,,,,,,
3279805,BOSTON,05-Oct-2012,11:05 AM,Property damage only (none injured),2,0,0,Rear-end,V1: Travelling straight ahead / V2:Travelling straight ahead,V1:Southbound / V2:Southbound ,V1: Collision with motor vehicle in traffic / V2: Collision with motor vehicle in traffic ,"V1: Light truck(van, mini-van, panel, pickup, sport utility) with only four tires / V2:Passenger car",Dry,Daylight,Clear,,Rte 93 S,,Exit 12 on Rte 93 S,,,237620.5493,892713.0989
3275896,BOSTON,05-Oct-2012,2:23 PM,Property damage only (none injured),2,0,0,Angle,V1: Turning left / V2:Turning left,V1:Northbound / V2:Northbound ,V1: Collision with motor vehicle in traffic / V2: Collision with motor vehicle in traffic ,"V1: Passenger car / V2:Light truck(van, mini-van, panel, pickup, sport utility) with only four tires",Dry,Daylight,Clear/Cloudy,FRONTAGE ROAD / MASSACHUSETTS AVENUE CONNECTOR / RAMP - FRONTAGE ROAD TO RT 93 NB,,,,MASS AVE CONNECTOR,,235865.0173,898419.1854
3274818,BOSTON,05-Oct-2012,5:07 PM,Property damage only (none injured),3,0,0,Rear-end,V1: Slowing or stopped in traffic / V2:Slowing or stopped in traffic / V3:Slowing or stopped in traffic,V1:Eastbound / V2:Eastbound / V3:Eastbound ,V1: Collision with motor vehicle in traffic / V2: Collision with motor vehicle in traffic / V3: Collision with motor vehicle in traffic ,"V1: Light truck(van, mini-van, panel, pickup, sport utility) with only four tires / V2:Passenger car / V3:Passenger car",Dry,Daylight,Clear/Cloudy,,STORROW DRIVE / RAMP - STORROW DRIVE TO CLARENDON STREET,,,PRIOR TO COPLEY,,234592.2582,900483.4699
3274545,BOSTON,05-Oct-2012,8:54 PM,Property damage only (none injured),2,0,0,"Sideswipe, same direction",V1: Travelling straight ahead / V2:Entering traffic lane,V1:Eastbound / V2:Eastbound ,V1: Collision with motor vehicle in traffic / V2: Collision with motor vehicle in traffic ,"V1: Passenger car / V2:Light truck(van, mini-van, panel, pickup, sport utility) with only four tires",Dry,Dark - lighted roadway,Cloudy,,SOLDIERS FIELD ROAD / WESTERN AVENUE,,,,,231453.5518,901570.2193
3270243,BOSTON,05-Oct-2012,11:35 PM,Non-fatal injury,2,2,0,Head-on,V1: Other / V2:Travelling straight ahead,V1:Southbound / V2:Northbound ,V1: Collision with motor vehicle in traffic / V2: Collision with motor vehicle in traffic ,V1: Passenger car / V2:Passenger car,Dry,Dark - lighted roadway,Not Reported,,Rte 93,,Exit 15 on Rte 93,,"P4:Other non-motorist (wheelchair, etc.)",236629.6253,897168.5001
3268317,BOSTON,06-Oct-2012,00:00 AM,Property damage only (none injured),1,0,0,Single vehicle crash,V1: Travelling straight ahead,V1:Not reported ,V1: Collision with light pole or other post/support ,"V1: Light truck(van, mini-van, panel, pickup, sport utility) with only four tires",Dry,Dark - lighted roadway,Clear,,757 GALLIVAN BOULEVARD,,,@ WALGREENS,,237603.6994,892825.0471
3279906,BOSTON,06-Oct-2012,2:23 AM,Property damage only (none injured),1,0,0,Single vehicle crash,V1: Travelling straight ahead,V1:Southbound ,V1: Collision with median barrier ,V1: Passenger car,Dry,Dark - lighted roadway,Clear,,Rte 93 S,,Exit 20 on Rte 93 S,,,236954.209,900826.9442
3322282,BOSTON,06-Oct-2012,2:46 AM,Not Reported,2,0,0,"Sideswipe, same direction",V1: Travelling straight ahead / V2:Not reported,V1:Not reported / V2:Not reported ,V1: Collision with motor vehicle in traffic / V2: Not reported ,V1: Motorcycle / V2:Passenger car,Dry,Dark - lighted roadway,Clear,NORTH STREET / CLINTON STREET,,,,,,236577.5677,901225.1988
3276038,BOSTON,06-Oct-2012,8:39 AM,Non-fatal injury,2,1,0,Angle,V1: Travelling straight ahead / V2:Changing lanes,V1:Northbound / V2:Northbound ,V1: Collision with motor vehicle in traffic / V2: Collision with motor vehicle in traffic ,"V1: Light truck(van, mini-van, panel, pickup, sport utility) with only four tires / V2:Light truck(van, mini-van, panel, pickup, sport utility) with only four tires",Dry,Daylight,Clear,,Rte 93 N,,Exit 18 on Rte 93 N,,,236146.0342,897892.2406
3273730,BOSTON,06-Oct-2012,1:05 PM,Non-fatal injury,2,1,0,Angle,V1: Travelling straight ahead / V2:Turning left,V1:Westbound / V2:Eastbound ,V1: Collision with motor vehicle in traffic / V2: Collision with motor vehicle in traffic ,V1: Passenger car / V2:Passenger car,Dry,Daylight,Not Reported,NEPONSET VALLEY PARKWAY / WOLCOTT COURT,,,,,,230382.5623,887485.0624
3380535,BOSTON,06-Oct-2012,2:00 PM,Property damage only (none injured),3,0,0,Rear-end,V1: Travelling straight ahead / V2:Slowing or stopped in traffic / V3:Slowing or stopped in traffic,V1:Southbound / V2:Southbound / V3:Southbound ,V1: Collision with motor vehicle in traffic / V2: Collision with motor vehicle in traffic / V3: Collision with motor vehicle in traffic ,"V1: Passenger car / V2:Light truck(van, mini-van, panel, pickup, sport utility) with only four tires / V3:Passenger car",Dry,Daylight,Clear,,TEMPORARY RAMP Rte 1 S / MAURICE TOBIN BRIDGE,,,TOBIN BRIDGE,,235853.0976,902245.2623
3381226,BOSTON,06-Oct-2012,2:24 PM,Property damage only (none injured),2,0,0,"Sideswipe, same direction",V1: Travelling straight ahead / V2:Entering traffic lane,V1:Eastbound / V2:Eastbound ,V1: Collision with motor vehicle in traffic / V2: Collision with motor vehicle in traffic ,V1: Passenger car / V2:Passenger car,Dry,Daylight,Clear,LOGAN AIRPORT TERMINAL B / AIRPORT ROAD - ARRIVAL LEVEL,,,,,,239521.8073,901733.1638
3292524,BOSTON,06-Oct-2012,3:43 PM,Unknown,1,0,0,Single vehicle crash,V1: Not reported,V1:Not reported ,V1: Not reported ,V1: Motorcycle,Dry,Daylight,Clear,WESTVILLE STREET,,,,,"P2:Other non-motorist (wheelchair, etc.)",,
3279371,BOSTON,06-Oct-2012,6:59 PM,Non-fatal injury,2,3,0,Angle,V1: Travelling straight ahead / V2:Turning left,V1:Westbound / V2:Eastbound ,V1: Collision with motor vehicle in traffic / V2: Collision with motor vehicle in traffic ,V1: Passenger car / V2:Passenger car,Wet,Dark - lighted roadway,Rain,,GALLIVAN BOULEVARD / DORCHESTER AVENUE,,,,,235804.4062,892252.5627
3272670,BOSTON,06-Oct-2012,7:10 PM,Non-fatal injury,2,2,0,"Sideswipe, same direction",V1: Travelling straight ahead / V2:Travelling straight ahead,V1:Westbound / V2:Westbound ,V1: Collision with motor vehicle in traffic / V2: Collision with motor vehicle in traffic ,V1: Passenger car / V2:Passenger car,Wet,Dark - lighted roadway,Rain,,SOLDIERS FIELD ROAD / RAMP - WESTERN AVE TO SOLDIERS FIELD RD,,,AT THE WEEKS FOOTBRIDGE,,231371.3774,901972.9903
3292525,BOSTON (DORCHESTER),06-Oct-2012,10:00 PM,Property damage only (none injured),2,0,0,"Sideswipe, same direction",V1: Travelling straight ahead / V2:Parked,V1:Not reported / V2:Not reported ,V1: Collision with parked motor vehicle / V2: Collision with unknown movable object ,V1: Passenger car / V2:Passenger car,Dry,Dark - lighted roadway,Clear/Clear,,192 MILTON STREET,,,,,237168.6262,892448.3646
3279907,BOSTON,06-Oct-2012,11:41 PM,Non-fatal injury,2,2,0,Rear-end,V1: Travelling straight ahead / V2:Slowing or stopped in traffic,V1:Northbound / V2:Northbound ,V1: Collision with motor vehicle in traffic / V2: Collision with motor vehicle in traffic ,"V1: Light truck(van, mini-van, panel, pickup, sport utility) with only four tires / V2:Light truck(van, mini-van, panel, pickup, sport utility) with only four tires",Dry,Dark - lighted roadway,Cloudy,,Rte 93 N,,Exit 20 on Rte 93 N,,,235935.6734,898219.8317
3275897,BOSTON,07-Oct-2012,2:05 AM,Non-fatal injury,2,1,0,"Sideswipe, same direction",V1: Changing lanes / V2:Travelling straight ahead,V1:Northbound / V2:Northbound ,V1: Collision with motor vehicle in traffic / V2: Collision with motor vehicle in traffic ,"V1: Light truck(van, mini-van, panel, pickup, sport utility) with only four tires / V2:Light truck(van, mini-van, panel, pickup, sport utility) with only four tires",Dry,Dark - lighted roadway,Clear,,Rte 93 N,,Exit 28 on Rte 93 N,,,234953.5188,903173.3157
3388383,BOSTON,07-Oct-2012,3:10 AM,Property damage only (none injured),1,0,0,Single vehicle crash,V1: Travelling straight ahead,V1:Southbound ,V1: Collision with median barrier ,V1: Passenger car,Dry,Dark - lighted roadway,Clear,,Rte 93 S,,Exit 24 on Rte 93 S,RAMP TO EXIT 24,,236397.1933,901565.6511
3379874,BOSTON,07-Oct-2012,3:12 AM,Property damage only (none injured),2,0,0,Angle,V1: Entering traffic lane / V2:Entering traffic lane,V1:Southbound / V2:Southbound ,V1: Collision with motor vehicle in traffic / V2: Collision with motor vehicle in traffic ,V1: Passenger car / V2:Passenger car,Dry,Dark - lighted roadway,Clear,,Rte 93 S / Rte 9,Rte 93  S Milemarker 18.7,,SOUTHBOUND FROM TC RAMP TO RTE 9,,235519.4834,902559.9226
3389312,BOSTON,07-Oct-2012,3:29 AM,Property damage only (none injured),3,0,0,"Sideswipe, same direction",V1: Not reported / V2:Parked / V3:Parked,V1:Not reported / V2:Southbound / V3:Southbound ,V1: Not reported / V2: Collision with motor vehicle in traffic / V3: Collision with motor vehicle in traffic ,"V1: Not reported / V2:Light truck(van, mini-van, panel, pickup, sport utility) with only four tires / V3:Light truck(van, mini-van, panel, pickup, sport utility) with only four tires",Dry,Dark - lighted roadway,Clear,,JOHN F FITZGERALD EXPRESSWAY Rte 93 S / RAMP - FREEPORT ST TO RT 93 SB,,,FREEPORT,,237161.9158,894620.3918
3299220,BOSTON (BRIGHTON),07-Oct-2012,9:14 AM,Non-fatal injury,2,2,0,Rear-end,V1: Travelling straight ahead / V2:Travelling straight ahead,V1:Southbound / V2:Eastbound ,V1: Collision with motor vehicle in traffic / V2: Collision with motor vehicle in traffic ,"V1: Light truck(van, mini-van, panel, pickup, sport utility) with only four tires / V2:Light truck(van, mini-van, panel, pickup, sport utility) with only four tires",Dry,Daylight,Clear/Clear,COMMONWEALTH AVENUE Rte 20 E / ESSEX STREET Rte 2,,,,,,232056.9154,900089.59
3321613,BOSTON,07-Oct-2012,11:30 AM,Property damage only (none injured),2,0,0,Rear-end,V1: Slowing or stopped in traffic / V2:Not reported,V1:Not reported / V2:Not reported ,V1: Not reported / V2: Not reported ,"V1: Passenger car / V2:Light truck(van, mini-van, panel, pickup, sport utility) with only four tires",Dry,Daylight,Cloudy,BROADWAY / P STREET,,,,,,,
3292520,BOSTON (DORCHESTER),07-Oct-2012,12:00 PM,Property damage only (none injured),2,0,0,Angle,V1: Travelling straight ahead / V2:Parked,V1:Eastbound / V2:Not reported ,V1: Collision with motor vehicle in traffic / V2: Collision with parked motor vehicle ,"V1: Light truck(van, mini-van, panel, pickup, sport utility) with only four tires / V2:Light truck(van, mini-van, panel, pickup, sport utility) with only four tires",Dry,Dark - lighted roadway,Clear/Clear,,23 NEPONSET AVENUE,,,,,236653.3264,894117.2153
3279806,BOSTON,07-Oct-2012,2:08 PM,Property damage only (none injured),2,0,0,Rear-end,V1: Travelling straight ahead / V2:Slowing or stopped in traffic,V1:Southbound / V2:Southbound ,V1: Collision with motor vehicle in traffic / V2: Collision with motor vehicle in traffic ,V1: Passenger car / V2:Passenger car,Wet,Daylight,Not Reported,,Rte 93 S,,Exit 12 on Rte 93 S,,,237620.5493,892713.0989
3279184,BOSTON,07-Oct-2012,3:30 PM,Property damage only (none injured),2,0,0,Angle,V1: Travelling straight ahead / V2:Entering traffic lane,V1:Westbound / V2:Southbound ,V1: Collision with motor vehicle in traffic / V2: Collision with motor vehicle in traffic ,V1: Passenger car / V2:Passenger car,Wet,Daylight,Rain,,COLUMBIA ROAD / DORCHESTER AVENUE,,,,,236535.6564,896787.6252