Crash Number,City/Town Name,Crash Date,Crash Time,Crash Severity,Number of Vehicles,Total Nonfatal Injuries,Total Fatal Injuries,Manner of Collision,Vehicle Action Prior to Crash,Vehicle Travel Directions,Most Harmful Events,Vehicle Configuration,Road Surface Condition,Ambient Light,Weather Condition,At Roadway Intersection,Distance from Nearest Roadway Intersection,Distance from Nearest Milemarker,Distance from Nearest Exit,Distance from Nearest Landmark,Non Motorist Type,X Coordinate,Y Coordinate
3279372,BOSTON,07-Oct-2012,3:50 PM,Non-fatal injury,2,2,0,Rear-end,V1: Slowing or stopped in traffic / V2:Travelling straight ahead,V1:Northbound / V2:Northbound ,V1: Collision with motor vehicle in traffic / V2: Collision with motor vehicle in traffic ,"V1: Passenger car / V2:Light truck(van, mini-van, panel, pickup, sport utility) with only four tires",Wet,Daylight,Rain,,Rte 93,,Exit 11 on Rte 93,,,237094.7253,891674.8051
3389313,BOSTON,07-Oct-2012,5:04 PM,Non-fatal injury,2,1,0,Rear-end,V1: Slowing or stopped in traffic / V2:Entering traffic lane,V1:Southbound / V2:Southbound ,V1: Collision with motor vehicle in traffic / V2: Collision with motor vehicle in traffic ,"V1: Passenger car / V2:Light truck(van, mini-van, panel, pickup, sport utility) with only four tires",Wet,Daylight,Rain,JOHN F FITZGERALD EXPRESSWAY Rte 93 S / RAMP - MORRISSEY BLVD TO RT 93 SB,,,,TOP OF TOLMAN ON RAMP,,237692.375,892953.3125
3380536,BOSTON,07-Oct-2012,11:45 PM,Property damage only (none injured),2,0,0,"Sideswipe, same direction",V1: Changing lanes / V2:Travelling straight ahead,V1:Southbound / V2:Southbound ,V1: Collision with motor vehicle in traffic / V2: Collision with motor vehicle in traffic ,V1: Passenger car / V2:Passenger car,Wet,Dark - lighted roadway,Rain,,JOHN F FITZGERALD EXPRESSWAY Rte 93 S / RAMP - LEVERETT CIRCLE TO RT 93 SB Rte 3 S,,,SOUTH OF ZAKIM BRIDGE LOWER DECK,,236200.1783,901830.2135
3276039,BOSTON,07-Oct-2012,11:53 PM,Property damage only (none injured),1,0,0,Single vehicle crash,V1: Travelling straight ahead,V1:Northbound ,V1: Collision with median barrier ,V1: Passenger car,Wet,Dark - lighted roadway,Rain,,Rte 93 N,,Exit 23 on Rte 93 N,,,236957.4837,900943.9828
3275898,BOSTON,08-Oct-2012,00:00 AM,Property damage only (none injured),1,0,0,Single vehicle crash,V1: Travelling straight ahead,V1:Southbound ,V1: Collision with median barrier ,V1: Passenger car,Wet,Dark - lighted roadway,Rain,,Rte 93,,Exit 18 on Rte 93,,,236013.2783,899092.9981
3287974,BOSTON,08-Oct-2012,2:35 AM,Property damage only (none injured),2,0,0,Angle,V1: Travelling straight ahead / V2:Travelling straight ahead,V1:Eastbound / V2:Northbound ,V1: Collision with motor vehicle in traffic / V2: Collision with motor vehicle in traffic ,"V1: Passenger car / V2:Light truck(van, mini-van, panel, pickup, sport utility) with only four tires",Wet,Dark - lighted roadway,Cloudy/Rain,,GALLIVAN BOULEVARD,,,NEPONSET CIRCLE,,237731.8737,892907.403
3322537,BOSTON (MATTAPAN),08-Oct-2012,6:45 AM,Not Reported,2,0,0,Angle,V1: Not reported / V2:Not reported,V1:Not reported / V2:Not reported ,V1: Not reported / V2: Not reported ,V1: Passenger car / V2:Passenger car,Dry,Dawn,Clear,,711 CUMMINS HIGHWAY,,,,,232808.175,891214.9786
3281585,BOSTON (DORCHESTER),08-Oct-2012,10:35 AM,Property damage only (none injured),2,0,0,Not reported,V1: Parked / V2:Turning left,V1:Not reported / V2:Not reported ,V1: Not reported / V2: Collision with parked motor vehicle ,V1: Passenger car / V2:Tractor/semi-trailer,Dry,Daylight,Clear,ADAMS STREET / ASHMONT STREET,,,,,,236671.6564,893180.6251
3352466,BOSTON,08-Oct-2012,1:00 PM,Property damage only (none injured),2,0,0,"Sideswipe, same direction",V1: Slowing or stopped in traffic / V2:Overtaking/passing,V1:Westbound / V2:Westbound ,V1: Collision with motor vehicle in traffic / V2: Collision with motor vehicle in traffic ,"V1: Passenger car / V2:Bus (seats for more than 15 people, including driver)",Dry,Daylight,Clear,,HUNTINGTON AVENUE,,,,,233985.3326,899025.8409
3322285,BOSTON,08-Oct-2012,1:15 PM,Not Reported,1,0,0,Not reported,V1: Not reported,V1:Not reported ,V1: Not reported ,V1: Passenger car,Not reported,Not reported,Not Reported,STUART STREET / TREMONT STREET,,,,,P2:Pedestrian,235847.0835,900157.3942
3276040,BOSTON,08-Oct-2012,2:05 PM,Not Reported,1,0,0,Head-on,V1: Travelling straight ahead,V1:Eastbound ,V1: Collision with median barrier ,V1: Passenger car,Dry,Daylight,Clear,,Rte 90 E / RAMP - AIRPORT ROAD TO RT 90 EB/ RT 1A N,,,OPP PLAZA #37,,238841.8817,902976.853
3276930,BOSTON,08-Oct-2012,3:15 PM,Property damage only (none injured),3,0,0,"Sideswipe, same direction",V1: Turning left / V2:Travelling straight ahead / V3:Travelling straight ahead,V1:Eastbound / V2:Eastbound / V3:Eastbound ,V1: Collision with motor vehicle in traffic / V2: Collision with motor vehicle in traffic / V3: Collision with motor vehicle in traffic ,V1: Passenger car / V2:Truck/trailer / V3:Truck/trailer,Dry,Daylight,Not Reported,ALBANY STREET CONNECTOR / SOUTHBOUND FRONTAGE ROAD / ALBANY STREET,,,,FRONTAGE ROAD SOUTHBOUND @ ALBAN,,235937.7392,898956.6937
3281223,BOSTON,08-Oct-2012,6:45 PM,Non-fatal injury,1,1,0,Single vehicle crash,V1: Travelling straight ahead,V1:Northbound ,V1: Collision with median barrier ,V1: Passenger car,Dry,Dark - lighted roadway,Clear,,Rte 93 N / RAMP - RT 93 NB TO SOUTHAMPTON ST,,,UNDER THE DORCHESTER AVENUE OVER,,236525.1331,897346.7888
3272032,BOSTON,08-Oct-2012,8:45 PM,Non-fatal injury,2,3,0,Angle,V1: Travelling straight ahead / V2:Turning left,V1:Southbound / V2:Westbound ,V1: Collision with motor vehicle in traffic / V2: Collision with motor vehicle in traffic ,"V1: Light truck(van, mini-van, panel, pickup, sport utility) with only four tires / V2:Light truck(van, mini-van, panel, pickup, sport utility) with only four tires",Dry,Dark - lighted roadway,Not Reported,,SOLDIERS FIELD ROAD / CAMBRIDGE STREET,,,DOUBLE TREE HOTEL,,231510.0467,901104.4669
3304343,BOSTON,09-Oct-2012,2:15 AM,Property damage only (none injured),2,0,0,"Sideswipe, opposite direction",V1: Backing / V2:Parked,V1:Eastbound / V2:Not reported ,V1: Collision with parked motor vehicle / V2: Collision with motor vehicle in traffic ,"V1: Light truck(van, mini-van, panel, pickup, sport utility) with only four tires / V2:Light truck(van, mini-van, panel, pickup, sport utility) with only four tires",Dry,Dark - lighted roadway,Cloudy,WEST STREET / WASHINGTON STREET,,,,,,236107.3438,900520.5025
3274546,BOSTON,09-Oct-2012,7:10 AM,Property damage only (none injured),2,0,0,Angle,V1: Travelling straight ahead / V2:Not reported,V1:Southbound / V2:Not reported ,V1: Collision with motor vehicle in traffic / V2: Not reported ,"V1: Light truck(van, mini-van, panel, pickup, sport utility) with only four tires / V2:Not reported",Wet,Daylight,Cloudy/Rain,MORTON STREET / JAMES SHEA CIRCLE,,,,,,232426.4151,894490.4999
3296425,BOSTON,09-Oct-2012,7:45 AM,Property damage only (none injured),1,0,0,Single vehicle crash,V1: Turning left,V1:Eastbound ,V1: Collision with highway traffic sign post ,V1: Passenger car,Wet,Daylight,Rain,,WEST THIRD STREET / B STREET,,,,,236835.1251,899106.5623
3321657,BOSTON (BRIGHTON),09-Oct-2012,8:00 AM,Property damage only (none injured),2,0,0,Head-on,V1: Travelling straight ahead / V2:Slowing or stopped in traffic,V1:Northbound / V2:Southbound ,V1: Collision with motor vehicle in traffic / V2: Collision with motor vehicle in traffic ,"V1: Passenger car / V2:Light truck(van, mini-van, panel, pickup, sport utility) with only four tires",Wet,Daylight,Rain/Cloudy,CHESTNUT HILL AVENUE,288 CHESTNUT HILL AVENUE,,,,,228542.0288,898716.8539
3276041,BOSTON,09-Oct-2012,8:17 AM,Property damage only (none injured),2,0,0,Angle,V1: Other / V2:Parked,V1:Southbound / V2:Not reported ,V1: Other / V2: Other ,V1: Passenger car / V2:Passenger car,Dry,Daylight,Not Reported,,LONDON STREET / PORTER STREET,,,,,238064.6712,902751.9188
3381227,BOSTON,09-Oct-2012,8:31 AM,Non-fatal injury,3,1,0,Rear-end,V1: Travelling straight ahead / V2:Slowing or stopped in traffic / V3:Slowing or stopped in traffic,V1:Southbound / V2:Southbound / V3:Southbound ,V1: Collision with motor vehicle in traffic / V2: Collision with motor vehicle in traffic / V3: Collision with motor vehicle in traffic ,"V1: Passenger car / V2:Passenger car / V3:Light truck(van, mini-van, panel, pickup, sport utility) with only four tires",Dry,Daylight,Cloudy,,,,,TAXI POOL PARKING LOT LOGAN AIRP,,,
3271017,BOSTON,09-Oct-2012,8:58 AM,Property damage only (none injured),2,0,0,"Sideswipe, same direction",V1: Travelling straight ahead / V2:Travelling straight ahead,V1:Westbound / V2:Westbound ,V1: Collision with motor vehicle in traffic / V2: Collision with motor vehicle in traffic ,V1: Passenger car / V2:Passenger car,Wet,Daylight,Clear,,0 feet E from Intersection SOLDIERS FIELD ROAD / NORTH HARVARD STREET,,,,,230992.3482,902048.2872
3279802,BOSTON,09-Oct-2012,8:59 AM,Property damage only (none injured),1,0,0,Single vehicle crash,V1: Other,V1:Westbound ,V1: Collision with curb ,"V1: Light truck(van, mini-van, panel, pickup, sport utility) with only four tires",Wet,Daylight,Cloudy/Rain,STORROW DRIVE / CHARLESGATE OVERPASS,,,,,,233695.1823,900232.3919
3665408,BOSTON,09-Oct-2012,9:47 AM,Fatal injury,1,0,1,Not reported,V1: Not reported,V1:Not reported ,V1: Not reported ,V1: Passenger car,Not reported,Not reported,Not Reported,AMERICAN LEGION HIGHWAY / WALK HILL STREET,,,,,,232432.2186,893104.1252
3322524,BOSTON,09-Oct-2012,9:50 AM,Property damage only (none injured),2,0,0,"Sideswipe, same direction",V1: Parked / V2:Travelling straight ahead,V1:Not reported / V2:Westbound ,V1: Collision with motor vehicle in traffic / V2: Collision with parked motor vehicle ,V1: Passenger car / V2:Passenger car,Wet,Daylight,Rain/Cloudy,,1293 COMMONWEALTH AVENUE,,,,,230145.4518,899901.2341
3285821,BOSTON,09-Oct-2012,10:30 AM,Property damage only (none injured),2,0,0,Rear-end,V1: Slowing or stopped in traffic / V2:Slowing or stopped in traffic,V1:Southbound / V2:Southbound ,V1: Collision with motor vehicle in traffic / V2: Collision with motor vehicle in traffic ,"V1: Light truck(van, mini-van, panel, pickup, sport utility) with only four tires / V2:Light truck(van, mini-van, panel, pickup, sport utility) with only four tires",Dry,Daylight,Clear,,Rte 93 S,,Exit 15 on Rte 93 S,,,236629.6253,897168.5001
3285645,BOSTON,09-Oct-2012,10:50 AM,Property damage only (none injured),2,0,0,Rear-end,V1: Slowing or stopped in traffic / V2:Slowing or stopped in traffic,V1:Northbound / V2:Northbound ,V1: Collision with motor vehicle in traffic / V2: Collision with motor vehicle in traffic ,V1: Passenger car / V2:Passenger car,Dry,Daylight,Cloudy,,Rte 93 N,,Exit 13 on Rte 93 N,,,237420.1414,894076.5227
3322525,BOSTON,09-Oct-2012,12:21 PM,Non-fatal injury,4,1,0,Not reported,V1: Travelling straight ahead / V2:Parked / V3:Parked / V4:Parked,V1:Northbound / V2:Not reported / V3:Not reported / V4:Not reported ,V1: Collision with parked motor vehicle / V2: Collision with parked motor vehicle / V3: Collision with parked motor vehicle / V4: Collision with parked motor vehicle ,"V1: Passenger car / V2:Passenger car / V3:Light truck(van, mini-van, panel, pickup, sport utility) with only four tires / V4:Passenger car",Dry,Daylight,Cloudy,,492 WASHINGTON STREET,,,,,236126.7618,900544.6254
3285646,BOSTON,09-Oct-2012,1:50 PM,Non-fatal injury,2,1,0,Angle,V1: Turning left / V2:Travelling straight ahead,V1:Southbound / V2:Northbound ,V1: Collision with motor vehicle in traffic / V2: Collision with motor vehicle in traffic ,"V1: Passenger car / V2:Light truck(van, mini-van, panel, pickup, sport utility) with only four tires",Dry,Daylight,Cloudy,GALLIVAN BOULEVARD / DORCHESTER AVENUE,,,,,,235804.4062,892252.5627
3270241,BOSTON,09-Oct-2012,5:12 PM,Property damage only (none injured),2,0,0,Angle,V1: Travelling straight ahead / V2:Travelling straight ahead,V1:Westbound / V2:Northbound ,V1: Collision with motor vehicle in traffic / V2: Collision with motor vehicle in traffic ,"V1: Light truck(van, mini-van, panel, pickup, sport utility) with only four tires / V2:Passenger car",Dry,Daylight,Cloudy,,CHARLESGATE EAST / COMMONWEALTH AVENUE,,,CHARLESGATE EAST @ COMMONWEALTH,,233649.9732,899935.8523
3345590,BOSTON,09-Oct-2012,10:19 PM,Property damage only (none injured),1,0,0,Single vehicle crash,V1: Travelling straight ahead,V1:Northbound ,V1: Collision with pedestrian ,V1: Passenger car,Dry,Dark - lighted roadway,Clear,MASSACHUSETTS AVENUE / ALLSTATE ROAD,,,,,"P2:Other non-motorist (wheelchair, etc.)",235842.2517,897233.6888
3282804,BOSTON,09-Oct-2012,10:59 PM,Non-fatal injury,1,1,0,Single vehicle crash,V1: Travelling straight ahead,V1:Westbound ,V1: Collision with pedestrian ,V1: Passenger car,Dry,Dark - lighted roadway,Clear,,MORTON STREET Rte 203 / NORFOLK STREET,,,,"P2:Pedalcyclist (bicycle, tricycle, unicycle, pedal car)",234066.8436,892435.125
3388382,BOSTON,10-Oct-2012,5:38 AM,Non-fatal injury,1,1,0,Single vehicle crash,V1: Turning left,V1:Southbound ,V1: Collision with median barrier ,V1: Passenger car,Wet,Dark - lighted roadway,Rain,,LEVERETT CONNECTOR SOUTH / INTERSTATE 93 Rte 93 S,,,LCS RAMP,,234783.9951,903381.7009
3292934,BOSTON,10-Oct-2012,5:42 AM,Non-fatal injury,2,3,0,Not reported,V1: Not reported / V2:Not reported,V1:Not reported / V2:Not reported ,V1: Not reported / V2: Not reported ,V1: Passenger car / V2:Tractor/semi-trailer,Not reported,Not reported,Not Reported,AUCKLAND STREET / SAVIN HILL AVENUE,,,,,,236600.6804,895915.7133
3345584,BOSTON (ROXBURY),10-Oct-2012,5:54 AM,Property damage only (none injured),1,0,0,Single vehicle crash,V1: Travelling straight ahead,V1:Eastbound ,V1: Collision with pedestrian ,V1: Passenger car,Wet,Dark - lighted roadway,Rain/Rain,MELNEA CASS BOULEVARD / ALBANY STREET,,,,,,234872.3123,897948.9375
3305746,BOSTON (DORCHESTER),10-Oct-2012,8:42 AM,Property damage only (none injured),2,0,0,Angle,V1: Travelling straight ahead / V2:Turning left,V1:Not reported / V2:Not reported ,V1: Collision with motor vehicle in traffic / V2: Collision with motor vehicle in traffic ,"V1: Passenger car / V2:Light truck(van, mini-van, panel, pickup, sport utility) with only four tires",Wet,Daylight,Rain,CENTRE STREET / TALBOT AVENUE,,,,,,235397.8905,893385.7502
3292933,BOSTON (DORCHESTER),10-Oct-2012,9:32 AM,Property damage only (none injured),1,0,0,"Sideswipe, same direction",V1: Turning left,V1:Not reported ,"V1: Collision with cyclist (bicycle, tricycle, unicycle, pedal car) ",V1: Passenger car,Wet,Daylight,Cloudy/Rain,DORCHESTER AVENUE / HANCOCK STREET,,,,,"P3:Pedalcyclist (bicycle, tricycle, unicycle, pedal car)",236415.7967,895386.25
3322277,BOSTON,10-Oct-2012,9:39 AM,Non-fatal injury,1,1,0,Single vehicle crash,V1: Travelling straight ahead,V1:Not reported ,V1: Collision with pedestrian ,"V1: Light truck(van, mini-van, panel, pickup, sport utility) with only four tires",Wet,Daylight,Cloudy/Rain,BROAD STREET / STATE STREET,,,,,P2:Pedestrian,236689.2497,901065.0002
3282846,BOSTON,10-Oct-2012,10:54 AM,Property damage only (none injured),1,0,0,Single vehicle crash,V1: Travelling straight ahead,V1:Eastbound ,V1: Collision with light pole or other post/support ,"V1: Light truck(van, mini-van, panel, pickup, sport utility) with only four tires",Wet,Daylight,Rain,,0 feet E from Intersection SOLDIERS FIELD ROAD / NORTH HARVARD STREET,,,,,230992.3482,902048.2872
3330097,BOSTON,10-Oct-2012,11:03 AM,Non-fatal injury,2,1,0,Angle,V1: Entering traffic lane / V2:Travelling straight ahead,V1:Not reported / V2:Not reported ,V1: Collision with motor vehicle in traffic / V2: Collision with motor vehicle in traffic ,"V1: Passenger car / V2:Light truck(van, mini-van, panel, pickup, sport utility) with only four tires",Wet,Daylight,Rain,BELGRADE AVENUE / REXHAME STREET,,,,,,229427.0627,892906.6877
3279808,BOSTON,10-Oct-2012,11:50 AM,Property damage only (none injured),2,0,0,Angle,V1: Travelling straight ahead / V2:Turning left,V1:Eastbound / V2:Southbound ,V1: Collision with motor vehicle in traffic / V2: Collision with motor vehicle in traffic ,"V1: Passenger car / V2:Light truck(van, mini-van, panel, pickup, sport utility) with only four tires",Wet,Daylight,Cloudy/Rain,GALLIVAN BOULEVARD / ADAMS STREET,,,,,,236381.9376,892485.5001
3321620,BOSTON (SOUTH BOSTON),10-Oct-2012,2:44 PM,Not Reported,2,0,0,Head-on,V1: Not reported / V2:Not reported,V1:Not reported / V2:Not reported ,V1: Not reported / V2: Not reported ,"V1: Passenger car / V2:Light truck(van, mini-van, panel, pickup, sport utility) with only four tires",Wet,Daylight,Rain,,DORCHESTER AVENUE / ASH STREET,,,,,,
3292945,BOSTON (DORCHESTER),10-Oct-2012,3:04 PM,Not Reported,1,0,0,Not reported,V1: Not reported,V1:Not reported ,V1: Not reported ,V1: Unknown vehicle configuration,Not reported,Not reported,Not Reported,DORCHESTER AVENUE / HECLA STREET,,,,,,236395.9531,895265.4999
3283293,BOSTON,10-Oct-2012,3:07 PM,Property damage only (none injured),1,0,0,Single vehicle crash,V1: Travelling straight ahead,V1:Westbound ,V1: Collision with motor vehicle in traffic ,V1: Passenger car,Wet,Daylight,Rain,,ENNEKING PARKWAY / WASHINGTON STREET,,,,,229642.4842,891696.4999
3381228,BOSTON,10-Oct-2012,3:25 PM,Property damage only (none injured),2,0,0,Angle,V1: Travelling straight ahead / V2:Travelling straight ahead,V1:Northbound / V2:Eastbound ,V1: Collision with motor vehicle in traffic / V2: Collision with motor vehicle in traffic ,"V1: Passenger car / V2:Light truck(van, mini-van, panel, pickup, sport utility) with only four tires",Dry,Daylight,Clear,,,,,CENTRAL GARAGE PARKING LOT LOGAN,,,
3299215,BOSTON,10-Oct-2012,3:48 PM,Non-fatal injury,2,1,0,Rear-end,V1: Changing lanes / V2:Not reported,V1:Eastbound / V2:Eastbound ,V1: Collision with motor vehicle in traffic / V2: Not reported ,"V1: Light truck(van, mini-van, panel, pickup, sport utility) with only four tires / V2:Passenger car",Wet,Daylight,Cloudy/Rain,,338 HUNTINGTON AVENUE Rte 9 E,,,,,233941.0393,898982.3721
3274540,BOSTON,10-Oct-2012,3:52 PM,Non-fatal injury,2,1,0,"Sideswipe, same direction",V1: Travelling straight ahead / V2:Travelling straight ahead,V1:Southbound / V2:Southbound ,V1: Collision with motor vehicle in traffic / V2: Collision with motor vehicle in traffic ,V1: Passenger car / V2:Passenger car,Wet,Daylight,Cloudy/Rain,CHARLESGATE WEST / COMMONWEALTH AVENUE,,,,,,233546.2737,899931.2545
3274491,BOSTON,10-Oct-2012,4:19 PM,Property damage only (none injured),2,0,0,"Sideswipe, same direction",V1: Changing lanes / V2:Travelling straight ahead,V1:Northbound / V2:Northbound ,V1: Collision with motor vehicle in traffic / V2: Collision with motor vehicle in traffic ,"V1: Passenger car / V2:Light truck(van, mini-van, panel, pickup, sport utility) with only four tires",Wet,Daylight,Cloudy/Rain,,CHARLESGATE EAST / BEACON STREET,,,,,233644.865,900055.8984
3322540,BOSTON (HYDE PARK),10-Oct-2012,4:22 PM,Not Reported,2,0,0,Not reported,V1: Not reported / V2:Not reported,V1:Not reported / V2:Not reported ,V1: Not reported / V2: Not reported ,V1: Passenger car / V2:Passenger car,Not reported,Not reported,Not Reported,WEST STREET / MYOPIA ROAD,,,,,,230779.6095,890480.8123
3292527,BOSTON (DORCHESTER),10-Oct-2012,5:18 PM,Not Reported,1,0,0,Not reported,V1: Not reported,V1:Not reported ,V1: Not reported ,"V1: Light truck(van, mini-van, panel, pickup, sport utility) with only four tires",Not reported,Not reported,Not Reported,,1 BOWDOIN STREET,,,,P2:Pedestrian,236010.2947,901278.4694
3281224,BOSTON,10-Oct-2012,5:19 PM,Property damage only (none injured),2,0,0,Rear-end,V1: Travelling straight ahead / V2:Slowing or stopped in traffic,V1:Northbound / V2:Northbound ,V1: Collision with motor vehicle in traffic / V2: Collision with motor vehicle in traffic ,"V1: Passenger car / V2:Light truck(van, mini-van, panel, pickup, sport utility) with only four tires",Wet,Daylight,Rain,,FOX POINT ROAD,,,BOAT RAMP,,237483.4478,895538.2614
3380490,BOSTON,10-Oct-2012,5:29 PM,Non-fatal injury,2,1,0,Rear-end,V1: Travelling straight ahead / V2:Slowing or stopped in traffic,V1:Northbound / V2:Northbound ,V1: Collision with motor vehicle in traffic / V2: Collision with motor vehicle in traffic ,"V1: Light truck(van, mini-van, panel, pickup, sport utility) with only four tires / V2:Light truck(van, mini-van, panel, pickup, sport utility) with only four tires",Wet,Daylight,Cloudy/Rain,,JOHN F FITZGERALD EXPRESSWAY Rte 93 N,,,ZAKIM BRIDGE,,235967.9288,902142.0963
3283711,BOSTON,10-Oct-2012,7:19 PM,Non-fatal injury,2,1,0,Rear-end,V1: Travelling straight ahead / V2:Travelling straight ahead,V1:Northbound / V2:Northbound ,V1: Collision with motor vehicle in traffic / V2: Collision with motor vehicle in traffic ,"V1: Light truck(van, mini-van, panel, pickup, sport utility) with only four tires / V2:Light truck(van, mini-van, panel, pickup, sport utility) with only four tires",Wet,Dusk,Cloudy/Rain,,Rte 93 N,,Exit 26 on Rte 93 N,,,236402.7433,901600.0342
3292930,BOSTON (DORCHESTER),10-Oct-2012,7:19 PM,Non-fatal injury,2,1,0,Rear-end,V1: Slowing or stopped in traffic / V2:Travelling straight ahead,V1:Westbound / V2:Westbound ,V1: Collision with motor vehicle in traffic / V2: Collision with motor vehicle in traffic ,V1: Passenger car / V2:Passenger car,Wet,Dark - lighted roadway,Clear,,34 PARKMAN STREET,,,,,235605.1132,901386.421
3282792,BOSTON,10-Oct-2012,7:30 PM,Non-fatal injury,1,1,0,Single vehicle crash,V1: Turning right,V1:Northbound ,V1: Collision with pedestrian ,V1: Passenger car,Wet,Dark - lighted roadway,Cloudy,WESTERN AVENUE / RAMP-WESTERN AV TO SOLDIERS FIELD RD EB,,,,,P2:Pedestrian / P3:Pedestrian,231437.3134,901567.0228
3305342,BOSTON (DORCHESTER),10-Oct-2012,9:50 PM,Property damage only (none injured),1,0,0,Single vehicle crash,V1: Travelling straight ahead,V1:Northbound ,V1: Collision with bridge ,V1: Passenger car,Wet,Dark - unknown roadway lighting,Rain/Rain,CLAYTON STREET / DICKENS STREET,,,,,,236611.5937,894621.3127
3299218,BOSTON,10-Oct-2012,11:00 PM,Non-fatal injury,2,3,0,Not reported,V1: Turning left / V2:Travelling straight ahead,V1:Not reported / V2:Not reported ,V1: Collision with motor vehicle in traffic / V2: Collision with motor vehicle in traffic ,V1: Passenger car / V2:Passenger car,Not reported,Not reported,Not Reported,,771 ALBANY STREET,,,,,235117.0495,898169.7301
3282805,BOSTON,10-Oct-2012,11:05 PM,Property damage only (none injured),1,0,0,Single vehicle crash,V1: Overtaking/passing,V1:Southbound ,V1: Collision with tree ,V1: Passenger car,Wet,Dark - roadway not lighted,Cloudy,LA GRANGE STREET / WASHINGTON STREET / ENNEKING PARKWAY BRANCH,,,,0 feet S from LAGRANGE ST.,,229395.1252,891436.3748
3277577,BOSTON,11-Oct-2012,5:23 AM,Non-fatal injury,2,2,0,Angle,V1: Travelling straight ahead / V2:Travelling straight ahead,V1:Southbound / V2:Northbound ,V1: Collision with motor vehicle in traffic / V2: Collision with motor vehicle in traffic ,V1: Passenger car / V2:Passenger car,Dry,Dark - lighted roadway,Clear,STORROW DRIVE Rte 28 N / CHARLES RIVER DAM ROAD Rte 28 N / NASHUA STREET,,,,,,235565.4707,901894.5497
3279908,BOSTON,11-Oct-2012,7:30 AM,Property damage only (none injured),3,0,0,Rear-end,V1: Slowing or stopped in traffic / V2:Travelling straight ahead / V3:Travelling straight ahead,V1:Eastbound / V2:Eastbound / V3:Eastbound ,V1: Collision with motor vehicle in traffic / V2: Collision with motor vehicle in traffic / V3: Collision with motor vehicle in traffic ,"V1: Light truck(van, mini-van, panel, pickup, sport utility) with only four tires / V2:Passenger car / V3:Light truck(van, mini-van, panel, pickup, sport utility) with only four tires",Dry,Daylight,Clear,,Rte 90 E,,,,,235750.5848,899752.0839
3282793,BOSTON,11-Oct-2012,8:14 AM,Property damage only (none injured),2,0,0,Angle,V1: Travelling straight ahead / V2:Travelling straight ahead,V1:Eastbound / V2:Southbound ,V1: Collision with motor vehicle in traffic / V2: Collision with motor vehicle in traffic ,"V1: Passenger car / V2:Light truck(van, mini-van, panel, pickup, sport utility) with only four tires",Dry,Daylight,Clear,,SOLDIERS FIELD ROAD / NORTH HARVARD STREET,,,,,230992.3482,902048.2872
3381229,BOSTON,11-Oct-2012,10:25 AM,Property damage only (none injured),2,0,0,Angle,V1: Travelling straight ahead / V2:Travelling straight ahead,V1:Eastbound / V2:Eastbound ,V1: Collision with motor vehicle in traffic / V2: Collision with motor vehicle in traffic ,V1: Passenger car / V2:Passenger car,Dry,Daylight,Not Reported,,,,,TAXI POOL ON HARBORSIDE DRIVE,,,
3380537,BOSTON,11-Oct-2012,10:42 AM,Non-fatal injury,3,3,0,Rear-end,V1: Slowing or stopped in traffic / V2:Slowing or stopped in traffic / V3:Slowing or stopped in traffic,V1:Southbound / V2:Southbound / V3:Southbound ,V1: Collision with motor vehicle in traffic / V2: Collision with motor vehicle in traffic / V3: Collision with motor vehicle in traffic ,"V1: Light truck(van, mini-van, panel, pickup, sport utility) with only four tires / V2:Light truck(van, mini-van, panel, pickup, sport utility) with only four tires / V3:Passenger car",Dry,Daylight,Clear,,JOHN F FITZGERALD EXPRESSWAY Rte 93 S,,,ZAKIM BRIDGE,,235971.0219,902108.2662
3281610,BOSTON,11-Oct-2012,11:45 AM,Property damage only (none injured),2,0,0,Angle,V1: Travelling straight ahead / V2:Travelling straight ahead,V1:Northbound / V2:Northbound ,V1: Collision with motor vehicle in traffic / V2: Collision with motor vehicle in traffic ,V1: Passenger car / V2:Tractor/semi-trailer,Dry,Daylight,Clear,,CROSS STREET / COMMERCIAL STREET,,,,,236798.3477,901287.0812
3292931,BOSTON (DORCHESTER),11-Oct-2012,12:08 PM,Property damage only (none injured),2,0,0,Not reported,V1: Travelling straight ahead / V2:Turning left,V1:Southbound / V2:Northbound ,V1: Collision with motor vehicle in traffic / V2: Collision with motor vehicle in traffic ,V1: Passenger car / V2:Passenger car,Dry,Daylight,Clear/Clear,DORCHESTER AVENUE / HANCOCK STREET,,,,,,236415.7967,895386.25
3279909,BOSTON,11-Oct-2012,12:30 PM,Property damage only (none injured),1,0,0,Single vehicle crash,V1: Changing lanes,V1:Northbound ,V1: Other ,V1: Passenger car,Dry,Daylight,Clear,CALLAHAN TUNNEL / RAMP - NORTH STREET TO CALLAHAN TUNNEL / RAMP-I93 TO CALLAHAN TUNNEL,,,,,,236748.1169,901444.1833
3301961,BOSTON,11-Oct-2012,1:20 PM,Property damage only (none injured),2,0,0,Rear-end,V1: Slowing or stopped in traffic / V2:Travelling straight ahead,V1:Northbound / V2:Northbound ,V1: Collision with motor vehicle in traffic / V2: Collision with motor vehicle in traffic ,"V1: Light truck(van, mini-van, panel, pickup, sport utility) with only four tires / V2:Passenger car",Dry,Daylight,Clear,,VETERANS OF FOREIGN WARS PARKWAY / 1209 GARDNER STREET,,,,,227078.4695,892044.7956