Crash Number,City/Town Name,Crash Date,Crash Time,Crash Severity,Number of Vehicles,Total Nonfatal Injuries,Total Fatal Injuries,Manner of Collision,Vehicle Action Prior to Crash,Vehicle Travel Directions,Most Harmful Events,Vehicle Configuration,Road Surface Condition,Ambient Light,Weather Condition,At Roadway Intersection,Distance from Nearest Roadway Intersection,Distance from Nearest Milemarker,Distance from Nearest Exit,Distance from Nearest Landmark,Non Motorist Type,X Coordinate,Y Coordinate
3301818,BOSTON,11-Oct-2012,1:35 PM,Non-fatal injury,2,1,0,"Sideswipe, same direction",V1: Travelling straight ahead / V2:Travelling straight ahead,V1:Westbound / V2:Westbound ,V1: Collision with motor vehicle in traffic / V2: Collision with motor vehicle in traffic ,"V1: Passenger car / V2:Light truck(van, mini-van, panel, pickup, sport utility) with only four tires",Dry,Daylight,Not Reported,,MORTON STREET / LUCERNE STREET,,,,,233856,892682.5623
3277571,BOSTON,11-Oct-2012,5:06 PM,Property damage only (none injured),2,0,0,"Sideswipe, same direction",V1: Travelling straight ahead / V2:Travelling straight ahead,V1:Westbound / V2:Westbound ,V1: Collision with motor vehicle in traffic / V2: Collision with motor vehicle in traffic ,V1: Truck/trailer / V2:Passenger car,Dry,Daylight,Clear,,MASSACHUSETTS TURNPIKE Rte 90 W,,Exit 19 on Rte 90,,,231048.0257,900863.7132
3292526,BOSTON,11-Oct-2012,6:10 PM,Non-fatal injury,2,1,0,Rear-end,V1: Slowing or stopped in traffic / V2:Travelling straight ahead,V1:Southbound / V2:Southbound ,V1: Collision with motor vehicle in traffic / V2: Collision with motor vehicle in traffic ,V1: Passenger car / V2:Tractor/triples,Dry,Dark - lighted roadway,Clear,NEPONSET AVENUE / BLACKWELL STREET,,,,,,237370.6409,893171.7501
3322276,BOSTON (CHARLESTOWN),11-Oct-2012,7:00 PM,Non-fatal injury,2,1,0,Rear-end,V1: Slowing or stopped in traffic / V2:Travelling straight ahead,V1:Northbound / V2:Northbound ,V1: Not reported / V2: Collision with motor vehicle in traffic ,"V1: Light truck(van, mini-van, panel, pickup, sport utility) with only four tires / V2:Light truck(van, mini-van, panel, pickup, sport utility) with only four tires",Dry,Dark - lighted roadway,Clear,SCHOOL STREET / MAIN STREET,,,,,,235757.4374,902985.0626
3274542,BOSTON,11-Oct-2012,7:33 PM,Property damage only (none injured),2,0,0,"Sideswipe, same direction",V1: Travelling straight ahead / V2:Changing lanes,V1:Westbound / V2:Westbound ,V1: Collision with motor vehicle in traffic / V2: Collision with motor vehicle in traffic ,"V1: Passenger car / V2:Light truck(van, mini-van, panel, pickup, sport utility) with only four tires",Dry,Dawn,Not Reported,NASHUA STREET / STORROW DRIVE Rte 28 N / LEVERETT CIRCLE,,,,0 feet W from LEVERETT CIRCLE,,235565.4707,901894.5497
3273732,BOSTON,11-Oct-2012,7:35 PM,Non-fatal injury,2,1,0,Rear-end,V1: Travelling straight ahead / V2:Slowing or stopped in traffic,V1:Eastbound / V2:Eastbound ,V1: Collision with motor vehicle in traffic / V2: Collision with motor vehicle in traffic ,"V1: Light truck(van, mini-van, panel, pickup, sport utility) with only four tires / V2:Light truck(van, mini-van, panel, pickup, sport utility) with only four tires",Dry,Dark - lighted roadway,Clear,,MORTON STREET,,,,,234230.5003,892354.8237
3380491,BOSTON,12-Oct-2012,8:21 AM,Non-fatal injury,2,1,0,Rear-end,V1: Not reported / V2:Changing lanes,V1:Not reported / V2:Westbound ,V1: Not reported / V2: Collision with motor vehicle in traffic ,V1: Passenger car / V2:Passenger car,Dry,Dark - lighted roadway,Clear,,MASSACHUSETTS TURNPIKE Rte 90 W / RAMP - HARBORSIDE DRIVE TO RT 90 WB,,,,,239041.4129,900930.0767
3291204,BOSTON,12-Oct-2012,8:35 AM,Non-fatal injury,2,1,0,Rear-end,V1: Slowing or stopped in traffic / V2:Travelling straight ahead,V1:Westbound / V2:Westbound ,V1: Collision with motor vehicle in traffic / V2: Collision with motor vehicle in traffic ,V1: Passenger car / V2:Passenger car,Wet,Daylight,Cloudy/Rain,,STORROW DRIVE Rte 28 S / CHARLES STREET Rte 3A N,,,PRIOR TO OFF RAMP TO CHARLES CIR,,235409.8179,901615.1986
3276042,BOSTON,12-Oct-2012,8:42 AM,Non-fatal injury,1,1,0,Not reported,V1: Turning right,V1:Westbound ,V1: Other ,"V1: Light truck(van, mini-van, panel, pickup, sport utility) with only four tires",Dry,Daylight,Cloudy,,FRONTAGE ROAD / SOUTHAMPTON STREET,,,ENTRANCE TO 2 FRONTAGER RD,P2:Pedestrian,236246.0308,897831.0996
3278984,BOSTON,12-Oct-2012,9:30 AM,Property damage only (none injured),3,0,0,Rear-end,V1: Slowing or stopped in traffic / V2:Slowing or stopped in traffic / V3:Travelling straight ahead,V1:Eastbound / V2:Eastbound / V3:Eastbound ,V1: Collision with motor vehicle in traffic / V2: Collision with motor vehicle in traffic / V3: Collision with motor vehicle in traffic ,"V1: Light truck(van, mini-van, panel, pickup, sport utility) with only four tires / V2:Passenger car / V3:Passenger car",Wet,Daylight,Cloudy/Rain,,STORROW DRIVE / BERKELEY STREET,,,TUNNEL AT COPLEY,,234779.5276,900574.5962
3280288,BOSTON,12-Oct-2012,12:41 PM,Non-fatal injury,2,2,0,Angle,V1: Travelling straight ahead / V2:Travelling straight ahead,V1:Northbound / V2:Eastbound ,V1: Collision with motor vehicle in traffic / V2: Collision with motor vehicle in traffic ,V1: Passenger car / V2:Passenger car,Dry,Daylight,Not Reported,DEDHAM PARKWAY / ALWIN STREET,,,,GEORGETOWN APPTS,,229412.1251,889419.1874
3281218,BOSTON,12-Oct-2012,12:55 PM,Property damage only (none injured),2,0,0,Rear-end,V1: Travelling straight ahead / V2:Travelling straight ahead,V1:Westbound / V2:Westbound ,V1: Collision with motor vehicle in traffic / V2: Collision with motor vehicle in traffic ,"V1: Light truck(van, mini-van, panel, pickup, sport utility) with only four tires / V2:Passenger car",Wet,Daylight,Not Reported,,STORROW DRIVE / DAVID G MUGAR WAY Rte 28 S,,,WEST OF THE FIEDLER FOOTBRIDGE,,235115.5317,900706.5348
3279815,BOSTON,12-Oct-2012,2:00 PM,Property damage only (none injured),2,0,0,Rear-end,V1: Travelling straight ahead / V2:Slowing or stopped in traffic,V1:Westbound / V2:Westbound ,V1: Collision with curb / V2: Collision with motor vehicle in traffic ,"V1: Light truck(van, mini-van, panel, pickup, sport utility) with only four tires / V2:Passenger car",Wet,Daylight,Cloudy/Rain,,0 feet E from Intersection MORTON STREET / CEMETERY ROAD,,,,,232598.4532,894496.6249
3381540,BOSTON,12-Oct-2012,3:00 PM,Property damage only (none injured),2,0,0,Angle,V1: Slowing or stopped in traffic / V2:Changing lanes,V1:Eastbound / V2:Northbound ,V1: Collision with motor vehicle in traffic / V2: Collision with motor vehicle in traffic ,V1: Passenger car / V2:Passenger car,Dry,Daylight,Clear,,CHARLES STREET Rte 3A S / STORROW DRIVE Rte 28 N,,,APPROACHING LEVERETT CIRCLE,,235495.1087,901751.0233
3299219,BOSTON,12-Oct-2012,4:22 PM,Property damage only (none injured),2,0,0,"Sideswipe, same direction",V1: Entering traffic lane / V2:Travelling straight ahead,V1:Not reported / V2:Not reported ,V1: Collision with motor vehicle in traffic / V2: Collision with motor vehicle in traffic ,V1: Passenger car / V2:Passenger car,Dry,Daylight,Clear/Cloudy,HARRISON AVENUE,,,,,,,
3290317,BOSTON,12-Oct-2012,4:30 PM,Non-fatal injury,2,1,0,Angle,V1: Travelling straight ahead / V2:Turning left,V1:Northbound / V2:Westbound ,V1: Collision with motor vehicle in traffic / V2: Collision with motor vehicle in traffic ,V1: Passenger car / V2:Passenger car,Wet,Daylight,Rain,CHESTNUT HILL AVENUE / ENGLEWOOD AVENUE,,,,,,228652.0381,898581.5114
3292940,BOSTON (DORCHESTER),12-Oct-2012,7:35 PM,Property damage only (none injured),2,0,0,Head-on,V1: Travelling straight ahead / V2:Travelling straight ahead,V1:Southbound / V2:Northbound ,V1: Collision with motor vehicle in traffic / V2: Collision with motor vehicle in traffic ,V1: Passenger car / V2:Passenger car,Dry,Dark - lighted roadway,Clear,,124 NEPONSET AVENUE,,,,,236931.4798,893852.4182
3277695,BOSTON,13-Oct-2012,7:25 AM,Property damage only (none injured),1,0,0,"Sideswipe, same direction",V1: Travelling straight ahead,V1:Eastbound ,V1: Collision with motor vehicle in traffic ,V1: Passenger car,Dry,Daylight,Not Reported,STORROW DRIVE Rte 28 N / PINCKNEY STREET,,,,BY REVERE ST,,235232.9129,901006.8928
3286577,BOSTON,13-Oct-2012,8:49 AM,Property damage only (none injured),3,0,0,Not reported,V1: Travelling straight ahead / V2:Travelling straight ahead / V3:Travelling straight ahead,V1:Not reported / V2:Not reported / V3:Not reported ,V1: Collision with motor vehicle in traffic / V2: Collision with motor vehicle in traffic / V3: Collision with motor vehicle in traffic ,"V1: Passenger car / V2:Passenger car / V3:Bus (seats for more than 15 people, including driver)",Dry,Daylight,Clear/Clear,,157 BERKELEY STREET / COLUMBUS AVENUE,,,200 COLUMBUS AVE,,235282.7002,899882.0258
3279910,BOSTON,13-Oct-2012,9:36 AM,Non-fatal injury,1,1,0,Single vehicle crash,V1: Turning left,V1:Northbound ,V1: Collision with median barrier ,V1: Passenger car,Dry,Daylight,Cloudy,,Rte 93 N,,Exit 27 on Rte 93 N,RAMP CT,,235655.07,902467.5364
3280276,BOSTON,13-Oct-2012,12:29 PM,Non-fatal injury,4,2,0,Rear-end,V1: Slowing or stopped in traffic / V2:Slowing or stopped in traffic / V3:Slowing or stopped in traffic / V4:Travelling straight ahead,V1:Northbound / V2:Northbound / V3:Northbound / V4:Northbound ,V1: Collision with motor vehicle in traffic / V2: Collision with motor vehicle in traffic / V3: Collision with motor vehicle in traffic / V4: Collision with motor vehicle in traffic ,"V1: Passenger car / V2:Passenger car / V3:Light truck(van, mini-van, panel, pickup, sport utility) with only four tires / V4:Light truck(van, mini-van, panel, pickup, sport utility) with only four tires",Wet,Daylight,Cloudy/Rain,,Rte 93 N,Rte 93  N Milemarker 16.9,,,,236742.6233,900426.5825
3282354,BOSTON,13-Oct-2012,1:28 PM,Property damage only (none injured),2,0,0,Rear-end,V1: Travelling straight ahead / V2:Travelling straight ahead,V1:Northbound / V2:Northbound ,V1: Collision with motor vehicle in traffic / V2: Collision with motor vehicle in traffic ,V1: Passenger car / V2:Passenger car,Dry,Daylight,Clear,,Rte 93 N,,Exit 14 on Rte 93 N,,,237258.9796,894483.3974
3330109,BOSTON,13-Oct-2012,1:56 PM,Property damage only (none injured),2,0,0,Angle,V1: Entering traffic lane / V2:Travelling straight ahead,V1:Not reported / V2:Not reported ,V1: Collision with motor vehicle in traffic / V2: Collision with motor vehicle in traffic ,"V1: Passenger car / V2:Light truck(van, mini-van, panel, pickup, sport utility) with only four tires",Dry,Daylight,Clear,WASHINGTON STREET / DE SOTO ROAD,,,,,,228435.1252,890323.8126
3378173,BOSTON,13-Oct-2012,3:50 PM,Property damage only (none injured),2,0,0,Angle,V1: Changing lanes / V2:Travelling straight ahead,V1:Southbound / V2:Southbound ,V1: Collision with motor vehicle in traffic / V2: Collision with motor vehicle in traffic ,"V1: Light truck(van, mini-van, panel, pickup, sport utility) with only four tires / V2:Passenger car",Dry,Dusk,Not Reported,,Rte 93 S,,Exit 11 on Rte 93 S,,,237076.8671,891681.5326
3281225,BOSTON,13-Oct-2012,5:30 PM,Property damage only (none injured),2,0,0,Angle,V1: Turning left / V2:Travelling straight ahead,V1:Southbound / V2:Eastbound ,V1: Collision with motor vehicle in traffic / V2: Collision with motor vehicle in traffic ,"V1: Light truck(van, mini-van, panel, pickup, sport utility) with only four tires / V2:Light truck(van, mini-van, panel, pickup, sport utility) with only four tires",Dry,Daylight,Clear,,COLUMBIA ROAD / BUTTONWOOD STREET,,,,,236609.5872,896844.6625
3284866,BOSTON,13-Oct-2012,10:40 PM,Property damage only (none injured),2,0,0,"Sideswipe, same direction",V1: Travelling straight ahead / V2:Travelling straight ahead,V1:Northbound / V2:Northbound ,V1: Collision with motor vehicle in traffic / V2: Collision with motor vehicle in traffic ,"V1: Passenger car / V2:Light truck(van, mini-van, panel, pickup, sport utility) with only four tires",Dry,Dark - lighted roadway,Clear,,JAMAICAWAY / BYNNER STREET,,,THE JAMAICAWAY-NORTH OF BYNNER S,,231761.9221,897172.3749
3330111,BOSTON,13-Oct-2012,10:43 PM,Non-fatal injury,2,1,0,Angle,V1: Entering traffic lane / V2:Travelling straight ahead,V1:Northbound / V2:Eastbound ,V1: Collision with motor vehicle in traffic / V2: Collision with motor vehicle in traffic ,"V1: Light truck(van, mini-van, panel, pickup, sport utility) with only four tires / V2:Passenger car",Dry,Dark - lighted roadway,Clear,,4432 WASHINGTON STREET,,,,,230135.2623,892277.6547
3279818,BOSTON,13-Oct-2012,11:20 PM,Non-fatal injury,1,1,0,Single vehicle crash,V1: Leaving traffic lane,V1:Northbound ,V1: Collision with pedestrian ,V1: Passenger car,Dry,Dark - lighted roadway,Clear,,JAMES SHEA CIRCLE Rte 203 W / FOREST HILLS ENTRANCE DRIVE,,,AT SHEA ROTARY,"P2:Pedalcyclist (bicycle, tricycle, unicycle, pedal car)",232462.8856,894549.9947
3279911,BOSTON,14-Oct-2012,2:33 AM,Property damage only (none injured),1,0,0,Single vehicle crash,V1: Travelling straight ahead,V1:Northbound ,V1: Other ,V1: Passenger car,Dry,Dark - lighted roadway,Not Reported,,Rte 93 N,,,,,236742.6233,900426.5825
3280278,BOSTON,14-Oct-2012,3:33 AM,Non-fatal injury,1,2,0,Single vehicle crash,V1: Other,V1:Southbound ,V1: Collision with median barrier ,V1: Passenger car,Wet,Dark - lighted roadway,Cloudy/Rain,,EAST BOSTON EXPRESSWAY Rte 1A / SUMNER TUNNEL,,,RAMP STS,,238041.3696,902662.0925
3380539,BOSTON,14-Oct-2012,6:39 AM,Non-fatal injury,2,1,0,Rear-end,V1: Slowing or stopped in traffic / V2:Travelling straight ahead,V1:Eastbound / V2:Eastbound ,V1: Collision with motor vehicle in traffic / V2: Collision with motor vehicle in traffic ,V1: Passenger car / V2:Passenger car,Wet,Dawn,Cloudy/Rain,,RAMP - RT 93 NB TO RT 90 (RAMP K) Rte 1A N / JOHN F FITZFERALD EXPRESSWAY Rte 93 N,,,RAMP L,,235874.204,898486.6415
3380492,BOSTON,14-Oct-2012,9:48 AM,Non-fatal injury,1,3,0,Single vehicle crash,V1: Travelling straight ahead,V1:Southbound ,V1: Collision with median barrier ,V1: Passenger car,Wet,Daylight,Rain,JOHN F FITZGERALD EXPRESSWAY Rte 93 S / RAMP - RT 93 SB TO MASSACHUSETTS AVENUE / RAMP - ALBANY STREET TO RT 93 SB,,,,,,236013.2782,899092.9984
3288764,BOSTON,14-Oct-2012,9:55 AM,Property damage only (none injured),2,0,0,Rear-end,V1: Slowing or stopped in traffic / V2:Travelling straight ahead,V1:Northbound / V2:Northbound ,V1: Collision with motor vehicle in traffic / V2: Collision with motor vehicle in traffic ,"V1: Passenger car / V2:Light truck(van, mini-van, panel, pickup, sport utility) with only four tires",Wet,Daylight,Rain,FRONTAGE ROAD / ALBANY STREET CONNECTOR / RAMP - ALBANY STREET TO RT 90 EB,,,,,,236004.2736,898934.2784
3292937,BOSTON,14-Oct-2012,1:00 PM,Non-fatal injury,2,1,0,Angle,V1: Travelling straight ahead / V2:Turning left,V1:Not reported / V2:Northbound ,V1: Collision with motor vehicle in traffic / V2: Collision with motor vehicle in traffic ,"V1: Unknown vehicle configuration / V2:Light truck(van, mini-van, panel, pickup, sport utility) with only four tires",Wet,Daylight,Cloudy/Rain,CUSHING AVENUE / UPHAM AVENUE,,,,,,235895.2811,896185.7503
3279809,BOSTON,14-Oct-2012,2:20 PM,Non-fatal injury,2,1,0,Rear-end,V1: Slowing or stopped in traffic / V2:Slowing or stopped in traffic,V1:Eastbound / V2:Eastbound ,V1: Collision with motor vehicle in traffic / V2: Collision with motor vehicle in traffic ,"V1: Light truck(van, mini-van, panel, pickup, sport utility) with only four tires / V2:Passenger car",Dry,Daylight,Cloudy,GALLIVAN BOULEVARD / WASHINGTON STREET,,,,,,235509.2971,892128.6873
3274551,BOSTON,14-Oct-2012,2:50 PM,Property damage only (none injured),1,0,0,Single vehicle crash,V1: Turning right,V1:Not reported ,V1: Collision with curb ,V1: Passenger car,Wet,Daylight,Clear,,MORTON STREET / JAMES SHEA CIRCLE,,,,,232426.4151,894490.4999
3345591,BOSTON,14-Oct-2012,3:27 PM,Not Reported,2,0,0,Single vehicle crash,V1: Not reported / V2:Not reported,V1:Not reported / V2:Not reported ,V1: Not reported / V2: Not reported ,"V1: Light truck(van, mini-van, panel, pickup, sport utility) with only four tires / V2:Not reported",Dry,Dark - lighted roadway,Clear,WEST BROADWAY / A STREET,,,,,,236625.6875,899133.0624
3380540,BOSTON,14-Oct-2012,5:15 PM,Property damage only (none injured),2,0,0,Rear-end,V1: Slowing or stopped in traffic / V2:Slowing or stopped in traffic,V1:Northbound / V2:Northbound ,V1: Collision with motor vehicle in traffic / V2: Collision with motor vehicle in traffic ,"V1: Passenger car / V2:Light truck(van, mini-van, panel, pickup, sport utility) with only four tires",Dry,Daylight,Clear,,JOHN F FITZGERALD EXPRESSWAY Rte 93 N / RAMP - RT 90 TO RT 93 NB,Rte 93  N Milemarker 16.6,,16.6MM,,236555.937,900137.3775
3381537,BOSTON,14-Oct-2012,5:15 PM,Property damage only (none injured),2,0,0,Rear-end,V1: Slowing or stopped in traffic / V2:Travelling straight ahead,V1:Southbound / V2:Southbound ,V1: Collision with motor vehicle in traffic / V2: Collision with motor vehicle in traffic ,V1: Passenger car / V2:Passenger car,Dry,Daylight,Not Reported,,MURRAY CIRCLE / ARBORWAY,,,CENTRE ST ROTARY,,231185.8235,895495.1234
3380493,BOSTON,14-Oct-2012,11:15 PM,Property damage only (none injured),2,0,0,"Sideswipe, same direction",V1: Changing lanes / V2:Travelling straight ahead,V1:Northbound / V2:Northbound ,V1: Collision with motor vehicle in traffic / V2: Collision with motor vehicle in traffic ,"V1: Light truck(van, mini-van, panel, pickup, sport utility) with only four tires / V2:Light truck(van, mini-van, panel, pickup, sport utility) with only four tires",Dry,Dark - lighted roadway,Cloudy,JOHN F FITZGERALD EXPRESSWAY Rte 93 N / RAMP - FRONTAGE ROAD TO RT 93 NB,,,,RAMP II,,236017.558,899013.108
3380541,BOSTON,15-Oct-2012,00:00 AM,Property damage only (none injured),2,0,0,Rear-end,V1: Slowing or stopped in traffic / V2:Travelling straight ahead,V1:Westbound / V2:Westbound ,V1: Collision with parked motor vehicle / V2: Collision with motor vehicle in traffic ,V1: Passenger car / V2:Passenger car,Dry,Dark - lighted roadway,Clear,,MASSACHUSETTS TURNPIKE Rte 90 W / 200' WEST OF PLAZA 37 TOLL BOOTH Rte 90 W,,,PLAZA 37 TOLL PLAZA TED WILLIAM,,239089.2196,901954.5648
3322526,BOSTON (BRIGHTON),15-Oct-2012,4:30 AM,Non-fatal injury,1,1,0,Single vehicle crash,V1: Travelling straight ahead,V1:Southbound ,V1: Collision with utility pole ,"V1: Light truck(van, mini-van, panel, pickup, sport utility) with only four tires",Wet,Dark - lighted roadway,Clear,MONASTERY ROAD / UNION STREET,,,,,,229060.2654,899432.375
3328824,BOSTON,15-Oct-2012,7:30 AM,Non-fatal injury,3,2,0,"Sideswipe, opposite direction",V1: Overtaking/passing / V2:Travelling straight ahead / V3:Turning left,V1:Not reported / V2:Not reported / V3:Not reported ,V1: Collision with motor vehicle in traffic / V2: Collision with motor vehicle in traffic / V3: Collision with motor vehicle in traffic ,"V1: Passenger car / V2:Light truck(van, mini-van, panel, pickup, sport utility) with only four tires / V3:Light truck(van, mini-van, panel, pickup, sport utility) with only four tires",Dry,Daylight,Clear,BELGRADE AVENUE / COLBERG AVENUE,,,,,,229646.0938,892913.375
3381485,BOSTON,15-Oct-2012,9:10 AM,Property damage only (none injured),2,0,0,Rear-end,V1: Slowing or stopped in traffic / V2:Slowing or stopped in traffic,V1:Northbound / V2:Northbound ,V1: Collision with motor vehicle in traffic / V2: Collision with motor vehicle in traffic ,"V1: Light truck(van, mini-van, panel, pickup, sport utility) with only four tires / V2:Passenger car",Dry,Daylight,Clear,RT 93 NB HOV LANE / JOHN F FITZGERALD EXPRESSWAY Rte 93 N,,,,AT NORTH HOV,,235854.7553,898376.6894
3288761,BOSTON,15-Oct-2012,11:20 AM,Property damage only (none injured),2,0,0,Angle,V1: Travelling straight ahead / V2:Travelling straight ahead,V1:Westbound / V2:Eastbound ,V1: Collision with motor vehicle in traffic / V2: Collision with motor vehicle in traffic ,"V1: Light truck(van, mini-van, panel, pickup, sport utility) with only four tires / V2:Passenger car",Dry,Daylight,Clear,,MORTON STREET / HARVARD STREET,,,,,233493.5311,893100.9999
3279787,BOSTON,15-Oct-2012,3:19 PM,Property damage only (none injured),2,0,0,Rear-end,V1: Travelling straight ahead / V2:Turning right,V1:Eastbound / V2:Southbound ,V1: Collision with motor vehicle in traffic / V2: Collision with motor vehicle in traffic ,"V1: Passenger car / V2:Light truck(van, mini-van, panel, pickup, sport utility) with only four tires",Dry,Daylight,Clear,JEFFRIES STREET / UNNAMED ROAD / HARBORSIDE DRIVE,,,,,,238894.2187,901939.1874
3283712,BOSTON,15-Oct-2012,3:43 PM,Property damage only (none injured),2,0,0,"Sideswipe, same direction",V1: Changing lanes / V2:Travelling straight ahead,V1:Westbound / V2:Westbound ,V1: Collision with motor vehicle in traffic / V2: Collision with motor vehicle in traffic ,"V1: Passenger car / V2:Light truck(van, mini-van, panel, pickup, sport utility) with only four tires",Dry,Daylight,Clear,,Rte 90 W,,Exit 20 on Rte 90 W,,,231452.5043,900558.3731
3284357,BOSTON,15-Oct-2012,5:17 PM,Property damage only (none injured),2,0,0,"Sideswipe, opposite direction",V1: Travelling straight ahead / V2:Travelling straight ahead,V1:Southbound / V2:Northbound ,V1: Collision with motor vehicle in traffic / V2: Collision with motor vehicle in traffic ,"V1: Passenger car / V2:Light truck(van, mini-van, panel, pickup, sport utility) with only four tires",Dry,Daylight,Cloudy,,WILLIAM T MORRISSEY BOULEVARD / DOMINIC J BANCULLI BOULEVARD,,,@ SHAW&AMP;APOS;S SUPERMARKET,,237086.4861,896628.275
3292938,BOSTON (DORCHESTER),15-Oct-2012,7:00 PM,Non-fatal injury,1,1,0,Not reported,V1: Turning right,V1:Northbound ,"V1: Collision with cyclist (bicycle, tricycle, unicycle, pedal car) ",V1: Passenger car,Not reported,Not reported,Not Reported,DORCHESTER AVENUE / BAY STREET,,,,,"P2:Pedalcyclist (bicycle, tricycle, unicycle, pedal car)",236473.8283,895746.8751
3283713,BOSTON,15-Oct-2012,9:50 PM,Property damage only (none injured),1,0,0,Single vehicle crash,V1: Turning left,V1:Eastbound ,V1: Not reported ,"V1: Light truck(van, mini-van, panel, pickup, sport utility) with only four tires",Dry,Dark - lighted roadway,Clear,MASSACHUSETTS AVENUE CONNECTOR / FRONTAGE ROAD / RAMP - FRONTAGE ROAD TO RT 93 NB,,,,MASS AVE CONNECTOR @ FRONTAGE RD,,235865.0173,898419.1854
3306740,BOSTON,15-Oct-2012,11:48 PM,Not Reported,2,0,0,Not reported,V1: Not reported / V2:Not reported,V1:Not reported / V2:Not reported ,V1: Not reported / V2: Not reported ,V1: Unknown vehicle configuration / V2:Passenger car,Not reported,Not reported,Not Reported,ALLSTON STREET / MOULTRIE STREET,,,,,,235715.1252,893632.1252
3283714,BOSTON,16-Oct-2012,2:20 AM,Property damage only (none injured),1,0,0,Single vehicle crash,V1: Leaving traffic lane,V1:Westbound ,V1: Other ,V1: Passenger car,Dry,Dark - lighted roadway,Other,RAMP - RT 90 EB TO RT 93 NB / RAMP - RT 90 EB TO RT 93 / RAMP - RT 90 EB TO RT 93 SB,,,,RAMP D/RT 93 N&AMP;S SPLIT,,236391.6062,899676.0005
3323863,BOSTON,16-Oct-2012,1:11 PM,Property damage only (none injured),1,0,0,Single vehicle crash,V1: Turning left,V1:Northbound ,V1: Collision with pedestrian ,V1: Passenger car,Dry,Daylight,Clear/Clear,LINCOLN STREET / BEDFORD STREET,,,,,P2:Pedestrian,236429.2393,900410.572
3279803,BOSTON,16-Oct-2012,1:28 PM,Non-fatal injury,1,1,0,"Sideswipe, same direction",V1: Travelling straight ahead,V1:Northbound ,V1: Collision with motor vehicle in traffic ,V1: Passenger car,Dry,Daylight,Not Reported,,PARK DRIVE / 514,,,,"P2:Pedalcyclist (bicycle, tricycle, unicycle, pedal car)",232497.6393,899758.1537
3292936,BOSTON (DORCHESTER),16-Oct-2012,1:34 PM,Not Reported,1,0,0,Single vehicle crash,V1: Not reported,V1:Not reported ,V1: Not reported ,V1: Passenger car,Dry,Daylight,Clear/Clear,,41 BLOOMFIELD STREET,,,,,235722.0194,894431.4513
3279912,BOSTON,16-Oct-2012,2:00 PM,Property damage only (none injured),2,0,0,Rear-end,V1: Travelling straight ahead / V2:Travelling straight ahead,V1:Northbound / V2:Northbound ,V1: Collision with motor vehicle in traffic / V2: Collision with motor vehicle in traffic ,V1: Passenger car / V2:Passenger car,Dry,Daylight,Clear,,Rte 93 N / RAMP - RT 90 TO RT 93 NB,,,,,236743.0463,900426.8946
3280279,BOSTON,16-Oct-2012,2:04 PM,Property damage only (none injured),2,0,0,Rear-end,V1: Travelling straight ahead / V2:Slowing or stopped in traffic,V1:Eastbound / V2:Eastbound ,V1: Collision with motor vehicle in traffic / V2: Collision with motor vehicle in traffic ,"V1: Single-unit truck (3-or-more axles) / V2:Single-unit truck (2-axle, 6-tire)",Dry,Daylight,Cloudy,,Rte 90 E,,Exit 24 on Rte 90 E,,,236020.7529,899669.4659
3321598,BOSTON,16-Oct-2012,3:10 PM,Property damage only (none injured),2,0,0,"Sideswipe, opposite direction",V1: Not reported / V2:Not reported,V1:Not reported / V2:Not reported ,V1: Not reported / V2: Not reported ,V1: Not reported / V2:Not reported,Dry,Daylight,Clear,SR-2 / HOTEL DRIVE,,,,,,239100.7308,902296.287
3388381,BOSTON,16-Oct-2012,7:45 PM,Non-fatal injury,4,1,0,Rear-end,V1: Slowing or stopped in traffic / V2:Slowing or stopped in traffic / V3:Slowing or stopped in traffic / V4:Travelling straight ahead,V1:Eastbound / V2:Eastbound / V3:Eastbound / V4:Eastbound ,V1: Collision with motor vehicle in traffic / V2: Collision with motor vehicle in traffic / V3: Collision with moped / V4: Collision with motor vehicle in traffic ,"V1: Passenger car / V2:Passenger car / V3:Light truck(van, mini-van, panel, pickup, sport utility) with only four tires / V4:Single-unit truck (2-axle, 6-tire)",Not reported,Dark - lighted roadway,Clear,,MASSACHUSETTS AVENUE CONNECTOR / FRONTAGE ROAD,,,MASS. AVE CONNECTOR RAMP,,235850.6599,898408.3229
3282355,BOSTON,17-Oct-2012,7:26 AM,Property damage only (none injured),2,0,0,Rear-end,V1: Slowing or stopped in traffic / V2:Travelling straight ahead,V1:Northbound / V2:Northbound ,V1: Not reported / V2: Not reported ,V1: Passenger car / V2:Passenger car,Dry,Daylight,Clear,,Rte 93 N,,Exit 15 on Rte 93 N,,,236972.2496,896473.4282
3380542,BOSTON,17-Oct-2012,12:01 PM,Property damage only (none injured),2,0,0,Angle,V1: Travelling straight ahead / V2:Changing lanes,V1:Westbound / V2:Westbound ,V1: Collision with motor vehicle in traffic / V2: Collision with motor vehicle in traffic ,"V1: Passenger car / V2:Light truck(van, mini-van, panel, pickup, sport utility) with only four tires",Dry,Daylight,Cloudy,MASSACHUSETTS AVENUE / MELNEA CASS BOULEVARD / MASSACHUSETTS AVENUE CONNECTOR,,,,MASS AVE CONNECTOR AT MASS AVE,,235260.952,898114.6273