Crash Number,City/Town Name,Crash Date,Crash Time,Crash Severity,Number of Vehicles,Total Nonfatal Injuries,Total Fatal Injuries,Manner of Collision,Vehicle Action Prior to Crash,Vehicle Travel Directions,Most Harmful Events,Vehicle Configuration,Road Surface Condition,Ambient Light,Weather Condition,At Roadway Intersection,Distance from Nearest Roadway Intersection,Distance from Nearest Milemarker,Distance from Nearest Exit,Distance from Nearest Landmark,Non Motorist Type,X Coordinate,Y Coordinate
3286029,BOSTON,17-Oct-2012,1:35 PM,Property damage only (none injured),2,0,0,Rear-end,V1: Slowing or stopped in traffic / V2:Slowing or stopped in traffic,V1:Westbound / V2:Westbound ,V1: Collision with motor vehicle in traffic / V2: Collision with motor vehicle in traffic ,"V1: Passenger car / V2:Bus (seats for more than 15 people, including driver)",Dry,Daylight,Clear/Clear,,718 HUNTINGTON AVENUE,,,BRIGHAM CIRCLE,,232595.6588,898284.6018
3388738,BOSTON,17-Oct-2012,4:38 PM,Non-fatal injury,1,1,0,Not reported,V1: Not reported,V1:Not reported ,V1: Not reported ,V1: Passenger car,Not reported,Daylight,Clear,,LOGAN AIRPORT TERMINAL E / LOGAN AIRPORT TERMINAL B,,,TERMINAL E LOGAN AIRPORT,P1:Pedestrian,239523.62,902193.7074
3321741,BOSTON (DORCHESTER),17-Oct-2012,5:45 PM,Non-fatal injury,1,1,0,Single vehicle crash,V1: Travelling straight ahead,V1:Westbound ,V1: Collision with utility pole ,"V1: Light truck(van, mini-van, panel, pickup, sport utility) with only four tires",Dry,Dark - lighted roadway,Clear/Clear,,83 VICTORY ROAD,,,,,236961.0239,894155.7141
3381580,BOSTON,18-Oct-2012,4:21 AM,Property damage only (none injured),1,0,0,Single vehicle crash,V1: Travelling straight ahead,V1:Southbound ,V1: Collision with median barrier ,"V1: Light truck(van, mini-van, panel, pickup, sport utility) with only four tires",Dry,Dark - lighted roadway,Clear,,JOHN F FITZGERALD EXPRESSWAY Rte 93 S / RAMP - FREEPORT ST TO RT 93 SB,,,RAMADA CUTOUT,,237413.8629,894037.9843
3283607,BOSTON,18-Oct-2012,5:08 AM,Non-fatal injury,2,2,0,Angle,V1: Travelling straight ahead / V2:Travelling straight ahead,V1:Southbound / V2:Westbound ,V1: Collision with motor vehicle in traffic / V2: Collision with motor vehicle in traffic ,V1: Passenger car / V2:Passenger car,Dry,Dark - lighted roadway,Clear,,COLUMBIA ROAD / DORCHESTER AVENUE,,,,,236535.6564,896787.6252
3281914,BOSTON,18-Oct-2012,5:55 AM,Property damage only (none injured),2,0,0,Rear-end,V1: Changing lanes / V2:Travelling straight ahead,V1:Northbound / V2:Northbound ,V1: Collision with motor vehicle in traffic / V2: Collision with motor vehicle in traffic ,"V1: Light truck(van, mini-van, panel, pickup, sport utility) with only four tires / V2:Light truck(van, mini-van, panel, pickup, sport utility) with only four tires",Dry,Dark - lighted roadway,Clear,,Rte 93 N,,Exit 13 on Rte 93 N,PRIOR TO EXIT 13,,237420.1414,894076.5227
3323865,BOSTON,18-Oct-2012,6:27 AM,Not Reported,2,0,0,Unknown,V1: Not reported / V2:Not reported,V1:Not reported / V2:Not reported ,V1: Not reported / V2: Not reported ,"V1: Motorcycle / V2:Light truck(van, mini-van, panel, pickup, sport utility) with only four tires",Dry,Daylight,Clear,GROVE STREET / CAMBRIDGE STREET,,,,,,235525.25,901265.375
3321740,BOSTON (DORCHESTER),18-Oct-2012,6:45 AM,Not Reported,2,0,0,Unknown,V1: Parked / V2:Not reported,V1:Not reported / V2:Not reported ,V1: Collision with motor vehicle in traffic / V2: Not reported ,V1: Passenger car / V2:Not reported,Dry,Unknown,Clear/Unknown,,16 ROSSETER STREET,,,,,234928.0099,894950.527
3283599,BOSTON,18-Oct-2012,9:28 AM,Non-fatal injury,3,1,0,Rear-end,V1: Slowing or stopped in traffic / V2:Slowing or stopped in traffic / V3:Travelling straight ahead,V1:Westbound / V2:Westbound / V3:Westbound ,V1: Collision with motor vehicle in traffic / V2: Collision with motor vehicle in traffic / V3: Collision with motor vehicle in traffic ,"V1: Light truck(van, mini-van, panel, pickup, sport utility) with only four tires / V2:Light truck(van, mini-van, panel, pickup, sport utility) with only four tires / V3:Light truck(van, mini-van, panel, pickup, sport utility) with only four tires",Dry,Daylight,Clear,,Rte 90 W,,,,,235135.1311,899805.8008
3299285,BOSTON,18-Oct-2012,11:05 AM,Not Reported,2,0,0,Not reported,V1: Not reported / V2:Not reported,V1:Not reported / V2:Not reported ,V1: Not reported / V2: Not reported ,V1: Unknown vehicle configuration / V2:Unknown vehicle configuration,Not reported,Not reported,Not Reported,,COMMONWEALTH AVENUE / DARTMOUTH STREET,,,,,234742.0743,900259.0507
3282346,BOSTON,18-Oct-2012,12:50 PM,Property damage only (none injured),2,0,0,Angle,V1: Turning left / V2:Travelling straight ahead,V1:Eastbound / V2:Southbound ,V1: Collision with motor vehicle in traffic / V2: Collision with motor vehicle in traffic ,V1: Passenger car / V2:Passenger car,Dry,Daylight,Not Reported,,CHARLESGATE WEST / COMMONWEALTH AVENUE,,,,,233546.2737,899931.2545
3284353,BOSTON,18-Oct-2012,2:01 PM,Non-fatal injury,2,1,0,Angle,V1: Changing lanes / V2:Travelling straight ahead,V1:Northbound / V2:Northbound ,V1: Collision with motor vehicle in traffic / V2: Collision with motor vehicle in traffic ,"V1: Passenger car / V2:Light truck(van, mini-van, panel, pickup, sport utility) with only four tires",Dry,Daylight,Cloudy,,Rte 93 N,,Exit 27 on Rte 93 N,,,235655.07,902467.5364
3282798,BOSTON,18-Oct-2012,2:28 PM,Non-fatal injury,1,1,0,Single vehicle crash,V1: Turning right,V1:Southbound ,V1: Collision with pedestrian ,"V1: Light truck(van, mini-van, panel, pickup, sport utility) with only four tires",Dry,Daylight,Clear,RAMP - RT 93 SB TO COLUMBIA RD / COLUMBIA ROAD,,,,UNDER RTE 93,P2:Pedestrian,236745.2344,896875.3748
3286598,BOSTON,18-Oct-2012,3:58 PM,Property damage only (none injured),2,0,0,"Sideswipe, same direction",V1: Slowing or stopped in traffic / V2:Turning right,V1:Not reported / V2:Not reported ,V1: Collision with motor vehicle in traffic / V2: Collision with motor vehicle in traffic ,"V1: Light truck(van, mini-van, panel, pickup, sport utility) with only four tires / V2:Bus (seats for more than 15 people, including driver)",Dry,Daylight,Clear/Clear,COMMONWEALTH AVENUE / MASSACHUSETTS AVENUE,,,,,,233893.4361,899930.3556
3285797,BOSTON,18-Oct-2012,7:20 PM,Non-fatal injury,2,1,0,Rear-end,V1: Slowing or stopped in traffic / V2:Travelling straight ahead,V1:Eastbound / V2:Eastbound ,V1: Collision with motor vehicle in traffic / V2: Collision with motor vehicle in traffic ,"V1: Passenger car / V2:Light truck(van, mini-van, panel, pickup, sport utility) with only four tires",Dry,Dark - lighted roadway,Clear,,Rte 90 E,,,VIADUCT,,231330.9165,900740.8618
3322527,BOSTON (BRIGHTON),18-Oct-2012,7:50 PM,Property damage only (none injured),2,0,0,Rear-end,V1: Slowing or stopped in traffic / V2:Changing lanes,V1:Eastbound / V2:Eastbound ,V1: Collision with motor vehicle in traffic / V2: Collision with motor vehicle in traffic ,"V1: Passenger car / V2:Light truck(van, mini-van, panel, pickup, sport utility) with only four tires",Dry,Dark - lighted roadway,Clear,COREY ROAD / WASHINGTON STREET,,,,,,229629.5782,899162.5623
3281226,BOSTON,18-Oct-2012,8:49 PM,Non-fatal injury,1,1,0,Single vehicle crash,V1: Travelling straight ahead,V1:Northbound ,V1: Collision with guardrail ,"V1: Light truck(van, mini-van, panel, pickup, sport utility) with only four tires",Dry,Dark - lighted roadway,Clear,COLUMBIA ROAD / RAMP - RT 93 NB TO COLUMBIA RD / RAMP - COLUMBIA RD TO RT 93 NB,,,,,,236856.5944,896870.7883
3282348,BOSTON,19-Oct-2012,1:42 AM,Property damage only (none injured),1,0,0,Single vehicle crash,V1: Travelling straight ahead,V1:Southbound ,V1: Other ,V1: Passenger car,Dry,Dark - lighted roadway,Not Reported,JAMAICAWAY / BURROUGHS STREET,,,,,,231450.8052,896076.5069
3381230,BOSTON,19-Oct-2012,2:02 AM,Non-fatal injury,2,1,0,Rear-end,V1: Slowing or stopped in traffic / V2:Slowing or stopped in traffic,V1:Southbound / V2:Southbound ,V1: Collision with motor vehicle in traffic / V2: Collision with motor vehicle in traffic ,"V1: Light truck(van, mini-van, panel, pickup, sport utility) with only four tires / V2:Passenger car",Dry,Dark - lighted roadway,Not Reported,,SEAPORT LANE / CONGRESS STREET,,,,,237797.6527,899928.8286
3280765,BOSTON,19-Oct-2012,8:36 AM,Property damage only (none injured),2,0,0,Rear-end,V1: Slowing or stopped in traffic / V2:Travelling straight ahead,V1:Eastbound / V2:Eastbound ,V1: Collision with motor vehicle in traffic / V2: Collision with motor vehicle in traffic ,"V1: Light truck(van, mini-van, panel, pickup, sport utility) with only four tires / V2:Passenger car",Dry,Daylight,Clear,,135 feet W from Intersection GALLIVAN BOULEVARD Rte 203 E / ADAMS STREET,,,NEAR VERDUN ST,,236343.3675,892471.1751
3283715,BOSTON,19-Oct-2012,11:59 AM,Property damage only (none injured),1,0,0,Single vehicle crash,V1: Travelling straight ahead,V1:Northbound ,V1: Collision with motor vehicle in traffic ,"V1: Light truck(van, mini-van, panel, pickup, sport utility) with only four tires",Dry,Daylight,Cloudy,,Rte 93 N,,Exit 16 on Rte 93 N,,,236403.9842,897524.312
3285798,BOSTON,19-Oct-2012,12:06 PM,Property damage only (none injured),3,0,0,Rear-end,V1: Travelling straight ahead / V2:Travelling straight ahead / V3:Travelling straight ahead,V1:Northbound / V2:Northbound / V3:Northbound ,V1: Collision with motor vehicle in traffic / V2: Collision with motor vehicle in traffic / V3: Collision with motor vehicle in traffic ,"V1: Light truck(van, mini-van, panel, pickup, sport utility) with only four tires / V2:Light truck(van, mini-van, panel, pickup, sport utility) with only four tires / V3:Passenger car",Dry,Daylight,Clear,,Rte 93 N,,Exit 18 on Rte 93 N,,,236146.0342,897892.2406
3380494,BOSTON,19-Oct-2012,3:56 PM,Non-fatal injury,2,1,0,Rear-end,V1: Travelling straight ahead / V2:Slowing or stopped in traffic,V1:Southbound / V2:Southbound ,V1: Collision with motor vehicle in traffic / V2: Collision with motor vehicle in traffic ,"V1: Passenger car / V2:Light truck(van, mini-van, panel, pickup, sport utility) with only four tires",Wet,Daylight,Cloudy/Rain,,LEVERETT CONNECTOR SOUTH / RAMP - LEVERETT CONNECTOR TO NASHUA STRE,,,RAMP TO LEVERETT CIRCLE,,235883.8993,901845.1418
3280769,BOSTON,19-Oct-2012,4:20 PM,Non-fatal injury,1,1,0,Single vehicle crash,V1: Travelling straight ahead,V1:Southbound ,V1: Collision with utility pole ,V1: Passenger car,Wet,Daylight,Cloudy,,VETERANS OF FOREIGN WARS PARKWAY / INDEPENDENCE DRIVE,,,,,228228.9064,893974.2502
3284858,BOSTON,19-Oct-2012,4:55 PM,Property damage only (none injured),2,0,0,Rear-end,V1: Slowing or stopped in traffic / V2:Slowing or stopped in traffic,V1:Southbound / V2:Southbound ,V1: Collision with motor vehicle in traffic / V2: Collision with motor vehicle in traffic ,"V1: Light truck(van, mini-van, panel, pickup, sport utility) with only four tires / V2:Light truck(van, mini-van, panel, pickup, sport utility) with only four tires",Wet,Daylight,Cloudy/Rain,,Rte 93 S,,Exit 24 on Rte 93 S,,,236397.1933,901565.6511
3282067,BOSTON,19-Oct-2012,5:50 PM,Non-fatal injury,2,2,0,Angle,V1: Travelling straight ahead / V2:Entering traffic lane,V1:Westbound / V2:Northbound ,V1: Collision with motor vehicle in traffic / V2: Collision with motor vehicle in traffic ,V1: Passenger car / V2:Passenger car,Wet,Dusk,Cloudy,,497 NEPONSET VALLEY PARKWAY / SIERRA ROAD,,,MOBILE GAS STATION,,230829.4374,887331.6252
3281227,BOSTON,19-Oct-2012,5:54 PM,Property damage only (none injured),3,0,0,Rear-end,V1: Slowing or stopped in traffic / V2:Slowing or stopped in traffic / V3:Slowing or stopped in traffic,V1:Southbound / V2:Southbound / V3:Southbound ,V1: Collision with motor vehicle in traffic / V2: Collision with motor vehicle in traffic / V3: Collision with motor vehicle in traffic ,"V1: Light truck(van, mini-van, panel, pickup, sport utility) with only four tires / V2:Light truck(van, mini-van, panel, pickup, sport utility) with only four tires / V3:Passenger car",Wet,Daylight,Rain,,Rte 93 S,,Exit 11 on Rte 93 S,,,237076.8671,891681.5326
3321612,BOSTON,19-Oct-2012,6:32 PM,Non-fatal injury,1,1,0,Single vehicle crash,V1: Turning right,V1:Eastbound ,V1: Collision with pedestrian ,"V1: Light truck(van, mini-van, panel, pickup, sport utility) with only four tires",Wet,Dark - lighted roadway,Rain,Rte 93 / SOUTHAMPTON STREET,,,,,P2:Pedestrian,236150.988,897855.8214
3279804,BOSTON,19-Oct-2012,6:56 PM,Non-fatal injury,1,1,0,Single vehicle crash,V1: Travelling straight ahead,V1:Southbound ,V1: Collision with tree ,V1: Passenger car,Wet,Dark - lighted roadway,Cloudy/Rain,,JAMAICAWAY / PERKINS STREET,,,BY JAMAICA POND,,231591.7093,896860.0251
3388318,BOSTON,19-Oct-2012,7:08 PM,Property damage only (none injured),2,0,0,Rear-end,V1: Travelling straight ahead / V2:Travelling straight ahead,V1:Northbound / V2:Northbound ,V1: Collision with motor vehicle in traffic / V2: Collision with motor vehicle in traffic ,"V1: Light truck(van, mini-van, panel, pickup, sport utility) with only four tires / V2:Passenger car",Dry,Dark - lighted roadway,Cloudy,,JOHN F FITZGERALD EXPRESSWAY Rte 93 N / RAMP - RT 90 TO RT 93 NB,,,AFTER  MERGE WITH D RAMP,,236606.4203,900273.0675
3284740,BOSTON,19-Oct-2012,8:03 PM,Property damage only (none injured),1,0,0,Angle,V1: Leaving traffic lane,V1:Northbound ,V1: Collision with median barrier ,V1: Passenger car,Wet,Dusk,Cloudy/Rain,,LEVERETT CONNECTOR NORTH / RAMP - STORROW DRIVE TO LEVERETT CONNECT,,,LEVERETT CONNECTOR/NORTH AT SPLI,,235996.2475,901922.4846
3284741,BOSTON,19-Oct-2012,10:17 PM,Property damage only (none injured),1,0,0,Single vehicle crash,V1: Travelling straight ahead,V1:Westbound ,V1: Collision with median barrier ,"V1: Light truck(van, mini-van, panel, pickup, sport utility) with only four tires",Dry,Dark - lighted roadway,Clear,,MASSACHUSETTS TURNPIKE Rte 90 W / TED WILLIAMS TUNNEL,,,,,239051.4028,900924.2439
3283600,BOSTON,19-Oct-2012,10:53 PM,Non-fatal injury,2,2,0,Angle,V1: Travelling straight ahead / V2:Travelling straight ahead,V1:Northbound / V2:Northbound ,V1: Collision with motor vehicle in traffic / V2: Collision with motor vehicle in traffic ,V1: Passenger car / V2:Passenger car,Dry,Dark - lighted roadway,Rain,,Rte 93 N,,,,,236905.6653,901100.7023
3380543,BOSTON,19-Oct-2012,11:07 PM,Property damage only (none injured),1,0,0,Single vehicle crash,V1: Travelling straight ahead,V1:Westbound ,V1: Collision with curb ,V1: Passenger car,Wet,Dark - lighted roadway,Rain,,MASSACHUSETTS TURNPIKE Rte 90 W / RAMP - RT 1A/ RT 90 WB TO AIRPORT ROAD,,,VIADUCT,,238741.5986,902693.1895
3280289,BOSTON,19-Oct-2012,11:24 PM,Non-fatal injury,2,1,0,Angle,V1: Travelling straight ahead / V2:Travelling straight ahead,V1:Northbound / V2:Eastbound ,V1: Not reported / V2: Not reported ,"V1: Passenger car / V2:Light truck(van, mini-van, panel, pickup, sport utility) with only four tires",Dry,Dark - lighted roadway,Not Reported,,CENTRE STREET / WALTER STREET,,,,,230504.5157,894255.4377
3285799,BOSTON,20-Oct-2012,00:00 AM,Property damage only (none injured),1,0,0,Single vehicle crash,V1: Travelling straight ahead,V1:Southbound ,V1: Collision with median barrier ,V1: Passenger car,Wet,Dark - lighted roadway,Cloudy,,RAMP - STORROW DRIVE TO LEVERETT CONNECT / EMBANKMENT ROAD Rte 28 N,,,LEVERETT CONNECTOR/STATION TUNNE,,235456.9315,901704.884
3283716,BOSTON,20-Oct-2012,2:01 AM,Property damage only (none injured),1,0,0,Single vehicle crash,V1: Travelling straight ahead,V1:Westbound ,V1: Collision with median barrier ,"V1: Light truck(van, mini-van, panel, pickup, sport utility) with only four tires",Dry,Dark - lighted roadway,Rain,RAMP - RT 90 EB TO RT 93 SB / RAMP - RT 90 EB TO RT 93 / RAMP - RT 90 EB TO RT 93 NB,,,,RAMP D/RT 93 NORTH,,236391.6062,899676.0005
3370954,BOSTON,20-Oct-2012,2:11 AM,Property damage only (none injured),2,0,0,"Sideswipe, same direction",V1: Not reported / V2:Not reported,V1:Eastbound / V2:Eastbound ,V1: Collision with motor vehicle in traffic / V2: Collision with motor vehicle in traffic ,V1: Passenger car / V2:Passenger car,Wet,Dark - lighted roadway,Not Reported,,STORROW DRIVE Rte 28 N / RAMP TO CHARLES CIRCLE,,,UNDER LONGFELLOW BRIDGE,,235228.9563,901285.0274
3282349,BOSTON,20-Oct-2012,2:16 AM,Property damage only (none injured),1,0,0,Single vehicle crash,V1: Travelling straight ahead,V1:Eastbound ,V1: Collision with curb ,"V1: Light truck(van, mini-van, panel, pickup, sport utility) with only four tires",Wet,Dark - lighted roadway,Rain,,STORROW DRIVE Rte 28 N / RAMP TO CHARLES CIRCLE,,,@ MASS EYE AND EAR,,235233.0928,901323.8152
3288675,BOSTON,20-Oct-2012,2:20 AM,Property damage only (none injured),1,0,0,Single vehicle crash,V1: Travelling straight ahead,V1:Southbound ,V1: Collision with light pole or other post/support ,V1: Passenger car,Dry,Dark - lighted roadway,Clear,OLD COLONY AVENUE / UNNAMED ROAD / MOUNT VERNON STREET,,,,,,236937.771,896846.3844
3380495,BOSTON,20-Oct-2012,2:36 AM,Property damage only (none injured),1,0,0,Single vehicle crash,V1: Travelling straight ahead,V1:Northbound ,V1: Collision with motor vehicle in traffic ,V1: Passenger car,Wet,Dark - lighted roadway,Rain,,RAMP - RT 90 WB TO RT 93 NB / RAMP - RT 90 WB TO RT 93 SB Rte 1A S,,,RAMP D TO RT 93 SOUTH,,236468.3474,899764.5522
3280838,BOSTON,20-Oct-2012,3:02 AM,Property damage only (none injured),1,0,0,Single vehicle crash,V1: Travelling straight ahead,V1:Westbound ,V1: Collision with fence ,V1: Passenger car,"Water (standing, moving)",Dark - lighted roadway,Rain,,STORROW DRIVE / SOLDIERS FIELD ROAD,,,BU,,232292.7814,900202.4488
3321743,BOSTON (DORCHESTER),20-Oct-2012,4:37 AM,Not Reported,2,0,0,Not reported,V1: Travelling straight ahead / V2:Parked,V1:Not reported / V2:Not reported ,V1: Collision with parked motor vehicle / V2: Collision with parked motor vehicle ,V1: Passenger car / V2:Passenger car,Not reported,Not reported,Not Reported,,96 BOWDOIN AVENUE,,,,,235169.9155,894506.9079
3284859,BOSTON,20-Oct-2012,4:55 AM,Non-fatal injury,1,1,0,Single vehicle crash,V1: Travelling straight ahead,V1:Northbound ,V1: Collision with median barrier ,"V1: Light truck(van, mini-van, panel, pickup, sport utility) with only four tires",Wet,Dark - lighted roadway,Rain,,Rte 93 N,,Exit 27 on Rte 93 N,,,235655.07,902467.5364
3283289,BOSTON,20-Oct-2012,7:50 AM,Property damage only (none injured),2,0,0,Rear-end,V1: Travelling straight ahead / V2:Travelling straight ahead,V1:Westbound / V2:Westbound ,V1: Collision with motor vehicle in traffic / V2: Collision with motor vehicle in traffic ,"V1: Light truck(van, mini-van, panel, pickup, sport utility) with only four tires / V2:Passenger car",Wet,Daylight,Cloudy,,STORROW DRIVE Rte 28 S / RAMP - RT 3 TO RT 28 SB,,,COMMUNITY ROWING,,235195.7552,901246.2994
3280283,BOSTON,20-Oct-2012,9:31 AM,Property damage only (none injured),1,0,0,Single vehicle crash,V1: Changing lanes,V1:Eastbound ,V1: Collision with motor vehicle in traffic ,"V1: Light truck(van, mini-van, panel, pickup, sport utility) with only four tires",Wet,Daylight,Cloudy,,STORROW DRIVE,,,MA EYE AND EAR,,235296.3558,901393.1642
3283601,BOSTON,20-Oct-2012,12:00 PM,Non-fatal injury,2,1,0,Rear-end,V1: Slowing or stopped in traffic / V2:Slowing or stopped in traffic,V1:Northbound / V2:Northbound ,V1: Collision with motor vehicle in traffic / V2: Collision with motor vehicle in traffic ,"V1: Light truck(van, mini-van, panel, pickup, sport utility) with only four tires / V2:Light truck(van, mini-van, panel, pickup, sport utility) with only four tires",Dry,Daylight,Clear,,Rte 93 N,,Exit 23 on Rte 93 N,,,236957.4837,900943.9828
3280285,BOSTON,20-Oct-2012,4:35 PM,Non-fatal injury,2,1,0,Rear-end,V1: Slowing or stopped in traffic / V2:Slowing or stopped in traffic,V1:Westbound / V2:Westbound ,V1: Collision with motor vehicle in traffic / V2: Collision with motor vehicle in traffic ,"V1: Light truck(van, mini-van, panel, pickup, sport utility) with only four tires / V2:Passenger car",Dry,Daylight,Clear,,WILLIAM T MORRISSEY BOULEVARD / TOLMAN STREET,,,,,237470.2341,893376.8169
3281229,BOSTON,20-Oct-2012,8:50 PM,Not Reported,1,0,0,Single vehicle crash,V1: Leaving traffic lane,V1:Westbound ,V1: Not reported ,V1: Passenger car,Dry,Dark - lighted roadway,Not Reported,G STREET / WILLIAM DAY BOULEVARD / COLUMBIA ROAD,,,,,,237574.4593,897847.2389
3285637,BOSTON,20-Oct-2012,11:00 PM,Property damage only (none injured),3,0,0,"Sideswipe, same direction",V1: Changing lanes / V2:Travelling straight ahead / V3:Backing,V1:Northbound / V2:Northbound / V3:Westbound ,V1: Collision with motor vehicle in traffic / V2: Collision with motor vehicle in traffic / V3: Collision with motor vehicle in traffic ,V1: Passenger car / V2:Passenger car / V3:Passenger car,Dry,Dark - lighted roadway,Not Reported,,BROOKLINE AVENUE / 235 FENWAY,,,,,232691.9572,899212.3563
3321744,BOSTON (DORCHESTER),21-Oct-2012,2:06 AM,Non-fatal injury,2,1,0,Angle,V1: Travelling straight ahead / V2:Parked,V1:Southbound / V2:Not reported ,V1: Collision with parked motor vehicle / V2: Collision with motor vehicle in traffic ,V1: Passenger car / V2:Passenger car,Dry,Dark - lighted roadway,Clear,,29 WRENTHAM STREET / DORCHESTER AVENUE,,,,,235975.2811,893093.6251
3284942,BOSTON,21-Oct-2012,2:20 AM,Property damage only (none injured),1,0,0,Single vehicle crash,V1: Travelling straight ahead,V1:Southbound ,V1: Collision with median barrier ,V1: Passenger car,Dry,Dark - lighted roadway,Cloudy,,Rte 93 S,Rte 93  S Milemarker 15.9,,,,235996.2347,899049.713
3321742,BOSTON (DORCHESTER),21-Oct-2012,2:30 AM,Non-fatal injury,2,2,0,Angle,V1: Not reported / V2:Not reported,V1:Not reported / V2:Not reported ,V1: Not reported / V2: Not reported ,V1: Passenger car / V2:Passenger car,Dry,Dark - lighted roadway,Clear,,455 QUINCY STREET / CLARKSON STREET,,,,,235756.7344,895499.7501
3280286,BOSTON,21-Oct-2012,2:45 AM,Property damage only (none injured),2,0,0,"Sideswipe, same direction",V1: Changing lanes / V2:Travelling straight ahead,V1:Eastbound / V2:Eastbound ,V1: Collision with motor vehicle in traffic / V2: Collision with motor vehicle in traffic ,V1: Passenger car / V2:Passenger car,Dry,Dark - lighted roadway,Clear,,KNEELAND STREET / FRONTAGE ROAD,,,,,236485.8951,899988.6763
3291178,BOSTON,21-Oct-2012,3:30 AM,Property damage only (none injured),1,0,0,Single vehicle crash,V1: Travelling straight ahead,V1:Northbound ,"V1: Collision with other fixed object (wall, building, tunnel, etc.) ","V1: Light truck(van, mini-van, panel, pickup, sport utility) with only four tires",Dry,Dark - lighted roadway,Clear,WASHINGTON STREET / ALBANO STREET,,,,,,230402.9844,892614.9998
3282799,BOSTON,21-Oct-2012,11:44 AM,Not Reported,2,0,0,Angle,V1: Slowing or stopped in traffic / V2:Turning left,V1:Southbound / V2:Southbound ,V1: Collision with motor vehicle in traffic / V2: Collision with motor vehicle in traffic ,"V1: Passenger car / V2:Light truck(van, mini-van, panel, pickup, sport utility) with only four tires",Dry,Daylight,Clear,,RAMP - RT 93 NB TO MORRISSEY BLVD,,,,,237551.8032,893260.1753
3283602,BOSTON,21-Oct-2012,2:34 PM,Property damage only (none injured),2,0,0,"Sideswipe, same direction",V1: Travelling straight ahead / V2:Travelling straight ahead,V1:Northbound / V2:Northbound ,V1: Collision with motor vehicle in traffic / V2: Collision with motor vehicle in traffic ,V1: Passenger car / V2:Passenger car,Dry,Daylight,Clear,,Rte 93 N,,Exit 23 on Rte 93 N,,,236957.4837,900943.9828
3282350,BOSTON,21-Oct-2012,3:14 PM,Not Reported,2,0,0,"Sideswipe, same direction",V1: Turning right / V2:Turning right,V1:Westbound / V2:Westbound ,V1: Collision with motor vehicle in traffic / V2: Collision with motor vehicle in traffic ,V1: Motorcycle / V2:Passenger car,Dry,Daylight,Clear,,PARK DRIVE / BROOKLINE AVENUE,,,,,232742.1496,899278.3204
3380544,BOSTON,21-Oct-2012,3:15 PM,Property damage only (none injured),2,0,0,Rear-end,V1: Slowing or stopped in traffic / V2:Travelling straight ahead,V1:Northbound / V2:Northbound ,V1: Not reported / V2: Not reported ,"V1: Light truck(van, mini-van, panel, pickup, sport utility) with only four tires / V2:Light truck(van, mini-van, panel, pickup, sport utility) with only four tires",Dry,Daylight,Clear,,JOHN F FITZGERALD EXPRESSWAY Rte 93 N / RAMP - BROADWAY TO RT 93 NB,,,TIP ONEIL TUNNEL,,236465.7925,899896.348
3380497,BOSTON,21-Oct-2012,3:15 PM,Property damage only (none injured),3,0,0,Rear-end,V1: Travelling straight ahead / V2:Travelling straight ahead / V3:Travelling straight ahead,V1:Northbound / V2:Eastbound / V3:Northbound ,V1: Collision with motor vehicle in traffic / V2: Collision with motor vehicle in traffic / V3: Collision with motor vehicle in traffic ,V1: Passenger car / V2:Passenger car / V3:Passenger car,Dry,Daylight,Clear,,JOHN F FITZGERALD EXPRESSWAY Rte 93 N / RAMP - BROADWAY TO RT 93 NB,,,O'NEILL TUNNEL,,236461.9721,899886.473
3281330,BOSTON,21-Oct-2012,6:15 PM,Property damage only (none injured),2,0,0,Angle,V1: Travelling straight ahead / V2:Changing lanes,V1:Southbound / V2:Southbound ,V1: Collision with motor vehicle in traffic / V2: Collision with motor vehicle in traffic ,"V1: Passenger car / V2:Light truck(van, mini-van, panel, pickup, sport utility) with only four tires",Dry,Dark - lighted roadway,Clear,,WILLIAM T MORRISSEY BOULEVARD / FREEPORT STREET,,,NORTH OF FREEPORT ST,,237202.1073,894724.7438
3330127,BOSTON (WEST ROXBURY),21-Oct-2012,7:51 PM,Property damage only (none injured),2,0,0,Rear-end,V1: Slowing or stopped in traffic / V2:Travelling straight ahead,V1:Westbound / V2:Westbound ,V1: Not reported / V2: Not reported ,"V1: Passenger car / V2:Light truck(van, mini-van, panel, pickup, sport utility) with only four tires",Dry,Dark - lighted roadway,Clear,,211 INDEPENDENCE DRIVE,,,,,228281.1864,894234.3484
3283292,BOSTON,21-Oct-2012,10:54 PM,Property damage only (none injured),2,0,0,Rear-end,V1: Slowing or stopped in traffic / V2:Travelling straight ahead,V1:Westbound / V2:Westbound ,V1: Collision with other movable object / V2: Collision with other movable object ,V1: Passenger car / V2:Passenger car,Dry,Dark - lighted roadway,Not Reported,STORROW DRIVE / CHARLESGATE OVERPASS,,,,,,233287.6718,900098.5623
3321671,BOSTON,22-Oct-2012,8:50 AM,Not Reported,2,0,0,Not reported,V1: Not reported / V2:Not reported,V1:Not reported / V2:Not reported ,V1: Not reported / V2: Not reported ,"V1: Light truck(van, mini-van, panel, pickup, sport utility) with only four tires / V2:Passenger car",Not reported,Not reported,Not Reported,,42 WEST MILTON STREET,,,,,229644.9044,887777.2721