Crash Number,City/Town Name,Crash Date,Crash Time,Crash Severity,Number of Vehicles,Total Nonfatal Injuries,Total Fatal Injuries,Manner of Collision,Vehicle Action Prior to Crash,Vehicle Travel Directions,Most Harmful Events,Vehicle Configuration,Road Surface Condition,Ambient Light,Weather Condition,At Roadway Intersection,Distance from Nearest Roadway Intersection,Distance from Nearest Milemarker,Distance from Nearest Exit,Distance from Nearest Landmark,Non Motorist Type,X Coordinate,Y Coordinate
3283452,BOSTON,22-Oct-2012,10:52 AM,Property damage only (none injured),2,0,0,Rear-end,V1: Slowing or stopped in traffic / V2:Changing lanes,V1:Westbound / V2:Westbound ,V1: Collision with motor vehicle in traffic / V2: Collision with motor vehicle in traffic ,"V1: Light truck(van, mini-van, panel, pickup, sport utility) with only four tires / V2:Light truck(van, mini-van, panel, pickup, sport utility) with only four tires",Dry,Daylight,Clear,RAMP-SOLDIERS FIELD RD WB TO WESTERN AV / WESTERN AVENUE,,,,,,231481.1975,901589.8493
3285800,BOSTON,22-Oct-2012,3:55 PM,Property damage only (none injured),1,0,0,Head-on,V1: Leaving traffic lane,V1:Southbound ,V1: Collision with median barrier ,"V1: Light truck(van, mini-van, panel, pickup, sport utility) with only four tires",Dry,Daylight,Clear,,Rte 93 S,,Exit 24 on Rte 93 S,,,236397.1933,901565.6511
3344811,BOSTON (DORCHESTER),23-Oct-2012,1:05 AM,Non-fatal injury,1,1,0,"Sideswipe, same direction",V1: Turning left,V1:Westbound ,V1: Collision with utility pole ,V1: Passenger car,Dry,Dark - lighted roadway,Clear/Clear,JEROME STREET / EVERETT AVENUE,,,,,,235994.1242,896096.4119
3323869,BOSTON (CHARLESTOWN),23-Oct-2012,1:08 AM,Non-fatal injury,1,2,0,Single vehicle crash,V1: Travelling straight ahead,V1:Northbound ,V1: Collision with median barrier ,V1: Passenger car,Dry,Dark - lighted roadway,Clear/Clear,RUTHERFORD AVENUE / SULLIVAN SQUARE,,,,,,235151.1475,903802.8884
3381331,BOSTON,23-Oct-2012,5:44 AM,Property damage only (none injured),1,0,0,Single vehicle crash,V1: Travelling straight ahead,V1:Not reported ,V1: Collision with median barrier ,"V1: Light truck(van, mini-van, panel, pickup, sport utility) with only four tires",Dry,Dark - lighted roadway,Clear,,LOGAN AIRPORT TERMINAL E / SR-2,,,,,239245.8902,902202.582
3285801,BOSTON,23-Oct-2012,7:53 AM,Property damage only (none injured),2,0,0,Rear-end,V1: Travelling straight ahead / V2:Travelling straight ahead,V1:Southbound / V2:Southbound ,V1: Collision with motor vehicle in traffic / V2: Collision with motor vehicle in traffic ,V1: Passenger car / V2:Passenger car,Dry,Daylight,Clear,,Rte 93 S,,Exit 23 on Rte 93 S,,,236856.2793,901152.8251
3322529,BOSTON (BRIGHTON),23-Oct-2012,11:11 AM,Non-fatal injury,2,1,0,Rear-end,V1: Unknown / V2:Travelling straight ahead,V1:Not reported / V2:Not reported ,V1: Collision with motor vehicle in traffic / V2: Collision with motor vehicle in traffic ,V1: Passenger car / V2:Passenger car,Dry,Daylight,Clear,CAMBRIDGE STREET / NORTH HARVARD STREET,,,,,,230776.5125,900884.8729
3288628,BOSTON,23-Oct-2012,11:18 AM,Property damage only (none injured),2,0,0,Rear-end,V1: Travelling straight ahead / V2:Travelling straight ahead,V1:Northbound / V2:Northbound ,V1: Collision with motor vehicle in traffic / V2: Collision with motor vehicle in traffic ,"V1: Passenger car / V2:Single-unit truck (2-axle, 6-tire)",Dry,Daylight,Clear,,Rte 93 N,,Exit 16 on Rte 93,,,236403.9842,897524.312
3344808,BOSTON (DORCHESTER),23-Oct-2012,11:51 AM,Not Reported,2,0,0,Not reported,V1: Not reported / V2:Not reported,V1:Not reported / V2:Not reported ,V1: Not reported / V2: Not reported ,"V1: Passenger car / V2:Light truck(van, mini-van, panel, pickup, sport utility) with only four tires",Not reported,Not reported,Not Reported,LINDEN STREET / DORCHESTER AVENUE,,,,,,236377.453,895152.5624
3284356,BOSTON,23-Oct-2012,2:15 PM,Property damage only (none injured),2,0,0,"Sideswipe, same direction",V1: Travelling straight ahead / V2:Overtaking/passing,V1:Southbound / V2:Southbound ,V1: Collision with motor vehicle in traffic / V2: Collision with motor vehicle in traffic ,"V1: Bus (seats for 7-15 people, including driver) / V2:Not reported",Dry,Daylight,Clear,,JOHN F FITZGERALD EXPRESSWAY Rte 93 S / RAMP - RT 1 SB FROM TOBIN BRIDGE,,,ZAKIM BRIDGE,,236005.8074,902067.2435
3381332,BOSTON,23-Oct-2012,2:27 PM,Property damage only (none injured),2,0,0,Angle,V1: Entering traffic lane / V2:Travelling straight ahead,V1:Northbound / V2:Northbound ,V1: Collision with motor vehicle in traffic / V2: Collision with motor vehicle in traffic ,"V1: Light truck(van, mini-van, panel, pickup, sport utility) with only four tires / V2:Passenger car",Dry,Daylight,Clear,,,,,TAXI PARKING LOT,,,
3322528,BOSTON (BRIGHTON),23-Oct-2012,4:04 PM,Not Reported,2,0,0,Angle,V1: Turning right / V2:Turning right,V1:Northbound / V2:Northbound ,V1: Not reported / V2: Not reported ,"V1: Light truck(van, mini-van, panel, pickup, sport utility) with only four tires / V2:MOPED",Dry,Daylight,Clear,MARKET STREET / SAYBROOK STREET,,,,,,228850.7811,900562.3749
3344809,BOSTON (DORCHESTER),23-Oct-2012,4:12 PM,Property damage only (none injured),2,0,0,Angle,V1: Travelling straight ahead / V2:Travelling straight ahead,V1:Northbound / V2:Eastbound ,V1: Collision with motor vehicle in traffic / V2: Collision with motor vehicle in traffic ,V1: Passenger car / V2:Passenger car,Dry,Daylight,Clear,BOWDOIN STREET / NORTON STREET,,,,,,235628.1251,895096.7498
3285827,BOSTON,23-Oct-2012,4:25 PM,Non-fatal injury,2,1,0,Rear-end,V1: Travelling straight ahead / V2:Travelling straight ahead,V1:Eastbound / V2:Eastbound ,V1: Collision with motor vehicle in traffic / V2: Collision with motor vehicle in traffic ,"V1: Passenger car / V2:Light truck(van, mini-van, panel, pickup, sport utility) with only four tires",Dry,Daylight,Clear,,ARBORWAY / CENTRE STREET,,,,,231152.5791,895470.3126
3285828,BOSTON,23-Oct-2012,5:45 PM,Property damage only (none injured),2,0,0,"Sideswipe, same direction",V1: Leaving traffic lane / V2:Travelling straight ahead,V1:Eastbound / V2:Eastbound ,V1: Collision with motor vehicle in traffic / V2: Collision with motor vehicle in traffic ,"V1: Light truck(van, mini-van, panel, pickup, sport utility) with only four tires / V2:Passenger car",Dry,Daylight,Clear,,ARBORWAY / CENTRE STREET,,,,,231269.4377,895461.1869
3285822,BOSTON,23-Oct-2012,8:05 PM,Non-fatal injury,2,1,0,Rear-end,V1: Slowing or stopped in traffic / V2:Slowing or stopped in traffic,V1:Southbound / V2:Southbound ,V1: Collision with motor vehicle in traffic / V2: Collision with motor vehicle in traffic ,V1: Passenger car / V2:Passenger car,Dry,Dark - lighted roadway,Not Reported,,Rte 93 S,,Exit 12 on Rte 93 S,,,237620.5493,892713.0989
3380545,BOSTON,24-Oct-2012,7:55 AM,Property damage only (none injured),2,0,0,Rear-end,V1: Travelling straight ahead / V2:Travelling straight ahead,V1:Southbound / V2:Southbound ,V1: Collision with motor vehicle in traffic / V2: Collision with motor vehicle in traffic ,"V1: Passenger car / V2:Light truck(van, mini-van, panel, pickup, sport utility) with only four tires",Dry,Daylight,Clear,,SUMNER TUNNEL Rte 1A S / RAMP - RT 90 WB TO RT 93/ CONGRESS STREE Rte 1A S,,,SUMNER TUNNEL,,238818.4297,900423.5771
3285802,BOSTON,24-Oct-2012,9:21 AM,Non-fatal injury,4,1,0,Rear-end,V1: Slowing or stopped in traffic / V2:Slowing or stopped in traffic / V3:Slowing or stopped in traffic / V4:Travelling straight ahead,V1:Southbound / V2:Southbound / V3:Southbound / V4:Southbound ,V1: Collision with motor vehicle in traffic / V2: Collision with motor vehicle in traffic / V3: Collision with motor vehicle in traffic / V4: Collision with motor vehicle in traffic ,"V1: Passenger car / V2:Passenger car / V3:Passenger car / V4:Light truck(van, mini-van, panel, pickup, sport utility) with only four tires",Dry,Daylight,Clear,,Rte 93 S,,,LOWER DECK,,234671.8732,904188.3022
3282800,BOSTON,24-Oct-2012,9:22 AM,Property damage only (none injured),2,0,0,Rear-end,V1: Travelling straight ahead / V2:Travelling straight ahead,V1:Southbound / V2:Southbound ,V1: Collision with motor vehicle in traffic / V2: Collision with motor vehicle in traffic ,V1: Passenger car / V2:Passenger car,Dry,Daylight,Clear,,Rte 93 S,,Exit 12 on Rte 93 S,,,237620.5493,892713.0989
3354524,BOSTON (ROSLINDALE),24-Oct-2012,12:00 PM,Non-fatal injury,2,2,0,Not reported,V1: Travelling straight ahead / V2:Travelling straight ahead,V1:Not reported / V2:Not reported ,V1: Collision with motor vehicle in traffic / V2: Collision with motor vehicle in traffic ,V1: Passenger car / V2:Passenger car,Not reported,Not reported,Not Reported,BEECH STREET / WASHINGTON STREET,,,,,,229942.4844,892046.9998
3299290,BOSTON,24-Oct-2012,12:00 PM,Property damage only (none injured),2,0,0,Not reported,V1: Parked / V2:Turning right,V1:Not reported / V2:Not reported ,V1: Not reported / V2: Not reported ,V1: Passenger car / V2:Unknown vehicle configuration,Not reported,Not reported,Not Reported,SHAWMUT AVENUE / BERKELEY STREET,,,,,,,
3381333,BOSTON,24-Oct-2012,12:38 PM,Property damage only (none injured),2,0,0,Angle,V1: Travelling straight ahead / V2:Entering traffic lane,V1:Southbound / V2:Southbound ,V1: Collision with motor vehicle in traffic / V2: Collision with motor vehicle in traffic ,V1: Passenger car / V2:Passenger car,Dry,Daylight,Clear,,SEAPORT BOULEVARD / BOSTON WHARF ROAD,,,,,237366.7319,900279.9717
3344805,BOSTON (DORCHESTER),24-Oct-2012,1:14 PM,Not Reported,2,0,0,Not reported,V1: Backing / V2:Travelling straight ahead,V1:Westbound / V2:Southbound ,V1: Collision with motor vehicle in traffic / V2: Collision with other movable object ,"V1: Light truck(van, mini-van, panel, pickup, sport utility) with only four tires / V2:Passenger car",Not reported,Not reported,Not Reported,ADAMS STREET / LINDEN STREET,,,,,,236154.1565,895080.4375
3290886,BOSTON,24-Oct-2012,4:00 PM,Property damage only (none injured),2,0,0,"Sideswipe, same direction",V1: Slowing or stopped in traffic / V2:Travelling straight ahead,V1:Southbound / V2:Southbound ,V1: Collision with motor vehicle in traffic / V2: Not reported ,"V1: Light truck(van, mini-van, panel, pickup, sport utility) with only four tires / V2:Light truck(van, mini-van, panel, pickup, sport utility) with only four tires",Dry,Daylight,Clear,CHARLES RIVER DAM ROAD Rte 28 S / EMBANKMENT ROAD Rte 28 S / LEVERETT CIRCLE,,,,,,235559.0702,901887.0095
3283603,BOSTON,24-Oct-2012,5:05 PM,Non-fatal injury,2,1,0,Angle,V1: Travelling straight ahead / V2:Travelling straight ahead,V1:Northbound / V2:Northbound ,V1: Collision with motor vehicle in traffic / V2: Collision with motor vehicle in traffic ,V1: Passenger car / V2:Passenger car,Dry,Daylight,Clear,,FRONTAGE ROAD / MASSACHUSETTS AVENUE CONNECTOR,,,FRONTAGE RD/N AT MASS AVE CONNEC,,235863.9104,898424.4762
3283609,BOSTON,24-Oct-2012,5:22 PM,Non-fatal injury,1,1,0,Single vehicle crash,V1: Slowing or stopped in traffic,V1:Eastbound ,"V1: Collision with cyclist (bicycle, tricycle, unicycle, pedal car) ",V1: Passenger car,Dry,Daylight,Clear,,WILLIAM T MORRISSEY BOULEVARD / OLD COLONY TERRACE,,,,"P2:Pedalcyclist (bicycle, tricycle, unicycle, pedal car)",237395.7657,895872.8752
3285654,BOSTON,24-Oct-2012,5:42 PM,Property damage only (none injured),2,0,0,Rear-end,V1: Slowing or stopped in traffic / V2:Entering traffic lane,V1:Not reported / V2:Not reported ,V1: Collision with motor vehicle in traffic / V2: Collision with motor vehicle in traffic ,"V1: Passenger car / V2:Light truck(van, mini-van, panel, pickup, sport utility) with only four tires",Dry,Dusk,Clear,,CENTRE PERKINS STREET ROTARY / CENTRE STREET,,,,,232145.5928,896898.3998
3305589,BOSTON,24-Oct-2012,9:09 PM,Property damage only (none injured),1,0,0,Angle,V1: Travelling straight ahead,V1:Eastbound ,"V1: Collision with cyclist (bicycle, tricycle, unicycle, pedal car) ",V1: Passenger car,Dry,Dark - lighted roadway,Clear,CHARLESGATE WEST / COMMONWEALTH AVENUE,,,,,"P1:Pedalcyclist (bicycle, tricycle, unicycle, pedal car)",233546.2737,899931.2545
3283604,BOSTON,25-Oct-2012,00:00 AM,Property damage only (none injured),2,0,0,Rear-end,V1: Travelling straight ahead / V2:Slowing or stopped in traffic,V1:Southbound / V2:Southbound ,V1: Collision with motor vehicle in traffic / V2: Collision with motor vehicle in traffic ,V1: Passenger car / V2:Passenger car,Dry,Dark - lighted roadway,Cloudy,SOUTHBOUND FRONTAGE ROAD / HAUL ROAD,,,,@ HEGGARTY OVERPASS,,235884.1717,898231.2671
3305343,BOSTON (ROSLINDALE),25-Oct-2012,8:15 AM,Property damage only (none injured),2,0,0,"Sideswipe, same direction",V1: Turning left / V2:Not reported,V1:Southbound / V2:Not reported ,V1: Collision with motor vehicle in traffic / V2: Not reported ,"V1: Light truck(van, mini-van, panel, pickup, sport utility) with only four tires / V2:Not reported",Unknown,Daylight,Clear/Clear,WASHINGTON STREET / CORNELL STREET,,,,,,230062.531,892183.6249
3283605,BOSTON,25-Oct-2012,8:42 AM,Property damage only (none injured),2,0,0,Rear-end,V1: Slowing or stopped in traffic / V2:Travelling straight ahead,V1:Southbound / V2:Southbound ,V1: Collision with motor vehicle in traffic / V2: Collision with motor vehicle in traffic ,"V1: Light truck(van, mini-van, panel, pickup, sport utility) with only four tires / V2:Light truck(van, mini-van, panel, pickup, sport utility) with only four tires",Dry,Daylight,Clear,,Rte 93 S,,Exit 23 on Rte 93 S,,,236856.2793,901152.8251
3380498,BOSTON,25-Oct-2012,9:05 AM,Non-fatal injury,3,1,0,Rear-end,V1: Travelling straight ahead / V2:Travelling straight ahead / V3:Travelling straight ahead,V1:Northbound / V2:Northbound / V3:Northbound ,V1: Collision with motor vehicle in traffic / V2: Collision with motor vehicle in traffic / V3: Collision with motor vehicle in traffic ,"V1: Passenger car / V2:Passenger car / V3:Light truck(van, mini-van, panel, pickup, sport utility) with only four tires",Dry,Daylight,Clear,,JOHN F FITZGERALD EXPRESSWAY Rte 93 N / RAMP - RT 90 TO RT 93 NB,,,,,236560.7164,900150.3281
3285648,BOSTON,25-Oct-2012,10:05 AM,Property damage only (none injured),2,0,0,Rear-end,V1: Travelling straight ahead / V2:Travelling straight ahead,V1:Northbound / V2:Northbound ,V1: Collision with motor vehicle in traffic / V2: Collision with motor vehicle in traffic ,"V1: Passenger car / V2:Light truck(van, mini-van, panel, pickup, sport utility) with only four tires",Dry,Daylight,Clear,,Rte 93 N,,Exit 16 on Rte 93 N,,,236403.9842,897524.312
3285647,BOSTON,25-Oct-2012,10:15 AM,Property damage only (none injured),3,0,0,Rear-end,V1: Travelling straight ahead / V2:Slowing or stopped in traffic / V3:Slowing or stopped in traffic,V1:Northbound / V2:Northbound / V3:Northbound ,V1: Collision with motor vehicle in traffic / V2: Collision with motor vehicle in traffic / V3: Collision with motor vehicle in traffic ,V1: Passenger car / V2:Passenger car / V3:Passenger car,Dry,Daylight,Clear,,Rte 93,,Exit 11 on Rte 93,,,237094.7253,891674.8051
3322536,BOSTON (HYDE PARK),25-Oct-2012,4:30 PM,Non-fatal injury,2,2,0,Not reported,V1: Unknown / V2:Unknown,V1:Not reported / V2:Eastbound ,V1: Collision with motor vehicle in traffic / V2: Collision with motor vehicle in traffic ,"V1: Light truck(van, mini-van, panel, pickup, sport utility) with only four tires / V2:Passenger car",Not reported,Not reported,Not Reported,HYDE PARK AVENUE / MILTON STREET,,,,,,230361.0311,887703.4375
3285823,BOSTON,25-Oct-2012,8:02 PM,Property damage only (none injured),2,0,0,"Sideswipe, same direction",V1: Turning left / V2:Turning left,V1:Southbound / V2:Southbound ,V1: Collision with motor vehicle in traffic / V2: Collision with motor vehicle in traffic ,"V1: Light truck(van, mini-van, panel, pickup, sport utility) with only four tires / V2:Light truck(van, mini-van, panel, pickup, sport utility) with only four tires",Dry,Dark - lighted roadway,Not Reported,,WILLIAM T MORRISSEY BOULEVARD / NEPONSET AVENUE,,,,,237696.0819,892924.3425
3285649,BOSTON,26-Oct-2012,9:30 AM,Property damage only (none injured),3,0,0,Rear-end,V1: Slowing or stopped in traffic / V2:Travelling straight ahead / V3:Travelling straight ahead,V1:Northbound / V2:Northbound / V3:Northbound ,V1: Collision with motor vehicle in traffic / V2: Collision with motor vehicle in traffic / V3: Collision with motor vehicle in traffic ,"V1: Passenger car / V2:Light truck(van, mini-van, panel, pickup, sport utility) with only four tires / V3:Passenger car",Dry,Daylight,Clear,,Rte 93 N,,Exit 13 on Rte 93 N,,,237420.1414,894076.5227
3282801,BOSTON,26-Oct-2012,9:43 AM,Property damage only (none injured),2,0,0,Rear-end,V1: Slowing or stopped in traffic / V2:Slowing or stopped in traffic,V1:Southbound / V2:Southbound ,V1: Collision with motor vehicle in traffic / V2: Collision with motor vehicle in traffic ,"V1: Light truck(van, mini-van, panel, pickup, sport utility) with only four tires / V2:Passenger car",Dry,Daylight,Clear,,GENERAL CASIMIR PULASKI SKYWAY Rte 93 S / RAMP - FREEPORT ST TO RT 93 SB,,,SOUTH OF THE FREEPORT ST. ONRAMP,,237177.2677,894599.0374
3322532,BOSTON (ALLSTON),26-Oct-2012,10:33 AM,Non-fatal injury,2,1,0,"Sideswipe, same direction",V1: Travelling straight ahead / V2:Turning right,V1:Not reported / V2:Not reported ,V1: Collision with motor vehicle in traffic / V2: Collision with curb ,V1: Passenger car / V2:Passenger car,Dry,Daylight,Clear,CAMBRIDGE STREET / LINDEN STREET,,,,,,230370.7924,900680.5609
3288765,BOSTON,26-Oct-2012,11:52 AM,Property damage only (none injured),2,0,0,Rear-end,V1: Slowing or stopped in traffic / V2:Slowing or stopped in traffic,V1:Southbound / V2:Southbound ,V1: Collision with motor vehicle in traffic / V2: Collision with motor vehicle in traffic ,"V1: Light truck(van, mini-van, panel, pickup, sport utility) with only four tires / V2:Light truck(van, mini-van, panel, pickup, sport utility) with only four tires",Dry,Daylight,Clear,,Rte 93 S,,Exit 24 on Rte 93 S,,,236397.1933,901565.6511
3284360,BOSTON,26-Oct-2012,3:26 PM,Non-fatal injury,2,1,0,Rear-end,V1: Slowing or stopped in traffic / V2:Other,V1:Southbound / V2:Southbound ,V1: Collision with motor vehicle in traffic / V2: Collision with motor vehicle in traffic ,"V1: Light truck(van, mini-van, panel, pickup, sport utility) with only four tires / V2:Light truck(van, mini-van, panel, pickup, sport utility) with only four tires",Dry,Daylight,Not Reported,FREEPORT STREET / WILLIAM T MORRISSEY BOULEVARD,,,,,,237149.8439,894580.3748
3380546,BOSTON,26-Oct-2012,4:05 PM,Property damage only (none injured),2,0,0,"Sideswipe, same direction",V1: Changing lanes / V2:Changing lanes,V1:Southbound / V2:Southbound ,V1: Collision with motor vehicle in traffic / V2: Collision with motor vehicle in traffic ,"V1: Passenger car / V2:Light truck(van, mini-van, panel, pickup, sport utility) with only four tires",Dry,Daylight,Clear,,Rte 93 S,,,,,,
3322531,BOSTON (ALLSTON),26-Oct-2012,4:22 PM,Property damage only (none injured),1,0,0,Single vehicle crash,V1: Travelling straight ahead,V1:Westbound ,V1: Collision with curb ,V1: Passenger car,Dry,Daylight,Clear,,509 CAMBRIDGE STREET,,,,,229787.9969,900361.6513
3295382,BOSTON,26-Oct-2012,5:30 PM,Property damage only (none injured),3,0,0,Rear-end,V1: Travelling straight ahead / V2:Slowing or stopped in traffic / V3:Slowing or stopped in traffic,V1:Eastbound / V2:Eastbound / V3:Eastbound ,V1: Collision with motor vehicle in traffic / V2: Collision with motor vehicle in traffic / V3: Collision with motor vehicle in traffic ,"V1: Passenger car / V2:Passenger car / V3:Light truck(van, mini-van, panel, pickup, sport utility) with only four tires",Dry,Daylight,Clear,,MORTON STREET,,,,,233897.7623,892587.7389
3284742,BOSTON,26-Oct-2012,7:10 PM,Property damage only (none injured),2,0,0,Rear-end,V1: Slowing or stopped in traffic / V2:Slowing or stopped in traffic,V1:Northbound / V2:Northbound ,V1: Collision with motor vehicle in traffic / V2: Collision with motor vehicle in traffic ,V1: Passenger car / V2:Passenger car,Dry,Dark - lighted roadway,Clear,,Rte 93 N,,Exit 28 on Rte 93 N,,,234953.5188,903173.3157
3284860,BOSTON,26-Oct-2012,10:17 PM,Property damage only (none injured),2,0,0,Rear-end,V1: Slowing or stopped in traffic / V2:Travelling straight ahead,V1:Eastbound / V2:Eastbound ,V1: Collision with motor vehicle in traffic / V2: Collision with motor vehicle in traffic ,"V1: Light truck(van, mini-van, panel, pickup, sport utility) with only four tires / V2:Passenger car",Dry,Dark - lighted roadway,Clear,,Rte 90 E,,,,,232547.8686,899858.4408
3367230,BOSTON,27-Oct-2012,4:30 AM,Property damage only (none injured),2,0,0,"Sideswipe, same direction",V1: Travelling straight ahead / V2:Parked,V1:Westbound / V2:Not reported ,V1: Collision with parked motor vehicle / V2: Collision with motor vehicle in traffic ,"V1: Passenger car / V2:Light truck(van, mini-van, panel, pickup, sport utility) with only four tires",Dry,Dark - lighted roadway,Clear/Clear,,634 HARVARD STREET / WALK HILL STREET,,,,,233022.5157,892506.4998
3322534,BOSTON,27-Oct-2012,7:00 AM,Not Reported,1,0,0,Not reported,V1: Not reported,V1:Not reported ,V1: Not reported ,V1: Motorcycle,Not reported,Not reported,Not Reported,,41 WOLCOTT COURT,,,,,230431.4305,887624.1473
3294380,BOSTON,27-Oct-2012,7:45 AM,Non-fatal injury,1,1,0,Single vehicle crash,V1: Travelling straight ahead,V1:Eastbound ,V1: Collision with guardrail ,V1: Passenger car,Dry,Daylight,Not Reported,,1457 VETERANS OF FOREIGN WARS PARKWAY / VETERANS OF FOREIGN WARS PARKWAY,,,IPARTY,,227047.4875,891094.1265
3321609,BOSTON (SOUTH BOSTON),27-Oct-2012,1:45 PM,Not Reported,1,0,0,Single vehicle crash,V1: Slowing or stopped in traffic,V1:Not reported ,V1: Collision with pedestrian ,V1: Passenger car,Dry,Daylight,Clear,OLD COLONY AVENUE / PREBLE STREET,,,,,P3:Pedestrian,236869.4374,897748.4377
3344804,BOSTON (DORCHESTER),27-Oct-2012,2:10 PM,Non-fatal injury,1,1,0,Single vehicle crash,V1: Not reported,V1:Not reported ,V1: Not reported ,V1: Passenger car,Snow,Daylight,Clear/Clear,FREEPORT STREET / WILLIAM T MORRISSEY BOULEVARD,,,,,,,
3381334,BOSTON,27-Oct-2012,5:05 PM,Property damage only (none injured),2,0,0,Rear-end,V1: Travelling straight ahead / V2:Slowing or stopped in traffic,V1:Northbound / V2:Northbound ,V1: Collision with motor vehicle in traffic / V2: Collision with motor vehicle in traffic ,"V1: Passenger car / V2:Light truck(van, mini-van, panel, pickup, sport utility) with only four tires",Dry,Daylight,Clear,,LOGAN AIRPORT TERMINAL E / LOGAN AIRPORT TERMINAL E,,,DEPARTURE LEVEL,,239501.7499,902206.808
3300634,BOSTON (CHARLESTOWN),27-Oct-2012,11:41 PM,Property damage only (none injured),1,0,0,Single vehicle crash,V1: Turning left,V1:Northbound ,V1: Collision with curb ,V1: Passenger car,Dry,Dark - lighted roadway,Clear/Clear,,100 CHELSEA STREET / RUTHERFORD AVENUE,,,,,238224.9904,902533.5646
3297093,BOSTON (ROSLINDALE),28-Oct-2012,4:49 AM,Non-fatal injury,2,3,0,Not reported,V1: Travelling straight ahead / V2:Travelling straight ahead,V1:Not reported / V2:Not reported ,V1: Collision with motor vehicle in traffic / V2: Collision with motor vehicle in traffic ,V1: Passenger car / V2:Passenger car,Not reported,Not reported,Not Reported,AMERICAN LEGION HIGHWAY / WALK HILL STREET,,,,,,232432.2186,893104.1252
3284743,BOSTON,28-Oct-2012,5:58 AM,Property damage only (none injured),1,0,0,Single vehicle crash,V1: Turning right,V1:Northbound ,V1: Collision with median barrier ,V1: Passenger car,Wet,Dark - lighted roadway,Clear,,Rte 90 W,,Exit 24 on Rte 90 W,RAMP D,,238090.4393,899691.5691
3295160,BOSTON,28-Oct-2012,6:05 AM,Property damage only (none injured),1,0,0,Single vehicle crash,V1: Travelling straight ahead,V1:Eastbound ,V1: Collision with light pole or other post/support ,V1: Passenger car,Dry,Daylight,Clear,,STORROW DRIVE / RAMP - STORROW DRIVE TO CLARENDON STREET,,,COPLEY EXIT,,234806.7764,900572.4964
3344803,BOSTON (DORCHESTER),28-Oct-2012,10:20 AM,Not Reported,2,0,0,Rear-end,V1: Not reported / V2:Not reported,V1:Not reported / V2:Not reported ,V1: Not reported / V2: Not reported ,V1: Passenger car / V2:Unknown vehicle configuration,Dry,Daylight,Cloudy,,161 GRANITE AVENUE,,,,,236792.7088,892086.7066
3285268,BOSTON,28-Oct-2012,2:10 PM,Property damage only (none injured),2,0,0,Rear-end,V1: Travelling straight ahead / V2:Travelling straight ahead,V1:Eastbound / V2:Eastbound ,V1: Collision with motor vehicle in traffic / V2: Collision with motor vehicle in traffic ,"V1: Passenger car / V2:Light truck(van, mini-van, panel, pickup, sport utility) with only four tires",Wet,Daylight,Cloudy/Rain,,0 feet W from Intersection ENNEKING PARKWAY / DEDHAM PARKWAY,,,,,229687.9375,889839.1252
3286237,BOSTON,28-Oct-2012,2:12 PM,Property damage only (none injured),1,0,0,Single vehicle crash,V1: Changing lanes,V1:Southbound ,V1: Collision with motor vehicle in traffic ,V1: Passenger car,Wet,Daylight,Cloudy/Rain,,Rte 93 S,,Exit 26 on Rte 93 S,ON RAMP BEFORE NASHUA STREET JAI,,234851.4113,903728.5151
3288766,BOSTON,28-Oct-2012,2:50 PM,Non-fatal injury,1,5,0,Single vehicle crash,V1: Travelling straight ahead,V1:Northbound ,V1: Collision with median barrier ,"V1: Light truck(van, mini-van, panel, pickup, sport utility) with only four tires",Wet,Daylight,Cloudy/Rain,,116 feet N from Intersection LEVERETT CONNECTOR NORTH / RAMP - STORROW DRIVE TO LEVERETT CONNECT,,,STORROW DRIVE TUNNEL EB TO RT 93,,235997.9919,901927.7181
3287968,BOSTON,28-Oct-2012,4:27 PM,Property damage only (none injured),1,0,0,Single vehicle crash,V1: Turning left,V1:Southbound ,V1: Collision with light pole or other post/support ,V1: Passenger car,Wet,Dusk,Not Reported,CHARLESGATE OVERPASS / CHARLESGATE OVERPASS,,,,@ THE BOWKER OVERPASS,,233540.3991,900175.6895
3330034,BOSTON,28-Oct-2012,4:37 PM,Property damage only (none injured),2,0,0,Angle,V1: Turning left / V2:Travelling straight ahead,V1:Northbound / V2:Westbound ,V1: Collision with motor vehicle in traffic / V2: Collision with motor vehicle in traffic ,V1: Passenger car / V2:Passenger car,Wet,Daylight,Cloudy/Rain,SPRING STREET / BILLINGS STREET,,,,,,227081.5467,891367.8748
3299450,BOSTON (DORCHESTER),28-Oct-2012,6:01 PM,Property damage only (none injured),2,0,0,Not reported,V1: Travelling straight ahead / V2:Travelling straight ahead,V1:Not reported / V2:Not reported ,V1: Collision with motor vehicle in traffic / V2: Collision with motor vehicle in traffic ,V1: Passenger car / V2:Passenger car,Not reported,Not reported,Not Reported,,451 WASHINGTON STREET,,,,,236192.1577,900626.5582
3284867,BOSTON,28-Oct-2012,7:20 PM,Property damage only (none injured),1,0,0,Angle,V1: Turning right,V1:Westbound ,V1: Collision with curb ,V1: Passenger car,Wet,Dark - lighted roadway,Cloudy,STORROW DRIVE Rte 28 S / CHARLES STREET Rte 3A N,,,,@ MGH,,235407.2811,901607.8748