Crash Number,City/Town Name,Crash Date,Crash Time,Crash Severity,Number of Vehicles,Total Nonfatal Injuries,Total Fatal Injuries,Manner of Collision,Vehicle Action Prior to Crash,Vehicle Travel Directions,Most Harmful Events,Vehicle Configuration,Road Surface Condition,Ambient Light,Weather Condition,At Roadway Intersection,Distance from Nearest Roadway Intersection,Distance from Nearest Milemarker,Distance from Nearest Exit,Distance from Nearest Landmark,Non Motorist Type,X Coordinate,Y Coordinate
3284748,BOSTON,28-Oct-2012,8:40 PM,Property damage only (none injured),1,0,0,Single vehicle crash,V1: Travelling straight ahead,V1:Eastbound ,V1: Collision with guardrail ,V1: Passenger car,Wet,Dark - lighted roadway,Rain,,STORROW DRIVE Rte 28 N / RAMP TO CHARLES CIRCLE,,,BY LONGFELLOW BRIDGE,,235227.228,901254.8564
3344799,BOSTON (DORCHESTER),28-Oct-2012,8:49 PM,Non-fatal injury,2,1,0,"Sideswipe, opposite direction",V1: Parked / V2:Travelling straight ahead,V1:Not reported / V2:Not reported ,V1: Collision with motor vehicle in traffic / V2: Collision with parked motor vehicle ,V1: Passenger car / V2:Passenger car,Dry,Dark - lighted roadway,Clear,,16 ALLSTON STREET,,,,,235702.8727,893676.6111
3323874,BOSTON,28-Oct-2012,9:29 PM,Not Reported,1,0,0,Single vehicle crash,V1: Not reported,V1:Not reported ,V1: Not reported ,V1: Passenger car,Wet,Dark - lighted roadway,Rain,MERRIMAC STREET / PORTLAND STREET,,,,,,236185.5252,901517.1484
3286702,BOSTON,28-Oct-2012,10:35 PM,Property damage only (none injured),1,0,0,Single vehicle crash,V1: Not reported,V1:Eastbound ,V1: Collision with guardrail ,V1: Passenger car,Wet,Dark - lighted roadway,Cloudy/Rain,RAMP - LEVERETT CIRCLE TO RT 93 SB Rte 3 S / STORROW DRIVE Rte 3A S,,,,S TURN,,235616.8745,901859.5295
3284361,BOSTON,28-Oct-2012,11:20 PM,Non-fatal injury,1,2,0,Single vehicle crash,V1: Entering traffic lane,V1:Southbound ,V1: Collision with guardrail ,V1: Passenger car,Wet,Dark - lighted roadway,Rain,,WILLIAM T MORRISSEY BOULEVARD / KOSCIUSZKO CIRCLE,,,RAMP FROM KOSCIUSZKO CIRCLE TO M,,237017.0782,896879.6065
3284861,BOSTON,29-Oct-2012,00:00 AM,Non-fatal injury,1,2,0,Single vehicle crash,V1: Travelling straight ahead,V1:Northbound ,V1: Collision with median barrier ,"V1: Light truck(van, mini-van, panel, pickup, sport utility) with only four tires",Wet,Dark - lighted roadway,Rain,,Rte 93,,Exit 23 on Rte 93,PRIOR TO EXIT #23,,236957.4837,900943.9828
3380500,BOSTON,29-Oct-2012,6:23 AM,Property damage only (none injured),1,0,0,Single vehicle crash,V1: Travelling straight ahead,V1:Southbound ,V1: Collision with median barrier ,V1: Passenger car,Wet,Daylight,Rain,,MAURICE TOBIN BRIDGE Rte 1 S,,,TOBIN BRIDGE TOLL PLAZA,,237031.1375,903581.2631
3289047,BOSTON,29-Oct-2012,6:55 AM,Property damage only (none injured),2,0,0,Angle,V1: Slowing or stopped in traffic / V2:Slowing or stopped in traffic,V1:Northbound / V2:Northbound ,V1: Collision with motor vehicle in traffic / V2: Collision with motor vehicle in traffic ,"V1: Light truck(van, mini-van, panel, pickup, sport utility) with only four tires / V2:Bus (seats for more than 15 people, including driver)",Wet,Dawn,Severe crosswinds,HAUL ROAD / MASSPORT HAUL ROAD,,,,PUMP ROAD,,237930.9762,899588.2852
3283291,BOSTON,29-Oct-2012,7:05 AM,Non-fatal injury,1,1,0,Single vehicle crash,V1: Travelling straight ahead,V1:Eastbound ,V1: Collision with guardrail ,V1: Passenger car,Wet,Dawn,Not Reported,STORROW DRIVE / CHARLESGATE WEST,,,,,,233331.5159,900085.8125
3284862,BOSTON,29-Oct-2012,8:16 AM,Property damage only (none injured),1,0,0,Single vehicle crash,V1: Slowing or stopped in traffic,V1:Northbound ,V1: Collision with median barrier ,"V1: Light truck(van, mini-van, panel, pickup, sport utility) with only four tires",Wet,Daylight,Rain,,Rte 93 S,,,,,235996.2347,899049.713
3286021,BOSTON,29-Oct-2012,8:51 AM,Property damage only (none injured),2,0,0,"Sideswipe, same direction",V1: Travelling straight ahead / V2:Travelling straight ahead,V1:Westbound / V2:Westbound ,V1: Collision with median barrier / V2: Collision with motor vehicle in traffic ,V1: Passenger car / V2:Truck/trailer,Wet,Daylight,Cloudy/Rain,,Rte 90 W,Rte 90  W Milemarker 129.0,,,,228154.8166,900866.0695
3284744,BOSTON,29-Oct-2012,10:25 AM,Non-fatal injury,1,1,0,Single vehicle crash,V1: Travelling straight ahead,V1:Northbound ,V1: Collision with median barrier ,V1: Passenger car,Wet,Daylight,Rain,,Rte 93 N,,Exit 23 on Rte 93 N,,,236957.4837,900943.9828
3284863,BOSTON,29-Oct-2012,11:17 AM,Property damage only (none injured),2,0,0,"Sideswipe, same direction",V1: Travelling straight ahead / V2:Travelling straight ahead,V1:Northbound / V2:Northbound ,V1: Collision with median barrier / V2: Collision with motor vehicle in traffic ,"V1: Passenger car / V2:Light truck(van, mini-van, panel, pickup, sport utility) with only four tires",Wet,Daylight,Rain,,Rte 93 S,,Exit 23 on Rte 93 S,,,236856.2793,901152.8251
3284745,BOSTON,29-Oct-2012,2:41 PM,Non-fatal injury,1,1,0,Single vehicle crash,V1: Travelling straight ahead,V1:Southbound ,V1: Collision with median barrier ,"V1: Light truck(van, mini-van, panel, pickup, sport utility) with only four tires",Wet,Daylight,Rain,,Rte 93 S,,Exit 20 on Rte 93 S,,,236954.209,900826.9442
3286160,BOSTON,29-Oct-2012,3:55 PM,Property damage only (none injured),2,0,0,Angle,V1: Travelling straight ahead / V2:Leaving traffic lane,V1:Northbound / V2:Northbound ,V1: Collision with motor vehicle in traffic / V2: Reported but invalid ,V1: Passenger car / V2:Tractor/semi-trailer,Wet,Daylight,Cloudy/Rain,,Rte 93 N,Rte 93  N Milemarker 16.1,,,,236197.3481,899419.9727
3285803,BOSTON,29-Oct-2012,6:05 PM,Property damage only (none injured),1,0,0,Single vehicle crash,V1: Leaving traffic lane,V1:Northbound ,V1: Collision with median barrier ,V1: Passenger car,Wet,Dark - lighted roadway,Cloudy/Rain,,Rte 93 N,,Exit 23 on Rte 93 N,,,236957.4837,900943.9828
3285796,BOSTON,29-Oct-2012,8:37 PM,Property damage only (none injured),3,0,0,Rear-end,V1: Travelling straight ahead / V2:Travelling straight ahead / V3:Slowing or stopped in traffic,V1:Westbound / V2:Eastbound / V3:Westbound ,V1: Collision with median barrier / V2: Collision with motor vehicle in traffic / V3: Collision with motor vehicle in traffic ,V1: Passenger car / V2:Passenger car / V3:Passenger car,Wet,Dark - lighted roadway,Rain,,Rte 90 W,,,,,228154.8166,900866.0695
3288679,BOSTON,29-Oct-2012,10:19 PM,Property damage only (none injured),1,0,0,Single vehicle crash,V1: Turning left,V1:Not reported ,V1: Collision with guardrail ,V1: Passenger car,Wet,Dark - lighted roadway,Not Reported,ENNEKING PARKWAY / SMITH FIELD ROAD,,,,,,230079.5939,889809.25
3390361,BOSTON,30-Oct-2012,8:44 AM,Property damage only (none injured),2,0,0,Rear-end,V1: Slowing or stopped in traffic / V2:Travelling straight ahead,V1:Eastbound / V2:Eastbound ,V1: Collision with motor vehicle in traffic / V2: Collision with motor vehicle in traffic ,V1: Passenger car / V2:Passenger car,Dry,Daylight,Clear,,BOSTON UNIVERSITY BRIDGE Rte 2 W / BOSTON UNIVERSITY BRIDGE Rte 2 E,,,B.U. BRIDGE,,232074.8664,900258.9964
3340455,BOSTON,30-Oct-2012,9:08 AM,Non-fatal injury,1,1,0,Single vehicle crash,V1: Travelling straight ahead,V1:Westbound ,V1: Not reported ,"V1: Light truck(van, mini-van, panel, pickup, sport utility) with only four tires",Wet,Daylight,Clear,,STORROW DRIVE Rte 28 S / CHARLES STREET Rte 3A N,,,@ LEE POOL,,235384.2975,901555.3776
3284749,BOSTON,30-Oct-2012,9:43 AM,Property damage only (none injured),1,0,0,Single vehicle crash,V1: Slowing or stopped in traffic,V1:Eastbound ,V1: Collision with guardrail ,"V1: Light truck(van, mini-van, panel, pickup, sport utility) with only four tires",Wet,Daylight,Rain,,STORROW DRIVE Rte 28 N / RAMP TO CHARLES CIRCLE,,,"LONGFELLOW BRIDGE "S" TURN""ONGFELL",,235248.9396,901179.4159
3290889,BOSTON,30-Oct-2012,9:59 AM,Property damage only (none injured),2,0,0,Angle,V1: Travelling straight ahead / V2:Travelling straight ahead,V1:Northbound / V2:Eastbound ,V1: Collision with motor vehicle in traffic / V2: Collision with motor vehicle in traffic ,"V1: Passenger car / V2:Light truck(van, mini-van, panel, pickup, sport utility) with only four tires",Wet,Daylight,Not Reported,,NORTH BEACON STREET / SOLDIERS FIELD ROAD,,,,,228076.4974,901010.8434
3287195,BOSTON,30-Oct-2012,10:15 AM,Property damage only (none injured),2,0,0,Rear-end,V1: Slowing or stopped in traffic / V2:Slowing or stopped in traffic,V1:Eastbound / V2:Eastbound ,V1: Collision with motor vehicle in traffic / V2: Collision with motor vehicle in traffic ,V1: Passenger car / V2:Passenger car,Dry,Daylight,Not Reported,RAMP - WESTERN AVE TO SOLDIERS FIELD RD / CAMBRIDGE STREET / ALLSTON TOLL PLAZA,,,,AT SFR,,231486.5756,901224.159
3284869,BOSTON,30-Oct-2012,11:21 AM,Property damage only (none injured),1,0,0,Single vehicle crash,V1: Entering traffic lane,V1:Northbound ,V1: Collision with light pole or other post/support ,"V1: Light truck(van, mini-van, panel, pickup, sport utility) with only four tires",Wet,Daylight,Rain,,PARK DRIVE / 195,,,,,232960.4003,899010.1568
3285638,BOSTON,30-Oct-2012,1:28 PM,Property damage only (none injured),2,0,0,Angle,V1: Travelling straight ahead / V2:Travelling straight ahead,V1:Westbound / V2:Northbound ,V1: Collision with motor vehicle in traffic / V2: Collision with motor vehicle in traffic ,"V1: Light truck(van, mini-van, panel, pickup, sport utility) with only four tires / V2:Light truck(van, mini-van, panel, pickup, sport utility) with only four tires",Wet,Daylight,Cloudy/Rain,CHARLESGATE EAST / COMMONWEALTH AVENUE,,,,,,233649.9732,899935.8523
3321670,BOSTON (BRIGHTON),30-Oct-2012,1:31 PM,Not Reported,2,0,0,Angle,V1: Travelling straight ahead / V2:Unknown,V1:Not reported / V2:Not reported ,V1: Not reported / V2: Not reported ,"V1: Light truck(van, mini-van, panel, pickup, sport utility) with only four tires / V2:Passenger car",Wet,Daylight,Cloudy/Rain,EVERETT STREET / HOLTON STREET,,,,,,229936.9221,901137.25
3286238,BOSTON,30-Oct-2012,2:15 PM,Non-fatal injury,1,1,0,Single vehicle crash,V1: Travelling straight ahead,V1:Eastbound ,V1: Collision with ditch ,V1: Passenger car,Wet,Daylight,Cloudy/Rain,,0 feet W from Intersection ENNEKING PARKWAY / DEDHAM PARKWAY,,,,,229687.9375,889839.1252
3288680,BOSTON,30-Oct-2012,3:00 PM,Non-fatal injury,2,1,0,Head-on,V1: Turning left / V2:Travelling straight ahead,V1:Not reported / V2:Not reported ,V1: Collision with motor vehicle in traffic / V2: Collision with motor vehicle in traffic ,"V1: Passenger car / V2:Light truck(van, mini-van, panel, pickup, sport utility) with only four tires",Dry,Daylight,Clear,,HYDE PARK AVENUE / MILTON STREET,,,BRIDGE,,230361.0311,887703.4375
3285824,BOSTON,30-Oct-2012,3:01 PM,Non-fatal injury,2,1,0,Rear-end,V1: Slowing or stopped in traffic / V2:Travelling straight ahead,V1:Southbound / V2:Southbound ,V1: Collision with motor vehicle in traffic / V2: Collision with motor vehicle in traffic ,"V1: Light truck(van, mini-van, panel, pickup, sport utility) with only four tires / V2:Passenger car",Wet,Daylight,Rain,,Rte 93 S,,Exit 12 on Rte 93 S,,,237620.5493,892713.0989
3344801,BOSTON (DORCHESTER),30-Oct-2012,5:55 PM,Non-fatal injury,1,1,0,Single vehicle crash,V1: Travelling straight ahead,V1:Eastbound ,V1: Collision with parked motor vehicle ,V1: Unknown vehicle configuration,Wet,Dark - lighted roadway,Rain/Rain,TALBOT AVENUE / WASHINGTON STREET,,,,,P2:Pedestrian,235329.9845,893393.1876
3286161,BOSTON,30-Oct-2012,6:15 PM,Non-fatal injury,4,1,0,Rear-end,V1: Travelling straight ahead / V2:Slowing or stopped in traffic / V3:Slowing or stopped in traffic / V4:Slowing or stopped in traffic,V1:Southbound / V2:Southbound / V3:Southbound / V4:Southbound ,V1: Collision with motor vehicle in traffic / V2: Collision with motor vehicle in traffic / V3: Collision with motor vehicle in traffic / V4: Collision with motor vehicle in traffic ,"V1: Passenger car / V2:Passenger car / V3:Light truck(van, mini-van, panel, pickup, sport utility) with only four tires / V4:Light truck(van, mini-van, panel, pickup, sport utility) with only four tires",Wet,Dark - lighted roadway,Rain,,Rte 93 S,,Exit 18 on Rte 93 S,,,236013.2783,899092.9981
3285642,BOSTON,30-Oct-2012,8:45 PM,Property damage only (none injured),1,0,0,Single vehicle crash,V1: Turning right,V1:Northbound ,V1: Collision with light pole or other post/support ,V1: Passenger car,Wet,Dark - lighted roadway,Rain,BIRMINGHAM PARKWAY,,,,ARSENAL STREET BRIDGE,,229145.2344,901260.8125
3284872,BOSTON,30-Oct-2012,9:17 PM,Non-fatal injury,2,2,0,Rear-end,V1: Travelling straight ahead / V2:Slowing or stopped in traffic,V1:Southbound / V2:Southbound ,V1: Collision with motor vehicle in traffic / V2: Collision with motor vehicle in traffic ,V1: Passenger car / V2:Passenger car,Wet,Dark - lighted roadway,Cloudy/Rain,,Rte 93 S,,Exit 15 on Rte 93 S,,,236629.6253,897168.5001
3295161,BOSTON,31-Oct-2012,1:45 AM,Property damage only (none injured),1,0,0,Single vehicle crash,V1: Travelling straight ahead,V1:Eastbound ,V1: Collision with guardrail ,V1: Passenger car,Wet,Dark - lighted roadway,Cloudy,,STORROW DRIVE Rte 28 N / RAMP TO CHARLES CIRCLE,,,LONGFELLOW BRIDGE,,235227.4987,901266.5611
3381489,BOSTON,31-Oct-2012,5:58 AM,Non-fatal injury,2,1,0,Rear-end,V1: Slowing or stopped in traffic / V2:Travelling straight ahead,V1:Northbound / V2:Northbound ,V1: Collision with motor vehicle in traffic / V2: Collision with motor vehicle in traffic ,V1: Passenger car / V2:Passenger car,Wet,Dark - lighted roadway,Cloudy,,JOHN Rte 93 N / SERGEANT WILLIAM G WALSH EXPRESSWAY Rte 1A N,,,NEPONSET,,237715.1771,892987.2274
3299605,BOSTON,31-Oct-2012,6:17 AM,Property damage only (none injured),1,0,0,Single vehicle crash,V1: Travelling straight ahead,V1:Eastbound ,V1: Collision with guardrail ,V1: Passenger car,Wet,Dawn,Cloudy,,STORROW DRIVE Rte 28 N / RAMP TO CHARLES CIRCLE,,,LONGFELLOW BRIDGE,,235265.9665,901377.8227
3285650,BOSTON,31-Oct-2012,7:02 AM,Non-fatal injury,1,1,0,Angle,V1: Travelling straight ahead,V1:Eastbound ,"V1: Collision with cyclist (bicycle, tricycle, unicycle, pedal car) ",V1: Passenger car,Dry,Daylight,Cloudy,,WILLIAM T MORRISSEY BOULEVARD / FREEPORT STREET,,,SEVEN-ELEVEN STORE,"P2:Pedalcyclist (bicycle, tricycle, unicycle, pedal car)",237266.8036,894060.8474
3285818,BOSTON,31-Oct-2012,7:40 AM,Property damage only (none injured),3,0,0,Rear-end,V1: Slowing or stopped in traffic / V2:Travelling straight ahead / V3:Travelling straight ahead,V1:Westbound / V2:Westbound / V3:Westbound ,V1: Collision with motor vehicle in traffic / V2: Collision with motor vehicle in traffic / V3: Collision with motor vehicle in traffic ,"V1: Passenger car / V2:Light truck(van, mini-van, panel, pickup, sport utility) with only four tires / V3:Light truck(van, mini-van, panel, pickup, sport utility) with only four tires",Wet,Daylight,Cloudy,,STORROW DRIVE,,,HATCH SHELL,,235176.6897,900826.525
3302159,BOSTON,31-Oct-2012,12:24 PM,Non-fatal injury,2,1,0,Angle,V1: Turning left / V2:Travelling straight ahead,V1:Southbound / V2:Eastbound ,V1: Collision with motor vehicle in traffic / V2: Collision with motor vehicle in traffic ,"V1: Passenger car / V2:Light truck(van, mini-van, panel, pickup, sport utility) with only four tires",Dry,Daylight,Not Reported,,VETERANS OF FOREIGN WARS PARKWAY / BAKER STREET,,,,,227086.7657,893107.1877
3300633,BOSTON (CHARLESTOWN),31-Oct-2012,1:15 PM,Property damage only (none injured),3,0,0,Rear-end,V1: Slowing or stopped in traffic / V2:Travelling straight ahead / V3:Not reported,V1:Southbound / V2:Southbound / V3:Not reported ,V1: Collision with motor vehicle in traffic / V2: Collision with motor vehicle in traffic / V3: Not reported ,V1: Passenger car / V2:Passenger car / V3:Unknown vehicle configuration,Dry,Daylight,Clear,,ALFORD STREET / DEXTER STREET,,,,,,
3297094,BOSTON,31-Oct-2012,1:28 PM,Not Reported,2,0,0,"Sideswipe, same direction",V1: Turning left / V2:Travelling straight ahead,V1:Eastbound / V2:Eastbound ,V1: Collision with motor vehicle in traffic / V2: Collision with motor vehicle in traffic ,"V1: Light truck(van, mini-van, panel, pickup, sport utility) with only four tires / V2:Light truck(van, mini-van, panel, pickup, sport utility) with only four tires",Dry,Daylight,Cloudy,RIVER STREET / WOOD AVENUE,,,,,,232307.7498,890309.9998
3285640,BOSTON,31-Oct-2012,4:10 PM,Property damage only (none injured),2,0,0,Angle,V1: Travelling straight ahead / V2:Travelling straight ahead,V1:Northbound / V2:Eastbound ,V1: Collision with motor vehicle in traffic / V2: Collision with motor vehicle in traffic ,V1: Passenger car / V2:Passenger car,Dry,Daylight,Cloudy,FRANCIS STREET / RIVERWAY,,,,,,232080.5294,898632.4523
3321669,BOSTON,31-Oct-2012,4:23 PM,Non-fatal injury,1,1,0,Single vehicle crash,V1: Not reported,V1:Not reported ,V1: Not reported ,V1: Not reported,Dry,Daylight,Clear,,1426 COMMONWEALTH AVENUE,,,,P2:Pedestrian,229669.6739,899838.6243
3289103,BOSTON,31-Oct-2012,9:40 PM,Property damage only (none injured),2,0,0,"Sideswipe, same direction",V1: Other / V2:Travelling straight ahead,V1:Westbound / V2:Westbound ,V1: Collision with motor vehicle in traffic / V2: Collision with motor vehicle in traffic ,"V1: Passenger car / V2:Light truck(van, mini-van, panel, pickup, sport utility) with only four tires",Dry,Dark - lighted roadway,Not Reported,,SOLDIERS FIELD ROAD / NORTH HARVARD STREET,,,,,230992.3482,902048.2872
3285804,BOSTON,31-Oct-2012,11:49 PM,Property damage only (none injured),2,0,0,Rear-end,V1: Travelling straight ahead / V2:Slowing or stopped in traffic,V1:Southbound / V2:Southbound ,V1: Collision with motor vehicle in traffic / V2: Collision with motor vehicle in traffic ,V1: Passenger car / V2:Passenger car,Dry,Dark - lighted roadway,Clear,,Rte 93 S,,Exit 24 on Rte 93 S,,,236397.1933,901565.6511
3285805,BOSTON,01-Nov-2012,00:00 AM,Property damage only (none injured),2,0,0,Rear-end,V1: Slowing or stopped in traffic / V2:Travelling straight ahead,V1:Northbound / V2:Northbound ,V1: Collision with motor vehicle in traffic / V2: Collision with motor vehicle in traffic ,V1: Passenger car / V2:Passenger car,Dry,Dark - lighted roadway,Cloudy,,HARBORSIDE DRIVE / 1,,,LOGAN OFFICE CENTER,,239107.7369,901542.8365
3804087,BOSTON,01-Nov-2012,00:00 AM,Property damage only (none injured),2,0,0,Not reported,V1: Entering traffic lane / V2:Entering traffic lane,V1:Westbound / V2:Westbound ,V1: Not reported / V2: Not reported ,"V1: Passenger car / V2:Light truck(van, mini-van, panel, pickup, sport utility) with only four tires",Not reported,Not reported,Not Reported,,1961 CENTRE STREET,,,,,228277.5907,892584.8715
3290740,BOSTON,01-Nov-2012,7:23 AM,Non-fatal injury,4,2,0,Rear-end,V1: Travelling straight ahead / V2:Travelling straight ahead / V3:Slowing or stopped in traffic / V4:Travelling straight ahead,V1:Southbound / V2:Southbound / V3:Southbound / V4:Southbound ,V1: Collision with motor vehicle in traffic / V2: Collision with motor vehicle in traffic / V3: Collision with motor vehicle in traffic / V4: Collision with motor vehicle in traffic ,"V1: Passenger car / V2:Light truck(van, mini-van, panel, pickup, sport utility) with only four tires / V3:Passenger car / V4:Single-unit truck (2-axle, 6-tire)",Dry,Daylight,Clear,,Rte 93 S,,Exit 23 on Rte 93 S,,,236856.2793,901152.8251
3286174,BOSTON,01-Nov-2012,10:48 AM,Property damage only (none injured),2,0,0,Rear-end,V1: Travelling straight ahead / V2:Slowing or stopped in traffic,V1:Westbound / V2:Westbound ,V1: Collision with motor vehicle in traffic / V2: Collision with motor vehicle in traffic ,V1: Truck/trailer / V2:Other,Dry,Daylight,Clear,,COLUMBIA ROAD / DORCHESTER AVENUE,,,,,236535.6564,896787.6252
3285652,BOSTON,01-Nov-2012,12:20 PM,Non-fatal injury,2,2,0,"Sideswipe, same direction",V1: Changing lanes / V2:Travelling straight ahead,V1:Eastbound / V2:Eastbound ,V1: Collision with motor vehicle in traffic / V2: Collision with motor vehicle in traffic ,"V1: Passenger car / V2:Light truck(van, mini-van, panel, pickup, sport utility) with only four tires",Dry,Daylight,Clear,GALLIVAN BOULEVARD / DRUID STREET,,,,,,234992.1561,892062.1878
3389314,BOSTON,01-Nov-2012,1:51 PM,Not Reported,2,0,0,Rear-end,V1: Travelling straight ahead / V2:Slowing or stopped in traffic,V1:Northbound / V2:Northbound ,V1: Collision with motor vehicle in traffic / V2: Collision with motor vehicle in traffic ,"V1: Light truck(van, mini-van, panel, pickup, sport utility) with only four tires / V2:Passenger car",Dry,Daylight,Clear,,Rte 93,,Exit 11 on Rte 93,"RTE 93 N, NORTH OF EXIT 11",,237094.7253,891674.8051
3285644,BOSTON,01-Nov-2012,4:38 PM,Non-fatal injury,1,1,0,Single vehicle crash,V1: Travelling straight ahead,V1:Westbound ,V1: Collision with highway traffic sign post ,V1: Passenger car,Dry,Daylight,Clear,WESTERN AVENUE / RAMP-SOLDIERS FIELD RD WB TO WESTERN AV / RAMP-WESTERN AV TO SOLDIERS FIELD RD WB,,,,,,231481.1975,901589.8493
3353718,BOSTON (WEST ROXBURY),01-Nov-2012,5:06 PM,Property damage only (none injured),2,0,0,Angle,V1: Turning left / V2:Travelling straight ahead,V1:Northbound / V2:Southbound ,V1: Collision with motor vehicle in traffic / V2: Collision with motor vehicle in traffic ,V1: Passenger car / V2:Passenger car,Dry,Daylight,Clear,,4691 WASHINGTON STREET / LISZT STREET,,,,,,
3344820,BOSTON (DORCHESTER),01-Nov-2012,6:03 PM,Not Reported,1,0,0,Not reported,V1: Not reported,V1:Not reported ,V1: Not reported ,"V1: Light truck(van, mini-van, panel, pickup, sport utility) with only four tires",Not reported,Not reported,Not Reported,,486 QUINCY STREET,,,,,235819.6645,895419.8164
3381539,BOSTON,01-Nov-2012,6:38 PM,Non-fatal injury,1,1,0,Angle,V1: Turning left,V1:Southbound ,"V1: Collision with cyclist (bicycle, tricycle, unicycle, pedal car) ","V1: Light truck(van, mini-van, panel, pickup, sport utility) with only four tires",Not reported,Dark - lighted roadway,Clear,RIVERWAY / LONGWOOD AVENUE,,,,RIVERWAY AT LONGWOOD,"P2:Pedalcyclist (bicycle, tricycle, unicycle, pedal car)",232142.9084,898941.3686
3350154,BOSTON (BRIGHTON),02-Nov-2012,4:00 AM,Property damage only (none injured),2,0,0,Angle,V1: Turning right / V2:Parked,V1:Westbound / V2:Not reported ,V1: Collision with parked motor vehicle / V2: Collision with parked motor vehicle ,"V1: Single-unit truck (2-axle, 6-tire) / V2:Passenger car",Dry,Dawn,Clear/Clear,CUMMINGS ROAD / COMMONWEALTH AVENUE,,,,,,229246.5469,899093.9374
3285819,BOSTON,02-Nov-2012,7:20 AM,Property damage only (none injured),2,0,0,Rear-end,V1: Slowing or stopped in traffic / V2:Slowing or stopped in traffic,V1:Westbound / V2:Westbound ,V1: Collision with motor vehicle in traffic / V2: Collision with motor vehicle in traffic ,V1: Passenger car / V2:Passenger car,Dry,Daylight,Clear,,STORROW DRIVE / BERKELEY STREET,,,,,234701.0016,900544.921
3290423,BOSTON,02-Nov-2012,7:28 AM,Property damage only (none injured),2,0,0,Rear-end,V1: Travelling straight ahead / V2:Slowing or stopped in traffic,V1:Northbound / V2:Northbound ,V1: Collision with motor vehicle in traffic / V2: Collision with motor vehicle in traffic ,"V1: Light truck(van, mini-van, panel, pickup, sport utility) with only four tires / V2:Passenger car",Dry,Daylight,Clear,,Rte 93 N,,Exit 26 on Rte 93 N,,,236402.7433,901600.0342
3388319,BOSTON,02-Nov-2012,5:50 PM,Property damage only (none injured),3,0,0,Rear-end,V1: Slowing or stopped in traffic / V2:Slowing or stopped in traffic / V3:Slowing or stopped in traffic,V1:Northbound / V2:Northbound / V3:Northbound ,V1: Collision with motor vehicle in traffic / V2: Collision with motor vehicle in traffic / V3: Collision with motor vehicle in traffic ,"V1: Bus (seats for more than 15 people, including driver) / V2:Passenger car / V3:Passenger car",Wet,Daylight,Cloudy/Rain,,Rte 93 N,Rte 93  N Milemarker 16.7,,SOUTH OF ENTRANCE PORTAL,,236612.9046,900287.568
3322039,BOSTON,02-Nov-2012,7:37 PM,Not Reported,2,0,0,Angle,V1: Travelling straight ahead / V2:Travelling straight ahead,V1:Westbound / V2:Southbound ,V1: Collision with motor vehicle in traffic / V2: Collision with motor vehicle in traffic ,V1: Passenger car / V2:Passenger car,Wet,Dark - lighted roadway,Rain,MASSACHUSETTS AVENUE / MELNEA CASS BOULEVARD,,,,,,235266.4401,898096.4559
3297459,BOSTON,02-Nov-2012,7:49 PM,Non-fatal injury,2,1,0,Rear-end,V1: Travelling straight ahead / V2:Travelling straight ahead,V1:Northbound / V2:Northbound ,V1: Not reported / V2: Not reported ,V1: Passenger car / V2:Passenger car,Dry,Dark - lighted roadway,Not Reported,MURRAY CIRCLE / CENTRE STREET,,,,ROTARY,,231182.8592,895422.2502
3344800,BOSTON (DORCHESTER),03-Nov-2012,4:30 AM,Property damage only (none injured),2,0,0,"Sideswipe, same direction",V1: Parked / V2:Travelling straight ahead,V1:Not reported / V2:Not reported ,V1: Not reported / V2: Not reported ,"V1: Passenger car / V2:Light truck(van, mini-van, panel, pickup, sport utility) with only four tires",Dry,Dark - lighted roadway,Clear,,69 MOUNT IDA ROAD,,,,,235936.8778,895008.4192
3288768,BOSTON,03-Nov-2012,3:50 PM,Non-fatal injury,2,2,0,Rear-end,V1: Slowing or stopped in traffic / V2:Travelling straight ahead,V1:Southbound / V2:Southbound ,V1: Collision with motor vehicle in traffic / V2: Collision with motor vehicle in traffic ,"V1: Light truck(van, mini-van, panel, pickup, sport utility) with only four tires / V2:Passenger car",Dry,Daylight,Clear,,HOTEL DRIVE / RAMP - RT 90 EB TO HOTEL DRIVE,,,HILTON HOTEL DRIVEWAY,,239170.8501,901977.2606
3329257,BOSTON (ROSLINDALE),03-Nov-2012,3:57 PM,Non-fatal injury,3,1,0,Not reported,V1: Travelling straight ahead / V2:Parked / V3:Parked,V1:Not reported / V2:Not reported / V3:Not reported ,V1: Overturn/rollover / V2: Collision with impact attenuator/crash cushion / V3: Collision with impact attenuator/crash cushion ,"V1: Passenger car / V2:Light truck(van, mini-van, panel, pickup, sport utility) with only four tires / V3:Light truck(van, mini-van, panel, pickup, sport utility) with only four tires",Not reported,Not reported,Not Reported,,1570 CENTRE STREET,,,,,229520.4513,893273.2399
3345466,BOSTON (DORCHESTER),03-Nov-2012,11:00 PM,Non-fatal injury,2,1,0,"Sideswipe, same direction",V1: Travelling straight ahead / V2:Parked,V1:Southbound / V2:Not reported ,V1: Collision with parked motor vehicle / V2: Collision with motor vehicle in traffic ,"V1: Light truck(van, mini-van, panel, pickup, sport utility) with only four tires / V2:Passenger car",Dry,Dark - lighted roadway,Clear,,26 BUTTONWOOD STREET,,,,,236612.7294,896715.6046
3286703,BOSTON,03-Nov-2012,11:48 PM,Non-fatal injury,1,1,0,Angle,V1: Travelling straight ahead,V1:Southbound ,"V1: Collision with cyclist (bicycle, tricycle, unicycle, pedal car) ",V1: Passenger car,Dry,Dark - lighted roadway,Not Reported,JAMAICAWAY / POND STREET,,,,,"P2:Pedalcyclist (bicycle, tricycle, unicycle, pedal car)",231358.6406,895992.0627