Crash Number,City/Town Name,Crash Date,Crash Time,Crash Severity,Number of Vehicles,Total Nonfatal Injuries,Total Fatal Injuries,Manner of Collision,Vehicle Action Prior to Crash,Vehicle Travel Directions,Most Harmful Events,Vehicle Configuration,Road Surface Condition,Ambient Light,Weather Condition,At Roadway Intersection,Distance from Nearest Roadway Intersection,Distance from Nearest Milemarker,Distance from Nearest Exit,Distance from Nearest Landmark,Non Motorist Type,X Coordinate,Y Coordinate
3289381,BOSTON,04-Nov-2012,12:12 PM,Property damage only (none injured),2,0,0,Angle,V1: Entering traffic lane / V2:Travelling straight ahead,V1:Westbound / V2:Westbound ,V1: Collision with light pole or other post/support / V2: Collision with motor vehicle in traffic ,V1: Passenger car / V2:Passenger car,Dry,Daylight,Clear,,GALLIVAN BOULEVARD / GRANITE AVENUE,,,,,236643.2967,892556.1249
3290424,BOSTON,04-Nov-2012,1:37 PM,Non-fatal injury,3,2,0,Rear-end,V1: Slowing or stopped in traffic / V2:Slowing or stopped in traffic / V3:Travelling straight ahead,V1:Northbound / V2:Northbound / V3:Northbound ,V1: Collision with motor vehicle in traffic / V2: Collision with motor vehicle in traffic / V3: Collision with motor vehicle in traffic ,"V1: Light truck(van, mini-van, panel, pickup, sport utility) with only four tires / V2:Passenger car / V3:Passenger car",Dry,Daylight,Clear,,LEVERETT CONNECTOR NORTH / INTERSTATE 93 Rte 93 N,,,,,234866.751,903837.4078
3328735,BOSTON (HYDE PARK),04-Nov-2012,1:53 PM,Unknown,2,0,0,Angle,V1: Travelling straight ahead / V2:Travelling straight ahead,V1:Not reported / V2:Not reported ,V1: Collision with motor vehicle in traffic / V2: Collision with motor vehicle in traffic ,"V1: Light truck(van, mini-van, panel, pickup, sport utility) with only four tires / V2:Passenger car",Wet,Daylight,Rain/Other,SUMMIT STREET / WILLIAMS AVENUE,,,,,,231651.1718,888692.1249
3289461,BOSTON,05-Nov-2012,8:15 AM,Property damage only (none injured),2,0,0,Angle,V1: Travelling straight ahead / V2:Slowing or stopped in traffic,V1:Southbound / V2:Southbound ,V1: Collision with motor vehicle in traffic / V2: Collision with motor vehicle in traffic ,"V1: Light truck(van, mini-van, panel, pickup, sport utility) with only four tires / V2:Passenger car",Dry,Daylight,Cloudy,,0 feet N from Intersection WILLIAM T MORRISSEY BOULEVARD / NEPONSET AVENUE,,,,,237696.0819,892924.3425
3290484,BOSTON,05-Nov-2012,10:00 AM,Property damage only (none injured),4,0,0,Rear-end,V1: Slowing or stopped in traffic / V2:Slowing or stopped in traffic / V3:Slowing or stopped in traffic / V4:Travelling straight ahead,V1:Eastbound / V2:Eastbound / V3:Eastbound / V4:Eastbound ,V1: Collision with motor vehicle in traffic / V2: Collision with motor vehicle in traffic / V3: Collision with motor vehicle in traffic / V4: Collision with motor vehicle in traffic ,"V1: Passenger car / V2:Light truck(van, mini-van, panel, pickup, sport utility) with only four tires / V3:Light truck(van, mini-van, panel, pickup, sport utility) with only four tires / V4:Light truck(van, mini-van, panel, pickup, sport utility) with only four tires",Dry,Daylight,Clear/Cloudy,,Rte 90 E,,,,,235750.5848,899752.0839
3321665,BOSTON (BRIGHTON),05-Nov-2012,2:49 PM,Not Reported,2,0,0,Head-on,V1: Travelling straight ahead / V2:Travelling straight ahead,V1:Not reported / V2:Not reported ,V1: Not reported / V2: Collision with utility pole ,"V1: Passenger car / V2:Light truck(van, mini-van, panel, pickup, sport utility) with only four tires",Dry,Daylight,Clear/Cloudy,GARDENA STREET / MURDOCK STREET,,,,,,229143.0379,900354.9366
3299810,BOSTON,05-Nov-2012,3:25 PM,Non-fatal injury,2,2,0,Angle,V1: Travelling straight ahead / V2:Turning left,V1:Eastbound / V2:Eastbound ,V1: Collision with motor vehicle in traffic / V2: Collision with motor vehicle in traffic ,V1: Passenger car / V2:Passenger car,Dry,Daylight,Not Reported,,NEPONSET VALLEY PARKWAY,,,FIRE STATION,,230462.3994,887453.0971
3380548,BOSTON,05-Nov-2012,8:05 PM,Non-fatal injury,1,1,0,Single vehicle crash,V1: Travelling straight ahead,V1:Northbound ,V1: Collision with median barrier ,V1: Passenger car,Dry,Dark - lighted roadway,Cloudy,,JOHN F FITZGERALD EXPRESSWAY Rte 93 N / RAMP - RT 90 TO RT 93 NB,,,TIP ONEILL TUNNEL,"P2:Other non-motorist (wheelchair, etc.)",236625.8094,900312.6151
3290741,BOSTON,06-Nov-2012,1:05 AM,Property damage only (none injured),2,0,0,"Sideswipe, same direction",V1: Entering traffic lane / V2:Travelling straight ahead,V1:Southbound / V2:Southbound ,V1: Collision with motor vehicle in traffic / V2: Collision with motor vehicle in traffic ,"V1: Light truck(van, mini-van, panel, pickup, sport utility) with only four tires / V2:Tractor/semi-trailer",Dry,Dark - lighted roadway,Not Reported,,Rte 93 S,,Exit 26 on Rte 93 S,93 S/B AT EX. 26 STORROW DRIVE,,234851.4113,903728.5151
3289049,BOSTON,06-Nov-2012,8:03 AM,Non-fatal injury,3,1,0,Rear-end,V1: Slowing or stopped in traffic / V2:Slowing or stopped in traffic / V3:Travelling straight ahead,V1:Westbound / V2:Westbound / V3:Westbound ,V1: Collision with motor vehicle in traffic / V2: Collision with motor vehicle in traffic / V3: Collision with motor vehicle in traffic ,V1: Passenger car / V2:Passenger car / V3:Passenger car,Dry,Daylight,Clear,,STORROW DRIVE / RAMP - STORROW DR TO RT 2A WB,,,PRIOR TO MASS AVE,,233838.5644,900254.6226
3380501,BOSTON,06-Nov-2012,8:26 AM,Property damage only (none injured),2,0,0,Rear-end,V1: Slowing or stopped in traffic / V2:Travelling straight ahead,V1:Southbound / V2:Southbound ,V1: Collision with motor vehicle in traffic / V2: Collision with motor vehicle in traffic ,"V1: Light truck(van, mini-van, panel, pickup, sport utility) with only four tires / V2:Passenger car",Dry,Daylight,Clear,,RAMP - LEVERETT CIRCLE TO RT 93 SB Rte 3 S / JOHN F FITZGERALD EXPRESSWAY Rte 93 S,,,LOWER DECK,,236116.908,901914.488
3289382,BOSTON,06-Nov-2012,9:27 AM,Property damage only (none injured),3,0,0,Rear-end,V1: Slowing or stopped in traffic / V2:Slowing or stopped in traffic / V3:Travelling straight ahead,V1:Southbound / V2:Southbound / V3:Southbound ,V1: Collision with motor vehicle in traffic / V2: Collision with motor vehicle in traffic / V3: Collision with motor vehicle in traffic ,"V1: Light truck(van, mini-van, panel, pickup, sport utility) with only four tires / V2:Passenger car / V3:Light truck(van, mini-van, panel, pickup, sport utility) with only four tires",Dry,Daylight,Clear,,Rte 93 S,,Exit 15 on Rte 93 S,,,236629.6253,897168.5001
3380549,BOSTON,06-Nov-2012,10:49 AM,Property damage only (none injured),2,0,0,Rear-end,V1: Slowing or stopped in traffic / V2:Travelling straight ahead,V1:Eastbound / V2:Eastbound ,V1: Collision with motor vehicle in traffic / V2: Collision with motor vehicle in traffic ,"V1: Passenger car / V2:Light truck(van, mini-van, panel, pickup, sport utility) with only four tires",Dry,Daylight,Clear,,EAST BOSTON EXPRESSWAY Rte 1A / CALLAHAN TUNNEL,,,CALLAHAN TUNNEL,,238035.7765,902633.3468
3290873,BOSTON,06-Nov-2012,11:10 AM,Property damage only (none injured),3,0,0,Rear-end,V1: Slowing or stopped in traffic / V2:Slowing or stopped in traffic / V3:Travelling straight ahead,V1:Westbound / V2:Westbound / V3:Westbound ,V1: Collision with motor vehicle in traffic / V2: Collision with motor vehicle in traffic / V3: Collision with motor vehicle in traffic ,"V1: Light truck(van, mini-van, panel, pickup, sport utility) with only four tires / V2:Passenger car / V3:Passenger car",Dry,Daylight,Clear,,RAMP - LEVERETT CONNECTOR TO STORROW DRI Rte 3A N / RAMP-RT 93 NB TO STORROW DRIVE Rte 3 N,,,STATION TUNNEL,,235663.6023,901889.2173
3382258,BOSTON,06-Nov-2012,11:30 AM,Property damage only (none injured),3,0,0,Rear-end,V1: Slowing or stopped in traffic / V2:Slowing or stopped in traffic / V3:Travelling straight ahead,V1:Northbound / V2:Northbound / V3:Northbound ,V1: Collision with motor vehicle in traffic / V2: Collision with motor vehicle in traffic / V3: Collision with motor vehicle in traffic ,V1: Passenger car / V2:Passenger car / V3:Passenger car,Dry,Daylight,Clear,,Rte 93 N,,,DYC,,236767.6302,895231.3826
3289383,BOSTON,06-Nov-2012,11:40 AM,Property damage only (none injured),2,0,0,Angle,V1: Turning left / V2:Turning left,V1:Northbound / V2:Northbound ,V1: Collision with motor vehicle in traffic / V2: Collision with motor vehicle in traffic ,"V1: Passenger car / V2:Light truck(van, mini-van, panel, pickup, sport utility) with only four tires",Dry,Daylight,Clear,,OLD COLONY AVENUE / PREBLE STREET,,,PREBBLE CIRCLE,,236869.4374,897748.4378
3287969,BOSTON,06-Nov-2012,4:00 PM,Property damage only (none injured),3,0,0,Rear-end,V1: Travelling straight ahead / V2:Slowing or stopped in traffic / V3:Slowing or stopped in traffic,V1:Eastbound / V2:Eastbound / V3:Eastbound ,V1: Collision with motor vehicle in traffic / V2: Collision with motor vehicle in traffic / V3: Collision with motor vehicle in traffic ,"V1: Passenger car / V2:Passenger car / V3:Light truck(van, mini-van, panel, pickup, sport utility) with only four tires",Dry,Daylight,Clear,,FENWAY / 300,,,,,233037.0994,898819.1715
3290742,BOSTON,06-Nov-2012,6:16 PM,Non-fatal injury,2,1,0,Rear-end,V1: Slowing or stopped in traffic / V2:Changing lanes,V1:Northbound / V2:Northbound ,V1: Collision with motor vehicle in traffic / V2: Collision with motor vehicle in traffic ,"V1: Light truck(van, mini-van, panel, pickup, sport utility) with only four tires / V2:Light truck(van, mini-van, panel, pickup, sport utility) with only four tires",Dry,Dark - lighted roadway,Not Reported,,Rte 93 N,,Exit 13 on Rte 93 N,,,237420.1414,894076.5227
3300830,BOSTON,06-Nov-2012,7:00 PM,Non-fatal injury,1,1,0,Rear-end,V1: Travelling straight ahead,V1:Eastbound ,V1: Unknown ,V1: Passenger car,Dry,Dusk,Clear,,161 CHARLES STREET,,,,,235352.4077,901190.3464
3344812,BOSTON (DORCHESTER),06-Nov-2012,11:02 PM,Non-fatal injury,2,5,0,Angle,V1: Not reported / V2:Not reported,V1:Not reported / V2:Not reported ,V1: Not reported / V2: Not reported ,V1: Passenger car / V2:Passenger car,Dry,Dark - lighted roadway,Clear/Clear,,54 BELLVISTA ROAD,,,,,229953.6881,899518.1603
3290981,BOSTON,06-Nov-2012,11:30 PM,Property damage only (none injured),2,0,0,Rear-end,V1: Travelling straight ahead / V2:Travelling straight ahead,V1:Southbound / V2:Southbound ,V1: Collision with motor vehicle in traffic / V2: Collision with motor vehicle in traffic ,"V1: Light truck(van, mini-van, panel, pickup, sport utility) with only four tires / V2:Passenger car",Dry,Daylight,Clear,,Rte 93 S,,Exit 26 on Rte 93 S,LOWER DECK,,234851.4113,903728.5151
3388320,BOSTON,07-Nov-2012,1:57 AM,Property damage only (none injured),1,0,0,Single vehicle crash,V1: Travelling straight ahead,V1:Southbound ,V1: Collision with guardrail ,"V1: Light truck(van, mini-van, panel, pickup, sport utility) with only four tires",Wet,Dark - lighted roadway,Cloudy,EXPRESSWAYRAMP-RT 93 NB TO STORROW DRIVE Rte 3 N / JOHN F FITZGERALD EXPRESSWAY Rte 93 S / LEVERETT CONNECTOR SOUTH,,,,RAMP TC,,235752.9932,901867.4291
3291024,BOSTON,07-Nov-2012,7:25 AM,Property damage only (none injured),1,0,0,Single vehicle crash,V1: Slowing or stopped in traffic,V1:Eastbound ,V1: Collision with overhead sign support ,"V1: Single-unit truck (2-axle, 6-tire)",Dry,Daylight,Cloudy,,SOLDIERS FIELD ROAD,,,WESTERN AVE OVERPASS,,231463.2281,901589.1256
3291018,BOSTON,07-Nov-2012,9:04 AM,Property damage only (none injured),2,0,0,"Sideswipe, same direction",V1: Travelling straight ahead / V2:Travelling straight ahead,V1:Southbound / V2:Southbound ,V1: Collision with motor vehicle in traffic / V2: Collision with motor vehicle in traffic ,"V1: Tractor/semi-trailer / V2:Light truck(van, mini-van, panel, pickup, sport utility) with only four tires",Dry,Daylight,Cloudy,,Rte 93 S / RAMP - RT 1 SB TO LEVERETT CONNECTOR,,,CANA LOOP RAMP S/B,,235556.8886,902489.6531
3388321,BOSTON,07-Nov-2012,10:02 AM,Non-fatal injury,2,1,0,Rear-end,V1: Travelling straight ahead / V2:Travelling straight ahead,V1:Southbound / V2:Southbound ,V1: Collision with motor vehicle in traffic / V2: Collision with motor vehicle in traffic ,"V1: Light truck(van, mini-van, panel, pickup, sport utility) with only four tires / V2:Single-unit truck (2-axle, 6-tire)",Dry,Daylight,Cloudy,,JOHN F FITZGERALD EXPRESSWAY Rte 93 S,,,ZAKIM BRIDGE,,235986.5801,902089.9184
3289101,BOSTON,07-Nov-2012,10:57 AM,Property damage only (none injured),2,0,0,"Sideswipe, opposite direction",V1: Travelling straight ahead / V2:Parked,V1:Eastbound / V2:Not reported ,V1: Collision with parked motor vehicle / V2: Collision with motor vehicle in traffic ,"V1: Single-unit truck (2-axle, 6-tire) / V2:Passenger car",Dry,Daylight,Cloudy,,CITY SQUARE,,,,,236054.0338,902465.4668
3380502,BOSTON,07-Nov-2012,11:52 AM,Non-fatal injury,1,1,0,Angle,V1: Travelling straight ahead,V1:Southbound ,V1: Other ,V1: Passenger car,Dry,Daylight,Cloudy,JOHN F FITZGERALD EXPRESSWAY Rte 93 S / RAMP - PURCHASE STREET TO RT 93 SB,,,,RAMP CSP,,236203.9797,899701.5513
3293271,BOSTON,07-Nov-2012,1:30 PM,Non-fatal injury,2,1,0,Rear-end,V1: Changing lanes / V2:Travelling straight ahead,V1:Eastbound / V2:Eastbound ,V1: Collision with motor vehicle in traffic / V2: Collision with motor vehicle in traffic ,V1: Passenger car / V2:Passenger car,Wet,Daylight,Cloudy/Rain,,COMMONWEALTH AVENUE / CHARLESGATE WEST,,,,,233546.2741,899931.2545
3345581,BOSTON (ROXBURY),07-Nov-2012,1:47 PM,Non-fatal injury,3,1,0,"Sideswipe, same direction",V1: Parked / V2:Travelling straight ahead / V3:Not reported,V1:Not reported / V2:Not reported / V3:Not reported ,V1: Collision with motor vehicle in traffic / V2: Collision with parked motor vehicle / V3: Not reported ,"V1: Passenger car / V2:Light truck(van, mini-van, panel, pickup, sport utility) with only four tires / V3:Bus (seats for more than 15 people, including driver)",Wet,Daylight,Rain/Rain,,273 DUDLEY STREET,,,,,234729.0522,897624.2567
3289384,BOSTON,07-Nov-2012,2:05 PM,Property damage only (none injured),2,0,0,Rear-end,V1: Turning right / V2:Slowing or stopped in traffic,V1:Northbound / V2:Northbound ,V1: Collision with motor vehicle in traffic / V2: Collision with motor vehicle in traffic ,"V1: Passenger car / V2:Light truck(van, mini-van, panel, pickup, sport utility) with only four tires",Wet,Daylight,Rain,,GALLIVAN BOULEVARD,,,NEPONSET CIRCLE,,237731.8737,892907.403
3326632,BOSTON (HYDE PARK),07-Nov-2012,2:46 PM,Not Reported,1,0,0,Single vehicle crash,V1: Not reported,V1:Not reported ,V1: Not reported ,"V1: Light truck(van, mini-van, panel, pickup, sport utility) with only four tires",Wet,Daylight,"Sleet, hail (freezing rain or drizzle)",RIVER STREET / GORDON AVENUE,,,,,,230894.3436,889528.4999
3289950,BOSTON,07-Nov-2012,3:30 PM,Property damage only (none injured),1,0,0,Single vehicle crash,V1: Other,V1:Eastbound ,V1: Other ,V1: Passenger car,Wet,Daylight,Rain,,Rte 90 E,,Exit 22 on Rte 90 E,,,234741.7413,899775.696
3290425,BOSTON,07-Nov-2012,3:56 PM,Property damage only (none injured),2,0,0,Rear-end,V1: Slowing or stopped in traffic / V2:Slowing or stopped in traffic,V1:Southbound / V2:Northbound ,V1: Collision with motor vehicle in traffic / V2: Collision with motor vehicle in traffic ,V1: Passenger car / V2:Passenger car,Wet,Dark - lighted roadway,Rain,,WILLIAM T MORRISSEY BOULEVARD,,,BOSTON GLOBE,,237128.8983,896549.1081
3321664,BOSTON,07-Nov-2012,5:20 PM,Non-fatal injury,1,1,0,Single vehicle crash,V1: Turning right,V1:Eastbound ,V1: Not reported ,"V1: Light truck(van, mini-van, panel, pickup, sport utility) with only four tires",Snow,Dark - lighted roadway,Snow,FANEUIL STREET / WASHINGTON STREET,,,,,P2:Pedestrian,227255.3687,900122.3529
3353835,BOSTON,07-Nov-2012,7:00 PM,Property damage only (none injured),2,0,0,Angle,V1: Travelling straight ahead / V2:Travelling straight ahead,V1:Northbound / V2:Northbound ,V1: Collision with motor vehicle in traffic / V2: Collision with motor vehicle in traffic ,"V1: Light truck(van, mini-van, panel, pickup, sport utility) with only four tires / V2:Passenger car",Snow,Dark - lighted roadway,"Snow/Sleet, hail (freezing rain or drizzle)",,WALTER STREET / WELD STREET,,,,,230475.2968,893887.5002
3345459,BOSTON (DORCHESTER),07-Nov-2012,7:20 PM,Property damage only (none injured),2,0,0,Angle,V1: Overtaking/passing / V2:Parked,V1:Not reported / V2:Not reported ,V1: Not reported / V2: Not reported ,"V1: Light truck(van, mini-van, panel, pickup, sport utility) with only four tires / V2:Passenger car",Wet,Dark - lighted roadway,Cloudy/Snow,HAMILTON STREET / BELLEVUE STREET,,,,,,235458.8436,895409.8127
3290982,BOSTON,07-Nov-2012,8:30 PM,Property damage only (none injured),1,0,0,Single vehicle crash,V1: Travelling straight ahead,V1:Northbound ,V1: Collision with median barrier ,V1: Passenger car,Slush,Dark - lighted roadway,"Snow/Sleet, hail (freezing rain or drizzle)",,Rte 93 N,,Exit 27 on Rte 93 N,,,235655.07,902467.5364
3290874,BOSTON,08-Nov-2012,8:05 AM,Non-fatal injury,2,1,0,Rear-end,V1: Slowing or stopped in traffic / V2:Slowing or stopped in traffic,V1:Southbound / V2:Southbound ,V1: Collision with motor vehicle in traffic / V2: Collision with motor vehicle in traffic ,V1: Passenger car / V2:Passenger car,Dry,Daylight,Rain/Snow,,Rte 93 S,,Exit 20 on Rte 93 S,,,236954.209,900826.9442
3290983,BOSTON,08-Nov-2012,8:21 AM,Property damage only (none injured),2,0,0,Rear-end,V1: Travelling straight ahead / V2:Slowing or stopped in traffic,V1:Southbound / V2:Southbound ,V1: Collision with motor vehicle in traffic / V2: Collision with motor vehicle in traffic ,"V1: Light truck(van, mini-van, panel, pickup, sport utility) with only four tires / V2:Passenger car",Wet,Daylight,Cloudy/Rain,,Rte 93 S,,Exit 24 on Rte 93 S,,,236397.1933,901565.6511
3345460,BOSTON (DORCHESTER),08-Nov-2012,8:24 AM,Property damage only (none injured),2,0,0,"Sideswipe, same direction",V1: Parked / V2:Travelling straight ahead,V1:Not reported / V2:Not reported ,V1: Not reported / V2: Collision with parked motor vehicle ,V1: Passenger car / V2:Passenger car,Wet,Daylight,"Sleet, hail (freezing rain or drizzle)",,281 NEPONSET AVENUE,,,,,237285.3163,893311.4858
3289575,BOSTON,08-Nov-2012,8:35 AM,Non-fatal injury,1,1,0,Single vehicle crash,V1: Travelling straight ahead,V1:Eastbound ,V1: Collision with pedestrian ,V1: Passenger car,Wet,Daylight,Cloudy,GALLIVAN BOULEVARD / OAKRIDGE STREET,,,,,P1:Pedestrian,235078.9376,892049.5623
3290875,BOSTON,08-Nov-2012,10:11 AM,Property damage only (none injured),2,0,0,Rear-end,V1: Travelling straight ahead / V2:Travelling straight ahead,V1:Southbound / V2:Southbound ,V1: Collision with motor vehicle in traffic / V2: Collision with motor vehicle in traffic ,V1: Passenger car / V2:Passenger car,Wet,Daylight,Cloudy/Rain,,Rte 93 S,,Exit 24 on Rte 93 S,,,236397.1933,901565.6511
3290984,BOSTON,08-Nov-2012,11:36 AM,Non-fatal injury,1,1,0,Single vehicle crash,V1: Travelling straight ahead,V1:Westbound ,V1: Other ,V1: Passenger car,Wet,Daylight,Rain,,RAMP-RT 93 NB TO STORROW DRIVE Rte 3A N / RAMP - SUMNER TUNNEL TO STORROW DRIVE,,,,,236363.1268,901681.3413
3300831,BOSTON,08-Nov-2012,12:00 PM,Not Reported,1,0,0,Single vehicle crash,V1: Not reported,V1:Not reported ,V1: Not reported ,V1: Unknown vehicle configuration,Wet,Dark - lighted roadway,Rain/Cloudy,BEACH STREET / HARRISON AVENUE,,,,,,236153.922,900202.8751
3321662,BOSTON (BRIGHTON),08-Nov-2012,1:22 PM,Non-fatal injury,3,4,0,Rear-end,V1: Slowing or stopped in traffic / V2:Travelling straight ahead / V3:Not reported,V1:Northbound / V2:Northbound / V3:Northbound ,V1: Collision with motor vehicle in traffic / V2: Collision with motor vehicle in traffic / V3: Not reported ,V1: Passenger car / V2:Passenger car / V3:Passenger car,Wet,Daylight,Clear/Clear,,77 WARREN PARK,,,,,232026.569,888718.6566
3380503,BOSTON,08-Nov-2012,4:53 PM,Property damage only (none injured),2,0,0,Rear-end,V1: Slowing or stopped in traffic / V2:Travelling straight ahead,V1:Eastbound / V2:Eastbound ,V1: Collision with motor vehicle in traffic / V2: Collision with motor vehicle in traffic ,V1: Passenger car / V2:Passenger car,Wet,Dark - lighted roadway,Rain,,MASSACHUSETTS TURNPIKE Rte 90 E / RAMP - RT 90 EB TO STUART STREET & HUNTI,,,PRUDENTIAL TUNNEL,,234495.0491,899768.4153
3380504,BOSTON,08-Nov-2012,6:15 PM,Property damage only (none injured),2,0,0,"Sideswipe, same direction",V1: Travelling straight ahead / V2:Other,V1:Westbound / V2:Westbound ,V1: Collision with motor vehicle in traffic / V2: Collision with motor vehicle in traffic ,"V1: Light truck(van, mini-van, panel, pickup, sport utility) with only four tires / V2:Passenger car",Wet,Dark - lighted roadway,Rain,,MASSACHUSETTS TURNPIKE Rte 90 W / RAMP - MASSACHUSETTS AVENUE TO RT 90 WB,,,MASS AVE,,233951.9379,899770.1755
3331456,BOSTON,08-Nov-2012,7:14 PM,Property damage only (none injured),2,0,0,Rear-end,V1: Travelling straight ahead / V2:Turning left,V1:Southbound / V2:Westbound ,V1: Collision with motor vehicle in traffic / V2: Collision with motor vehicle in traffic ,"V1: Passenger car / V2:Light truck(van, mini-van, panel, pickup, sport utility) with only four tires",Wet,Dark - lighted roadway,Not Reported,,NORTH BEACON STREET / SOLDIERS FIELD ROAD,,,MDC SWIMMING POOL,,228076.4974,901010.8434
3289938,BOSTON,08-Nov-2012,7:20 PM,Property damage only (none injured),2,0,0,Rear-end,V1: Slowing or stopped in traffic / V2:Slowing or stopped in traffic,V1:Eastbound / V2:Eastbound ,V1: Collision with motor vehicle in traffic / V2: Collision with motor vehicle in traffic ,V1: Passenger car / V2:Passenger car,Wet,Dark - lighted roadway,Rain,,MASSACHUSETTS TURNPIKE Rte 90 E,,Exit 19 on Rte 90 E,TOLL BOOTHS,,231181.5491,900804.0892
3289956,BOSTON,08-Nov-2012,8:21 PM,Property damage only (none injured),2,0,0,Angle,V1: Overtaking/passing / V2:Turning left,V1:Eastbound / V2:Westbound ,V1: Collision with motor vehicle in traffic / V2: Collision with motor vehicle in traffic ,"V1: Light truck(van, mini-van, panel, pickup, sport utility) with only four tires / V2:Passenger car",Dry,Dark - lighted roadway,Cloudy,,JAMAICAWAY / BYNNER STREET,,,,,231761.9221,897172.3749
3345468,BOSTON,09-Nov-2012,00:00 AM,Not Reported,3,0,0,Rear-end,V1: Travelling straight ahead / V2:Parked / V3:Parked,V1:Not reported / V2:Not reported / V3:Not reported ,V1: Collision with parked motor vehicle / V2: Unknown / V3: Unknown ,"V1: Passenger car / V2:Light truck(van, mini-van, panel, pickup, sport utility) with only four tires / V3:Light truck(van, mini-van, panel, pickup, sport utility) with only four tires",Dry,Dark - lighted roadway,Clear/Clear,,872 WASHINGTON STREET,,,,,235914.5526,899873.9408
3388323,BOSTON,09-Nov-2012,1:38 AM,Property damage only (none injured),2,0,0,Rear-end,V1: Slowing or stopped in traffic / V2:Travelling straight ahead,V1:Southbound / V2:Southbound ,V1: Collision with motor vehicle in traffic / V2: Collision with motor vehicle in traffic ,V1: Passenger car / V2:Passenger car,Dry,Dark - lighted roadway,Clear,RAMP - RT 1 SB FROM TOBIN BRIDGE Rte 1 S / JOHN F FITZGERALD EXPRESSWAY Rte 93 S / INTERSTATE 93 Rte 93 S,,,,RAMP TC,,235689.8923,902409.5869
3290985,BOSTON,09-Nov-2012,5:45 AM,Non-fatal injury,1,2,0,Single vehicle crash,V1: Turning left,V1:Northbound ,V1: Collision with guardrail ,V1: Passenger car,Dry,Dawn,Clear,FRONTAGE ROAD / MASSACHUSETTS AVENUE CONNECTOR / RAMP - FRONTAGE ROAD TO RT 93 NB,,,,AT MASS AVE,,235865.0173,898419.1854
3295573,BOSTON,09-Nov-2012,7:15 AM,Property damage only (none injured),2,0,0,Rear-end,V1: Travelling straight ahead / V2:Travelling straight ahead,V1:Northbound / V2:Northbound ,V1: Collision with motor vehicle in traffic / V2: Collision with motor vehicle in traffic ,V1: Passenger car / V2:Passenger car,Dry,Daylight,Clear,,93 RAMP - RT 93 NB TO MORRISSEY BLVD / 93 GENERAL CASIMIR PULASKI SKYWAY Rte 1 N,,,,,237256.5132,894492.742
3290876,BOSTON,09-Nov-2012,7:44 AM,Property damage only (none injured),3,0,0,Rear-end,V1: Travelling straight ahead / V2:Slowing or stopped in traffic / V3:Slowing or stopped in traffic,V1:Eastbound / V2:Eastbound / V3:Eastbound ,V1: Collision with motor vehicle in traffic / V2: Collision with motor vehicle in traffic / V3: Collision with motor vehicle in traffic ,"V1: Light truck(van, mini-van, panel, pickup, sport utility) with only four tires / V2:Passenger car / V3:Light truck(van, mini-van, panel, pickup, sport utility) with only four tires",Dry,Daylight,Clear,,Rte 90 E,,,,,235750.5848,899752.0839
3294395,BOSTON,09-Nov-2012,8:15 AM,Not Reported,2,0,0,"Sideswipe, same direction",V1: Not reported / V2:Not reported,V1:Not reported / V2:Not reported ,V1: Not reported / V2: Not reported ,"V1: Passenger car / V2:Bus (seats for more than 15 people, including driver)",Dry,Daylight,Clear,SOUTHAMPTON STREET / DORCHESTER AVENUE,,,,,,236510.1312,897763.8146
3290891,BOSTON,09-Nov-2012,8:20 AM,Property damage only (none injured),2,0,0,"Sideswipe, same direction",V1: Changing lanes / V2:Travelling straight ahead,V1:Eastbound / V2:Eastbound ,V1: Collision with motor vehicle in traffic / V2: Collision with motor vehicle in traffic ,"V1: Light truck(van, mini-van, panel, pickup, sport utility) with only four tires / V2:Passenger car",Dry,Daylight,Not Reported,SOLDIERS FIELD ROAD / UNIVERSITY ROAD / STORROW DRIVE,,,,KENMORE EXIT,,232084.5312,900218.7502
3290986,BOSTON,09-Nov-2012,10:04 AM,Property damage only (none injured),2,0,0,"Sideswipe, same direction",V1: Slowing or stopped in traffic / V2:Entering traffic lane,V1:Southbound / V2:Southbound ,V1: Collision with motor vehicle in traffic / V2: Collision with motor vehicle in traffic ,"V1: Light truck(van, mini-van, panel, pickup, sport utility) with only four tires / V2:Light truck(van, mini-van, panel, pickup, sport utility) with only four tires",Dry,Daylight,Clear,,105 feet W from Intersection EAST BOSTON EXPRESSWAY / PORTER STREET,,,,,238094.1922,902705.4891
3299449,BOSTON,09-Nov-2012,2:18 PM,Non-fatal injury,1,1,0,Not reported,V1: Travelling straight ahead,V1:Westbound ,V1: Collision with pedestrian ,V1: Passenger car,Not reported,Not reported,Not Reported,,141 DAKOTA STREET,,,,P2:Pedestrian,235693.9176,894493.157
3296535,BOSTON,09-Nov-2012,3:39 PM,Property damage only (none injured),3,0,0,Rear-end,V1: Slowing or stopped in traffic / V2:Slowing or stopped in traffic / V3:Travelling straight ahead,V1:Eastbound / V2:Eastbound / V3:Eastbound ,V1: Collision with motor vehicle in traffic / V2: Collision with motor vehicle in traffic / V3: Collision with motor vehicle in traffic ,V1: Passenger car / V2:Passenger car / V3:Passenger car,Dry,Dusk,Clear,,SOLDIERS FIELD ROAD,,,DOUBLE TREE HOTEL,,231510.0467,901104.4669