Crash Number,City/Town Name,Crash Date,Crash Time,Crash Severity,Number of Vehicles,Total Nonfatal Injuries,Total Fatal Injuries,Manner of Collision,Vehicle Action Prior to Crash,Vehicle Travel Directions,Most Harmful Events,Vehicle Configuration,Road Surface Condition,Ambient Light,Weather Condition,At Roadway Intersection,Distance from Nearest Roadway Intersection,Distance from Nearest Milemarker,Distance from Nearest Exit,Distance from Nearest Landmark,Non Motorist Type,X Coordinate,Y Coordinate
3328179,BOSTON,09-Nov-2012,5:21 PM,Not Reported,1,0,0,Head-on,V1: Not reported,V1:Not reported ,V1: Not reported ,V1: Passenger car,Wet,Daylight,Clear/Clear,SURFACE RD / INDIA STREET,,,,,,236915.7493,900907.3057
3289957,BOSTON,09-Nov-2012,5:37 PM,Property damage only (none injured),2,0,0,Angle,V1: Travelling straight ahead / V2:Travelling straight ahead,V1:Westbound / V2:Westbound ,V1: Collision with motor vehicle in traffic / V2: Collision with motor vehicle in traffic ,V1: Passenger car / V2:Passenger car,Dry,Dark - lighted roadway,Cloudy,,STORROW DRIVE,,,LEE POOL,,235411.5544,901620.2122
3293186,BOSTON,09-Nov-2012,5:50 PM,Property damage only (none injured),4,0,0,Rear-end,V1: Travelling straight ahead / V2:Slowing or stopped in traffic / V3:Travelling straight ahead / V4:Not reported,V1:Westbound / V2:Westbound / V3:Westbound / V4:Not reported ,V1: Collision with motor vehicle in traffic / V2: Collision with motor vehicle in traffic / V3: Collision with motor vehicle in traffic / V4: Not reported ,"V1: Passenger car / V2:Light truck(van, mini-van, panel, pickup, sport utility) with only four tires / V3:Passenger car / V4:Light truck(van, mini-van, panel, pickup, sport utility) with only four tires",Dry,Dusk,Clear,,MASSACHUSETTS TURNPIKE Rte 90 W,,Exit 19 on Rte 90 W,,,231222.9214,900832.8414
3321383,BOSTON,09-Nov-2012,9:36 PM,Non-fatal injury,1,1,0,Single vehicle crash,V1: Travelling straight ahead,V1:Westbound ,V1: Collision with pedestrian ,V1: Passenger car,Dry,Dark - roadway not lighted,Cloudy,RIVERWAY / LONGWOOD AVENUE,,,,,P2:Pedestrian,232142.9084,898941.3686
3293261,BOSTON,09-Nov-2012,9:55 PM,Property damage only (none injured),2,0,0,Rear-end,V1: Travelling straight ahead / V2:Slowing or stopped in traffic,V1:Eastbound / V2:Eastbound ,V1: Collision with motor vehicle in traffic / V2: Collision with motor vehicle in traffic ,"V1: Passenger car / V2:Light truck(van, mini-van, panel, pickup, sport utility) with only four tires",Dry,Dark - roadway not lighted,Clear,,Rte 90 E,,,,,234145.2812,899758.6639
3297453,BOSTON,10-Nov-2012,7:15 AM,Property damage only (none injured),1,0,0,Single vehicle crash,V1: Travelling straight ahead,V1:Northbound ,V1: Collision with motor vehicle in traffic ,V1: Passenger car,Dry,Daylight,Clear,,Rte 93 N,,Exit 13 on Rte 93 N,,,237420.1414,894076.5227
3291266,BOSTON,10-Nov-2012,11:26 AM,Property damage only (none injured),3,0,0,Rear-end,V1: Slowing or stopped in traffic / V2:Slowing or stopped in traffic / V3:Travelling straight ahead,V1:Northbound / V2:Northbound / V3:Northbound ,V1: Collision with motor vehicle in traffic / V2: Collision with motor vehicle in traffic / V3: Collision with motor vehicle in traffic ,"V1: Light truck(van, mini-van, panel, pickup, sport utility) with only four tires / V2:Light truck(van, mini-van, panel, pickup, sport utility) with only four tires / V3:Light truck(van, mini-van, panel, pickup, sport utility) with only four tires",Dry,Daylight,Clear,,Rte 93 N,,Exit 13 on Rte 93 N,,,237420.1414,894076.5227
3295831,BOSTON,10-Nov-2012,3:12 PM,Non-fatal injury,3,1,0,Rear-end,V1: Travelling straight ahead / V2:Slowing or stopped in traffic / V3:Slowing or stopped in traffic,V1:Southbound / V2:Southbound / V3:Southbound ,V1: Collision with motor vehicle in traffic / V2: Collision with motor vehicle in traffic / V3: Collision with motor vehicle in traffic ,"V1: Light truck(van, mini-van, panel, pickup, sport utility) with only four tires / V2:Light truck(van, mini-van, panel, pickup, sport utility) with only four tires / V3:Passenger car",Dry,Daylight,Clear,,Rte 93 S / DORCHESTER AVENUE,,Exit 15 on Rte 93,,,236524.5557,897318.8559
3293187,BOSTON,10-Nov-2012,4:28 PM,Not Reported,2,0,0,Rear-end,V1: Travelling straight ahead / V2:Slowing or stopped in traffic,V1:Southbound / V2:Southbound ,V1: Collision with motor vehicle in traffic / V2: Collision with motor vehicle in traffic ,"V1: Light truck(van, mini-van, panel, pickup, sport utility) with only four tires / V2:Passenger car",Dry,Daylight,Clear,,Rte 93 S,,Exit 26 on Rte 93 S,,,234851.4113,903728.5151
3381490,BOSTON,10-Nov-2012,6:20 PM,Property damage only (none injured),3,0,0,Rear-end,V1: Travelling straight ahead / V2:Slowing or stopped in traffic / V3:Slowing or stopped in traffic,V1:Southbound / V2:Southbound / V3:Southbound ,V1: Collision with motor vehicle in traffic / V2: Collision with motor vehicle in traffic / V3: Collision with motor vehicle in traffic ,"V1: Passenger car / V2:Passenger car / V3:Light truck(van, mini-van, panel, pickup, sport utility) with only four tires",Dry,Dark - lighted roadway,Cloudy,,JOHN F FITZGERALD EXPRESSWAY Rte 93 S,,,SAVIN HILL,,236852.8184,895732.2044
3293262,BOSTON,10-Nov-2012,8:31 PM,Not Reported,1,0,0,Single vehicle crash,V1: Leaving traffic lane,V1:Northbound ,V1: Collision with median barrier ,V1: Passenger car,Dry,Dusk,Clear,,Rte 93 N,,Exit 27 on Rte 93 N,,,235655.07,902467.5364
3289108,BOSTON,10-Nov-2012,11:40 PM,Property damage only (none injured),2,0,0,Rear-end,V1: Travelling straight ahead / V2:Changing lanes,V1:Southbound / V2:Southbound ,V1: Collision with motor vehicle in traffic / V2: Collision with motor vehicle in traffic ,"V1: Passenger car / V2:Light truck(van, mini-van, panel, pickup, sport utility) with only four tires",Dry,Dark - lighted roadway,Clear,,Rte 93 S,,Exit 12 on Rte 93 S,ESCORTED TO THE WALGREEN&AMP;APO,,237620.5493,892713.0989
3288676,BOSTON,10-Nov-2012,11:45 PM,Property damage only (none injured),2,0,0,Rear-end,V1: Slowing or stopped in traffic / V2:Travelling straight ahead,V1:Southbound / V2:Southbound ,V1: Collision with motor vehicle in traffic / V2: Collision with motor vehicle in traffic ,"V1: Light truck(van, mini-van, panel, pickup, sport utility) with only four tires / V2:Passenger car",Dry,Dark - lighted roadway,Clear,,Rte 93 S,,Exit 12 on Rte 93 S,RAMADA INN CUT OUT,,237620.5493,892713.0989
3289109,BOSTON,11-Nov-2012,1:15 AM,Non-fatal injury,1,1,0,Single vehicle crash,V1: Travelling straight ahead,V1:Northbound ,V1: Collision with median barrier ,V1: Passenger car,Dry,Dark - lighted roadway,Not Reported,,Rte 93 N,,Exit 12 on Rte 93,PRIOR TO THE ON RAMP FROM NEPONS,,237641.3431,892708.5028
3367514,BOSTON (MATTAPAN),11-Nov-2012,1:30 AM,Not Reported,1,0,0,Single vehicle crash,V1: Travelling straight ahead,V1:Eastbound ,V1: Collision with tree ,V1: Passenger car,Dry,Dark - lighted roadway,Clear,,36 WOODBOLE AVENUE,,,,,234597.4782,892043.3023
3291453,BOSTON,11-Nov-2012,4:00 AM,Property damage only (none injured),1,0,0,Single vehicle crash,V1: Travelling straight ahead,V1:Northbound ,V1: Collision with median barrier ,V1: Passenger car,Dry,Not reported,Clear,,Rte 93 N,,Exit 23 on Rte 93 N,,,236957.4837,900943.9828
3295574,BOSTON,11-Nov-2012,4:40 AM,Property damage only (none injured),1,0,0,Single vehicle crash,V1: Travelling straight ahead,V1:Southbound ,V1: Collision with curb ,V1: Passenger car,Dry,Dark - lighted roadway,Clear,,COLUMBIA ROAD / GENERAL CASIMIR PULASKI SKYWAY,,,,,236787.0013,896862.7653
3292047,BOSTON,11-Nov-2012,5:58 AM,Non-fatal injury,2,1,0,Rear-end,V1: Changing lanes / V2:Travelling straight ahead,V1:Northbound / V2:Northbound ,V1: Collision with motor vehicle in traffic / V2: Collision with motor vehicle in traffic ,"V1: Passenger car / V2:Light truck(van, mini-van, panel, pickup, sport utility) with only four tires",Dry,Dawn,Clear,,Rte 93 N,,Exit 23 on Rte 93,,,236957.4837,900943.9828
3291265,BOSTON,11-Nov-2012,2:10 PM,Non-fatal injury,2,2,0,Angle,V1: Changing lanes / V2:Travelling straight ahead,V1:Northbound / V2:Northbound ,V1: Collision with motor vehicle in traffic / V2: Collision with motor vehicle in traffic ,V1: Passenger car / V2:Passenger car,Dry,Daylight,Clear,,FRONTAGE ROAD / RAMP - RT 93 NB TO FRONTAGE ROAD,,,,,236075.1795,898035.4027
3288767,BOSTON,11-Nov-2012,4:15 PM,Property damage only (none injured),2,0,0,Rear-end,V1: Leaving traffic lane / V2:Travelling straight ahead,V1:Southbound / V2:Southbound ,V1: Collision with motor vehicle in traffic / V2: Collision with motor vehicle in traffic ,"V1: Light truck(van, mini-van, panel, pickup, sport utility) with only four tires / V2:Light truck(van, mini-van, panel, pickup, sport utility) with only four tires",Dry,Dark - lighted roadway,Clear,,Rte 93 S,,Exit 23 on Rte 93 S,,,236856.2793,901152.8251
3291454,BOSTON,11-Nov-2012,4:50 PM,Non-fatal injury,2,1,0,Angle,V1: Travelling straight ahead / V2:Slowing or stopped in traffic,V1:Northbound / V2:Northbound ,V1: Collision with motor vehicle in traffic / V2: Collision with motor vehicle in traffic ,"V1: Light truck(van, mini-van, panel, pickup, sport utility) with only four tires / V2:Light truck(van, mini-van, panel, pickup, sport utility) with only four tires",Dry,Dusk,Cloudy,,Rte 93 N,,Exit 18 on Rte 93 N,,,236146.0342,897892.2406
3381585,BOSTON,11-Nov-2012,5:12 PM,Non-fatal injury,2,1,0,Rear-to-rear,V1: Slowing or stopped in traffic / V2:Travelling straight ahead,V1:Northbound / V2:Northbound ,V1: Collision with motor vehicle in traffic / V2: Collision with motor vehicle in traffic ,"V1: Passenger car / V2:Light truck(van, mini-van, panel, pickup, sport utility) with only four tires",Dry,Dark - lighted roadway,Clear,RAMP - RT 3A NB TO RT 93 NB Rte 3A N / JOHN F FITZGERALD EXPRESSWAY Rte 93 N,,,,NEPONSETT,,237634.4299,893472.9536
3381335,BOSTON,11-Nov-2012,6:20 PM,Property damage only (none injured),2,0,0,"Sideswipe, same direction",V1: Travelling straight ahead / V2:Parked,V1:Westbound / V2:Westbound ,V1: Collision with parked motor vehicle / V2: Collision with motor vehicle in traffic ,"V1: Light truck(van, mini-van, panel, pickup, sport utility) with only four tires / V2:Passenger car",Dry,Dark - lighted roadway,Clear,,LOGAN AIRPORT TERMINAL B / LOGAN AIRPORT TERMINAL E,,,,,239653.3357,902046.0621
3289559,BOSTON,11-Nov-2012,7:50 PM,Property damage only (none injured),2,0,0,Rear-end,V1: Slowing or stopped in traffic / V2:Travelling straight ahead,V1:Southbound / V2:Southbound ,V1: Collision with motor vehicle in traffic / V2: Collision with motor vehicle in traffic ,"V1: Passenger car / V2:Light truck(van, mini-van, panel, pickup, sport utility) with only four tires",Dry,Dark - lighted roadway,Clear,RAMP - RT 93 NB TO CAMBRIDGE STREET / CAMBRIDGE STREET,,,Exit 28 on Rte 93 N,SULLIVAN SQUARE,,234902.7814,903729.9453
3293188,BOSTON,11-Nov-2012,7:55 PM,Property damage only (none injured),2,0,0,"Sideswipe, same direction",V1: Overtaking/passing / V2:Travelling straight ahead,V1:Northbound / V2:Northbound ,V1: Collision with motor vehicle in traffic / V2: Collision with motor vehicle in traffic ,V1: Passenger car / V2:Passenger car,Dry,Dark - roadway not lighted,Clear,,RAMP - SUMNER TUNNEL TO I-93 NORTH / RAMP - NEW SUDBURY STREET TO RT 93 NB,,,RAMP TO RT 93/N CANTILEVER-ST-CN,,236400.9077,901596.8728
3291604,BOSTON,12-Nov-2012,2:50 AM,Property damage only (none injured),1,0,0,Single vehicle crash,V1: Travelling straight ahead,V1:Eastbound ,V1: Collision with guardrail ,V1: Passenger car,Dry,Dark - lighted roadway,Clear/Cloudy,,Rte 90 E,Rte 90  E Milemarker 132.0,,,,232547.8686,899858.4408
3345472,BOSTON,12-Nov-2012,3:20 AM,Non-fatal injury,1,1,0,Single vehicle crash,V1: Backing,V1:Not reported ,"V1: Collision with cyclist (bicycle, tricycle, unicycle, pedal car) ","V1: Light truck(van, mini-van, panel, pickup, sport utility) with only four tires",Not reported,Dark - lighted roadway,Snow,GLENDALE STREET / PAYSON AVENUE,,,,,"P2:Pedalcyclist (bicycle, tricycle, unicycle, pedal car)",235737.1873,895924.1249
3345595,BOSTON,12-Nov-2012,10:28 AM,Non-fatal injury,2,1,0,"Sideswipe, same direction",V1: Parked / V2:Not reported,V1:Not reported / V2:Northbound ,V1: Collision with motor vehicle in traffic / V2: Collision with parked motor vehicle ,V1: Passenger car / V2:Passenger car,Dry,Daylight,Clear,,968 MASSACHUSETTS AVENUE,,,,,235546.9355,897701.3937
3291611,BOSTON,12-Nov-2012,1:14 PM,Property damage only (none injured),2,0,0,"Sideswipe, same direction",V1: Travelling straight ahead / V2:Travelling straight ahead,V1:Southbound / V2:Southbound ,V1: Collision with motor vehicle in traffic / V2: Collision with motor vehicle in traffic ,V1: Passenger car / V2:Single-unit truck (3-or-more axles),Dry,Daylight,Clear,,Rte 93 S,,Exit 12 on Rte 93 S,,,237620.5493,892713.0989
3344861,BOSTON (BRIGHTON),12-Nov-2012,1:41 PM,Non-fatal injury,1,1,0,Head-on,V1: Travelling straight ahead,V1:Not reported ,"V1: Collision with cyclist (bicycle, tricycle, unicycle, pedal car) ",V1: Passenger car,Dry,Daylight,Clear/Clear,COMMONWEALTH AVENUE / ALLSTON STREET,,,,,"P2:Pedalcyclist (bicycle, tricycle, unicycle, pedal car)",229853.5679,899842.3698
3359730,BOSTON,12-Nov-2012,1:50 PM,Non-fatal injury,2,2,0,"Sideswipe, same direction",V1: Changing lanes / V2:Travelling straight ahead,V1:Westbound / V2:Westbound ,V1: Collision with motor vehicle in traffic / V2: Collision with motor vehicle in traffic ,"V1: Bus (seats for more than 15 people, including driver) / V2:Light truck(van, mini-van, panel, pickup, sport utility) with only four tires",Dry,Daylight,Clear/Clear,,HUNTINGTON AVENUE / LOUIS PRANG STREET,,,,,233334.7968,898648.8752
3353831,BOSTON,12-Nov-2012,3:54 PM,Non-fatal injury,2,1,0,Rear-end,V1: Slowing or stopped in traffic / V2:Slowing or stopped in traffic,V1:Northbound / V2:Northbound ,V1: Collision with motor vehicle in traffic / V2: Collision with motor vehicle in traffic ,V1: Passenger car / V2:Passenger car,Dry,Daylight,Cloudy,,5230 WASHINGTON STREET,,,,,228192.2521,890015.8702
3659421,BOSTON,12-Nov-2012,6:26 PM,Fatal injury,1,0,1,Not reported,V1: Not reported,V1:Not reported ,V1: Not reported ,"V1: Bus (seats for more than 15 people, including driver)",Not reported,Dawn,Not Reported,BRIGHTON AVENUE / HARVARD AVENUE,,,,,,230310.1562,900350.1872
3298212,BOSTON,12-Nov-2012,7:00 PM,Non-fatal injury,2,2,0,Angle,V1: Travelling straight ahead / V2:Travelling straight ahead,V1:Westbound / V2:Westbound ,V1: Not reported / V2: Not reported ,V1: Passenger car / V2:Tractor/semi-trailer,Dry,Dark - lighted roadway,Clear,,Rte 90 W,Rte 90  W Milemarker 131.0,Exit 19 on Rte 90 W,,,231312.2051,900784.6587
3295904,BOSTON,12-Nov-2012,7:14 PM,Property damage only (none injured),3,0,0,Rear-end,V1: Slowing or stopped in traffic / V2:Travelling straight ahead / V3:Travelling straight ahead,V1:Westbound / V2:Westbound / V3:Westbound ,V1: Collision with motor vehicle in traffic / V2: Collision with motor vehicle in traffic / V3: Collision with motor vehicle in traffic ,"V1: Passenger car / V2:Passenger car / V3:Light truck(van, mini-van, panel, pickup, sport utility) with only four tires",Dry,Dark - lighted roadway,Clear,STORROW DRIVE / CHARLESGATE OVERPASS,,,,MASS AVE,,233695.1823,900232.3919
3291969,BOSTON,12-Nov-2012,11:53 PM,Property damage only (none injured),2,0,0,Angle,V1: Changing lanes / V2:Travelling straight ahead,V1:Northbound / V2:Northbound ,V1: Collision with motor vehicle in traffic / V2: Collision with motor vehicle in traffic ,"V1: Passenger car / V2:Light truck(van, mini-van, panel, pickup, sport utility) with only four tires",Dry,Dark - lighted roadway,Clear,,Rte 93 N,,Exit 26 on Rte 93 N,,,236402.7433,901600.0342
3290887,BOSTON,13-Nov-2012,2:50 AM,Not Reported,1,0,0,Single vehicle crash,V1: Travelling straight ahead,V1:Eastbound ,V1: Collision with light pole or other post/support ,V1: Passenger car,Other,Dark - lighted roadway,Clear,,JAMAICAWAY / BYNNER STREET,,,JUST PRIOR TO BYNNER STREET,,231751.3122,897141.2239
3345030,BOSTON,13-Nov-2012,6:15 AM,Non-fatal injury,2,1,0,"Sideswipe, opposite direction",V1: Travelling straight ahead / V2:Travelling straight ahead,V1:Westbound / V2:Northbound ,V1: Collision with motor vehicle in traffic / V2: Collision with motor vehicle in traffic ,V1: Passenger car / V2:Passenger car,Wet,Daylight,Rain,CHESTNUT HILL AVENUE / COMMONWEALTH AVENUE,,,,,,228565.3749,898690.4998
3290127,BOSTON,13-Nov-2012,7:01 AM,Property damage only (none injured),5,0,0,Rear-end,V1: Travelling straight ahead / V2:Travelling straight ahead / V3:Travelling straight ahead / V4:Travelling straight ahead / V5:Slowing or stopped in traffic,V1:Westbound / V2:Westbound / V3:Westbound / V4:Westbound / V5:Westbound ,V1: Collision with motor vehicle in traffic / V2: Collision with motor vehicle in traffic / V3: Collision with motor vehicle in traffic / V4: Collision with motor vehicle in traffic / V5: Collision with motor vehicle in traffic ,"V1: Light truck(van, mini-van, panel, pickup, sport utility) with only four tires / V2:Passenger car / V3:Light truck(van, mini-van, panel, pickup, sport utility) with only four tires / V4:Light truck(van, mini-van, panel, pickup, sport utility) with only four tires / V5:Light truck(van, mini-van, panel, pickup, sport utility) with only four tires",Dry,Daylight,Cloudy,,STORROW DRIVE / CHARLESGATE OVERPASS,,,,,233762.242,900190.1105
3388330,BOSTON,13-Nov-2012,8:28 AM,Property damage only (none injured),2,0,0,Rear-end,V1: Slowing or stopped in traffic / V2:Travelling straight ahead,V1:Eastbound / V2:Eastbound ,V1: Collision with motor vehicle in traffic / V2: Collision with motor vehicle in traffic ,"V1: Passenger car / V2:Single-unit truck (2-axle, 6-tire)",Dry,Other,Rain,,MASSACHUSETTS TURNPIKE Rte 90 W / TED WILLIAMS TUNNEL,,,TED WILLIAMS TUNNEL,,239051.4028,900924.2439
3291613,BOSTON,13-Nov-2012,10:30 AM,Property damage only (none injured),2,0,0,"Sideswipe, same direction",V1: Travelling straight ahead / V2:Turning right,V1:Southbound / V2:Southbound ,V1: Collision with motor vehicle in traffic / V2: Collision with motor vehicle in traffic ,V1: Passenger car / V2:Passenger car,Wet,Daylight,Rain,,Rte 93 S,,Exit 12 on Rte 93 S,RTE 93 S @ EXIT 12,,237620.5493,892713.0989
3297454,BOSTON,13-Nov-2012,10:39 AM,Non-fatal injury,1,1,0,Single vehicle crash,V1: Travelling straight ahead,V1:Northbound ,V1: Collision with motor vehicle in traffic ,"V1: Light truck(van, mini-van, panel, pickup, sport utility) with only four tires",Dry,Daylight,Not Reported,RAMP - RT 3A NB TO RT 93 NB Rte 3A N / WILLIAM T MORRISSEY BOULEVARD,,,,MORRISSEY BLVD NB BY NEPONSET CI,,237747.8748,893032.2598
3295628,BOSTON,13-Nov-2012,12:14 PM,Non-fatal injury,2,4,0,Angle,V1: Travelling straight ahead / V2:Turning left,V1:Eastbound / V2:Northbound ,V1: Collision with motor vehicle in traffic / V2: Collision with motor vehicle in traffic ,"V1: Light truck(van, mini-van, panel, pickup, sport utility) with only four tires / V2:Passenger car",Wet,Daylight,Rain,,1750 SOLDIERS FIELD ROAD / SOLDIERS FIELD ROAD,,,IN FRONT OF MCDONALD&AMP;APOS;S,,228414.2417,901015.7052
3292063,BOSTON,13-Nov-2012,12:15 PM,Non-fatal injury,1,1,0,Single vehicle crash,V1: Travelling straight ahead,V1:Southbound ,V1: Collision with tree ,V1: Passenger car,Wet,Daylight,Not Reported,,ENNEKING PARKWAY / TURTLE POND PARKWAY,,,,,229687.9375,889839.1252
3341777,BOSTON,13-Nov-2012,12:24 PM,Property damage only (none injured),1,0,0,Single vehicle crash,V1: Travelling straight ahead,V1:Westbound ,V1: Collision with guardrail ,"V1: Light truck(van, mini-van, panel, pickup, sport utility) with only four tires",Snow,Daylight,Not Reported,,SOLDIERS FIELD ROAD EXTENSION,,,,,,
3291976,BOSTON,13-Nov-2012,1:20 PM,Property damage only (none injured),2,0,0,"Sideswipe, same direction",V1: Travelling straight ahead / V2:Travelling straight ahead,V1:Northbound / V2:Northbound ,V1: Collision with motor vehicle in traffic / V2: Collision with motor vehicle in traffic ,V1: Passenger car / V2:Passenger car,Wet,Daylight,Not Reported,,JAMES SHEA CIRCLE / MORTON STREET,,,ROTARY,,232472.6903,894518.7512
3291970,BOSTON,13-Nov-2012,1:25 PM,Non-fatal injury,2,2,0,"Sideswipe, same direction",V1: Turning right / V2:Travelling straight ahead,V1:Northbound / V2:Southbound ,V1: Collision with motor vehicle in traffic / V2: Collision with motor vehicle in traffic ,"V1: Light truck(van, mini-van, panel, pickup, sport utility) with only four tires / V2:Passenger car",Wet,Daylight,Rain,,SOUTHBOUND FRONTAGE ROAD / BOSTON STREET,,,S BAY MALL,,236249.7928,897688.7542
3297981,BOSTON,13-Nov-2012,1:40 PM,Non-fatal injury,2,2,0,Rear-end,V1: Slowing or stopped in traffic / V2:Travelling straight ahead,V1:Eastbound / V2:Northbound ,V1: Collision with motor vehicle in traffic / V2: Collision with motor vehicle in traffic ,"V1: Light truck(van, mini-van, panel, pickup, sport utility) with only four tires / V2:Passenger car",Wet,Daylight,Rain,,MORTON STREET / SELDEN STREET,,,,,234424.4024,892301.6634
3292054,BOSTON,13-Nov-2012,1:51 PM,Non-fatal injury,1,1,0,Single vehicle crash,V1: Travelling straight ahead,V1:Westbound ,V1: Collision with curb ,V1: Passenger car,Wet,Daylight,Rain,,0 feet E from Intersection SOLDIERS FIELD ROAD / NORTH HARVARD STREET,,,,,230992.3482,902048.2872
3291876,BOSTON,13-Nov-2012,2:30 PM,Property damage only (none injured),2,0,0,"Sideswipe, same direction",V1: Travelling straight ahead / V2:Travelling straight ahead,V1:Southbound / V2:Southbound ,V1: Collision with motor vehicle in traffic / V2: Collision with motor vehicle in traffic ,"V1: Light truck(van, mini-van, panel, pickup, sport utility) with only four tires / V2:Light truck(van, mini-van, panel, pickup, sport utility) with only four tires",Wet,Daylight,Rain,,Rte 93 S,,Exit 23 on Rte 93 S,,,236856.2793,901152.8251
3380505,BOSTON,13-Nov-2012,2:33 PM,Non-fatal injury,1,1,0,Single vehicle crash,V1: Travelling straight ahead,V1:Northbound ,V1: Collision with median barrier ,V1: Passenger car,Wet,Daylight,Rain,,RAMP - NEW SUDBURY STREET TO RT 93 NB / NEW SUDBURY STREET,,,RAMP SA-CN,,236446.0225,901544.9001
3290753,BOSTON,13-Nov-2012,4:00 PM,Not Reported,1,0,0,Single vehicle crash,V1: Travelling straight ahead,V1:Westbound ,V1: Collision with guardrail ,V1: Passenger car,Wet,Dusk,Not Reported,,Rte 93 S,,Exit 11B on Rte 93 S,ON RAMP,,237192.6452,891943.742
3325417,BOSTON (ROXBURY),13-Nov-2012,4:12 PM,Property damage only (none injured),1,0,0,Single vehicle crash,V1: Not reported,V1:Northbound ,V1: Not reported ,"V1: Light truck(van, mini-van, panel, pickup, sport utility) with only four tires",Wet,Dusk,Rain/Rain,WASHINGTON STREET / LENOX STREET,,,,,,234711.424,898370.2392
3325299,BOSTON,13-Nov-2012,4:22 PM,Non-fatal injury,1,1,0,Single vehicle crash,V1: Turning left,V1:Northbound ,V1: Collision with pedestrian ,V1: Passenger car,Wet,Dark - lighted roadway,Rain,WASHINGTON STREET / EAST NEWTON STREET,,,,,P2:Pedestrian,235135.7342,898796.2498
3381336,BOSTON,13-Nov-2012,4:39 PM,Property damage only (none injured),1,0,0,Single vehicle crash,V1: Travelling straight ahead,V1:Eastbound ,V1: Collision with light pole or other post/support ,V1: Passenger car,Wet,Dusk,Not Reported,,WORLD TRADE CENTER ROAD / SUMMER STREET,,,WORLD TRADE CENTER BLVD,,237823.2187,900144.5395
3380506,BOSTON,13-Nov-2012,6:00 PM,Property damage only (none injured),2,0,0,Rear-end,V1: Slowing or stopped in traffic / V2:Travelling straight ahead,V1:Westbound / V2:Westbound ,V1: Collision with motor vehicle in traffic / V2: Collision with motor vehicle in traffic ,"V1: Light truck(van, mini-van, panel, pickup, sport utility) with only four tires / V2:Passenger car",Wet,Dark - lighted roadway,Rain,,MASSACHUSETTS TURNPIKE Rte 90 W / RAMP - DARTMOUTH STREET TO RT 90 WB,,,PRUDENTIAL TUNNEL,,234533.4321,899783.9228
3291971,BOSTON,13-Nov-2012,7:59 PM,Non-fatal injury,2,1,0,Rear-end,V1: Slowing or stopped in traffic / V2:Slowing or stopped in traffic,V1:Southbound / V2:Southbound ,V1: Collision with motor vehicle in traffic / V2: Collision with motor vehicle in traffic ,V1: Passenger car / V2:Passenger car,Dry,Dark - lighted roadway,Cloudy,RAMP - RT 93 SB TO ALBANY STREET / RAMP - RT 93 SB TO RT 90 WB,,,Exit 20B on Rte 93 S,ALBANY ST EXIT,,236194.9834,899833.6494
3388334,BOSTON,14-Nov-2012,1:19 AM,Property damage only (none injured),2,0,0,"Sideswipe, same direction",V1: Travelling straight ahead / V2:Entering traffic lane,V1:Southbound / V2:Southbound ,V1: Collision with motor vehicle in traffic / V2: Collision with motor vehicle in traffic ,"V1: Light truck(van, mini-van, panel, pickup, sport utility) with only four tires / V2:Single-unit truck (2-axle, 6-tire)",Dry,Dark - lighted roadway,Clear,LEVERETT CONNECTOR SOUTH / JOHN F FITZGERALD EXPRESSWAY Rte 93 S,,,,COLLECTOR TUNNEL EXIT,,234851.4114,903728.5153
3290129,BOSTON,14-Nov-2012,6:48 AM,Non-fatal injury,2,1,0,Rear-end,V1: Slowing or stopped in traffic / V2:Slowing or stopped in traffic,V1:Northbound / V2:Northbound ,V1: Collision with motor vehicle in traffic / V2: Collision with motor vehicle in traffic ,"V1: Passenger car / V2:Light truck(van, mini-van, panel, pickup, sport utility) with only four tires",Dry,Daylight,Clear,FENWAY / LOUIS PRANG STREET,,,,,,233182.6565,898738.0626
3291267,BOSTON,14-Nov-2012,7:19 AM,Property damage only (none injured),2,0,0,Head-on,V1: Travelling straight ahead / V2:Turning left,V1:Westbound / V2:Eastbound ,V1: Collision with motor vehicle in traffic / V2: Collision with motor vehicle in traffic ,V1: Passenger car / V2:Passenger car,Dry,Daylight,Clear,OLD HARBOR STREET / COLUMBIA ROAD,,,,,,237303.6252,897837.3127
3291268,BOSTON,14-Nov-2012,8:55 AM,Property damage only (none injured),2,0,0,Rear-end,V1: Changing lanes / V2:Slowing or stopped in traffic,V1:Northbound / V2:Northbound ,V1: Collision with motor vehicle in traffic / V2: Collision with motor vehicle in traffic ,V1: Passenger car / V2:Passenger car,Dry,Daylight,Clear,,Rte 93 N,,Exit 15 on Rte 93 N,HOV EXIT,,236972.2496,896473.4282
3305708,BOSTON,14-Nov-2012,9:20 AM,Non-fatal injury,2,1,0,Angle,V1: Travelling straight ahead / V2:Travelling straight ahead,V1:Northbound / V2:Eastbound ,V1: Collision with motor vehicle in traffic / V2: Collision with motor vehicle in traffic ,"V1: Passenger car / V2:Light truck(van, mini-van, panel, pickup, sport utility) with only four tires",Dry,Daylight,Clear,,MORTON STREET Rte 203 / HARVARD STREET,,,,,233493.5311,893100.9999
3352293,BOSTON,14-Nov-2012,10:30 AM,Property damage only (none injured),2,0,0,Angle,V1: Travelling straight ahead / V2:Travelling straight ahead,V1:Northbound / V2:Eastbound ,V1: Collision with motor vehicle in traffic / V2: Collision with motor vehicle in traffic ,V1: Passenger car / V2:Passenger car,Dry,Daylight,Clear,,BERKELEY STREET / BACK STREET,,,,,235009.6998,900623.457