Crash Number,City/Town Name,Crash Date,Crash Time,Crash Severity,Number of Vehicles,Total Nonfatal Injuries,Total Fatal Injuries,Manner of Collision,Vehicle Action Prior to Crash,Vehicle Travel Directions,Most Harmful Events,Vehicle Configuration,Road Surface Condition,Ambient Light,Weather Condition,At Roadway Intersection,Distance from Nearest Roadway Intersection,Distance from Nearest Milemarker,Distance from Nearest Exit,Distance from Nearest Landmark,Non Motorist Type,X Coordinate,Y Coordinate
3295937,BOSTON,27-Nov-2012,1:01 PM,Non-fatal injury,1,1,0,Single vehicle crash,V1: Travelling straight ahead,V1:Eastbound ,V1: Collision with curb ,V1: Passenger car,Wet,Daylight,Not Reported,,STORROW DRIVE Rte 28 S / RAMP - RT 3 TO RT 28 SB,,,""S-CURVES"""S-CURVES"""",,235192.9236,901261.7935
3325413,BOSTON,27-Nov-2012,2:24 PM,Non-fatal injury,1,1,0,Single vehicle crash,V1: Turning left,V1:Northbound ,V1: Collision with pedestrian ,"V1: Light truck(van, mini-van, panel, pickup, sport utility) with only four tires",Wet,Daylight,Rain,NORTHAMPTON STREET / HARRISON AVENUE,,,,,P2:Pedestrian,234964.8256,898304.0325
3297863,BOSTON,27-Nov-2012,3:10 PM,Property damage only (none injured),2,0,0,Angle,V1: Turning left / V2:Slowing or stopped in traffic,V1:Westbound / V2:Eastbound ,V1: Collision with motor vehicle in traffic / V2: Collision with motor vehicle in traffic ,"V1: Light truck(van, mini-van, panel, pickup, sport utility) with only four tires / V2:Tractor/semi-trailer",Wet,Daylight,Cloudy/Rain,MASSACHUSETTS AVENUE CONNECTOR / FRONTAGE ROAD / RAMP - FRONTAGE ROAD TO RT 93 NB,,,,MASS AVE CONNECTOR,,235865.0173,898419.1854
3299806,BOSTON,27-Nov-2012,3:44 PM,Property damage only (none injured),1,0,0,Single vehicle crash,V1: Turning left,V1:Westbound ,V1: Collision with guardrail ,V1: Passenger car,Wet,Daylight,Rain,,SOLDIERS FIELD ROAD,,,WEEKS FOOTBRIDGE,,231377.8076,901969.8381
3298899,BOSTON,27-Nov-2012,4:30 PM,Property damage only (none injured),2,0,0,Rear-end,V1: Slowing or stopped in traffic / V2:Travelling straight ahead,V1:Westbound / V2:Westbound ,V1: Collision with motor vehicle in traffic / V2: Collision with motor vehicle in traffic ,"V1: Light truck(van, mini-van, panel, pickup, sport utility) with only four tires / V2:Light truck(van, mini-van, panel, pickup, sport utility) with only four tires",Wet,Daylight,Cloudy,,STORROW DRIVE,,,HATCH SHELL,,235176.6897,900826.525
3355266,BOSTON (BRIGHTON),27-Nov-2012,8:38 PM,Non-fatal injury,1,1,0,Not reported,V1: Turning left,V1:Not reported ,V1: Collision with pedestrian ,V1: Passenger car,Wet,Dark - lighted roadway,"Rain/Sleet, hail (freezing rain or drizzle)",MARKET STREET / HENSHAW STREET,,,,,P3:Pedestrian,228593.0936,900007.0623
3296531,BOSTON,27-Nov-2012,8:53 PM,Property damage only (none injured),3,0,0,Angle,V1: Turning left / V2:Parked / V3:Parked,V1:Northbound / V2:Northbound / V3:Northbound ,V1: Collision with parked motor vehicle / V2: Collision with motor vehicle in traffic / V3: Collision with parked motor vehicle ,"V1: Light truck(van, mini-van, panel, pickup, sport utility) with only four tires / V2:Passenger car / V3:Passenger car",Wet,Dark - lighted roadway,Cloudy,,PARK DRIVE / 191,,,,,232960.4003,899010.1568
3296532,BOSTON,27-Nov-2012,9:30 PM,Property damage only (none injured),2,0,0,Angle,V1: Turning right / V2:Travelling straight ahead,V1:Northbound / V2:Northbound ,V1: Collision with motor vehicle in traffic / V2: Collision with motor vehicle in traffic ,V1: Passenger car / V2:Passenger car,Wet,Dark - lighted roadway,Cloudy,CHARLESGATE OVERPASS / CHARLESGATE EAST / UNNAMED ROAD,,,,STORROW DRIVE EAST,,233740.6464,900167.2604
3299808,BOSTON,27-Nov-2012,10:06 PM,Non-fatal injury,2,1,0,Angle,V1: Entering traffic lane / V2:Travelling straight ahead,V1:Westbound / V2:Southbound ,V1: Collision with motor vehicle in traffic / V2: Collision with motor vehicle in traffic ,"V1: Light truck(van, mini-van, panel, pickup, sport utility) with only four tires / V2:Passenger car",Wet,Dark - lighted roadway,Rain,,780 GALLIVAN BOULEVARD,,,SOVEREIGN BANK,,237563.1728,892812.7467
3297436,BOSTON,28-Nov-2012,8:16 AM,Property damage only (none injured),3,0,0,Rear-end,V1: Slowing or stopped in traffic / V2:Travelling straight ahead / V3:Travelling straight ahead,V1:Northbound / V2:Northbound / V3:Northbound ,V1: Collision with motor vehicle in traffic / V2: Collision with motor vehicle in traffic / V3: Collision with motor vehicle in traffic ,"V1: Light truck(van, mini-van, panel, pickup, sport utility) with only four tires / V2:Passenger car / V3:Passenger car",Dry,Daylight,Clear,,Rte 93 N,,Exit 23 on Rte 93 N,,,236957.4837,900943.9828
3348032,BOSTON,28-Nov-2012,11:45 AM,Property damage only (none injured),2,0,0,Not reported,V1: Slowing or stopped in traffic / V2:Travelling straight ahead,V1:Northbound / V2:Southbound ,V1: Collision with motor vehicle in traffic / V2: Collision with motor vehicle in traffic ,"V1: Passenger car / V2:Unknown heavy truck, cannot classify",Not reported,Not reported,Not Reported,,71 BROAD STREET,,,,,236779.9215,900905.3663
3318944,BOSTON,28-Nov-2012,11:55 AM,Property damage only (none injured),2,0,0,"Sideswipe, same direction",V1: Slowing or stopped in traffic / V2:Travelling straight ahead,V1:Southbound / V2:Southbound ,V1: Collision with motor vehicle in traffic / V2: Collision with motor vehicle in traffic ,V1: Passenger car / V2:Single-unit truck (3-or-more axles),Wet,Daylight,Cloudy,TREMONT STREET / PARK STREET,,,,,,236085.5715,900760.6904
3295615,BOSTON,28-Nov-2012,4:45 PM,Property damage only (none injured),2,0,0,Angle,V1: Changing lanes / V2:Travelling straight ahead,V1:Northbound / V2:Northbound ,V1: Collision with motor vehicle in traffic / V2: Collision with motor vehicle in traffic ,"V1: Passenger car / V2:Light truck(van, mini-van, panel, pickup, sport utility) with only four tires",Dry,Dark - lighted roadway,Clear,,Rte 93 N,,Exit 28 on Rte 93,,,234953.5188,903173.3157
3299606,BOSTON,28-Nov-2012,11:40 PM,Non-fatal injury,1,1,0,Single vehicle crash,V1: Travelling straight ahead,V1:Northbound ,V1: Not reported ,V1: Passenger car,Dry,Dark - lighted roadway,Clear,,Rte 93 N,,Exit 13 on Rte 93 N,,,237420.1414,894076.5227
3295905,BOSTON,29-Nov-2012,7:27 AM,Non-fatal injury,3,1,0,"Sideswipe, same direction",V1: Travelling straight ahead / V2:Slowing or stopped in traffic / V3:Slowing or stopped in traffic,V1:Southbound / V2:Southbound / V3:Southbound ,V1: Collision with motor vehicle in traffic / V2: Collision with motor vehicle in traffic / V3: Collision with motor vehicle in traffic ,"V1: Light truck(van, mini-van, panel, pickup, sport utility) with only four tires / V2:Passenger car / V3:Passenger car",Dry,Daylight,Clear,,0 feet N from Intersection WILLIAM T MORRISSEY BOULEVARD / NEPONSET AVENUE,,,,,237696.0819,892924.3425
3297438,BOSTON,29-Nov-2012,7:53 AM,Non-fatal injury,2,1,0,Angle,V1: Travelling straight ahead / V2:Turning left,V1:Eastbound / V2:Northbound ,V1: Collision with motor vehicle in traffic / V2: Collision with motor vehicle in traffic ,V1: Passenger car / V2:Passenger car,Dry,Daylight,Clear,HAUL ROAD / RAMP - HAUL ROAD TO RT 90 EB,,,,,,237364.203,899804.2498
3345509,BOSTON (BRIGHTON),29-Nov-2012,8:53 AM,Non-fatal injury,2,1,0,Rear-end,V1: Slowing or stopped in traffic / V2:Not reported,V1:Northbound / V2:Northbound ,V1: Not reported / V2: Not reported ,V1: Passenger car / V2:Passenger car,Dry,Dawn,Clear/Clear,,810 COMMONWEALTH AVENUE,,,,,232054.2848,900067.8889
3295906,BOSTON,29-Nov-2012,10:00 AM,Non-fatal injury,2,2,0,Angle,V1: Travelling straight ahead / V2:Making U-turn,V1:Eastbound / V2:Eastbound ,V1: Collision with motor vehicle in traffic / V2: Collision with motor vehicle in traffic ,V1: Passenger car / V2:Passenger car,Dry,Daylight,Clear,,MORTON STREET / LUCERNE STREET,,,,,233856,892682.5623
3296126,BOSTON,29-Nov-2012,10:05 AM,Property damage only (none injured),2,0,0,"Sideswipe, same direction",V1: Slowing or stopped in traffic / V2:Changing lanes,V1:Southbound / V2:Southbound ,V1: Collision with motor vehicle in traffic / V2: Collision with motor vehicle in traffic ,"V1: Light truck(van, mini-van, panel, pickup, sport utility) with only four tires / V2:Passenger car",Dry,Daylight,Clear,,Rte 93 S,,Exit 15 on Rte 93,,,236629.6253,897168.5001
3344813,BOSTON,29-Nov-2012,11:44 AM,Non-fatal injury,2,1,0,Rear-end,V1: Travelling straight ahead / V2:Parked,V1:Not reported / V2:Not reported ,V1: Collision with parked motor vehicle / V2: Collision with motor vehicle in traffic ,V1: Passenger car / V2:Passenger car,Dry,Daylight,Clear/Clear,FANEUIL STREET / FAIRBANKS STREET,,,,,,227773.3596,900270.4376
3297437,BOSTON,29-Nov-2012,4:50 PM,Property damage only (none injured),3,0,0,Rear-end,V1: Travelling straight ahead / V2:Slowing or stopped in traffic / V3:Slowing or stopped in traffic,V1:Westbound / V2:Westbound / V3:Westbound ,V1: Collision with motor vehicle in traffic / V2: Collision with motor vehicle in traffic / V3: Collision with motor vehicle in traffic ,"V1: Passenger car / V2:Light truck(van, mini-van, panel, pickup, sport utility) with only four tires / V3:Light truck(van, mini-van, panel, pickup, sport utility) with only four tires",Dry,Dark - lighted roadway,Clear,,Rte 90 W,,,,,233367.2415,899792.0165
3328427,BOSTON,29-Nov-2012,6:15 PM,Property damage only (none injured),2,0,0,Angle,V1: Slowing or stopped in traffic / V2:Changing lanes,V1:Southbound / V2:Southbound ,V1: Collision with motor vehicle in traffic / V2: Collision with motor vehicle in traffic ,"V1: Passenger car / V2:Light truck(van, mini-van, panel, pickup, sport utility) with only four tires",Dry,Dark - lighted roadway,Clear,,LONGFELLOW BRIDGE Rte 3 S / CHARLES STREET CIRCLE,,,LONGFELLOW BRIDGE S/B BEFORE CHA,,235312.4513,901264.0006
3298889,BOSTON,29-Nov-2012,6:35 PM,Property damage only (none injured),2,0,0,Rear-end,V1: Slowing or stopped in traffic / V2:Slowing or stopped in traffic,V1:Southbound / V2:Southbound ,V1: Collision with motor vehicle in traffic / V2: Collision with motor vehicle in traffic ,V1: Passenger car / V2:Passenger car,Dry,Dark - roadway not lighted,Cloudy,,Rte 93 S,,,,,236230.9505,899817.9615
3381341,BOSTON,29-Nov-2012,7:30 PM,Property damage only (none injured),2,0,0,Angle,V1: Travelling straight ahead / V2:Turning left,V1:Northbound / V2:Westbound ,V1: Collision with motor vehicle in traffic / V2: Not reported ,V1: Passenger car / V2:Passenger car,Dry,Dark - lighted roadway,Cloudy,RAMP - RT 90 EB TO HOTEL DRIVE / HOTEL DRIVE / CENTRAL PARKING ACCESS ROAD,,,,,,239150.2356,902066.9176
3296533,BOSTON,29-Nov-2012,8:41 PM,Property damage only (none injured),2,0,0,Single vehicle crash,V1: Changing lanes / V2:Turning left,V1:Eastbound / V2:Eastbound ,V1: Not reported / V2: Collision with median barrier ,"V1: Passenger car / V2:Light truck(van, mini-van, panel, pickup, sport utility) with only four tires",Dry,Dark - lighted roadway,Cloudy,,STORROW DRIVE / RAMP - STORROW DRIVE TO CLARENDON STREET,,,,,234643.543,900504.6822
3332701,BOSTON,29-Nov-2012,9:08 PM,Not Reported,2,0,0,Not reported,V1: Not reported / V2:Not reported,V1:Not reported / V2:Not reported ,V1: Not reported / V2: Not reported ,V1: Passenger car / V2:Passenger car,Not reported,Not reported,Not Reported,RIVER STREET / BLAKE STREET,,,,,,232466.8436,890401.8127
3298890,BOSTON,30-Nov-2012,9:32 AM,Non-fatal injury,2,1,0,"Sideswipe, same direction",V1: Changing lanes / V2:Travelling straight ahead,V1:Southbound / V2:Southbound ,V1: Collision with motor vehicle in traffic / V2: Collision with motor vehicle in traffic ,"V1: Light truck(van, mini-van, panel, pickup, sport utility) with only four tires / V2:Motorcycle",Dry,Daylight,Clear,,Rte 93 S,,Exit 23 on Rte 93 S,,,236856.2793,901152.8251
3337531,BOSTON,30-Nov-2012,10:02 AM,Property damage only (none injured),2,0,0,"Sideswipe, same direction",V1: Travelling straight ahead / V2:Turning right,V1:Southbound / V2:Southbound ,V1: Collision with motor vehicle in traffic / V2: Collision with motor vehicle in traffic ,V1: Single-unit truck (3-or-more axles) / V2:Passenger car,Dry,Daylight,Clear,,Rte 93 S,,Exit 18 on Rte 93 S,,,236013.2783,899092.9981
3331532,BOSTON (HYDE PARK),30-Nov-2012,11:57 AM,Property damage only (none injured),5,0,0,Not reported,V1: Travelling straight ahead / V2:Parked / V3:Parked / V4:Parked / V5:Parked,V1:Not reported / V2:Not reported / V3:Not reported / V4:Not reported / V5:Not reported ,V1: Collision with parked motor vehicle / V2: Collision with motor vehicle in traffic / V3: Collision with parked motor vehicle / V4: Collision with parked motor vehicle / V5: Collision with parked motor vehicle ,"V1: Passenger car / V2:Passenger car / V3:Passenger car / V4:Light truck(van, mini-van, panel, pickup, sport utility) with only four tires / V5:Light truck(van, mini-van, panel, pickup, sport utility) with only four tires",Not reported,Not reported,Not Reported,,1455 RIVER STREET / RESERVATION ROAD,,,,,230453.2342,889150.1248
3353415,BOSTON,30-Nov-2012,7:45 PM,Non-fatal injury,2,4,0,Angle,V1: Travelling straight ahead / V2:Not reported,V1:Not reported / V2:Not reported ,V1: Collision with motor vehicle in traffic / V2: Not reported ,V1: Passenger car / V2:Passenger car,Dry,Dark - lighted roadway,Clear,ROBIN HOOD STREET / FOLSOM STREET,,,,,,235282.0935,896449.8127
3359364,BOSTON,01-Dec-2012,00:00 AM,Non-fatal injury,2,1,0,Angle,V1: Travelling straight ahead / V2:Entering traffic lane,V1:Southbound / V2:Westbound ,V1: Collision with motor vehicle in traffic / V2: Collision with motor vehicle in traffic ,"V1: Passenger car / V2:Light truck(van, mini-van, panel, pickup, sport utility) with only four tires",Wet,Daylight,"Sleet, hail (freezing rain or drizzle)/Sleet, hail (freezing rain or drizzle)",GENEVA AVENUE / HOMES AVENUE,,,,,,235440.9687,894775.9373
3323321,BOSTON (CHARLESTOWN),01-Dec-2012,2:07 AM,Not Reported,2,0,0,Rear-end,V1: Not reported / V2:Not reported,V1:Not reported / V2:Northbound ,V1: Not reported / V2: Not reported ,V1: Unknown vehicle configuration / V2:Unknown vehicle configuration,Dry,Dark - lighted roadway,Clear,NEW RUTHERFORD AVENUE / AUSTIN STREET,,,,,,235596.5554,902715.3309
3298891,BOSTON,01-Dec-2012,3:25 AM,Non-fatal injury,1,1,0,Single vehicle crash,V1: Leaving traffic lane,V1:Eastbound ,V1: Collision with motor vehicle in traffic ,V1: Passenger car,Wet,Dark - lighted roadway,Rain,,EAST BOSTON EXPRESSWAY Rte 1A / CALLAHAN TUNNEL,,,,,238035.7765,902633.3468
3347249,BOSTON,01-Dec-2012,7:35 AM,Property damage only (none injured),2,0,0,"Sideswipe, same direction",V1: Travelling straight ahead / V2:Travelling straight ahead,V1:Northbound / V2:Northbound ,V1: Collision with motor vehicle in traffic / V2: Collision with median barrier ,"V1: Passenger car / V2:Light truck(van, mini-van, panel, pickup, sport utility) with only four tires",Snow,Daylight,Snow,,RUTHERFORD AVENUE Rte 250 / Rte 99,,,,,235926.8085,902470.8754
3344815,BOSTON (BRIGHTON),01-Dec-2012,11:22 AM,Not Reported,1,0,0,Rear-end,V1: Turning left,V1:Not reported ,V1: Collision with unknown fixed object ,V1: Passenger car,Wet,Daylight,"Blowing sand, snow",,5 NORTH BEACON STREET,,,,"P2:Other non-motorist (wheelchair, etc.)",229850.7587,900406.6737
3325390,BOSTON,01-Dec-2012,12:00 PM,Property damage only (none injured),2,0,0,Angle,V1: Travelling straight ahead / V2:Slowing or stopped in traffic,V1:Not reported / V2:Not reported ,V1: Collision with motor vehicle in traffic / V2: Collision with motor vehicle in traffic ,V1: Passenger car / V2:Passenger car,Wet,Daylight,Rain/Snow,,2329 CENTRE STREET,,,,,227891.204,891207.8477
3353920,BOSTON (DORCHESTER),01-Dec-2012,12:10 PM,Property damage only (none injured),1,0,0,Single vehicle crash,V1: Travelling straight ahead,V1:Not reported ,V1: Collision with utility pole ,"V1: Light truck(van, mini-van, panel, pickup, sport utility) with only four tires",Dry,Dark - lighted roadway,Clear/Clear,KIMBALL STREET / FREEPORT STREET,,,,,,236532.2342,895054.1248
3381587,BOSTON,01-Dec-2012,12:44 PM,Property damage only (none injured),3,0,0,Rear-end,V1: Slowing or stopped in traffic / V2:Slowing or stopped in traffic / V3:Travelling straight ahead,V1:Southbound / V2:Southbound / V3:Southbound ,V1: Collision with motor vehicle in traffic / V2: Collision with motor vehicle in traffic / V3: Collision with motor vehicle in traffic ,"V1: Light truck(van, mini-van, panel, pickup, sport utility) with only four tires / V2:Light truck(van, mini-van, panel, pickup, sport utility) with only four tires / V3:Light truck(van, mini-van, panel, pickup, sport utility) with only four tires",Wet,Daylight,Snow,,JOHN F FITZGERALD EXPRESSWAY Rte 93 S,,,RTE 93 SOUTH OF SAVIN HILL,,236846.8085,895713.3471
3347292,BOSTON (CHARLESTOWN),01-Dec-2012,12:50 PM,Not Reported,2,0,0,Rear-end,V1: Not reported / V2:Not reported,V1:Not reported / V2:Not reported ,V1: Not reported / V2: Not reported ,"V1: Light truck(van, mini-van, panel, pickup, sport utility) with only four tires / V2:Passenger car",Dry,Dark - lighted roadway,Clear,CHELSEA STREET / WARREN STREET,,,,,,236204.7544,902495.7325
3298930,BOSTON,01-Dec-2012,3:00 PM,Property damage only (none injured),1,0,0,Single vehicle crash,V1: Travelling straight ahead,V1:Westbound ,V1: Other ,"V1: Light truck(van, mini-van, panel, pickup, sport utility) with only four tires",Wet,Daylight,Rain/Snow,,Rte 90 W,,Exit 24 on Rte 90 W,,,238090.4393,899691.5691
3354523,BOSTON (ROSLINDALE),01-Dec-2012,4:57 PM,Not Reported,1,0,0,Single vehicle crash,V1: Travelling straight ahead,V1:Not reported ,V1: Not reported ,"V1: Single-unit truck (2-axle, 6-tire)",Wet,Dark - lighted roadway,Snow,,54 HILBURN STREET,,,,,230846.3482,892031.6106
3351166,BOSTON,01-Dec-2012,5:27 PM,Non-fatal injury,3,1,0,Angle,V1: Travelling straight ahead / V2:Travelling straight ahead / V3:Turning left,V1:Southbound / V2:Northbound / V3:Westbound ,V1: Collision with motor vehicle in traffic / V2: Collision with motor vehicle in traffic / V3: Collision with motor vehicle in traffic ,V1: Passenger car / V2:Passenger car / V3:Passenger car,Wet,Dark - lighted roadway,Other/Other,,GRANITE AVENUE,,,,,,
3298892,BOSTON,01-Dec-2012,7:42 PM,Non-fatal injury,1,2,0,Single vehicle crash,V1: Travelling straight ahead,V1:Southbound ,V1: Collision with median barrier ,V1: Passenger car,Dry,Dark - lighted roadway,Clear,,Rte 93 S,,Exit 23 on Rte 93 S,,,236856.2793,901152.8251
3352914,BOSTON,01-Dec-2012,10:15 PM,Property damage only (none injured),2,0,0,Single vehicle crash,V1: Travelling straight ahead / V2:Not reported,V1:Westbound / V2:Not reported ,V1: Collision with guardrail / V2: Not reported ,V1: Passenger car / V2:Not reported,Wet,Dark - lighted roadway,Rain,,SOLDIERS FIELD ROAD / NORTH BEACON STREET,,,NEAR IHOP,,228076.4976,901010.8434
3298546,BOSTON,01-Dec-2012,11:20 PM,Property damage only (none injured),1,0,0,Single vehicle crash,V1: Travelling straight ahead,V1:Westbound ,V1: Collision with curb ,V1: Passenger car,Wet,Dark - lighted roadway,Clear,,STORROW DRIVE Rte 28 S / RAMP - RT 3 TO RT 28 SB,,,"BY LONGFELLOW "S" TURN""Y LONGF",,235192.8828,901264.0794
3389317,BOSTON,02-Dec-2012,1:11 AM,Non-fatal injury,2,1,0,Rear-end,V1: Travelling straight ahead / V2:Slowing or stopped in traffic,V1:Southbound / V2:Southbound ,V1: Collision with motor vehicle in traffic / V2: Collision with motor vehicle in traffic ,V1: Passenger car / V2:Passenger car,Dry,Dark - lighted roadway,Clear,,Rte 93,,Exit 15 on Rte 93,PRIOR TO EXIT 15,,236629.6253,897168.5001
3308048,BOSTON,02-Dec-2012,2:28 AM,Property damage only (none injured),1,0,0,Single vehicle crash,V1: Travelling straight ahead,V1:Eastbound ,V1: Collision with guardrail ,V1: Passenger car,Wet,Dark - lighted roadway,Not Reported,,STORROW DRIVE Rte 28 N / RAMP TO CHARLES CIRCLE,,,"" S " TURN BY LONGFELLOW"" S " TURN BY LONGFELLOW""S " TURN BY LONGFEL"" " TURN BY LONGF""" TURN BY LONG"" TURN BY LONG",,235228.0685,901243.6989
3328151,BOSTON,02-Dec-2012,5:26 AM,Unknown,2,0,0,Head-on,V1: Travelling straight ahead / V2:Parked,V1:Not reported / V2:Not reported ,V1: Collision with parked motor vehicle / V2: Not reported ,V1: Passenger car / V2:Passenger car,Dry,Dark - lighted roadway,Clear,,115 BOWDOIN STREET,,,,,236009.3394,901056.2837
3308051,BOSTON,02-Dec-2012,5:27 AM,Non-fatal injury,2,1,0,Angle,V1: Turning right / V2:Travelling straight ahead,V1:Westbound / V2:Northbound ,V1: Collision with motor vehicle in traffic / V2: Collision with motor vehicle in traffic ,V1: Passenger car / V2:Passenger car,Dry,Dark - lighted roadway,Clear,RAMP - SOLDIERS FIELD RD WB TO WESTERN A / CAMBRIDGE STREET,,,,DOUBLE TREE,,231513.4279,901241.461
3296534,BOSTON,02-Dec-2012,12:33 PM,Non-fatal injury,3,2,0,Head-on,V1: Travelling straight ahead / V2:Travelling straight ahead / V3:Travelling straight ahead,V1:Southbound / V2:Northbound / V3:Southbound ,V1: Collision with motor vehicle in traffic / V2: Collision with motor vehicle in traffic / V3: Collision with motor vehicle in traffic ,"V1: Light truck(van, mini-van, panel, pickup, sport utility) with only four tires / V2:Light truck(van, mini-van, panel, pickup, sport utility) with only four tires / V3:Passenger car",Wet,Daylight,Cloudy,,0 feet E from Intersection JAMAICAWAY / PERKINS STREET,,,,,231606.1562,896796.9999
3299712,BOSTON,02-Dec-2012,3:15 PM,Property damage only (none injured),2,0,0,Angle,V1: Travelling straight ahead / V2:Turning left,V1:Eastbound / V2:Eastbound ,V1: Collision with motor vehicle in traffic / V2: Collision with motor vehicle in traffic ,"V1: Light truck(van, mini-van, panel, pickup, sport utility) with only four tires / V2:Light truck(van, mini-van, panel, pickup, sport utility) with only four tires",Dry,Daylight,Clear,,CENTRE STREET / LOUDERS LANE,,,,,230971.8901,895124.6164
3325297,BOSTON,02-Dec-2012,4:29 PM,Non-fatal injury,2,1,0,Not reported,V1: Travelling straight ahead / V2:Travelling straight ahead,V1:Eastbound / V2:Southbound ,V1: Collision with motor vehicle in traffic / V2: Collision with motor vehicle in traffic ,V1: Passenger car / V2:Not reported,Not reported,Not reported,Not Reported,HUNTINGTON AVENUE / FORSYTH STREET,,,,,,233733.0897,898890.8761
3297456,BOSTON,02-Dec-2012,5:00 PM,Property damage only (none injured),2,0,0,Angle,V1: Travelling straight ahead / V2:Entering traffic lane,V1:Southbound / V2:Southbound ,V1: Collision with motor vehicle in traffic / V2: Collision with motor vehicle in traffic ,V1: Passenger car / V2:Passenger car,Dry,Dark - lighted roadway,Clear,,WILLIAM T MORRISSEY BOULEVARD,,,LIGHTS AT SHAW'S,,237096.5284,896603.8653
3299252,BOSTON,02-Dec-2012,5:50 PM,Property damage only (none injured),1,0,0,Single vehicle crash,V1: Travelling straight ahead,V1:Westbound ,V1: Collision with guardrail ,"V1: Light truck(van, mini-van, panel, pickup, sport utility) with only four tires",Wet,Dark - lighted roadway,Cloudy,,SOLDIERS FIELD ROAD / STORROW DRIVE,,,0 feet W from BU BRIDGE,,231905.969,900247.0866
3362006,BOSTON,02-Dec-2012,6:52 PM,Property damage only (none injured),2,0,0,Angle,V1: Travelling straight ahead / V2:Parked,V1:Northbound / V2:Not reported ,V1: Collision with parked motor vehicle / V2: Collision with motor vehicle in traffic ,"V1: Light truck(van, mini-van, panel, pickup, sport utility) with only four tires / V2:Passenger car",Wet,Dark - lighted roadway,Cloudy,,192 POPLAR STREET / AUGUSTUS AVENUE,,,,,230717.6406,892482.6248
3297457,BOSTON,02-Dec-2012,10:00 PM,Property damage only (none injured),2,0,0,Angle,V1: Travelling straight ahead / V2:Travelling straight ahead,V1:Westbound / V2:Southbound ,V1: Collision with motor vehicle in traffic / V2: Collision with motor vehicle in traffic ,V1: Passenger car / V2:Passenger car,Wet,Dark - lighted roadway,Cloudy,,GALLIVAN BOULEVARD / NEPONSET AVENUE,,,NEPONSET CIRCLE,,237731.8737,892907.403
3298547,BOSTON,03-Dec-2012,1:30 AM,Not Reported,1,0,0,Single vehicle crash,V1: Travelling straight ahead,V1:Eastbound ,V1: Collision with motor vehicle in traffic ,V1: Passenger car,Dry,Dark - lighted roadway,Not Reported,,STORROW DRIVE / CHARLESGATE OVERPASS,,,,,233560.6777,900145.0609
3305691,BOSTON,03-Dec-2012,6:02 AM,Property damage only (none injured),2,0,0,"Sideswipe, same direction",V1: Travelling straight ahead / V2:Changing lanes,V1:Eastbound / V2:Eastbound ,V1: Collision with motor vehicle in traffic / V2: Collision with motor vehicle in traffic ,"V1: Light truck(van, mini-van, panel, pickup, sport utility) with only four tires / V2:Passenger car",Dry,Dark - lighted roadway,Clear,,MASSACHUSETTS TURNPIKE Rte 90 E / ALLSTON TOLL PLAZA,,Exit IC-19 on Rte 90 E,,,230688.9408,900755.689
3298893,BOSTON,03-Dec-2012,8:54 AM,Property damage only (none injured),3,0,0,"Sideswipe, same direction",V1: Overtaking/passing / V2:Travelling straight ahead / V3:Travelling straight ahead,V1:Westbound / V2:Westbound / V3:Westbound ,V1: Collision with motor vehicle in traffic / V2: Collision with motor vehicle in traffic / V3: Collision with motor vehicle in traffic ,"V1: Passenger car / V2:Light truck(van, mini-van, panel, pickup, sport utility) with only four tires / V3:Passenger car",Dry,Daylight,Clear,,Rte 90 W,,,,,233849.5805,899785.5734
3297868,BOSTON,03-Dec-2012,9:23 AM,Non-fatal injury,4,2,0,Rear-end,V1: Travelling straight ahead / V2:Slowing or stopped in traffic / V3:Slowing or stopped in traffic / V4:Slowing or stopped in traffic,V1:Southbound / V2:Southbound / V3:Southbound / V4:Southbound ,V1: Collision with motor vehicle in traffic / V2: Collision with motor vehicle in traffic / V3: Collision with motor vehicle in traffic / V4: Collision with motor vehicle in traffic ,"V1: Single-unit truck (2-axle, 6-tire) / V2:Passenger car / V3:Light truck(van, mini-van, panel, pickup, sport utility) with only four tires / V4:Light truck(van, mini-van, panel, pickup, sport utility) with only four tires",Dry,Daylight,Clear,,Rte 93 S,,Exit 15 on Rte 93,,,236629.6253,897168.5001
3299239,BOSTON,03-Dec-2012,10:30 AM,Property damage only (none injured),2,0,0,"Sideswipe, same direction",V1: Travelling straight ahead / V2:Changing lanes,V1:Southbound / V2:Southbound ,V1: Collision with motor vehicle in traffic / V2: Collision with motor vehicle in traffic ,V1: Tractor/semi-trailer / V2:Passenger car,Dry,Daylight,Clear,,Rte 93 S,,Exit 24 on Rte 93 S,,,236397.1933,901565.6511
3298551,BOSTON,03-Dec-2012,11:10 AM,Property damage only (none injured),2,0,0,Rear-end,V1: Travelling straight ahead / V2:Slowing or stopped in traffic,V1:Northbound / V2:Northbound ,V1: Collision with motor vehicle in traffic / V2: Collision with motor vehicle in traffic ,"V1: Passenger car / V2:Light truck(van, mini-van, panel, pickup, sport utility) with only four tires",Dry,Daylight,Clear,,Rte 93 N,,Exit 13 on Rte 93 N,,,237420.1414,894076.5227
3362102,BOSTON (DORCHESTER),03-Dec-2012,2:21 PM,Property damage only (none injured),1,0,0,Not reported,V1: Slowing or stopped in traffic,V1:Eastbound ,V1: Collision with pedestrian ,V1: Passenger car,Dry,Daylight,Clear/Other,LINDEN STREET / DORCHESTER AVENUE,,,,,P2:Pedestrian,236377.453,895152.5624
3379875,BOSTON,03-Dec-2012,3:00 PM,Property damage only (none injured),2,0,0,"Sideswipe, same direction",V1: Changing lanes / V2:Slowing or stopped in traffic,V1:Southbound / V2:Southbound ,V1: Collision with motor vehicle in traffic / V2: Collision with motor vehicle in traffic ,"V1: Passenger car / V2:Light truck(van, mini-van, panel, pickup, sport utility) with only four tires",Dry,Daylight,Clear,,Rte 93 S,,Exit 18 on Rte 93 S,,,236013.2783,899092.9981
3298936,BOSTON,03-Dec-2012,3:15 PM,Non-fatal injury,1,1,0,Single vehicle crash,V1: Travelling straight ahead,V1:Eastbound ,V1: Collision with pedestrian ,V1: Passenger car,Dry,Daylight,Cloudy,PARK DRIVE / QUEENSBERRY STREET,,,,,P2:Pedestrian,232872.9374,899103.9373
3298894,BOSTON,03-Dec-2012,3:30 PM,Property damage only (none injured),3,0,0,Rear-end,V1: Slowing or stopped in traffic / V2:Slowing or stopped in traffic / V3:Travelling straight ahead,V1:Northbound / V2:Northbound / V3:Northbound ,V1: Collision with motor vehicle in traffic / V2: Collision with motor vehicle in traffic / V3: Collision with motor vehicle in traffic ,"V1: Passenger car / V2:Light truck(van, mini-van, panel, pickup, sport utility) with only four tires / V3:Light truck(van, mini-van, panel, pickup, sport utility) with only four tires",Dry,Daylight,Clear,,Rte 93 N,,,NORTH OF TUNNEL PORTAL,,236742.6233,900426.5825
3353898,BOSTON (ROSLINDALE),03-Dec-2012,7:15 PM,Not Reported,1,0,0,Head-on,V1: Not reported,V1:Not reported ,V1: Not reported ,"V1: Light truck(van, mini-van, panel, pickup, sport utility) with only four tires",Dry,Dark - lighted roadway,Clear,,3875 WASHINGTON STREET,,,,,231488.7893,893998.8097
3353416,BOSTON,03-Dec-2012,8:15 PM,Non-fatal injury,2,1,0,Rear-end,V1: Travelling straight ahead / V2:Not reported,V1:Not reported / V2:Not reported ,V1: Collision with motor vehicle in traffic / V2: Not reported ,V1: Passenger car / V2:Passenger car,Dry,Dark - lighted roadway,Clear,WARREN STREET / ELM HILL AVENUE,,,,,,234331.9531,895939.4998
3344790,BOSTON (BRIGHTON),04-Dec-2012,8:12 AM,Non-fatal injury,1,2,0,Single vehicle crash,V1: Turning left,V1:Not reported ,V1: Collision with pedestrian ,"V1: Light truck(van, mini-van, panel, pickup, sport utility) with only four tires",Dry,Daylight,Cloudy/Cloudy,COMMONWEALTH AVENUE / ALLSTON STREET,,,,,P2:Pedestrian,229853.5679,899842.3698
3362507,BOSTON,04-Dec-2012,10:25 PM,Non-fatal injury,2,2,0,Head-on,V1: Parked / V2:Backing,V1:Not reported / V2:Northbound ,V1: Not reported / V2: Not reported ,V1: Passenger car / V2:Passenger car,Dry,Dark - lighted roadway,Clear/Clear,,156 WASHINGTON STREET,,,,,236427.319,901018.5912
3347254,BOSTON,05-Dec-2012,00:00 AM,Non-fatal injury,1,1,0,Single vehicle crash,V1: Travelling straight ahead,V1:Westbound ,V1: Collision with pedestrian ,"V1: Light truck(van, mini-van, panel, pickup, sport utility) with only four tires",Dry,Daylight,Clear,WEST STREET / TREMONT STREET,,,,,P3:Pedestrian,235972.739,900608.1108
3311946,BOSTON,05-Dec-2012,6:55 AM,Non-fatal injury,2,1,0,Angle,V1: Travelling straight ahead / V2:Travelling straight ahead,V1:Northbound / V2:Eastbound ,V1: Not reported / V2: Collision with motor vehicle in traffic ,"V1: Passenger car / V2:Light truck(van, mini-van, panel, pickup, sport utility) with only four tires",Dry,Daylight,Not Reported,PERKINS STREET / PARKMAN DRIVE,,,,,,231029.9064,896617.25
3331458,BOSTON,05-Dec-2012,7:53 AM,Property damage only (none injured),2,0,0,Angle,V1: Entering traffic lane / V2:Travelling straight ahead,V1:Southbound / V2:Westbound ,V1: Collision with motor vehicle in traffic / V2: Collision with motor vehicle in traffic ,"V1: Single-unit truck (2-axle, 6-tire) / V2:Passenger car",Dry,Daylight,Cloudy,,COLUMBIA ROAD / DORCHESTER AVENUE,,,,,236535.6564,896787.6252
3334157,BOSTON (DORCHESTER),05-Dec-2012,11:05 AM,Unknown,2,0,0,Angle,V1: Turning left / V2:Travelling straight ahead,V1:Northbound / V2:Not reported ,"V1: Collision with cyclist (bicycle, tricycle, unicycle, pedal car) / V2: Collision with motor vehicle in traffic ",V1: Unknown vehicle configuration / V2:Unknown vehicle configuration,Dry,Daylight,Clear/Clear,NEPONSET AVENUE / BOUTWELL STREET,,,,,,237130.2968,893569.8127
3298944,BOSTON,05-Dec-2012,12:00 PM,Non-fatal injury,3,1,0,Rear-end,V1: Travelling straight ahead / V2:Slowing or stopped in traffic / V3:Slowing or stopped in traffic,V1:Westbound / V2:Westbound / V3:Westbound ,V1: Collision with motor vehicle in traffic / V2: Collision with motor vehicle in traffic / V3: Collision with motor vehicle in traffic ,"V1: Light truck(van, mini-van, panel, pickup, sport utility) with only four tires / V2:Light truck(van, mini-van, panel, pickup, sport utility) with only four tires / V3:Light truck(van, mini-van, panel, pickup, sport utility) with only four tires",Dry,Daylight,Clear/Cloudy,MORTON STREET / NORFOLK STREET,,,,,,234066.8436,892435.125
3346857,BOSTON,05-Dec-2012,1:46 PM,Not Reported,1,0,0,Single vehicle crash,V1: Travelling straight ahead,V1:Not reported ,V1: Not reported ,V1: Passenger car,Dry,Daylight,Clear,TREMONT STREET / BOYLSTON STREET,,,,,P2:Pedestrian,235874.8974,900298.4584
3322001,BOSTON (HYDE PARK),05-Dec-2012,2:39 PM,Non-fatal injury,1,1,0,Single vehicle crash,V1: Turning left,V1:Westbound ,V1: Collision with pedestrian ,"V1: Bus (seats for more than 15 people, including driver)",Dry,Daylight,Clear,HYDE PARK AVENUE / RIVER STREET,,,,,P2:Pedestrian,231014.8439,889552.0002
3299608,BOSTON,05-Dec-2012,7:40 PM,Property damage only (none injured),2,0,0,Rear-end,V1: Travelling straight ahead / V2:Slowing or stopped in traffic,V1:Southbound / V2:Southbound ,V1: Collision with motor vehicle in traffic / V2: Collision with motor vehicle in traffic ,V1: Passenger car / V2:Passenger car,Dry,Dark - lighted roadway,Clear,,Rte 93 S,,Exit 15 on Rte 93 S,,,236629.6253,897168.5001
3356072,BOSTON,05-Dec-2012,8:37 PM,Property damage only (none injured),2,0,0,Rear-end,V1: Travelling straight ahead / V2:Travelling straight ahead,V1:Northbound / V2:Northbound ,V1: Not reported / V2: Not reported ,V1: Passenger car / V2:Passenger car,Dry,Dark - lighted roadway,Not Reported,CENTRE STREET / CENTRE PERKINS STREET ROTARY / CENTRE STREET,,,,,,232164.1226,896892.2647
3299706,BOSTON,05-Dec-2012,8:40 PM,Property damage only (none injured),2,0,0,Angle,V1: Travelling straight ahead / V2:Entering traffic lane,V1:Westbound / V2:Southbound ,V1: Collision with motor vehicle in traffic / V2: Collision with motor vehicle in traffic ,"V1: Light truck(van, mini-van, panel, pickup, sport utility) with only four tires / V2:Passenger car",Dry,Dark - lighted roadway,Clear,,COLUMBIA ROAD / DORCHESTER AVENUE,,,774,,236535.6564,896787.6252
3353895,BOSTON (ROSLINDALE),06-Dec-2012,6:30 AM,Unknown,1,0,0,Single vehicle crash,V1: Turning left,V1:Not reported ,V1: Collision with utility pole ,V1: Passenger car,Dry,Daylight,Cloudy,BELGRADE AVENUE / SOUTH STREET,,,,,,230552.0957,893036.7685