Crash Number,City/Town Name,Crash Date,Crash Time,Crash Severity,Number of Vehicles,Total Nonfatal Injuries,Total Fatal Injuries,Manner of Collision,Vehicle Action Prior to Crash,Vehicle Travel Directions,Most Harmful Events,Vehicle Configuration,Road Surface Condition,Ambient Light,Weather Condition,At Roadway Intersection,Distance from Nearest Roadway Intersection,Distance from Nearest Milemarker,Distance from Nearest Exit,Distance from Nearest Landmark,Non Motorist Type,X Coordinate,Y Coordinate
3305705,BOSTON,06-Dec-2012,7:40 AM,Property damage only (none injured),2,0,0,Rear-end,V1: Travelling straight ahead / V2:Slowing or stopped in traffic,V1:Eastbound / V2:Eastbound ,V1: Collision with motor vehicle in traffic / V2: Collision with motor vehicle in traffic ,V1: Passenger car / V2:Passenger car,Dry,Daylight,Clear,,SOLDIERS FIELD ROAD / WESTERN AVENUE,,,JUST PAST THE WESTERN AVENUE OVE,,,
3659401,BOSTON,06-Dec-2012,8:36 AM,Fatal injury,1,0,1,Not reported,V1: Not reported,V1:Not reported ,V1: Not reported ,"V1: Unknown heavy truck, cannot classify",Not reported,Daylight,Not Reported,COMMONWEALTH AVENUE / SAINT PAUL STREET,,,,,,231654.786,900129.0468
3377082,BOSTON,06-Dec-2012,9:05 AM,Property damage only (none injured),2,0,0,"Sideswipe, same direction",V1: Travelling straight ahead / V2:Entering traffic lane,V1:Southbound / V2:Southbound ,V1: Collision with motor vehicle in traffic / V2: Collision with motor vehicle in traffic ,"V1: Passenger car / V2:Light truck(van, mini-van, panel, pickup, sport utility) with only four tires",Dry,Daylight,Clear,,ACADEMY HILL ROAD Rte UNKNOW / 12,,,,,228607.636,899862.001
3321872,BOSTON,06-Dec-2012,9:41 AM,Property damage only (none injured),2,0,0,Rear-end,V1: Slowing or stopped in traffic / V2:Travelling straight ahead,V1:Southbound / V2:Southbound ,V1: Collision with motor vehicle in traffic / V2: Collision with motor vehicle in traffic ,V1: Passenger car / V2:Passenger car,Dry,Daylight,Clear,,Rte 93 S,,,,,236220.5269,897754.1317
3381342,BOSTON,06-Dec-2012,11:12 AM,Property damage only (none injured),2,0,0,"Sideswipe, opposite direction",V1: Travelling straight ahead / V2:Slowing or stopped in traffic,V1:Westbound / V2:Southbound ,V1: Collision with motor vehicle in traffic / V2: Collision with motor vehicle in traffic ,"V1: Passenger car / V2:Light truck(van, mini-van, panel, pickup, sport utility) with only four tires",Dry,Dark - lighted roadway,Clear,,,,,CENTRAL PARKING LOGAN AIRPORT,,,
3311846,BOSTON,06-Dec-2012,11:23 AM,Property damage only (none injured),2,0,0,Rear-end,V1: Changing lanes / V2:Travelling straight ahead,V1:Southbound / V2:Southbound ,V1: Collision with motor vehicle in traffic / V2: Collision with motor vehicle in traffic ,"V1: Light truck(van, mini-van, panel, pickup, sport utility) with only four tires / V2:Passenger car",Dry,Daylight,Clear/Cloudy,,Rte 93 S,,Exit 20 on Rte 93 S,,,236954.209,900826.9442
3346859,BOSTON,06-Dec-2012,12:25 PM,Non-fatal injury,1,1,0,Not reported,V1: Not reported,V1:Not reported ,V1: Not reported ,V1: Passenger car,Not reported,Not reported,Not Reported,CAUSEWAY STREET / NORTH WASHINGTON STREET,,,,,"P2:Other non-motorist (wheelchair, etc.)",236364.2014,901913.9699
3310160,BOSTON,06-Dec-2012,10:55 PM,Non-fatal injury,1,1,0,Single vehicle crash,V1: Travelling straight ahead,V1:Southbound ,V1: Collision with motor vehicle in traffic ,V1: Passenger car,Dry,Dark - lighted roadway,Clear,,Rte 93 S,,Exit 12 on Rte 93 S,,,237620.5493,892713.0989
3321483,BOSTON,07-Dec-2012,00:00 AM,Property damage only (none injured),1,0,0,"Sideswipe, same direction",V1: Travelling straight ahead,V1:Northbound ,V1: Collision with motor vehicle in traffic ,V1: Passenger car,Dry,Dark - lighted roadway,Cloudy,,Rte 93 N,,Exit 13 on Rte 93 N,,,237420.1414,894076.5227
3353902,BOSTON (WEST ROXBURY),07-Dec-2012,4:03 AM,Not Reported,1,0,0,Not reported,V1: Travelling straight ahead,V1:Not reported ,V1: Not reported ,"V1: Light truck(van, mini-van, panel, pickup, sport utility) with only four tires",Not reported,Not reported,Not Reported,,22 HOWITT ROAD / EMMONSDALE ROAD,,,,,228726.8126,892007.8123
3328428,BOSTON,07-Dec-2012,6:10 AM,Property damage only (none injured),2,0,0,"Sideswipe, same direction",V1: Travelling straight ahead / V2:Changing lanes,V1:Northbound / V2:Northbound ,V1: Collision with motor vehicle in traffic / V2: Collision with motor vehicle in traffic ,"V1: Passenger car / V2:Light truck(van, mini-van, panel, pickup, sport utility) with only four tires",Dry,Dawn,Cloudy,RAMP - RT 93 NB TO SOUTHAMPTON ST / Rte 93 N,,,,OFF RAMP,,236403.9843,897524.3123
3298941,BOSTON,07-Dec-2012,6:29 AM,Property damage only (none injured),3,0,0,Rear-end,V1: Slowing or stopped in traffic / V2:Slowing or stopped in traffic / V3:Slowing or stopped in traffic,V1:Southbound / V2:Southbound / V3:Southbound ,V1: Collision with motor vehicle in traffic / V2: Collision with motor vehicle in traffic / V3: Collision with motor vehicle in traffic ,V1: Passenger car / V2:Passenger car / V3:Passenger car,Dry,Dawn,Cloudy,,GENERAL CASIMIR PULASKI SKYWAY Rte 93 S / RAMP - COLUMBIA RD TO RT 93 SB,,,,,236956.3473,896468.511
3388235,BOSTON,07-Dec-2012,6:58 AM,Non-fatal injury,2,1,0,Angle,V1: Travelling straight ahead / V2:Turning left,V1:Southbound / V2:Eastbound ,V1: Collision with motor vehicle in traffic / V2: Collision with motor vehicle in traffic ,V1: Passenger car / V2:Passenger car,Dry,Daylight,Cloudy,,TRUMAN HIGHWAY Rte UNKNOW / DANA AVENUE,,,,,231159.8029,888909.0317
3348595,BOSTON,07-Dec-2012,11:00 AM,Property damage only (none injured),5,0,0,Rear-end,V1: Slowing or stopped in traffic / V2:Slowing or stopped in traffic / V3:Travelling straight ahead / V4:Travelling straight ahead / V5:Travelling straight ahead,V1:Southbound / V2:Southbound / V3:Southbound / V4:Southbound / V5:Southbound ,V1: Collision with motor vehicle in traffic / V2: Collision with motor vehicle in traffic / V3: Collision with motor vehicle in traffic / V4: Collision with motor vehicle in traffic / V5: Collision with motor vehicle in traffic ,"V1: Light truck(van, mini-van, panel, pickup, sport utility) with only four tires / V2:Light truck(van, mini-van, panel, pickup, sport utility) with only four tires / V3:Light truck(van, mini-van, panel, pickup, sport utility) with only four tires / V4:Passenger car / V5:Light truck(van, mini-van, panel, pickup, sport utility) with only four tires",Dry,Daylight,Clear,,Rte 93 S,,Exit 15 on Rte 93 S,,,236629.6253,897168.5001
3298908,BOSTON,07-Dec-2012,12:30 PM,Property damage only (none injured),2,0,0,"Sideswipe, same direction",V1: Travelling straight ahead / V2:Travelling straight ahead,V1:Northbound / V2:Northbound ,V1: Collision with motor vehicle in traffic / V2: Collision with motor vehicle in traffic ,"V1: Passenger car / V2:Light truck(van, mini-van, panel, pickup, sport utility) with only four tires",Dry,Daylight,Clear,,WILLIAM T MORRISSEY BOULEVARD / KOSCIUSZKO CIRCLE,,,,,237017.0782,896879.6065
3358077,BOSTON (CHARLESTOWN),07-Dec-2012,1:31 PM,Non-fatal injury,1,1,0,"Sideswipe, opposite direction",V1: Travelling straight ahead,V1:Southbound ,V1: Collision with pedestrian ,V1: Passenger car,Dry,Daylight,Cloudy/Cloudy,MAFFA WAY / CALDWELL STREET,,,,,P2:Pedestrian,,
3308040,BOSTON,07-Dec-2012,4:45 PM,Property damage only (none injured),3,0,0,Angle,V1: Travelling straight ahead / V2:Slowing or stopped in traffic / V3:Slowing or stopped in traffic,V1:Eastbound / V2:Eastbound / V3:Eastbound ,V1: Collision with motor vehicle in traffic / V2: Collision with motor vehicle in traffic / V3: Collision with motor vehicle in traffic ,"V1: Passenger car / V2:Passenger car / V3:Light truck(van, mini-van, panel, pickup, sport utility) with only four tires",Wet,Dark - lighted roadway,Clear,,Rte 90 E,,Exit 24A on Rte 90 E,,,236020.7529,899669.4659
3381343,BOSTON,07-Dec-2012,7:15 PM,Property damage only (none injured),2,0,0,Angle,V1: Parked / V2:Travelling straight ahead,V1:Not reported / V2:Southbound ,V1: Collision with parked motor vehicle / V2: Collision with parked motor vehicle ,"V1: Light truck(van, mini-van, panel, pickup, sport utility) with only four tires / V2:Light truck(van, mini-van, panel, pickup, sport utility) with only four tires",Dry,Dark - roadway not lighted,Clear,,,,,AMERICAN AIRLINES HANGER RAMP,,,
3325436,BOSTON,07-Dec-2012,8:09 PM,Non-fatal injury,1,1,0,Not reported,V1: Travelling straight ahead,V1:Not reported ,V1: Collision with pedestrian ,"V1: Light truck(van, mini-van, panel, pickup, sport utility) with only four tires",Not reported,Not reported,Not Reported,WASHINGTON STREET / WORCESTER SQUARE,,,,,P2:Pedestrian,234970.3536,898638.7469
3333758,BOSTON,07-Dec-2012,11:09 PM,Property damage only (none injured),4,0,0,Rear-end,V1: Travelling straight ahead / V2:Travelling straight ahead / V3:Turning left / V4:Overtaking/passing,V1:Westbound / V2:Westbound / V3:Westbound / V4:Westbound ,V1: Collision with motor vehicle in traffic / V2: Collision with motor vehicle in traffic / V3: Collision with motor vehicle in traffic / V4: Collision with motor vehicle in traffic ,V1: Passenger car / V2:Passenger car / V3:Passenger car / V4:Passenger car,Wet,Dark - lighted roadway,Not Reported,,COLUMBIA ROAD / 760 GREENHALGE STREET,,,,,236383.7798,896714.4338
3309378,BOSTON,07-Dec-2012,11:33 PM,Property damage only (none injured),2,0,0,Rear-end,V1: Slowing or stopped in traffic / V2:Slowing or stopped in traffic,V1:Northbound / V2:Northbound ,V1: Collision with motor vehicle in traffic / V2: Collision with motor vehicle in traffic ,V1: Passenger car / V2:Passenger car,Dry,Dark - lighted roadway,Clear,,Rte 93 N,,Exit 27 on Rte 93 N,,,235655.07,902467.5364
3298937,BOSTON,08-Dec-2012,1:27 AM,Property damage only (none injured),1,0,0,Single vehicle crash,V1: Travelling straight ahead,V1:Westbound ,V1: Collision with guardrail ,V1: Passenger car,Wet,Dark - lighted roadway,Not Reported,,STORROW DRIVE / BERKELEY STREET,,,PRIOR TO COPLEY EXIT,,234902.9399,900620.6231
3310158,BOSTON,08-Dec-2012,3:20 AM,Property damage only (none injured),2,0,0,Rear-end,V1: Travelling straight ahead / V2:Travelling straight ahead,V1:Westbound / V2:Westbound ,V1: Collision with motor vehicle in traffic / V2: Collision with motor vehicle in traffic ,"V1: Passenger car / V2:Light truck(van, mini-van, panel, pickup, sport utility) with only four tires",Dry,Dark - lighted roadway,Clear,,SOLDIERS FIELD ROAD / SOLDIERS FIELD ROAD EXTENSION,,,PRIOR TO THE ELLIOT BRIDGE,,230730.2693,902398.5291
3312156,BOSTON,08-Dec-2012,4:37 AM,Non-fatal injury,2,1,0,Not reported,V1: Travelling straight ahead / V2:Travelling straight ahead,V1:Northbound / V2:Northbound ,V1: Collision with motor vehicle in traffic / V2: Collision with motor vehicle in traffic ,V1: Passenger car / V2:Truck/trailer,Wet,Dark - lighted roadway,Rain,,Rte 93 N,,,INSIDE TIP ONEIL TUNNEL PRIOR TO,,,
3318836,BOSTON,08-Dec-2012,6:00 AM,Non-fatal injury,4,2,0,"Sideswipe, opposite direction",V1: Travelling straight ahead / V2:Travelling straight ahead / V3:Travelling straight ahead / V4:Travelling straight ahead,V1:Westbound / V2:Eastbound / V3:Eastbound / V4:Eastbound ,V1: Collision with motor vehicle in traffic / V2: Collision with motor vehicle in traffic / V3: Collision with motor vehicle in traffic / V4: Collision with motor vehicle in traffic ,"V1: Light truck(van, mini-van, panel, pickup, sport utility) with only four tires / V2:Passenger car / V3:Passenger car / V4:Passenger car",Wet,Dark - lighted roadway,Rain,,SOLDIERS FIELD ROAD / RAMP - N HARVARD ST TO SOLDIERS FIELD EB,,,WEEKS FOOT BRIDGE,,231370.2956,901959.7018
3298940,BOSTON,08-Dec-2012,10:45 AM,Property damage only (none injured),1,0,0,Single vehicle crash,V1: Turning right,V1:Westbound ,V1: Collision with guardrail ,V1: Passenger car,Wet,Daylight,Rain,,SOLDIERS FIELD ROAD,,,NEWELL BOATHOUSE,,230787.0834,902179.9392
3345382,BOSTON,08-Dec-2012,11:25 AM,Property damage only (none injured),1,0,0,Single vehicle crash,V1: Travelling straight ahead,V1:Southbound ,V1: Collision with median barrier ,"V1: Light truck(van, mini-van, panel, pickup, sport utility) with only four tires",Wet,Daylight,Rain,,Rte 93 S,,Exit 18 on Rte 93 S,,,236013.2783,899092.9981
3299707,BOSTON,08-Dec-2012,2:05 PM,Non-fatal injury,2,1,0,"Sideswipe, same direction",V1: Travelling straight ahead / V2:Travelling straight ahead,V1:Southbound / V2:Southbound ,V1: Collision with other movable object / V2: Collision with motor vehicle in traffic ,"V1: Light truck(van, mini-van, panel, pickup, sport utility) with only four tires / V2:Light truck(van, mini-van, panel, pickup, sport utility) with only four tires",Wet,Daylight,Cloudy/Rain,,Rte 93 S,,Exit 12 on Rte 93 S,,,237620.5493,892713.0989
3304159,BOSTON,08-Dec-2012,2:25 PM,Non-fatal injury,2,1,0,Rear-end,V1: Travelling straight ahead / V2:Slowing or stopped in traffic,V1:Westbound / V2:Westbound ,V1: Collision with motor vehicle in traffic / V2: Collision with motor vehicle in traffic ,"V1: Passenger car / V2:Light truck(van, mini-van, panel, pickup, sport utility) with only four tires",Wet,Daylight,Cloudy/Rain,,MORTON STREET Rte 203 / CEMETERY ROAD,,,,,232598.4532,894496.6249
3322491,BOSTON,08-Dec-2012,3:10 PM,Property damage only (none injured),1,0,0,Single vehicle crash,V1: Travelling straight ahead,V1:Eastbound ,V1: Collision with guardrail ,V1: Passenger car,Dry,Daylight,Clear,,SOLDIERS FIELD ROAD / RAMP - SOLDIERS FIELD RD EB TO WESTERN A,,,PRIOR TO WESTERN AVE,,231462.2689,901797.1535
3299610,BOSTON,08-Dec-2012,5:17 PM,Non-fatal injury,3,1,0,Rear-end,V1: Travelling straight ahead / V2:Slowing or stopped in traffic / V3:Slowing or stopped in traffic,V1:Southbound / V2:Southbound / V3:Southbound ,V1: Collision with motor vehicle in traffic / V2: Not reported / V3: Collision with motor vehicle in traffic ,"V1: Light truck(van, mini-van, panel, pickup, sport utility) with only four tires / V2:Light truck(van, mini-van, panel, pickup, sport utility) with only four tires / V3:Light truck(van, mini-van, panel, pickup, sport utility) with only four tires",Wet,Dark - lighted roadway,Cloudy,,Rte 93 S,,Exit 12 on Rte 93 S,,,237620.5493,892713.0989
3311947,BOSTON,08-Dec-2012,7:30 PM,Not Reported,1,0,0,Single vehicle crash,V1: Travelling straight ahead,V1:Eastbound ,V1: Collision with ditch ,"V1: Light truck(van, mini-van, panel, pickup, sport utility) with only four tires",Dry,Dark - roadway not lighted,Clear,,DEDHAM PARKWAY / GEORGETOWNE DRIVE,,,NEAR GEORGETOWN,,229433.202,889464.2701
3299708,BOSTON,08-Dec-2012,10:45 PM,Property damage only (none injured),2,0,0,Rear-end,V1: Slowing or stopped in traffic / V2:Slowing or stopped in traffic,V1:Southbound / V2:Southbound ,V1: Collision with motor vehicle in traffic / V2: Collision with motor vehicle in traffic ,V1: Passenger car / V2:Passenger car,Dry,Dark - lighted roadway,Clear,,Rte 93 S,,Exit 11B on Rte 93 S,,,237192.6452,891943.742
3357051,BOSTON (DORCHESTER),09-Dec-2012,1:03 AM,Not Reported,5,0,0,Rear-end,V1: Travelling straight ahead / V2:Parked / V3:Parked / V4:Parked / V5:Parked,V1:Not reported / V2:Not reported / V3:Not reported / V4:Not reported / V5:Not reported ,V1: Unknown / V2: Collision with parked motor vehicle / V3: Collision with parked motor vehicle / V4: Collision with parked motor vehicle / V5: Collision with parked motor vehicle ,V1: Passenger car / V2:Passenger car / V3:Passenger car / V4:Passenger car / V5:Passenger car,Dry,Dark - lighted roadway,Clear/Clear,,49 BOWDOIN STREET,,,,,236010.8225,901162.4586
3328480,BOSTON,09-Dec-2012,2:25 AM,Non-fatal injury,1,1,0,Not reported,V1: Travelling straight ahead,V1:Southbound ,V1: Collision with motor vehicle in traffic ,V1: Passenger car,Dry,Dark - lighted roadway,Clear,,Rte 93 S,,Exit 12 on Rte 93 S,,,237620.5493,892713.0989
3309431,BOSTON,09-Dec-2012,6:22 AM,Non-fatal injury,2,1,0,Angle,V1: Travelling straight ahead / V2:Making U-turn,V1:Westbound / V2:Westbound ,V1: Collision with motor vehicle in traffic / V2: Collision with motor vehicle in traffic ,"V1: Passenger car / V2:Light truck(van, mini-van, panel, pickup, sport utility) with only four tires",Dry,Dark - lighted roadway,Clear,,MASSACHUSETTS TURNPIKE Rte 90 W / TED WILLIAMS TUNNEL,,,"TUNNEL ENTRANCE, WEST",,239051.4028,900924.2439
3353702,BOSTON (ROSLINDALE),09-Dec-2012,6:30 AM,Not Reported,2,0,0,Not reported,V1: Not reported / V2:Not reported,V1:Northbound / V2:Not reported ,V1: Not reported / V2: Not reported ,V1: Passenger car / V2:Passenger car,Not reported,Not reported,Not Reported,WASHINGTON STREET / HAYDEN STREET,,,,,,,
3353694,BOSTON,09-Dec-2012,12:07 PM,Not Reported,2,0,0,Not reported,V1: Travelling straight ahead / V2:Turning left,V1:Not reported / V2:Not reported ,V1: Collision with motor vehicle in traffic / V2: Collision with motor vehicle in traffic ,V1: Passenger car / V2:Passenger car,Not reported,Not reported,Not Reported,WEST ROXBURY PARKWAY / BELGRADE AVENUE,,,,,,229049.9998,892895.3751
3353698,BOSTON,09-Dec-2012,3:10 PM,Non-fatal injury,2,1,0,Angle,V1: Travelling straight ahead / V2:Turning left,V1:Not reported / V2:Not reported ,V1: Collision with motor vehicle in traffic / V2: Collision with motor vehicle in traffic ,V1: Passenger car / V2:Passenger car,Dry,Daylight,Clear,GROVE STREET / WASHINGTON STREET,,,,,,228294.2499,890152.2501
3366578,BOSTON,09-Dec-2012,4:21 PM,Property damage only (none injured),1,0,0,Single vehicle crash,V1: Turning right,V1:Eastbound ,"V1: Collision with other fixed object (wall, building, tunnel, etc.) ",V1: Passenger car,Wet,Daylight,Cloudy/Cloudy,MILL STREET / VICTORY ROAD,,,,,,236984.6563,894193.0002
3324734,BOSTON,09-Dec-2012,11:50 PM,Property damage only (none injured),1,0,0,Single vehicle crash,V1: Changing lanes,V1:Westbound ,V1: Collision with guardrail ,V1: Passenger car,Wet,Dark - lighted roadway,Not Reported,,SOLDIERS FIELD ROAD / RAMP - WESTERN AVE TO SOLDIERS FIELD RD,,,AT WEEKS FOOTBRIDGE,,231382.7976,901966.9153
3309432,BOSTON,10-Dec-2012,00:00 AM,Property damage only (none injured),1,0,0,Single vehicle crash,V1: Leaving traffic lane,V1:Southbound ,V1: Other ,V1: Passenger car,Wet,Dark - lighted roadway,Rain,,Rte 93 S,,Exit 24 on Rte 93 S,,,236397.1933,901565.6511
3322829,BOSTON,10-Dec-2012,00:00 AM,Property damage only (none injured),2,0,0,"Sideswipe, same direction",V1: Turning right / V2:Turning right,V1:Northbound / V2:Northbound ,V1: Collision with other movable object / V2: Collision with other movable object ,"V1: Passenger car / V2:Light truck(van, mini-van, panel, pickup, sport utility) with only four tires",Wet,Dark - lighted roadway,Not Reported,BIRMINGHAM PARKWAY / MARKET STREET,,,,,,229043.7386,900988.2166
3308049,BOSTON,10-Dec-2012,6:30 AM,Property damage only (none injured),1,0,0,Single vehicle crash,V1: Travelling straight ahead,V1:Eastbound ,V1: Collision with curb ,V1: Passenger car,Wet,Dark - lighted roadway,Rain,,STORROW DRIVE Rte 28 N / RAMP TO CHARLES CIRCLE,,,S-CURVE,,235228.3802,901278.2772
3384391,BOSTON,10-Dec-2012,7:45 AM,Non-fatal injury,2,1,0,Angle,V1: Travelling straight ahead / V2:Travelling straight ahead,V1:Eastbound / V2:Southbound ,V1: Collision with motor vehicle in traffic / V2: Collision with motor vehicle in traffic ,"V1: Light truck(van, mini-van, panel, pickup, sport utility) with only four tires / V2:Passenger car",Wet,Daylight,Rain,MORTON STREET Rte 203 E / FOREST HILLS AVENUE,,,,,,232596.375,894485.5626
3332172,BOSTON,10-Dec-2012,7:45 AM,Property damage only (none injured),2,0,0,Angle,V1: Travelling straight ahead / V2:Travelling straight ahead,V1:Westbound / V2:Westbound ,V1: Collision with motor vehicle in traffic / V2: Collision with motor vehicle in traffic ,"V1: Passenger car / V2:Light truck(van, mini-van, panel, pickup, sport utility) with only four tires",Wet,Daylight,Cloudy/Rain,CHARLES STREET Rte 3A S / STORROW DRIVE Rte 28 N,,,,CHARLES ST. W/B BY LEE POOL,,235498.539,901758.7361
3299611,BOSTON,10-Dec-2012,10:15 AM,Property damage only (none injured),2,0,0,Angle,V1: Entering traffic lane / V2:Travelling straight ahead,V1:Eastbound / V2:Eastbound ,V1: Collision with motor vehicle in traffic / V2: Collision with motor vehicle in traffic ,V1: Passenger car / V2:Passenger car,Wet,Daylight,Cloudy/Rain,,KOSCIUSZKO CIRCLE,,,,,237020.6238,896892.1848
3321614,BOSTON,10-Dec-2012,10:50 AM,Property damage only (none injured),2,0,0,Rear-end,V1: Slowing or stopped in traffic / V2:Slowing or stopped in traffic,V1:Eastbound / V2:Eastbound ,V1: Collision with motor vehicle in traffic / V2: Collision with motor vehicle in traffic ,"V1: Light truck(van, mini-van, panel, pickup, sport utility) with only four tires / V2:Passenger car",Dry,Daylight,Clear,,GALLIVAN BOULEVARD,,,AT MORTON STREET,,234693.0599,892106.1394
3309433,BOSTON,10-Dec-2012,11:13 AM,Non-fatal injury,2,1,0,Angle,V1: Travelling straight ahead / V2:Turning left,V1:Northbound / V2:Northbound ,V1: Collision with motor vehicle in traffic / V2: Collision with motor vehicle in traffic ,"V1: Light truck(van, mini-van, panel, pickup, sport utility) with only four tires / V2:Light truck(van, mini-van, panel, pickup, sport utility) with only four tires",Wet,Daylight,Rain,,FRONTAGE ROAD / WEST FOURTH STREET,,,,,236111.8694,899236.5468
3308052,BOSTON,10-Dec-2012,11:20 AM,Non-fatal injury,1,1,0,Single vehicle crash,V1: Travelling straight ahead,V1:Westbound ,V1: Collision with guardrail ,V1: Passenger car,Wet,Daylight,Cloudy/Rain,,SOLDIERS FIELD ROAD / NORTH HARVARD STREET,,,,,230992.3482,902048.2872
3321989,BOSTON,10-Dec-2012,12:30 PM,Non-fatal injury,2,3,0,Angle,V1: Parked / V2:Changing lanes,V1:Not reported / V2:Southbound ,V1: Not reported / V2: Not reported ,"V1: Bus (seats for more than 15 people, including driver) / V2:Passenger car",Wet,Daylight,Rain,SEAVER STREET / ELM HILL AVENUE,,,,,,233886.0313,895318.3127
3307978,BOSTON,10-Dec-2012,1:36 PM,Property damage only (none injured),2,0,0,Rear-end,V1: Slowing or stopped in traffic / V2:Travelling straight ahead,V1:Eastbound / V2:Eastbound ,V1: Collision with motor vehicle in traffic / V2: Collision with motor vehicle in traffic ,"V1: Light truck(van, mini-van, panel, pickup, sport utility) with only four tires / V2:Passenger car",Dry,Daylight,Clear,STORROW DRIVE / UNIVERSITY ROAD,,,,,,232286.1875,900193.4999
3299704,BOSTON,10-Dec-2012,3:01 PM,Property damage only (none injured),1,0,0,Single vehicle crash,V1: Travelling straight ahead,V1:Eastbound ,V1: Collision with guardrail ,V1: Passenger car,Wet,Daylight,Cloudy/Rain,,SOLDIERS FIELD ROAD,,,0 feet E from WEEKS FOOTBRIDGE,,231377.8076,901969.8381
3346856,BOSTON,10-Dec-2012,3:45 PM,Property damage only (none injured),2,0,0,"Sideswipe, same direction",V1: Parked / V2:Parked,V1:Eastbound / V2:Not reported ,V1: Not reported / V2: Not reported ,V1: Passenger car / V2:Passenger car,Wet,Dusk,Cloudy/Rain,SUMMER STREET / ATLANTIC AVENUE,,,,,,236630.702,900331.4409
3358075,BOSTON,10-Dec-2012,4:30 PM,Non-fatal injury,1,1,0,Single vehicle crash,V1: Turning left,V1:Not reported ,V1: Not reported ,"V1: Light truck(van, mini-van, panel, pickup, sport utility) with only four tires",Snow,Dark - lighted roadway,Rain/Unknown,TREMONT STREET / SCHOOL STREET,,,,,,236211.6198,900926.8616
3321617,BOSTON,10-Dec-2012,5:48 PM,Non-fatal injury,2,1,0,Rear-end,V1: Travelling straight ahead / V2:Slowing or stopped in traffic,V1:Northbound / V2:Northbound ,V1: Collision with motor vehicle in traffic / V2: Collision with motor vehicle in traffic ,V1: Passenger car / V2:Passenger car,Wet,Dark - lighted roadway,Cloudy,GALLIVAN BOULEVARD / GRANITE AVENUE,,,,,,236643.2967,892556.1249
3345280,BOSTON,10-Dec-2012,9:47 PM,Property damage only (none injured),1,0,0,Single vehicle crash,V1: Travelling straight ahead,V1:Westbound ,V1: Collision with median barrier ,V1: Passenger car,Wet,Dark - lighted roadway,Cloudy/Rain,,SOLDIERS FIELD ROAD / RAMP - WESTERN AVE TO SOLDIERS FIELD RD,,,WEEKS FOOTBRIDGE,,231377.163,901970.2156
3321389,BOSTON,10-Dec-2012,10:32 PM,Non-fatal injury,2,1,0,Rear-end,V1: Slowing or stopped in traffic / V2:Slowing or stopped in traffic,V1:Southbound / V2:Southbound ,V1: Collision with motor vehicle in traffic / V2: Collision with motor vehicle in traffic ,V1: Passenger car / V2:Passenger car,Dry,Dark - lighted roadway,Clear,,Rte 93 S,,Exit 15 on Rte 93 S,,,236629.6253,897168.5001
3328429,BOSTON,11-Dec-2012,10:29 AM,Property damage only (none injured),2,0,0,Rear-end,V1: Slowing or stopped in traffic / V2:Travelling straight ahead,V1:Northbound / V2:Northbound ,V1: Collision with motor vehicle in traffic / V2: Collision with motor vehicle in traffic ,"V1: Light truck(van, mini-van, panel, pickup, sport utility) with only four tires / V2:Passenger car",Dry,Daylight,Clear,,GENERAL CASIMIR PULASKI SKYWAY Rte 93 N,,,93N @ SAVIN HILL,,236863.0808,895710.8442
3311847,BOSTON,11-Dec-2012,10:37 AM,Property damage only (none injured),3,0,0,Rear-end,V1: Slowing or stopped in traffic / V2:Travelling straight ahead / V3:Travelling straight ahead,V1:Northbound / V2:Northbound / V3:Northbound ,V1: Collision with motor vehicle in traffic / V2: Collision with motor vehicle in traffic / V3: Collision with motor vehicle in traffic ,V1: Passenger car / V2:Passenger car / V3:Passenger car,Dry,Daylight,Clear,,Rte 93 N,,,O'NEILL TUNNEL,,236742.6233,900426.5825
3305707,BOSTON,11-Dec-2012,3:57 PM,Property damage only (none injured),2,0,0,"Sideswipe, same direction",V1: Travelling straight ahead / V2:Changing lanes,V1:Southbound / V2:Southbound ,V1: Collision with motor vehicle in traffic / V2: Collision with motor vehicle in traffic ,"V1: Light truck(van, mini-van, panel, pickup, sport utility) with only four tires / V2:Light truck(van, mini-van, panel, pickup, sport utility) with only four tires",Dry,Dusk,Clear,,OLD COLONY AVENUE / PREBLE STREET,,,,,236869.4374,897748.4378
3321384,BOSTON,11-Dec-2012,6:04 PM,Property damage only (none injured),2,0,0,Head-on,V1: Overtaking/passing / V2:Entering traffic lane,V1:Eastbound / V2:Westbound ,V1: Collision with motor vehicle in traffic / V2: Collision with motor vehicle in traffic ,V1: Passenger car / V2:Passenger car,Dry,Dark - lighted roadway,Clear,FENWAY / PALACE ROAD,,,,,,233048.0936,898811.4271
3321484,BOSTON,11-Dec-2012,7:23 PM,Property damage only (none injured),2,0,0,Rear-end,V1: Slowing or stopped in traffic / V2:Travelling straight ahead,V1:Southbound / V2:Southbound ,V1: Collision with motor vehicle in traffic / V2: Collision with motor vehicle in traffic ,"V1: Passenger car / V2:Light truck(van, mini-van, panel, pickup, sport utility) with only four tires",Dry,Dark - lighted roadway,Clear,,Rte 93 S,,Exit 12 on Rte 93 S,,,237620.5493,892713.0989