Crash Number,City/Town Name,Crash Date,Crash Time,Crash Severity,Number of Vehicles,Total Nonfatal Injuries,Total Fatal Injuries,Manner of Collision,Vehicle Action Prior to Crash,Vehicle Travel Directions,Most Harmful Events,Vehicle Configuration,Road Surface Condition,Ambient Light,Weather Condition,At Roadway Intersection,Distance from Nearest Roadway Intersection,Distance from Nearest Milemarker,Distance from Nearest Exit,Distance from Nearest Landmark,Non Motorist Type,X Coordinate,Y Coordinate
3322000,BOSTON,11-Dec-2012,8:45 PM,Non-fatal injury,2,2,0,Angle,V1: Overtaking/passing / V2:Turning right,V1:Northbound / V2:Northbound ,V1: Collision with light pole or other post/support / V2: Collision with motor vehicle in traffic ,"V1: Bus (seats for more than 15 people, including driver) / V2:Passenger car",Dry,Dark - lighted roadway,Clear,HYDE PARK AVENUE / COLLINS STREET,,,,,,231299.7376,891164.5135
3364531,BOSTON,12-Dec-2012,6:05 AM,Property damage only (none injured),2,0,0,Angle,V1: Travelling straight ahead / V2:Travelling straight ahead,V1:Eastbound / V2:Northbound ,V1: Collision with motor vehicle in traffic / V2: Collision with motor vehicle in traffic ,V1: Passenger car / V2:Passenger car,Dry,Dusk,Clear,TREMONT STREET / EAST BERKELEY STREET,,,,,,235445.0396,899508.1136
3337064,BOSTON (DORCHESTER),12-Dec-2012,8:25 AM,Property damage only (none injured),2,0,0,Rear-end,V1: Slowing or stopped in traffic / V2:Travelling straight ahead,V1:Eastbound / V2:Eastbound ,V1: Other / V2: Other ,"V1: Bus (seats for more than 15 people, including driver) / V2:Passenger car",Dry,Daylight,Clear,,POPES HILL STREET / HOUGHTON STREET,,,MURPHY SCHOOL,,237113.3594,893715.2499
3321480,BOSTON,12-Dec-2012,5:00 PM,Property damage only (none injured),2,0,0,"Sideswipe, same direction",V1: Travelling straight ahead / V2:Changing lanes,V1:Northbound / V2:Northbound ,V1: Collision with motor vehicle in traffic / V2: Collision with motor vehicle in traffic ,"V1: Passenger car / V2:Light truck(van, mini-van, panel, pickup, sport utility) with only four tires",Dry,Dark - lighted roadway,Not Reported,RAMP TO CHARLES CIRCLE / STORROW DRIVE Rte 28 N,,,,STORROW DR AT GOVERNMENT CENTER,,235254.3907,901130.5454
3322668,BOSTON,12-Dec-2012,9:43 PM,Property damage only (none injured),2,0,0,Rear-end,V1: Slowing or stopped in traffic / V2:Travelling straight ahead,V1:Southbound / V2:Southbound ,V1: Collision with moped / V2: Collision with motor vehicle in traffic ,"V1: Passenger car / V2:Light truck(van, mini-van, panel, pickup, sport utility) with only four tires",Dry,Dark - lighted roadway,Clear,,CENTRE STREET,,,,,231035.9898,895251.1897
3305706,BOSTON,12-Dec-2012,10:17 PM,Property damage only (none injured),3,0,0,Rear-end,V1: Slowing or stopped in traffic / V2:Travelling straight ahead / V3:Travelling straight ahead,V1:Westbound / V2:Westbound / V3:Westbound ,V1: Collision with motor vehicle in traffic / V2: Collision with motor vehicle in traffic / V3: Collision with motor vehicle in traffic ,"V1: Passenger car / V2:Light truck(van, mini-van, panel, pickup, sport utility) with only four tires / V3:Light truck(van, mini-van, panel, pickup, sport utility) with only four tires",Dry,Dark - lighted roadway,Clear,CHARLESGATE OVERPASS / STORROW DRIVE,,,,0 feet W from BOWKER O/P,,233287.6718,900098.5623
3328481,BOSTON,13-Dec-2012,00:00 AM,Property damage only (none injured),2,0,0,Rear-end,V1: Travelling straight ahead / V2:Travelling straight ahead,V1:Northbound / V2:Northbound ,V1: Collision with motor vehicle in traffic / V2: Collision with motor vehicle in traffic ,"V1: Passenger car / V2:Light truck(van, mini-van, panel, pickup, sport utility) with only four tires",Dry,Dark - lighted roadway,Clear,,Rte 93 N,,Exit PRIOR on Rte 93 N,DORCHESTER YACHT CLUB,,236767.6302,895231.3826
3321390,BOSTON,13-Dec-2012,6:25 AM,Property damage only (none injured),2,0,0,Rear-end,V1: Slowing or stopped in traffic / V2:Travelling straight ahead,V1:Northbound / V2:Northbound ,V1: Collision with motor vehicle in traffic / V2: Collision with motor vehicle in traffic ,"V1: Light truck(van, mini-van, panel, pickup, sport utility) with only four tires / V2:Passenger car",Dry,Daylight,Clear,,Rte 93 N,,Exit 15 on Rte 93 N,,,236972.2496,896473.4282
3312157,BOSTON,13-Dec-2012,9:49 AM,Non-fatal injury,2,1,0,Angle,V1: Travelling straight ahead / V2:Travelling straight ahead,V1:Northbound / V2:Northbound ,V1: Collision with motor vehicle in traffic / V2: Collision with motor vehicle in traffic ,V1: Passenger car / V2:Tractor/semi-trailer,Dry,Daylight,Clear,,Rte 93 N,,Exit 28 on Rte 93,,,234953.5188,903173.3157
3316163,BOSTON,13-Dec-2012,4:25 PM,Property damage only (none injured),2,0,0,Rear-end,V1: Travelling straight ahead / V2:Travelling straight ahead,V1:Southbound / V2:Southbound ,V1: Collision with motor vehicle in traffic / V2: Collision with motor vehicle in traffic ,V1: Passenger car / V2:Passenger car,Dry,Dark - lighted roadway,Clear,,RAMP - LEVERETT CIRCLE TO RT 93 SB Rte 3 S / Rte 93 S,,,LCS RAMP,,235987.3465,902007.8233
3362436,BOSTON (ROSLINDALE),13-Dec-2012,5:10 PM,Property damage only (none injured),2,0,0,Angle,V1: Travelling straight ahead / V2:Turning left,V1:Southbound / V2:Eastbound ,V1: Collision with motor vehicle in traffic / V2: Collision with motor vehicle in traffic ,V1: Passenger car / V2:Passenger car,Dry,Dark - lighted roadway,Clear,,1205 CENTRE STREET,,,,,230479.6085,894234.9769
3362096,BOSTON (DORCHESTER),13-Dec-2012,6:05 PM,Non-fatal injury,1,1,0,Angle,V1: Not reported,V1:Not reported ,V1: Not reported ,V1: Passenger car,Dry,Dark - lighted roadway,Clear/Clear,CUSHING AVENUE / JEROME STREET,,,,,"P2:Pedalcyclist (bicycle, tricycle, unicycle, pedal car)",235893.3437,896123.125
3323323,BOSTON,13-Dec-2012,6:20 PM,Not Reported,2,0,0,Rear-end,V1: Not reported / V2:Not reported,V1:Southbound / V2:Southbound ,V1: Not reported / V2: Not reported ,V1: Unknown vehicle configuration / V2:Unknown vehicle configuration,Dry,Dark - lighted roadway,Cloudy/Cloudy,NEW RUTHERFORD AVENUE / AUSTIN STREET,,,,,,235596.5554,902715.3309
3312165,BOSTON,13-Dec-2012,11:28 PM,Property damage only (none injured),2,0,0,"Sideswipe, same direction",V1: Travelling straight ahead / V2:Travelling straight ahead,V1:Eastbound / V2:Eastbound ,V1: Collision with motor vehicle in traffic / V2: Collision with motor vehicle in traffic ,"V1: Light truck(van, mini-van, panel, pickup, sport utility) with only four tires / V2:Passenger car",Dry,Dark - lighted roadway,Clear,,MONSIGNOR CASEY HIGHWAY Rte 203 E / ARBORWAY,,,OVERPASS,,231800.0849,894643.6348
3370403,BOSTON,14-Dec-2012,00:00 AM,Non-fatal injury,2,3,0,Head-on,V1: Travelling straight ahead / V2:Turning left,V1:Southbound / V2:Eastbound ,"V1: Collision with motor vehicle in traffic / V2: Collision with other fixed object (wall, building, tunnel, etc.) ",V1: Passenger car / V2:Passenger car,Dry,Dark - lighted roadway,Clear,COLUMBIA ROAD / HAMILTON STREET,,,,,,235262.0595,895595.2269
3390310,BOSTON,14-Dec-2012,00:00 AM,Non-fatal injury,1,2,0,Single vehicle crash,V1: Travelling straight ahead,V1:Westbound ,V1: Collision with tree ,V1: Passenger car,Dry,Dark - lighted roadway,Cloudy,MORTON STREET / JAMES SHEA CIRCLE Rte 203 E / MORTON STREET Rte 203 E,,,,SHEA ROTARY,,232443.5159,894490.0626
3323324,BOSTON,14-Dec-2012,2:30 AM,Not Reported,1,0,0,Single vehicle crash,V1: Not reported,V1:Not reported ,V1: Not reported ,V1: Unknown vehicle configuration,Dry,Dark - roadway not lighted,Clear,NORTH WASHINGTON STREET,,,,,,,
3308053,BOSTON,14-Dec-2012,9:30 AM,Non-fatal injury,1,1,0,Single vehicle crash,V1: Travelling straight ahead,V1:Northbound ,V1: Collision with median barrier ,V1: Passenger car,Dry,Daylight,Clear,,Rte 93 N,,Exit 11 on Rte 93 N,,,237094.7253,891674.8051
3321485,BOSTON,14-Dec-2012,10:35 AM,Non-fatal injury,2,2,0,Rear-end,V1: Not reported / V2:Not reported,V1:Not reported / V2:Not reported ,V1: Not reported / V2: Not reported ,"V1: Passenger car / V2:Light truck(van, mini-van, panel, pickup, sport utility) with only four tires",Dry,Daylight,Clear,,Rte 93 N,,Exit 16 on Rte 93 N,,,236403.9842,897524.312
3358072,BOSTON,14-Dec-2012,10:40 AM,Non-fatal injury,1,1,0,Single vehicle crash,V1: Not reported,V1:Not reported ,V1: Not reported ,V1: Passenger car,Dry,Daylight,Clear,,HUDSON STREET Rte 18,,,,,,
3322871,BOSTON,14-Dec-2012,4:55 PM,Property damage only (none injured),2,0,0,Angle,V1: Not reported / V2:Not reported,V1:Eastbound / V2:Eastbound ,V1: Collision with motor vehicle in traffic / V2: Collision with motor vehicle in traffic ,"V1: Passenger car / V2:Light truck(van, mini-van, panel, pickup, sport utility) with only four tires",Dry,Dark - lighted roadway,Cloudy,CHARLESGATE OVERPASS / STORROW DRIVE,,,,RAMP TO STORROW DRIVE,,233992.7434,900260.9984
3307980,BOSTON,14-Dec-2012,5:05 PM,Property damage only (none injured),2,0,0,Rear-end,V1: Travelling straight ahead / V2:Parked,V1:Westbound / V2:Westbound ,V1: Collision with parked motor vehicle / V2: Collision with parked motor vehicle ,"V1: Light truck(van, mini-van, panel, pickup, sport utility) with only four tires / V2:Passenger car",Dry,Dark - lighted roadway,Clear,,MORTON STREET,,,,,,
3310142,BOSTON,14-Dec-2012,6:00 PM,Property damage only (none injured),2,0,0,Angle,V1: Slowing or stopped in traffic / V2:Changing lanes,V1:Southbound / V2:Southbound ,V1: Collision with motor vehicle in traffic / V2: Collision with motor vehicle in traffic ,"V1: Passenger car / V2:Light truck(van, mini-van, panel, pickup, sport utility) with only four tires",Dry,Dark - lighted roadway,Clear,,Rte 93 S,,Exit 24 on Rte 93 S,,,236397.1933,901565.6511
3332205,BOSTON,14-Dec-2012,6:15 PM,Non-fatal injury,2,1,0,Head-on,V1: Travelling straight ahead / V2:Travelling straight ahead,V1:Southbound / V2:Northbound ,V1: Collision with motor vehicle in traffic / V2: Collision with motor vehicle in traffic ,"V1: Passenger car / V2:Light truck(van, mini-van, panel, pickup, sport utility) with only four tires",Dry,Dark - lighted roadway,Cloudy,,GALLIVAN BOULEVARD / MORTON STREET,,,,,234631.4265,892127.267
3321618,BOSTON,14-Dec-2012,6:30 PM,Property damage only (none injured),2,0,0,Rear-end,V1: Slowing or stopped in traffic / V2:Travelling straight ahead,V1:Southbound / V2:Southbound ,V1: Collision with motor vehicle in traffic / V2: Collision with motor vehicle in traffic ,V1: Not reported / V2:Passenger car,Dry,Dark - lighted roadway,Cloudy,,DORCHESTER AVENUE / THORNLEY STREET,,,,,236521.5155,896035.2499
3362437,BOSTON (ROSLINDALE),14-Dec-2012,9:56 PM,Non-fatal injury,2,1,0,Not reported,V1: Turning left / V2:Travelling straight ahead,V1:Eastbound / V2:Eastbound ,V1: Unknown / V2: Unknown ,V1: Passenger car / V2:Passenger car,Dry,Dark - lighted roadway,Clear,POPLAR STREET / GLENDOWER ROAD,,,,,,230631.5002,891558.0623
3374046,BOSTON,14-Dec-2012,10:42 PM,Property damage only (none injured),2,0,0,"Sideswipe, same direction",V1: Entering traffic lane / V2:Not reported,V1:Northbound / V2:Northbound ,V1: Collision with motor vehicle in traffic / V2: Collision with motor vehicle in traffic ,V1: Passenger car / V2:Passenger car,Wet,Dark - roadway not lighted,Not Reported,WILLIAM T MORRISSEY BOULEVARD / RAMP - RT 3A NB TO RT 93 NB Rte 3A N,,,,NEPONSET CIRCLE,,237747.8748,893032.2598
3659367,BOSTON,15-Dec-2012,4:04 AM,Fatal injury,1,0,1,Not reported,V1: Not reported,V1:Not reported ,V1: Not reported ,"V1: Light truck(van, mini-van, panel, pickup, sport utility) with only four tires",Not reported,Dawn,Clear,,199 WOODROW AVENUE,,,,,233963.1057,892943.3941
3316248,BOSTON,15-Dec-2012,9:15 AM,Non-fatal injury,1,3,0,Single vehicle crash,V1: Turning right,V1:Westbound ,V1: Collision with curb ,V1: Passenger car,Dry,Daylight,Clear,,Rte 93 S,,Exit 18 on Rte 93 S,,,236013.2783,899092.9981
3322496,BOSTON,15-Dec-2012,9:30 AM,Property damage only (none injured),2,0,0,"Sideswipe, same direction",V1: Changing lanes / V2:Travelling straight ahead,V1:Southbound / V2:Southbound ,V1: Collision with motor vehicle in traffic / V2: Collision with motor vehicle in traffic ,V1: Passenger car / V2:Passenger car,Dry,Daylight,Clear,,0 feet S from Intersection VETERANS OF FOREIGN WARS PARKWAY / LA GRANGE STREET,,,,,227356.7344,893407.1877
3324726,BOSTON,15-Dec-2012,12:15 PM,Property damage only (none injured),2,0,0,Rear-end,V1: Slowing or stopped in traffic / V2:Travelling straight ahead,V1:Northbound / V2:Northbound ,V1: Collision with motor vehicle in traffic / V2: Collision with motor vehicle in traffic ,V1: Passenger car / V2:Passenger car,Dry,Daylight,Clear,,Rte 93 N,,Exit 18 on Rte 93 N,,,236146.0342,897892.2406
3340453,BOSTON,15-Dec-2012,2:33 PM,Property damage only (none injured),2,0,0,Rear-end,V1: Slowing or stopped in traffic / V2:Slowing or stopped in traffic,V1:Westbound / V2:Westbound ,V1: Collision with motor vehicle in traffic / V2: Collision with motor vehicle in traffic ,V1: Passenger car / V2:Passenger car,Dry,Daylight,Clear,,Rte 93 S,,Exit 26 on Rte 93 S,STATION TUNNEL ENTRANCE,,234851.4113,903728.5151
3321639,BOSTON,15-Dec-2012,8:30 PM,Property damage only (none injured),2,0,0,Angle,V1: Turning left / V2:Travelling straight ahead,V1:Southbound / V2:Southbound ,V1: Collision with motor vehicle in traffic / V2: Collision with motor vehicle in traffic ,V1: Passenger car / V2:Passenger car,Dry,Dark - lighted roadway,Cloudy,,WILLIAM T MORRISSEY BOULEVARD / GALLIVAN BOULEVARD,,,NEPONSET CIRCLE,,237696.0819,892924.3425
3310145,BOSTON,15-Dec-2012,9:25 PM,Property damage only (none injured),2,0,0,"Sideswipe, same direction",V1: Travelling straight ahead / V2:Changing lanes,V1:Northbound / V2:Northbound ,V1: Collision with motor vehicle in traffic / V2: Collision with motor vehicle in traffic ,"V1: Passenger car / V2:Light truck(van, mini-van, panel, pickup, sport utility) with only four tires",Dry,Dark - lighted roadway,Clear,,CHARLES RIVER DAM ROAD Rte 28 N / MONSIGNOR OBRIEN HIGHWAY,,,,,235373.8872,902022.1089
3322117,BOSTON,16-Dec-2012,00:00 AM,Property damage only (none injured),1,0,0,Single vehicle crash,V1: Travelling straight ahead,V1:Eastbound ,V1: Collision with animal - other ,"V1: Light truck(van, mini-van, panel, pickup, sport utility) with only four tires",Dry,Dark - lighted roadway,Clear,,MORTON STREET / CANTERBURY STREET,,,BY POLICE POST,,233302.1557,893677.645
3312159,BOSTON,16-Dec-2012,00:00 AM,Property damage only (none injured),3,0,0,Angle,V1: Changing lanes / V2:Travelling straight ahead / V3:Not reported,V1:Eastbound / V2:Eastbound / V3:Not reported ,V1: Collision with motor vehicle in traffic / V2: Collision with motor vehicle in traffic / V3: Not reported ,"V1: Passenger car / V2:Light truck(van, mini-van, panel, pickup, sport utility) with only four tires / V3:Not reported",Dry,Dark - lighted roadway,Clear,STORROW DRIVE Rte 28 N / RAMP TO CHARLES CIRCLE,,,,GOVERNMENT CENTER,,235254.3907,901130.5454
3362479,BOSTON (DORCHESTER),16-Dec-2012,3:28 AM,Non-fatal injury,2,1,0,Angle,V1: Travelling straight ahead / V2:Not reported,V1:Not reported / V2:Not reported ,V1: Not reported / V2: Not reported ,"V1: Light truck(van, mini-van, panel, pickup, sport utility) with only four tires / V2:Not reported",Dry,Dark - lighted roadway,Clear/Clear,GENEVA AVENUE / WESTVILLE STREET,,,,,,235673.1719,894593.3125
3322376,BOSTON,16-Dec-2012,7:17 AM,Non-fatal injury,1,1,0,Single vehicle crash,V1: Travelling straight ahead,V1:Southbound ,V1: Collision with light pole or other post/support ,V1: Passenger car,Dry,Daylight,Cloudy,,RIVERWAY / AUTUMN STREET,,,,,232105.411,898811.5289
3322379,BOSTON,16-Dec-2012,10:21 AM,Non-fatal injury,2,1,0,Rear-end,V1: Turning left / V2:Travelling straight ahead,V1:Westbound / V2:Westbound ,V1: Collision with motor vehicle in traffic / V2: Collision with motor vehicle in traffic ,"V1: Passenger car / V2:Light truck(van, mini-van, panel, pickup, sport utility) with only four tires",Dry,Daylight,Cloudy,,0 feet E from Intersection SOLDIERS FIELD ROAD / EVERETT STREET,,,,,230032.9845,901646.3752
3328027,BOSTON,16-Dec-2012,10:57 AM,Non-fatal injury,2,3,0,Angle,V1: Turning left / V2:Travelling straight ahead,V1:Eastbound / V2:Eastbound ,V1: Collision with motor vehicle in traffic / V2: Collision with motor vehicle in traffic ,"V1: Light truck(van, mini-van, panel, pickup, sport utility) with only four tires / V2:Light truck(van, mini-van, panel, pickup, sport utility) with only four tires",Dry,Daylight,Cloudy,,Rte 90 W,Rte 90  W Milemarker 137.0,,PLAZA 37,,239140.6683,901686.0259
3337049,BOSTON,16-Dec-2012,1:10 PM,Property damage only (none injured),3,0,0,Rear-end,V1: Slowing or stopped in traffic / V2:Slowing or stopped in traffic / V3:Travelling straight ahead,V1:Eastbound / V2:Eastbound / V3:Eastbound ,V1: Collision with motor vehicle in traffic / V2: Collision with motor vehicle in traffic / V3: Collision with motor vehicle in traffic ,"V1: Light truck(van, mini-van, panel, pickup, sport utility) with only four tires / V2:Passenger car / V3:Light truck(van, mini-van, panel, pickup, sport utility) with only four tires",Dry,Daylight,Not Reported,,SOLDIERS FIELD ROAD,,,DOUBLE TREE HOTEL,,231510.0467,901104.4669
3328482,BOSTON,16-Dec-2012,2:34 PM,Property damage only (none injured),2,0,0,Angle,V1: Turning left / V2:Travelling straight ahead,V1:Eastbound / V2:Southbound ,V1: Collision with motor vehicle in traffic / V2: Collision with motor vehicle in traffic ,V1: Passenger car / V2:Passenger car,Wet,Daylight,Rain,GALLIVAN BOULEVARD / CARRUTH STREET,,,,,,236300.7969,892454.3127
3354483,BOSTON (BRIGHTON),16-Dec-2012,3:32 PM,Property damage only (none injured),2,0,0,Angle,V1: Travelling straight ahead / V2:Travelling straight ahead,V1:Not reported / V2:Not reported ,V1: Not reported / V2: Not reported ,"V1: Passenger car / V2:Light truck(van, mini-van, panel, pickup, sport utility) with only four tires",Wet,Daylight,Rain,COREY ROAD / BELLVISTA ROAD,,,,,,229956.0468,899516.1874
3323322,BOSTON,16-Dec-2012,4:47 PM,Property damage only (none injured),2,0,0,Rear-end,V1: Slowing or stopped in traffic / V2:Travelling straight ahead,V1:Eastbound / V2:Eastbound ,V1: Not reported / V2: Not reported ,V1: Passenger car / V2:Passenger car,Wet,Dark - lighted roadway,Rain,,NORTH STREET Rte 93 / CROSS STREET Rte 93,,,,,236663.7061,901378.5326
3321623,BOSTON,16-Dec-2012,6:15 PM,Property damage only (none injured),2,0,0,Rear-end,V1: Slowing or stopped in traffic / V2:Slowing or stopped in traffic,V1:Eastbound / V2:Eastbound ,V1: Collision with motor vehicle in traffic / V2: Collision with motor vehicle in traffic ,"V1: Light truck(van, mini-van, panel, pickup, sport utility) with only four tires / V2:Passenger car",Dry,Dark - lighted roadway,Cloudy,GRANITE AVENUE / GALLIVAN BOULEVARD Rte 203 E / ADAMS STREET,,,,,,236643.2967,892556.1249
3322113,BOSTON,16-Dec-2012,7:29 PM,Property damage only (none injured),2,0,0,Rear-end,V1: Travelling straight ahead / V2:Travelling straight ahead,V1:Westbound / V2:Westbound ,V1: Collision with motor vehicle in traffic / V2: Collision with motor vehicle in traffic ,"V1: Light truck(van, mini-van, panel, pickup, sport utility) with only four tires / V2:Passenger car",Wet,Dark - lighted roadway,Cloudy/Snow,,STORROW DRIVE / CHARLESGATE OVERPASS,,,,,233226.243,900103.7808
3324601,BOSTON,16-Dec-2012,7:32 PM,Property damage only (none injured),2,0,0,"Sideswipe, same direction",V1: Travelling straight ahead / V2:Not reported,V1:Northbound / V2:Not reported ,V1: Collision with motor vehicle in traffic / V2: Not reported ,V1: Passenger car / V2:Passenger car,Wet,Dark - lighted roadway,Cloudy/Rain,,Rte 93,,Exit 23 on Rte 93,,,236957.4837,900943.9828
3322380,BOSTON,16-Dec-2012,7:37 PM,Property damage only (none injured),2,0,0,"Sideswipe, same direction",V1: Turning left / V2:Turning left,V1:Eastbound / V2:Eastbound ,V1: Collision with motor vehicle in traffic / V2: Collision with motor vehicle in traffic ,"V1: Light truck(van, mini-van, panel, pickup, sport utility) with only four tires / V2:Passenger car",Wet,Dark - lighted roadway,Cloudy/Rain,RAMP-CAMBRIDGE ST TO SOLDIERS FIELD RD E / CAMBRIDGE STREET,,,,FROM RIVER STREET,,231486.5756,901224.159
3322931,BOSTON,16-Dec-2012,9:03 PM,Property damage only (none injured),1,0,0,Single vehicle crash,V1: Travelling straight ahead,V1:Westbound ,V1: Other ,V1: Passenger car,Wet,Dark - lighted roadway,Cloudy/Snow,,SOLDIERS FIELD ROAD,,,0 feet W from WEEKS FOOTBRIDGE,,231377.8076,901969.8381
3324602,BOSTON,16-Dec-2012,11:16 PM,Non-fatal injury,1,1,0,Single vehicle crash,V1: Not reported,V1:Not reported ,V1: Not reported ,"V1: Light truck(van, mini-van, panel, pickup, sport utility) with only four tires",Wet,Dark - lighted roadway,Rain,,Rte 93 S,,Exit 20 on Rte 93 S,,,236954.209,900826.9442
3340552,BOSTON,17-Dec-2012,00:00 AM,Non-fatal injury,1,1,0,Single vehicle crash,V1: Travelling straight ahead,V1:Westbound ,V1: Collision with motor vehicle in traffic ,"V1: Light truck(van, mini-van, panel, pickup, sport utility) with only four tires",Wet,Dark - lighted roadway,Rain,,Rte 90 W,,Exit 24 on Rte 90 W,D RAMP,,238090.4393,899691.5691
3345279,BOSTON,17-Dec-2012,1:04 AM,Non-fatal injury,1,1,0,Single vehicle crash,V1: Travelling straight ahead,V1:Southbound ,V1: Collision with median barrier ,V1: Passenger car,Wet,Dark - lighted roadway,Rain,,Rte 93 S,,Exit 20 on Rte 93 S,,,236954.209,900826.9442
3311851,BOSTON,17-Dec-2012,1:26 AM,Property damage only (none injured),1,0,0,Single vehicle crash,V1: Travelling straight ahead,V1:Eastbound ,V1: Collision with motor vehicle in traffic ,"V1: Light truck(van, mini-van, panel, pickup, sport utility) with only four tires",Wet,Dark - lighted roadway,Not Reported,,STORROW DRIVE Rte 28 N / RAMP TO CHARLES CIRCLE,,,LONGFELLOW BRIDGE,,235228.5907,901280.7444
3381493,BOSTON,17-Dec-2012,5:15 AM,Property damage only (none injured),2,0,0,Rear-end,V1: Travelling straight ahead / V2:Slowing or stopped in traffic,V1:Northbound / V2:Northbound ,V1: Collision with motor vehicle in traffic / V2: Collision with motor vehicle in traffic ,"V1: Light truck(van, mini-van, panel, pickup, sport utility) with only four tires / V2:Light truck(van, mini-van, panel, pickup, sport utility) with only four tires",Wet,Dark - lighted roadway,Rain,,JOHN F FITZGERALD EXPRESSWAY Rte 93 N,,,SAVIN HILL,,236865.8935,895719.9871
3390373,BOSTON,17-Dec-2012,6:50 AM,Property damage only (none injured),2,0,0,"Sideswipe, same direction",V1: Changing lanes / V2:Travelling straight ahead,V1:Northbound / V2:Northbound ,V1: Collision with motor vehicle in traffic / V2: Collision with motor vehicle in traffic ,V1: Passenger car / V2:Tractor/semi-trailer,Dry,Dawn,Clear,,Rte 93 N,,Exit 15 on Rte 93 N,RTE 93 N BEFORE EXIT 15,,236972.2496,896473.4282
3323599,BOSTON,17-Dec-2012,8:25 AM,Property damage only (none injured),3,0,0,Rear-end,V1: Travelling straight ahead / V2:Slowing or stopped in traffic / V3:Travelling straight ahead,V1:Eastbound / V2:Eastbound / V3:Eastbound ,V1: Collision with motor vehicle in traffic / V2: Collision with motor vehicle in traffic / V3: Collision with motor vehicle in traffic ,V1: Passenger car / V2:Passenger car / V3:Passenger car,Wet,Daylight,Cloudy/Rain,,ARBORWAY / 445 MONSIGNOR CASEY HIGHWAY,,,WEST ROXBURY COURTHOUSE,,232072.8728,894601.157
3322489,BOSTON,17-Dec-2012,11:45 AM,Non-fatal injury,2,1,0,Rear-end,V1: Slowing or stopped in traffic / V2:Travelling straight ahead,V1:Southbound / V2:Southbound ,V1: Collision with motor vehicle in traffic / V2: Collision with motor vehicle in traffic ,"V1: Passenger car / V2:Light truck(van, mini-van, panel, pickup, sport utility) with only four tires",Dry,Daylight,Cloudy,PARK DRIVE / RIVERWAY,,,,LANDMARK CENTER,,232691.7032,899332.1131
3328530,BOSTON,17-Dec-2012,12:27 PM,Non-fatal injury,2,2,0,"Sideswipe, same direction",V1: Travelling straight ahead / V2:Travelling straight ahead,V1:Not reported / V2:Northbound ,V1: Collision with median barrier / V2: Collision with motor vehicle in traffic ,V1: Passenger car / V2:Passenger car,Dry,Daylight,Clear,,Rte 93 N,,Exit 11 on Rte 93 N,,,237094.7253,891674.8051
3312160,BOSTON,17-Dec-2012,1:24 PM,Property damage only (none injured),1,0,0,Single vehicle crash,V1: Travelling straight ahead,V1:Eastbound ,V1: Collision with motor vehicle in traffic ,V1: Passenger car,Wet,Daylight,Rain,,STORROW DRIVE Rte 28 N / RAMP TO CHARLES CIRCLE,,,LONGFELLOW BRIDGE,,235230.6695,901304.8304
3317831,BOSTON,17-Dec-2012,3:40 PM,Non-fatal injury,2,2,0,"Sideswipe, same direction",V1: Turning left / V2:Turning left,V1:Not reported / V2:Southbound ,V1: Collision with motor vehicle in traffic / V2: Collision with motor vehicle in traffic ,"V1: Passenger car / V2:Single-unit truck (2-axle, 6-tire)",Wet,Daylight,Cloudy/Rain,RIVERWAY / BROOKLINE AVENUE / FENWAY,,,,,,232691.9572,899212.3563
3366581,BOSTON,17-Dec-2012,4:30 PM,Not Reported,2,0,0,"Sideswipe, same direction",V1: Not reported / V2:Not reported,V1:Not reported / V2:Not reported ,V1: Not reported / V2: Not reported ,V1: Passenger car / V2:Not reported,Wet,Dusk,Rain,COLUMBIA ROAD / STOUGHTON STREET,,,,,,235858.5001,896369.6873
3340514,BOSTON,17-Dec-2012,4:42 PM,Non-fatal injury,6,2,0,Rear-end,V1: Travelling straight ahead / V2:Travelling straight ahead / V3:Travelling straight ahead / V4:Travelling straight ahead / V5:Travelling straight ahead / V6:Travelling straight ahead,V1:Northbound / V2:Northbound / V3:Northbound / V4:Northbound / V5:Northbound / V6:Northbound ,V1: Collision with motor vehicle in traffic / V2: Collision with motor vehicle in traffic / V3: Collision with motor vehicle in traffic / V4: Collision with motor vehicle in traffic / V5: Collision with motor vehicle in traffic / V6: Collision with motor vehicle in traffic ,"V1: Passenger car / V2:Light truck(van, mini-van, panel, pickup, sport utility) with only four tires / V3:Light truck(van, mini-van, panel, pickup, sport utility) with only four tires / V4:Light truck(van, mini-van, panel, pickup, sport utility) with only four tires / V5:Passenger car / V6:Light truck(van, mini-van, panel, pickup, sport utility) with only four tires",Wet,Dark - lighted roadway,Rain,,Rte 93 N,,Exit 18 on Rte 93 N,,,236146.0342,897892.2406
3321385,BOSTON,17-Dec-2012,4:42 PM,Non-fatal injury,2,2,0,Angle,V1: Travelling straight ahead / V2:Travelling straight ahead,V1:Northbound / V2:Eastbound ,V1: Collision with motor vehicle in traffic / V2: Collision with motor vehicle in traffic ,"V1: Light truck(van, mini-van, panel, pickup, sport utility) with only four tires / V2:Passenger car",Wet,Dark - lighted roadway,Cloudy/Rain,,BERKELEY STREET / BACK STREET,,,,,235009.6998,900623.457