Crash Number,City/Town Name,Crash Date,Crash Time,Crash Severity,Number of Vehicles,Total Nonfatal Injuries,Total Fatal Injuries,Manner of Collision,Vehicle Action Prior to Crash,Vehicle Travel Directions,Most Harmful Events,Vehicle Configuration,Road Surface Condition,Ambient Light,Weather Condition,At Roadway Intersection,Distance from Nearest Roadway Intersection,Distance from Nearest Milemarker,Distance from Nearest Exit,Distance from Nearest Landmark,Non Motorist Type,X Coordinate,Y Coordinate
3374155,BOSTON (DORCHESTER),17-Dec-2012,5:34 PM,Not Reported,1,0,0,Not reported,V1: Not reported,V1:Not reported ,V1: Not reported ,V1: Passenger car,Not reported,Not reported,Not Reported,DORCHESTER AVENUE / MOTHER JULIA ROAD,,,,,,235682.1877,891657.5623
3381544,BOSTON,17-Dec-2012,5:40 PM,Non-fatal injury,2,1,0,Rear-end,V1: Travelling straight ahead / V2:Travelling straight ahead,V1:Westbound / V2:Westbound ,V1: Collision with motor vehicle in traffic / V2: Collision with motor vehicle in traffic ,"V1: Passenger car / V2:Light truck(van, mini-van, panel, pickup, sport utility) with only four tires",Wet,Dark - lighted roadway,Cloudy/Rain,,STORROW DRIVE Rte 28 S / STORROW DRIVE,,,STORROW DR AT HATCH SHELL,,235178.9372,900833.4743
3340846,BOSTON,17-Dec-2012,6:25 PM,Non-fatal injury,1,1,0,Single vehicle crash,V1: Travelling straight ahead,V1:Northbound ,V1: Collision with guardrail ,V1: Passenger car,Wet,Dark - lighted roadway,Rain,,Rte 93 N,,Exit 27 on Rte 93 N,,,235655.07,902467.5364
3324699,BOSTON,17-Dec-2012,6:52 PM,Property damage only (none injured),3,0,0,Rear-end,V1: Slowing or stopped in traffic / V2:Travelling straight ahead / V3:Travelling straight ahead,V1:Westbound / V2:Westbound / V3:Westbound ,V1: Collision with motor vehicle in traffic / V2: Collision with motor vehicle in traffic / V3: Collision with motor vehicle in traffic ,V1: Passenger car / V2:Passenger car / V3:Passenger car,Wet,Dark - lighted roadway,Rain,,Rte 90,,,,,231165.7813,900844.874
3354493,BOSTON (ALLSTON),17-Dec-2012,8:35 PM,Non-fatal injury,1,1,0,Not reported,V1: Travelling straight ahead,V1:Not reported ,V1: Collision with pedestrian ,V1: Passenger car,Wet,Dark - lighted roadway,Rain,,1322 COMMONWEALTH AVENUE,,,,P2:Pedestrian,230088.7713,899816.2522
3311852,BOSTON,17-Dec-2012,11:25 PM,Property damage only (none injured),2,0,0,Rear-end,V1: Travelling straight ahead / V2:Slowing or stopped in traffic,V1:Northbound / V2:Northbound ,V1: Collision with motor vehicle in traffic / V2: Collision with motor vehicle in traffic ,"V1: Light truck(van, mini-van, panel, pickup, sport utility) with only four tires / V2:Light truck(van, mini-van, panel, pickup, sport utility) with only four tires",Wet,Dark - lighted roadway,Rain,CHARLES RIVER DAM ROAD Rte 28 N / STORROW DRIVE Rte 28 N / NASHUA STREET,,,,,,235565.4707,901894.5497
3345383,BOSTON,17-Dec-2012,11:40 PM,Property damage only (none injured),1,0,0,Single vehicle crash,V1: Travelling straight ahead,V1:Northbound ,V1: Collision with guardrail ,"V1: Light truck(van, mini-van, panel, pickup, sport utility) with only four tires",Dry,Dark - lighted roadway,Clear,,LEVERETT CONNECTOR NORTH / INTERSTATE 93 Rte 93 N,,,RAMP FROM LEVERETT CIRCLE TO RTE,,234867.9032,903824.3633
3312166,BOSTON,18-Dec-2012,00:00 AM,Property damage only (none injured),1,0,0,Single vehicle crash,V1: Travelling straight ahead,V1:Westbound ,V1: Collision with curb ,V1: Passenger car,Wet,Dark - lighted roadway,Cloudy/Rain,,MORTON STREET Rte 203 / CEMETERY ROAD,,,,,232598.4532,894496.6249
3321469,BOSTON,18-Dec-2012,1:46 AM,Property damage only (none injured),1,0,0,Single vehicle crash,V1: Leaving traffic lane,V1:Westbound ,V1: Collision with guardrail ,V1: Passenger car,Wet,Dark - roadway not lighted,Rain,,Rte 90 W,,,,,228154.8166,900866.0695
3323325,BOSTON,18-Dec-2012,5:30 AM,Not Reported,1,0,0,Single vehicle crash,V1: Turning left,V1:Not reported ,V1: Collision with pedestrian ,"V1: Light truck(van, mini-van, panel, pickup, sport utility) with only four tires",Wet,Dark - lighted roadway,Rain,SUMMER STREET / DORCHESTER AVENUE,,,,,P2:Pedestrian,236840.985,900200.3791
3340553,BOSTON,18-Dec-2012,7:05 AM,Property damage only (none injured),2,0,0,Angle,V1: Changing lanes / V2:Travelling straight ahead,V1:Westbound / V2:Westbound ,V1: Collision with motor vehicle in traffic / V2: Collision with motor vehicle in traffic ,"V1: Passenger car / V2:Light truck(van, mini-van, panel, pickup, sport utility) with only four tires",Dry,Daylight,Cloudy,,Rte 90 W,,,,,239140.6683,901686.0259
3322492,BOSTON,18-Dec-2012,12:55 PM,Non-fatal injury,2,1,0,"Sideswipe, same direction",V1: Travelling straight ahead / V2:Travelling straight ahead,V1:Westbound / V2:Westbound ,V1: Collision with motor vehicle in traffic / V2: Collision with motor vehicle in traffic ,"V1: Passenger car / V2:Light truck(van, mini-van, panel, pickup, sport utility) with only four tires",Wet,Daylight,Cloudy,,0 feet E from Intersection SOLDIERS FIELD ROAD / NORTH HARVARD STREET,,,,,230992.3482,902048.2872
3360710,BOSTON (ROSLINDALE),18-Dec-2012,2:00 PM,Non-fatal injury,1,1,0,Single vehicle crash,V1: Turning right,V1:Not reported ,V1: Collision with pedestrian ,V1: Passenger car,Unknown,Daylight,Unknown/Unknown,CORINTH STREET / BIRCH STREET,,,,,P2:Pedestrian,230482.6562,892965.9374
3322381,BOSTON,18-Dec-2012,2:42 PM,Non-fatal injury,1,1,0,Single vehicle crash,V1: Travelling straight ahead,V1:Westbound ,V1: Collision with guardrail ,V1: Passenger car,Wet,Daylight,Rain,,SOLDIERS FIELD ROAD / NORTH HARVARD STREET,,,,,230992.3482,902048.2872
3381546,BOSTON,18-Dec-2012,2:51 PM,Non-fatal injury,2,1,0,Angle,V1: Travelling straight ahead / V2:Travelling straight ahead,V1:Westbound / V2:Southbound ,V1: Collision with motor vehicle in traffic / V2: Collision with motor vehicle in traffic ,"V1: Light truck(van, mini-van, panel, pickup, sport utility) with only four tires / V2:Passenger car",Dry,Daylight,Clear,BEACON STREET / CHARLESGATE WEST / BAY STATE ROAD,,,,BEACON AT CHARLESGATE EAST,,233543.9754,900022.1832
3321986,BOSTON,18-Dec-2012,3:27 PM,Non-fatal injury,2,1,0,Rear-end,V1: Slowing or stopped in traffic / V2:Slowing or stopped in traffic,V1:Eastbound / V2:Eastbound ,V1: Collision with motor vehicle in traffic / V2: Collision with motor vehicle in traffic ,"V1: Bus (seats for more than 15 people, including driver) / V2:Light truck(van, mini-van, panel, pickup, sport utility) with only four tires",Wet,Dusk,"Fog, smog, smoke/Rain",STUART STREET / WASHINGTON STREET,,,,,,236001.5815,900139.4772
3353377,BOSTON,18-Dec-2012,7:21 PM,Not Reported,1,0,0,Single vehicle crash,V1: Turning right,V1:Southbound ,V1: Collision with pedestrian ,V1: Passenger car,Wet,Dark - lighted roadway,Cloudy,EMERSON STREET / EAST BROADWAY,,,,,,237911.5904,898442.4425
3321386,BOSTON,19-Dec-2012,2:51 AM,Property damage only (none injured),1,0,0,Single vehicle crash,V1: Turning left,V1:Westbound ,V1: Collision with curb ,"V1: Light truck(van, mini-van, panel, pickup, sport utility) with only four tires",Dry,Dark - lighted roadway,Not Reported,MASSACHUSETTS AVENUE Rte 2A W / RAMP - STORROW DR TO RT 2A WB,,,,@ MASS AVE OFF RAMP,,233784.834,900223.7079
3321873,BOSTON,19-Dec-2012,7:15 AM,Property damage only (none injured),2,0,0,Rear-end,V1: Slowing or stopped in traffic / V2:Travelling straight ahead,V1:Westbound / V2:Westbound ,V1: Collision with motor vehicle in traffic / V2: Collision with motor vehicle in traffic ,"V1: Light truck(van, mini-van, panel, pickup, sport utility) with only four tires / V2:Passenger car",Dry,Daylight,Clear,COLUMBIA ROAD / RAMP - RT 93 NB TO COLUMBIA RD / RAMP - COLUMBIA RD TO RT 93 NB,,,,,,236856.5944,896870.7883
3319167,BOSTON,19-Dec-2012,9:15 AM,Property damage only (none injured),2,0,0,"Sideswipe, same direction",V1: Turning left / V2:Travelling straight ahead,V1:Northbound / V2:Northbound ,V1: Collision with motor vehicle in traffic / V2: Collision with motor vehicle in traffic ,"V1: Single-unit truck (2-axle, 6-tire) / V2:Passenger car",Dry,Daylight,Cloudy,,WILLIAM T MORRISSEY BOULEVARD / NEPONSET AVENUE,,,NEPONSET CIRCLE,,237696.0819,892924.3425
3323600,BOSTON,19-Dec-2012,10:55 AM,Non-fatal injury,2,1,0,Rear-end,V1: Travelling straight ahead / V2:Slowing or stopped in traffic,V1:Eastbound / V2:Eastbound ,V1: Collision with motor vehicle in traffic / V2: Collision with motor vehicle in traffic ,"V1: Light truck(van, mini-van, panel, pickup, sport utility) with only four tires / V2:Passenger car",Dry,Daylight,Clear,,CENTRE STREET / LOUDERS LANE,,,,,230988.8594,895168.1877
3321871,BOSTON,19-Dec-2012,3:30 PM,Property damage only (none injured),2,0,0,Rear-end,V1: Turning left / V2:Turning left,V1:Westbound / V2:Westbound ,V1: Collision with motor vehicle in traffic / V2: Collision with motor vehicle in traffic ,V1: Passenger car / V2:Passenger car,Dry,Dark - lighted roadway,Cloudy,,SOLDIERS FIELD ROAD / EVERETT STREET,,,,,230032.9845,901646.3752
3321874,BOSTON,19-Dec-2012,4:00 PM,Property damage only (none injured),2,0,0,"Sideswipe, same direction",V1: Travelling straight ahead / V2:Changing lanes,V1:Southbound / V2:Southbound ,V1: Collision with motor vehicle in traffic / V2: Collision with motor vehicle in traffic ,"V1: Light truck(van, mini-van, panel, pickup, sport utility) with only four tires / V2:Passenger car",Dry,Daylight,Not Reported,,Rte 93 S,,Exit 15 on Rte 93 S,,,236629.6253,897168.5001
3321875,BOSTON,19-Dec-2012,4:50 PM,Non-fatal injury,2,1,0,Angle,V1: Entering traffic lane / V2:Travelling straight ahead,V1:Southbound / V2:Southbound ,V1: Collision with motor vehicle in traffic / V2: Collision with motor vehicle in traffic ,"V1: Passenger car / V2:Light truck(van, mini-van, panel, pickup, sport utility) with only four tires",Dry,Dark - lighted roadway,Not Reported,,500 feet N from Intersection WILLIAM T MORRISSEY BOULEVARD / DOMINIC J BANCULLI BOULEVARD,,,,,237277.8357,896140.0725
3323231,BOSTON,19-Dec-2012,5:17 PM,Non-fatal injury,2,1,0,Head-on,V1: Turning left / V2:Travelling straight ahead,V1:Northbound / V2:Southbound ,V1: Collision with motor vehicle in traffic / V2: Collision with motor vehicle in traffic ,"V1: Light truck(van, mini-van, panel, pickup, sport utility) with only four tires / V2:MOPED",Dry,Dark - lighted roadway,Clear,,WEST ROXBURY PARKWAY / BEECH STREET,,,,,229055.4931,892793.4553
3364526,BOSTON,19-Dec-2012,11:41 PM,Not Reported,1,0,0,"Sideswipe, opposite direction",V1: Turning right,V1:Not reported ,V1: Not reported ,V1: Passenger car,Dry,Dark - lighted roadway,Cloudy,,MASSACHUSETTS AVENUE / BOYLSTON STREET,,,HYNESS,P2:Pedestrian,233967.0154,899726.9373
3357090,BOSTON,20-Dec-2012,2:26 AM,Non-fatal injury,2,1,0,Rear-end,V1: Travelling straight ahead / V2:Travelling straight ahead,V1:Not reported / V2:Not reported ,V1: Collision with motor vehicle in traffic / V2: Collision with motor vehicle in traffic ,V1: Passenger car / V2:Passenger car,Dry,Dark - lighted roadway,Clear/Clear,AVENUE DE LAFAYETTE / CHAUNCY STREET,,,,HYATT HOTEL,,236191.3763,900388.9625
3390287,BOSTON,20-Dec-2012,10:51 AM,Property damage only (none injured),2,0,0,Rear-end,V1: Slowing or stopped in traffic / V2:Slowing or stopped in traffic,V1:Southbound / V2:Southbound ,V1: Collision with motor vehicle in traffic / V2: Collision with motor vehicle in traffic ,V1: Passenger car / V2:Passenger car,Dry,Daylight,Clear,,GENERAL CASIMIR PULASKI SKYWAY Rte 93 S / RAMP - RT 93 SB TO RT 3A SB,,,93S SAVIN HILL OVERPASS,,237620.7733,892713.525
3330243,BOSTON,20-Dec-2012,11:02 AM,Property damage only (none injured),2,0,0,Angle,V1: Travelling straight ahead / V2:Travelling straight ahead,V1:Northbound / V2:Westbound ,V1: Collision with motor vehicle in traffic / V2: Collision with motor vehicle in traffic ,"V1: Passenger car / V2:Light truck(van, mini-van, panel, pickup, sport utility) with only four tires",Dry,Daylight,Clear,RAMP - SOLDIERS FIELD RD WB TO WESTERN A / CAMBRIDGE STREET,,,,@ SOLDIERS FIELD RD. SVC. RD.,,231514.4842,901235.6252
3361596,BOSTON (ROSLINDALE),20-Dec-2012,12:00 PM,Non-fatal injury,2,1,0,Not reported,V1: Travelling straight ahead / V2:Not reported,V1:Southbound / V2:Not reported ,V1: Collision with motor vehicle in traffic / V2: Not reported ,"V1: Light truck(van, mini-van, panel, pickup, sport utility) with only four tires / V2:Unknown vehicle configuration",Not reported,Not reported,Not Reported,,METROPOLITAN AVENUE / KITTREDGE STREET,,,,,230391.281,892250.8752
3354299,BOSTON,20-Dec-2012,1:15 PM,Non-fatal injury,1,1,0,Single vehicle crash,V1: Travelling straight ahead,V1:Not reported ,V1: Not reported ,V1: Not reported,Dry,Daylight,Clear,BOYLSTON STREET / WASHINGTON STREET,,,,,P2:Pedestrian,,
3354495,BOSTON,20-Dec-2012,1:40 PM,Non-fatal injury,2,1,0,Rear-end,V1: Slowing or stopped in traffic / V2:Travelling straight ahead,V1:Eastbound / V2:Not reported ,V1: Collision with motor vehicle in traffic / V2: Collision with motor vehicle in traffic ,V1: Passenger car / V2:Passenger car,Dry,Daylight,Cloudy,,860 COMMONWEALTH AVENUE / AMORY AVENUE,,,,,231805.1003,900105.7616
3321876,BOSTON,20-Dec-2012,2:23 PM,Property damage only (none injured),2,0,0,Rear-end,V1: Travelling straight ahead / V2:Slowing or stopped in traffic,V1:Eastbound / V2:Eastbound ,V1: Collision with motor vehicle in traffic / V2: Collision with motor vehicle in traffic ,"V1: Passenger car / V2:Light truck(van, mini-van, panel, pickup, sport utility) with only four tires",Wet,Daylight,Cloudy,GALLIVAN BOULEVARD Rte 203 E / ADAMS STREET / GRANITE AVENUE,,,,,,236643.2967,892556.1249
3340454,BOSTON,20-Dec-2012,4:18 PM,Property damage only (none injured),3,0,0,Rear-end,V1: Slowing or stopped in traffic / V2:Slowing or stopped in traffic / V3:Slowing or stopped in traffic,V1:Northbound / V2:Northbound / V3:Northbound ,V1: Collision with motor vehicle in traffic / V2: Collision with motor vehicle in traffic / V3: Collision with motor vehicle in traffic ,"V1: Light truck(van, mini-van, panel, pickup, sport utility) with only four tires / V2:Light truck(van, mini-van, panel, pickup, sport utility) with only four tires / V3:Light truck(van, mini-van, panel, pickup, sport utility) with only four tires",Dry,Dusk,Cloudy,,Rte 93 N,,Exit 28 on Rte 93 N,,,234953.5188,903173.3157
3364543,BOSTON,20-Dec-2012,7:58 PM,Property damage only (none injured),1,0,0,Not reported,V1: Turning left,V1:Westbound ,"V1: Collision with cyclist (bicycle, tricycle, unicycle, pedal car) ","V1: Light truck(van, mini-van, panel, pickup, sport utility) with only four tires",Not reported,Not reported,Not Reported,MASSACHUSETTS AVENUE / SAINT BOTOLPH STREET,,,,,"P2:Pedalcyclist (bicycle, tricycle, unicycle, pedal car)",234271.4844,899161.0626
3328531,BOSTON,20-Dec-2012,10:30 PM,Property damage only (none injured),2,0,0,"Sideswipe, same direction",V1: Travelling straight ahead / V2:Travelling straight ahead,V1:Northbound / V2:Northbound ,V1: Collision with motor vehicle in traffic / V2: Collision with motor vehicle in traffic ,"V1: Passenger car / V2:Light truck(van, mini-van, panel, pickup, sport utility) with only four tires",Dry,Dark - lighted roadway,Not Reported,,WILLIAM DAY BOULEVARD / G STREET,,,,,237574.4594,897847.2389
3321870,BOSTON,20-Dec-2012,11:07 PM,Property damage only (none injured),1,0,0,Single vehicle crash,V1: Travelling straight ahead,V1:Eastbound ,V1: Other ,V1: Passenger car,Wet,Dark - lighted roadway,Not Reported,,STORROW DRIVE Rte 28 N / RAMP - STORROW DRIVE TO LEVERETT CONNECT,,,S-TURN,,235359.7282,901461.2958
3381344,BOSTON,20-Dec-2012,11:36 PM,Not Reported,1,0,0,Angle,V1: Travelling straight ahead,V1:Not reported ,V1: Collision with parked motor vehicle ,"V1: Light truck(van, mini-van, panel, pickup, sport utility) with only four tires",Wet,Dark - lighted roadway,Cloudy/Rain,,,,,IN AIRPORT TERMINAL ON TARMACK,,,
3322118,BOSTON,21-Dec-2012,00:00 AM,Property damage only (none injured),1,0,0,Single vehicle crash,V1: Not reported,V1:Not reported ,V1: Collision with fence ,V1: Passenger car,Dry,Dark - lighted roadway,Clear,,ENNEKING PARKWAY / DEDHAM PARKWAY,,,500 FT SOUTH OF TURTLE POND,,229839.9351,889852.7344
3321624,BOSTON,21-Dec-2012,2:05 AM,Non-fatal injury,5,1,0,Angle,V1: Travelling straight ahead / V2:Travelling straight ahead / V3:Travelling straight ahead / V4:Travelling straight ahead / V5:Travelling straight ahead,V1:Southbound / V2:Southbound / V3:Southbound / V4:Southbound / V5:Southbound ,V1: Collision with median barrier / V2: Collision with motor vehicle in traffic / V3: Collision with light pole or other post/support / V4: Collision with light pole or other post/support / V5: Collision with light pole or other post/support ,V1: Passenger car / V2:Passenger car / V3:Passenger car / V4:Passenger car / V5:Passenger car,Wet,Dark - lighted roadway,Rain,,Rte 93 N,,Exit 15 on Rte 93 N,,,236972.2496,896473.4282
3321877,BOSTON,21-Dec-2012,2:15 AM,Non-fatal injury,1,1,0,Single vehicle crash,V1: Travelling straight ahead,V1:Southbound ,V1: Collision with light pole or other post/support ,"V1: Light truck(van, mini-van, panel, pickup, sport utility) with only four tires",Wet,Dark - lighted roadway,Rain,,OLD COLONY AVENUE / PREBLE STREET,,,,,236869.4374,897748.4378
3376558,BOSTON,21-Dec-2012,2:45 AM,Property damage only (none injured),2,0,0,Angle,V1: Slowing or stopped in traffic / V2:Travelling straight ahead,V1:Northbound / V2:Southbound ,V1: Collision with motor vehicle in traffic / V2: Collision with motor vehicle in traffic ,"V1: Passenger car / V2:Light truck(van, mini-van, panel, pickup, sport utility) with only four tires",Wet,Dark - lighted roadway,Cloudy/Rain,JOHN F FITZGERALD EXPRESSWAY Rte 93 S / RAMP - RT 93 SB TO RT 3A SB Rte 3A S / GENERAL CASIMIR PULASKI SKYWAY Rte 1 S,,,,,,237620.7733,892713.525
3348596,BOSTON,21-Dec-2012,2:45 AM,Property damage only (none injured),2,0,0,Rear-end,V1: Parked / V2:Travelling straight ahead,V1:Southbound / V2:Southbound ,V1: Collision with motor vehicle in traffic / V2: Collision with parked motor vehicle ,"V1: Light truck(van, mini-van, panel, pickup, sport utility) with only four tires / V2:Light truck(van, mini-van, panel, pickup, sport utility) with only four tires",Wet,Dark - lighted roadway,Not Reported,,Rte 93 S,,Exit 15 on Rte 93 S,,,236629.6253,897168.5001
3340554,BOSTON,21-Dec-2012,3:05 AM,Property damage only (none injured),2,0,0,"Sideswipe, same direction",V1: Travelling straight ahead / V2:Travelling straight ahead,V1:Northbound / V2:Northbound ,V1: Collision with motor vehicle in traffic / V2: Collision with motor vehicle in traffic ,V1: Passenger car / V2:Passenger car,Wet,Dark - lighted roadway,Cloudy/Rain,,Rte 93 S,,Exit 23 on Rte 93 S,93 N/B SOUTH OF EXIT 23,,236856.2793,901152.8251
3340519,BOSTON,21-Dec-2012,6:25 AM,Property damage only (none injured),2,0,0,Rear-end,V1: Slowing or stopped in traffic / V2:Travelling straight ahead,V1:Southbound / V2:Southbound ,V1: Collision with motor vehicle in traffic / V2: Collision with motor vehicle in traffic ,"V1: Light truck(van, mini-van, panel, pickup, sport utility) with only four tires / V2:Passenger car",Wet,Dawn,Cloudy,RAMP-RT 93 SB TO STORROW DRIVE Rte 93 S / RAMP-RT 93 NB TO STORROW DRIVE Rte 3 N / LEVERETT CONNECTOR SOUTH,,,,,,235752.9932,901867.4291
3322114,BOSTON,21-Dec-2012,8:30 AM,Property damage only (none injured),1,0,0,Single vehicle crash,V1: Travelling straight ahead,V1:Westbound ,V1: Collision with guardrail ,V1: Passenger car,Wet,Daylight,Not Reported,,0 feet E from Intersection SOLDIERS FIELD ROAD / NORTH HARVARD STREET,,,,,230992.3482,902048.2872
3336662,BOSTON,21-Dec-2012,8:45 AM,Non-fatal injury,2,1,0,Angle,V1: Travelling straight ahead / V2:Entering traffic lane,V1:Northbound / V2:Westbound ,V1: Collision with motor vehicle in traffic / V2: Collision with motor vehicle in traffic ,"V1: Bus (seats for more than 15 people, including driver) / V2:Light truck(van, mini-van, panel, pickup, sport utility) with only four tires",Wet,Daylight,Rain,WASHINGTON STREET / NORTHAMPTON STREET,,,,,,234807.5248,898476.876
3692331,BOSTON (DORCHESTER),21-Dec-2012,9:00 AM,Non-fatal injury,2,2,0,Angle,V1: Travelling straight ahead / V2:Slowing or stopped in traffic,V1:Not reported / V2:Not reported ,V1: Collision with impact attenuator/crash cushion / V2: Collision with impact attenuator/crash cushion ,V1: Passenger car / V2:Passenger car,Wet,Daylight,Rain,DRAPER STREET / LONGFELLOW STREET,,,,,,235935.9846,894836.6251
3362376,BOSTON,21-Dec-2012,1:30 PM,Non-fatal injury,1,1,0,Not reported,V1: Not reported,V1:Not reported ,V1: Not reported ,"V1: Bus (seats for 7-15 people, including driver)",Wet,Daylight,Rain/Snow,COLUMBIA ROAD / HAMILTON STREET,,,,,P2:Pedestrian,235262.0595,895595.2269
3322493,BOSTON,21-Dec-2012,2:29 PM,Property damage only (none injured),1,0,0,Single vehicle crash,V1: Travelling straight ahead,V1:Westbound ,V1: Collision with guardrail ,V1: Passenger car,Wet,Daylight,Not Reported,,0 feet W from Intersection SOLDIERS FIELD ROAD / NORTH HARVARD STREET,,,,,230992.3482,902048.2872
3328418,BOSTON,21-Dec-2012,2:35 PM,Property damage only (none injured),2,0,0,Rear-end,V1: Slowing or stopped in traffic / V2:Slowing or stopped in traffic,V1:Northbound / V2:Northbound ,V1: Collision with motor vehicle in traffic / V2: Collision with motor vehicle in traffic ,V1: Passenger car / V2:Passenger car,Dry,Daylight,Cloudy,,Rte 90 E,,Exit 18 on Rte 90 E,,,230714.9765,900764.6942
3324735,BOSTON,21-Dec-2012,3:05 PM,Non-fatal injury,2,1,0,Rear-end,V1: Travelling straight ahead / V2:Travelling straight ahead,V1:Eastbound / V2:Eastbound ,V1: Collision with motor vehicle in traffic / V2: Collision with motor vehicle in traffic ,V1: Passenger car / V2:Passenger car,Wet,Daylight,Cloudy,,MORTON STREET / 130,,,SHEA ROTARY,,232426.4151,894490.4999
3322377,BOSTON,21-Dec-2012,3:05 PM,Property damage only (none injured),3,0,0,Rear-end,V1: Slowing or stopped in traffic / V2:Slowing or stopped in traffic / V3:Slowing or stopped in traffic,V1:Westbound / V2:Westbound / V3:Westbound ,V1: Collision with motor vehicle in traffic / V2: Collision with motor vehicle in traffic / V3: Collision with motor vehicle in traffic ,V1: Passenger car / V2:Passenger car / V3:Passenger car,Dry,Daylight,Clear,,STORROW DRIVE,,,LEE POOL,,235411.5544,901620.2122
3362339,BOSTON (DORCHESTER),21-Dec-2012,4:01 PM,Property damage only (none injured),2,0,0,Angle,V1: Overtaking/passing / V2:Travelling straight ahead,V1:Southbound / V2:Westbound ,V1: Collision with motor vehicle in traffic / V2: Collision with motor vehicle in traffic ,V1: Passenger car / V2:Passenger car,Dry,Daylight,Clear/Clear,DORCHESTER AVENUE / LINCOLN STREET,,,,,,236256.0937,894457.375
3322111,BOSTON,21-Dec-2012,6:40 PM,Property damage only (none injured),2,0,0,Rear-end,V1: Slowing or stopped in traffic / V2:Travelling straight ahead,V1:Eastbound / V2:Eastbound ,V1: Collision with motor vehicle in traffic / V2: Collision with motor vehicle in traffic ,V1: Passenger car / V2:Passenger car,Wet,Dark - lighted roadway,Cloudy,,CONGRESS STREET / SEAPORT LANE,,,,,237776.8438,899890.827
3362441,BOSTON (WEST ROXBURY),21-Dec-2012,6:50 PM,Property damage only (none injured),2,0,0,Rear-end,V1: Travelling straight ahead / V2:Travelling straight ahead,V1:Westbound / V2:Westbound ,V1: Collision with motor vehicle in traffic / V2: Not reported ,"V1: Light truck(van, mini-van, panel, pickup, sport utility) with only four tires / V2:Light truck(van, mini-van, panel, pickup, sport utility) with only four tires",Wet,Dark - lighted roadway,Cloudy,,304 SPRING STREET,,,,,227094.5499,891382.0284
3327754,BOSTON (BRIGHTON),21-Dec-2012,8:12 PM,Not Reported,2,0,0,Angle,V1: Travelling straight ahead / V2:Turning left,V1:Westbound / V2:Northbound ,V1: Collision with impact attenuator/crash cushion / V2: Collision with impact attenuator/crash cushion ,"V1: Passenger car / V2:Unknown heavy truck, cannot classify",Wet,Dawn,Rain,WASHINGTON STREET / BRECK AVENUE,,,,,,227386.4314,900061.6635
3322494,BOSTON,22-Dec-2012,00:00 AM,Non-fatal injury,1,1,0,Single vehicle crash,V1: Overtaking/passing,V1:Westbound ,V1: Collision with guardrail ,"V1: Light truck(van, mini-van, panel, pickup, sport utility) with only four tires",Wet,Dark - lighted roadway,Cloudy,,SOLDIERS FIELD ROAD / RAMP - N HARVARD ST TO SOLDIERS FIELD WB,,,AT HARVARD STADIUM,,230839.4255,902133.0106
3324727,BOSTON,22-Dec-2012,2:16 AM,Property damage only (none injured),2,0,0,"Sideswipe, same direction",V1: Changing lanes / V2:Travelling straight ahead,V1:Westbound / V2:Westbound ,V1: Collision with motor vehicle in traffic / V2: Collision with motor vehicle in traffic ,"V1: Light truck(van, mini-van, panel, pickup, sport utility) with only four tires / V2:Passenger car",Wet,Dark - lighted roadway,Cloudy/Rain,RAMP - HARBORSIDE DRIVE TO RT 90 WB / HARBORSIDE DRIVE,,,,HARBORSIDE DRIVE AT ENTRANCE OF,,238897.5626,901946.4947
3362496,BOSTON (DORCHESTER),22-Dec-2012,4:05 AM,Property damage only (none injured),2,0,0,Single vehicle crash,V1: Slowing or stopped in traffic / V2:Parked,V1:Northbound / V2:Not reported ,V1: Collision with parked motor vehicle / V2: Collision with parked motor vehicle ,V1: Passenger car / V2:Passenger car,Dry,Dark - lighted roadway,Cloudy,PLEASANT STREET / HOWES STREET,,,,,,236356.1564,896497.8127
3374719,BOSTON,22-Dec-2012,9:30 AM,Property damage only (none injured),2,0,0,"Sideswipe, same direction",V1: Changing lanes / V2:Travelling straight ahead,V1:Northbound / V2:Northbound ,V1: Collision with motor vehicle in traffic / V2: Collision with motor vehicle in traffic ,"V1: Light truck(van, mini-van, panel, pickup, sport utility) with only four tires / V2:Passenger car",Dry,Daylight,Not Reported,RAMP-I93 TO CALLAHAN TUNNEL / RAMP - NORTH STREET TO CALLAHAN TUNNEL / CALLAHAN TUNNEL,,,,CALLAHAN TUNNEL,,236748.1169,901444.1833
3327031,BOSTON,22-Dec-2012,11:25 AM,Non-fatal injury,2,1,0,Angle,V1: Travelling straight ahead / V2:Travelling straight ahead,V1:Eastbound / V2:Southbound ,V1: Collision with motor vehicle in traffic / V2: Collision with motor vehicle in traffic ,V1: Passenger car / V2:Passenger car,Dry,Daylight,Clear,,MORTON STREET / HARVARD STREET,,,,,233493.5311,893100.9999
3362336,BOSTON,22-Dec-2012,3:15 PM,Not Reported,1,0,0,Single vehicle crash,V1: Not reported,V1:Not reported ,V1: Not reported ,V1: Passenger car,Dry,Daylight,Clear,COLUMBIA ROAD / WYOLA PLACE,,,,,,235031.9221,895388.7501
3328473,BOSTON,23-Dec-2012,1:04 AM,Non-fatal injury,1,1,0,Single vehicle crash,V1: Leaving traffic lane,V1:Northbound ,V1: Other ,V1: Passenger car,Dry,Dark - lighted roadway,Clear,RAMP - SUMNER TUNNEL TO STORROW DRIVE / RAMP - SUMNER TUNNEL TO MARKET STREET / SUMNER TUNNEL,,,,,,236652.6955,901439.7832