Crash Number,City/Town Name,Crash Date,Crash Time,Crash Severity,Number of Vehicles,Total Nonfatal Injuries,Total Fatal Injuries,Manner of Collision,Vehicle Action Prior to Crash,Vehicle Travel Directions,Most Harmful Events,Vehicle Configuration,Road Surface Condition,Ambient Light,Weather Condition,At Roadway Intersection,Distance from Nearest Roadway Intersection,Distance from Nearest Milemarker,Distance from Nearest Exit,Distance from Nearest Landmark,Non Motorist Type,X Coordinate,Y Coordinate
3353487,BOSTON (CHARLESTOWN),23-Dec-2012,7:35 AM,Non-fatal injury,1,1,0,Single vehicle crash,V1: Travelling straight ahead,V1:Not reported ,V1: Collision with motor vehicle in traffic ,V1: Passenger car,Dry,Daylight,Clear/Clear,,99 RUTHERFORD AVENUE,,,TOBIN BRIDGE ENTRANCE,,,
3366590,BOSTON (DORCHESTER),23-Dec-2012,9:45 AM,Non-fatal injury,2,4,0,"Sideswipe, opposite direction",V1: Travelling straight ahead / V2:Travelling straight ahead,V1:Northbound / V2:Southbound ,V1: Collision with motor vehicle in traffic / V2: Collision with motor vehicle in traffic ,V1: Passenger car / V2:Passenger car,Dry,Daylight,Clear/Clear,BOWDOIN STREET / GENEVA AVENUE,,,,,,235337.1719,894858.1875
3322490,BOSTON,23-Dec-2012,12:45 PM,Not Reported,2,0,0,"Sideswipe, same direction",V1: Parked / V2:Parked,V1:Northbound / V2:Northbound ,V1: Collision with motor vehicle in traffic / V2: Collision with motor vehicle in traffic ,V1: Passenger car / V2:Passenger car,Dry,Dark - lighted roadway,Clear,,PARK DRIVE / 125,,,,,233168.2964,899104.7172
3322306,BOSTON,23-Dec-2012,6:59 PM,Non-fatal injury,1,1,0,Not reported,V1: Travelling straight ahead,V1:Southbound ,V1: Collision with pedestrian ,"V1: Bus (seats for 7-15 people, including driver)",Dry,Dark - lighted roadway,Clear,,Rte 93 S,,Exit 18 on Rte 93 S,,P1:Pedestrian,236013.2783,899092.9981
3340520,BOSTON,23-Dec-2012,8:14 PM,Non-fatal injury,2,4,0,"Sideswipe, opposite direction",V1: Entering traffic lane / V2:Entering traffic lane,V1:Westbound / V2:Northbound ,V1: Collision with motor vehicle in traffic / V2: Collision with motor vehicle in traffic ,"V1: Light truck(van, mini-van, panel, pickup, sport utility) with only four tires / V2:Passenger car",Dry,Dark - lighted roadway,Clear,,FRONTAGE ROAD / WEST FOURTH STREET,,,,,236111.8694,899236.5468
3327758,BOSTON,24-Dec-2012,1:17 AM,Non-fatal injury,1,1,0,Single vehicle crash,V1: Travelling straight ahead,V1:Westbound ,V1: Collision with light pole or other post/support ,"V1: Light truck(van, mini-van, panel, pickup, sport utility) with only four tires",Dry,Dark - lighted roadway,Clear,SOLDIERS FIELD ROAD EXTENSION / SOLDIERS FIELD ROAD,,,,PRIOR TO ELIOT BRIDGE,,230612.7656,902561.7497
3362475,BOSTON (DORCHESTER),24-Dec-2012,3:10 AM,Not Reported,2,0,0,Rear-end,V1: Not reported / V2:Not reported,V1:Not reported / V2:Not reported ,V1: Not reported / V2: Not reported ,"V1: Light truck(van, mini-van, panel, pickup, sport utility) with only four tires / V2:Light truck(van, mini-van, panel, pickup, sport utility) with only four tires",Dry,Dark - lighted roadway,Cloudy/Unknown,,1420 DORCHESTER AVENUE,,,,,236314.3482,894756.4484
3374156,BOSTON (ROXBURY),24-Dec-2012,3:50 AM,Not Reported,1,0,0,"Sideswipe, same direction",V1: Not reported,V1:Not reported ,V1: Not reported ,V1: Unknown vehicle configuration,Dry,Dark - lighted roadway,Clear/Clear,,JEWISH WAR VETERANS DRIVE,,,,,,
3338778,BOSTON,24-Dec-2012,7:55 AM,Property damage only (none injured),2,0,0,Angle,V1: Other / V2:Turning left,V1:Northbound / V2:Northbound ,V1: Collision with motor vehicle in traffic / V2: Collision with motor vehicle in traffic ,"V1: Single-unit truck (2-axle, 6-tire) / V2:Passenger car",Dry,Daylight,Clear/Clear,,181 LONGWOOD AVENUE,,,,,232872.9116,898491.7928
3354494,BOSTON (BRIGHTON),24-Dec-2012,1:23 PM,Not Reported,2,0,0,"Sideswipe, same direction",V1: Travelling straight ahead / V2:Not reported,V1:Not reported / V2:Not reported ,V1: Collision with motor vehicle in traffic / V2: Not reported ,V1: Passenger car / V2:Not reported,Dry,Daylight,Clear/Other,,441 WESTERN AVENUE,,,,,229536.5829,901372.6415
3659369,BOSTON,24-Dec-2012,1:28 PM,Fatal injury,1,0,1,Not reported,V1: Not reported,V1:Not reported ,V1: Not reported ,"V1: Unknown heavy truck, cannot classify",Not reported,Daylight,Not Reported,NEVINS STREET / WARREN STREET,,,,,,229130.4376,900012
3362493,BOSTON (DORCHESTER),25-Dec-2012,00:00 AM,Not Reported,2,0,0,Angle,V1: Parked / V2:Not reported,V1:Not reported / V2:Not reported ,V1: Not reported / V2: Not reported ,"V1: Light truck(van, mini-van, panel, pickup, sport utility) with only four tires / V2:Not reported",Dry,Dark - lighted roadway,Clear/Clear,,836 WASHINGTON STREET,,,,,235922.9881,899915.0372
3331463,BOSTON,26-Dec-2012,2:30 PM,Non-fatal injury,2,1,0,"Sideswipe, same direction",V1: Making U-turn / V2:Travelling straight ahead,V1:Westbound / V2:Westbound ,V1: Collision with motor vehicle in traffic / V2: Collision with motor vehicle in traffic ,V1: Passenger car / V2:Single-unit truck (3-or-more axles),Dry,Daylight,Clear,COLUMBIA ROAD / BUTTONWOOD STREET,,,,,,236609.8841,896827.4434
3384339,BOSTON,26-Dec-2012,4:55 PM,Property damage only (none injured),2,0,0,Rear-end,V1: Slowing or stopped in traffic / V2:Travelling straight ahead,V1:Southbound / V2:Southbound ,V1: Collision with motor vehicle in traffic / V2: Collision with motor vehicle in traffic ,"V1: Passenger car / V2:Light truck(van, mini-van, panel, pickup, sport utility) with only four tires",Wet,Dark - lighted roadway,Cloudy,,JOHN F FITZGERALD EXPRESSWAY Rte 93 S,,,SAVIN HILL,,236853.1467,895733.2364
3330245,BOSTON,26-Dec-2012,6:40 PM,Non-fatal injury,2,3,0,Rear-end,V1: Turning left / V2:Travelling straight ahead,V1:Eastbound / V2:Eastbound ,V1: Collision with motor vehicle in traffic / V2: Collision with motor vehicle in traffic ,V1: Passenger car / V2:Passenger car,Wet,Dark - lighted roadway,Rain,,COLUMBIA ROAD / BUTTONWOOD STREET,,,,,236609.5872,896844.6625
3322827,BOSTON,26-Dec-2012,7:00 PM,Property damage only (none injured),3,0,0,"Sideswipe, same direction",V1: Travelling straight ahead / V2:Travelling straight ahead / V3:Travelling straight ahead,V1:Southbound / V2:Southbound / V3:Southbound ,V1: Collision with motor vehicle in traffic / V2: Collision with motor vehicle in traffic / V3: Collision with motor vehicle in traffic ,"V1: Light truck(van, mini-van, panel, pickup, sport utility) with only four tires / V2:Passenger car / V3:Light truck(van, mini-van, panel, pickup, sport utility) with only four tires",Wet,Dark - lighted roadway,Cloudy/Rain,JAMAICAWAY / BYNNER STREET,,,,,,231761.922,897172.3748
3343247,BOSTON,27-Dec-2012,2:07 AM,Property damage only (none injured),1,0,0,Single vehicle crash,V1: Travelling straight ahead,V1:Northbound ,V1: Collision with median barrier ,V1: Passenger car,Wet,Dark - lighted roadway,Not Reported,,Rte 93 N,,,,,236956.219,900947.8086
3338096,BOSTON,27-Dec-2012,8:20 AM,Property damage only (none injured),1,0,0,Angle,V1: Travelling straight ahead,V1:Eastbound ,V1: Collision with motor vehicle in traffic ,"V1: Light truck(van, mini-van, panel, pickup, sport utility) with only four tires",Wet,Daylight,Rain,,Rte 90 W,,,,,228154.8166,900866.0695
3361966,BOSTON,27-Dec-2012,9:08 AM,Property damage only (none injured),1,0,0,Single vehicle crash,V1: Travelling straight ahead,V1:Not reported ,V1: Collision with utility pole ,V1: Passenger car,Wet,Daylight,Rain,,60 MONTVIEW STREET,,,,,228072.9161,893048.1339
3347823,BOSTON (SOUTH BOSTON),27-Dec-2012,10:00 AM,Non-fatal injury,2,1,0,Angle,V1: Travelling straight ahead / V2:Travelling straight ahead,V1:Not reported / V2:Not reported ,V1: Collision with motor vehicle in traffic / V2: Collision with motor vehicle in traffic ,"V1: Passenger car / V2:Single-unit truck (2-axle, 6-tire)",Wet,Daylight,Rain,A STREET / WEST FOURTH STREET,,,,,,236559.0784,899052.2498
3322828,BOSTON,27-Dec-2012,4:09 PM,Property damage only (none injured),2,0,0,Angle,V1: Turning right / V2:Travelling straight ahead,V1:Southbound / V2:Southbound ,V1: Collision with motor vehicle in traffic / V2: Collision with motor vehicle in traffic ,V1: Passenger car / V2:Passenger car,Wet,Dusk,Cloudy/Rain,CHARLESGATE WEST / BEACON STREET,,,,,,233543.9754,900022.1832
3349640,BOSTON (DORCHESTER),27-Dec-2012,4:50 PM,Non-fatal injury,1,1,0,Single vehicle crash,V1: Turning right,V1:Southbound ,V1: Collision with pedestrian ,V1: Passenger car,Wet,Dark - roadway not lighted,"Sleet, hail (freezing rain or drizzle)",HIGH STREET / HANCOCK STREET,,,,,P2:Pedestrian,236213.8593,895617.8127
3361750,BOSTON (ROSLINDALE),27-Dec-2012,5:08 PM,Non-fatal injury,1,1,0,Not reported,V1: Not reported,V1:Not reported ,V1: Not reported ,V1: Passenger car,Not reported,Not reported,Not Reported,WASHINGTON STREET / ARCHDALE ROAD,,,,,P2:Pedestrian,231222.5469,893657.5623
3361781,BOSTON (WEST ROXBURY),27-Dec-2012,5:23 PM,Non-fatal injury,2,1,0,Not reported,V1: Travelling straight ahead / V2:Turning left,V1:Not reported / V2:Not reported ,V1: Collision with motor vehicle in traffic / V2: Collision with motor vehicle in traffic ,V1: Passenger car / V2:Passenger car,Not reported,Not reported,Not Reported,,CENTRE STREET / BELGRADE AVENUE,,,,,228860.0156,893038.5001
3362333,BOSTON (DORCHESTER),27-Dec-2012,5:41 PM,Non-fatal injury,1,1,0,Rear-end,V1: Travelling straight ahead,V1:Not reported ,V1: Collision with pedestrian ,V1: Not reported,Dry,Daylight,Clear,ADAMS STREET / ASHMONT STREET,,,,,P2:Pedestrian,236671.6564,893180.6251
3354505,BOSTON,27-Dec-2012,9:35 PM,Non-fatal injury,1,1,0,Single vehicle crash,V1: Travelling straight ahead,V1:Not reported ,V1: Not reported ,V1: Passenger car,Wet,Dark - lighted roadway,"Sleet, hail (freezing rain or drizzle)/Blowing sand, snow",SPARHAWK STREET / MURDOCK STREET,,,,,P2:Pedestrian,229013.3125,900043.0625
3332206,BOSTON,27-Dec-2012,10:35 PM,Property damage only (none injured),5,0,0,Rear-end,V1: Slowing or stopped in traffic / V2:Slowing or stopped in traffic / V3:Travelling straight ahead / V4:Travelling straight ahead / V5:Travelling straight ahead,V1:Northbound / V2:Southbound / V3:Southbound / V4:Northbound / V5:Northbound ,V1: Collision with motor vehicle in traffic / V2: Collision with motor vehicle in traffic / V3: Collision with motor vehicle in traffic / V4: Collision with motor vehicle in traffic / V5: Collision with motor vehicle in traffic ,"V1: Passenger car / V2:Passenger car / V3:Passenger car / V4:Light truck(van, mini-van, panel, pickup, sport utility) with only four tires / V5:Truck/trailer",Wet,Dark - lighted roadway,Cloudy,,Rte 93 N,,Exit 15 on Rte 93 N,,,236972.2496,896473.4282
3326927,BOSTON,27-Dec-2012,11:30 PM,Property damage only (none injured),1,0,0,Single vehicle crash,V1: Entering traffic lane,V1:Eastbound ,V1: Collision with motor vehicle in traffic ,V1: Passenger car,Dry,Dark - lighted roadway,Not Reported,,CHARLES STREET,,,CHARLES CIRCLE,,235347.5491,901249.6724
3370397,BOSTON (DORCHESTER),28-Dec-2012,00:00 AM,Property damage only (none injured),2,0,0,Not reported,V1: Travelling straight ahead / V2:Turning left,V1:Not reported / V2:Not reported ,V1: Collision with motor vehicle in traffic / V2: Collision with motor vehicle in traffic ,V1: Passenger car / V2:Passenger car,Not reported,Not reported,Not Reported,DORCHESTER AVENUE / ADAMS STREET,,,,,,236297.1561,894655.5625
3340555,BOSTON,28-Dec-2012,00:00 AM,Property damage only (none injured),1,0,0,Single vehicle crash,V1: Travelling straight ahead,V1:Southbound ,V1: Collision with median barrier ,V1: Passenger car,Dry,Dark - lighted roadway,Clear,,Rte 93 S,,Exit 20 on Rte 93 S,COLLECTOR TUNNEL,,236954.209,900826.9442
3332207,BOSTON,28-Dec-2012,1:00 AM,Non-fatal injury,1,2,0,Single vehicle crash,V1: Travelling straight ahead,V1:Eastbound ,V1: Collision with utility pole ,V1: Passenger car,Dry,Dark - lighted roadway,Clear,,GALLIVAN BOULEVARD Rte 203 E / HALLET STREET,,,GALLIVAN BLVD.@ CVS PHARMACY,,237325.2166,892676.2635
3332013,BOSTON,28-Dec-2012,7:17 AM,Property damage only (none injured),1,0,0,Single vehicle crash,V1: Travelling straight ahead,V1:Southbound ,V1: Other ,V1: Passenger car,Dry,Daylight,Clear,,JAMAICAWAY / 370,,,,,231557.7997,896643.6404
3343970,BOSTON,28-Dec-2012,8:02 AM,Not Reported,2,0,0,"Sideswipe, same direction",V1: Slowing or stopped in traffic / V2:Travelling straight ahead,V1:Southbound / V2:Southbound ,V1: Collision with motor vehicle in traffic / V2: Collision with motor vehicle in traffic ,V1: Passenger car / V2:Tractor/semi-trailer,Dry,Daylight,Clear,PURCHASE STREET / SUMMER STREET,,,,,,236560.2012,900362.3713
3362499,BOSTON (DORCHESTER),28-Dec-2012,8:34 AM,Non-fatal injury,2,1,0,Angle,V1: Travelling straight ahead / V2:Turning left,V1:Northbound / V2:Westbound ,V1: Collision with motor vehicle in traffic / V2: Collision with motor vehicle in traffic ,"V1: Light truck(van, mini-van, panel, pickup, sport utility) with only four tires / V2:Passenger car",Dry,Daylight,Clear/Clear,BELLEVUE STREET / HAMILTON STREET,,,,,,235458.8436,895409.8127
3340522,BOSTON,28-Dec-2012,9:39 AM,Property damage only (none injured),2,0,0,"Sideswipe, same direction",V1: Changing lanes / V2:Travelling straight ahead,V1:Eastbound / V2:Eastbound ,V1: Collision with motor vehicle in traffic / V2: Collision with motor vehicle in traffic ,"V1: Light truck(van, mini-van, panel, pickup, sport utility) with only four tires / V2:Light truck(van, mini-van, panel, pickup, sport utility) with only four tires",Dry,Daylight,Clear,,Rte 90 E,Rte 90  E Milemarker 132.0,,,,232547.8686,899858.4408
3354630,BOSTON (ALLSTON),28-Dec-2012,9:48 AM,Property damage only (none injured),1,0,0,"Sideswipe, same direction",V1: Turning right,V1:Not reported ,"V1: Collision with cyclist (bicycle, tricycle, unicycle, pedal car) ",V1: Passenger car,Dry,Daylight,Clear/Clear,COMMONWEALTH AVENUE / SAINT PAUL STREET,,,,,"P2:Pedalcyclist (bicycle, tricycle, unicycle, pedal car)",231654.786,900129.0468
3322933,BOSTON,28-Dec-2012,11:07 AM,Non-fatal injury,2,1,0,Angle,V1: Travelling straight ahead / V2:Turning left,V1:Eastbound / V2:Eastbound ,V1: Collision with motor vehicle in traffic / V2: Collision with motor vehicle in traffic ,"V1: Light truck(van, mini-van, panel, pickup, sport utility) with only four tires / V2:Passenger car",Dry,Daylight,Clear,,NORTH BEACON STREET / SOLDIERS FIELD ROAD,,,,,228076.4974,901010.8434
3347610,BOSTON,28-Dec-2012,11:14 AM,Property damage only (none injured),2,0,0,Rear-end,V1: Slowing or stopped in traffic / V2:Slowing or stopped in traffic,V1:Northbound / V2:Northbound ,V1: Collision with motor vehicle in traffic / V2: Collision with motor vehicle in traffic ,"V1: Passenger car / V2:Light truck(van, mini-van, panel, pickup, sport utility) with only four tires",Dry,Daylight,Clear,,Rte 93 N,,Exit 15 on Rte 93 N,PRIOR TO EXIT #15 DYC,,236972.2496,896473.4282
3354297,BOSTON,28-Dec-2012,12:29 PM,Not Reported,2,0,0,"Sideswipe, same direction",V1: Not reported / V2:Not reported,V1:Not reported / V2:Not reported ,V1: Not reported / V2: Not reported ,V1: Passenger car / V2:Not reported,Wet,Dark - lighted roadway,Rain,SURFACE ARTERY / Rte 93 S,5 BROAD STREET,,,,,,
3340556,BOSTON,28-Dec-2012,1:13 PM,Property damage only (none injured),3,0,0,Rear-end,V1: Slowing or stopped in traffic / V2:Slowing or stopped in traffic / V3:Slowing or stopped in traffic,V1:Southbound / V2:Southbound / V3:Southbound ,V1: Collision with motor vehicle in traffic / V2: Collision with motor vehicle in traffic / V3: Collision with motor vehicle in traffic ,V1: Passenger car / V2:Passenger car / V3:Passenger car,Wet,Daylight,Cloudy,,Rte 93 S,,Exit 20 on Rte 93 S,,,236954.209,900826.9442
3362473,BOSTON (DORCHESTER),28-Dec-2012,5:10 PM,Non-fatal injury,2,1,0,Unknown,V1: Travelling straight ahead / V2:Not reported,V1:Not reported / V2:Not reported ,V1: Collision with motor vehicle in traffic / V2: Not reported ,V1: Passenger car / V2:Passenger car,Dry,Dark - lighted roadway,Clear/Clear,SAVIN HILL AVENUE / HUBBARDSTON ROAD,,,,,,236892.5173,895690.0815
3327753,BOSTON,28-Dec-2012,5:25 PM,Property damage only (none injured),2,0,0,"Sideswipe, same direction",V1: Changing lanes / V2:Changing lanes,V1:Southbound / V2:Southbound ,V1: Collision with motor vehicle in traffic / V2: Collision with motor vehicle in traffic ,V1: Passenger car / V2:Truck/trailer,Dry,Dusk,Clear,,Rte 93 S,,Exit 20 on Rte 93 S,,,236954.209,900826.9442
3368479,BOSTON,29-Dec-2012,6:00 AM,Property damage only (none injured),2,0,0,Angle,V1: Travelling straight ahead / V2:Travelling straight ahead,V1:Not reported / V2:Not reported ,V1: Collision with motor vehicle in traffic / V2: Collision with motor vehicle in traffic ,"V1: Light truck(van, mini-van, panel, pickup, sport utility) with only four tires / V2:Light truck(van, mini-van, panel, pickup, sport utility) with only four tires",Wet,Dark - lighted roadway,Clear,HYDE PARK AVENUE / WEST STREET,,,,,,231173.7031,890195.125
3331464,BOSTON,29-Dec-2012,7:14 AM,Property damage only (none injured),2,0,0,"Sideswipe, same direction",V1: Changing lanes / V2:Travelling straight ahead,V1:Northbound / V2:Northbound ,V1: Collision with motor vehicle in traffic / V2: Collision with motor vehicle in traffic ,"V1: Passenger car / V2:Light truck(van, mini-van, panel, pickup, sport utility) with only four tires",Dry,Daylight,Cloudy,,Rte 93 N,,Exit 11 on Rte 93,,,237094.7253,891674.8051
3322872,BOSTON,29-Dec-2012,7:59 AM,Non-fatal injury,1,1,0,Single vehicle crash,V1: Travelling straight ahead,V1:Eastbound ,V1: Collision with tree ,V1: Passenger car,Dry,Daylight,Not Reported,,JAMAICAWAY / BYNNER STREET,,,BETWEEN BYNNER ST &AMP; PERKINS,,231761.9221,897172.3749
3336658,BOSTON (JAMAICA PLAIN),29-Dec-2012,10:55 AM,Property damage only (none injured),2,0,0,"Sideswipe, same direction",V1: Parked / V2:Travelling straight ahead,V1:Southbound / V2:Southbound ,V1: Collision with motor vehicle in traffic / V2: Collision with parked motor vehicle ,"V1: Passenger car / V2:Bus (seats for more than 15 people, including driver)",Dry,Daylight,Cloudy/Cloudy,SOUTH STREET / BURROUGHS STREET,,,,,,,
3361981,BOSTON (ROSLINDALE),29-Dec-2012,12:00 PM,Not Reported,2,0,0,Not reported,V1: Not reported / V2:Not reported,V1:Not reported / V2:Not reported ,V1: Not reported / V2: Not reported ,"V1: Light truck(van, mini-van, panel, pickup, sport utility) with only four tires / V2:Unknown vehicle configuration",Not reported,Not reported,Not Reported,,175 FLORENCE STREET,,,,,231182.0632,893073.5123
3357055,BOSTON (DORCHESTER),29-Dec-2012,1:45 PM,Non-fatal injury,2,3,0,Not reported,V1: Travelling straight ahead / V2:Travelling straight ahead,V1:Northbound / V2:Westbound ,V1: Collision with motor vehicle in traffic / V2: Collision with motor vehicle in traffic ,"V1: Light truck(van, mini-van, panel, pickup, sport utility) with only four tires / V2:Passenger car",Not reported,Not reported,Not Reported,HANCOCK STREET / JEROME STREET,,,,,,235789.8127,896129.6873
3353490,BOSTON,29-Dec-2012,5:39 PM,Property damage only (none injured),1,0,0,Single vehicle crash,V1: Travelling straight ahead,V1:Southbound ,V1: Collision with fence ,"V1: Light truck(van, mini-van, panel, pickup, sport utility) with only four tires",Snow,Dark - roadway not lighted,Snow,,82 HOLLINGSWORTH STREET,,,DRIVEWAY,,233021.2022,890859.2813
3381548,BOSTON,29-Dec-2012,6:52 PM,Non-fatal injury,1,1,0,Single vehicle crash,V1: Travelling straight ahead,V1:Northbound ,V1: Collision with tree ,"V1: Light truck(van, mini-van, panel, pickup, sport utility) with only four tires",Snow,Dark - lighted roadway,Rain/Snow,JAMAICAWAY / RIVERWAY,,,,40 JAMAICA WAY,,231901.0309,897993.2628
3332014,BOSTON,29-Dec-2012,11:28 PM,Property damage only (none injured),1,0,0,Single vehicle crash,V1: Travelling straight ahead,V1:Northbound ,V1: Collision with motor vehicle in traffic ,V1: Passenger car,Snow,Dark - lighted roadway,Not Reported,JAMAICAWAY / POND STREET,,,,,,231573.1563,896192.375
3357067,BOSTON (DORCHESTER),30-Dec-2012,00:00 AM,Not Reported,5,0,0,Rear-end,V1: Parked / V2:Travelling straight ahead / V3:Travelling straight ahead / V4:Travelling straight ahead / V5:Travelling straight ahead,V1:Not reported / V2:Northbound / V3:Northbound / V4:Northbound / V5:Northbound ,V1: Other / V2: Collision with parked motor vehicle / V3: Collision with parked motor vehicle / V4: Collision with motor vehicle in traffic / V5: Collision with motor vehicle in traffic ,V1: Passenger car / V2:Passenger car / V3:Passenger car / V4:Passenger car / V5:Passenger car,Wet,Dark - lighted roadway,"Snow/Sleet, hail (freezing rain or drizzle)",,45 BOWDOIN STREET,,,,,236010.8003,901167.3312
3351091,BOSTON (ROXBURY),30-Dec-2012,00:00 AM,Not Reported,1,0,0,Not reported,V1: Not reported,V1:Not reported ,V1: Not reported ,"V1: Light truck(van, mini-van, panel, pickup, sport utility) with only four tires",Not reported,Not reported,Not Reported,,572 WARREN STREET,,,,"P2:Other non-motorist (wheelchair, etc.)",234384.098,895808.9648
3372956,BOSTON,30-Dec-2012,1:00 AM,Non-fatal injury,2,1,0,Rear-end,V1: Slowing or stopped in traffic / V2:Changing lanes,V1:Westbound / V2:Westbound ,V1: Collision with motor vehicle in traffic / V2: Collision with motor vehicle in traffic ,V1: Passenger car / V2:Passenger car,Wet,Dark - lighted roadway,Snow,,STORROW DRIVE / CHARLESGATE OVERPASS,,,,,233359.8325,900099.7341
3381345,BOSTON,30-Dec-2012,5:50 AM,Not Reported,1,0,0,Single vehicle crash,V1: Turning left,V1:Northbound ,V1: Collision with curb ,"V1: Light truck(van, mini-van, panel, pickup, sport utility) with only four tires",Wet,Dark - lighted roadway,Cloudy/Rain,LOGAN AIRPORT TERMINAL C / LOGAN AIRPORT TERMINAL B,,,,,,239753.7674,901931.5602
3353910,BOSTON,30-Dec-2012,1:22 PM,Property damage only (none injured),1,0,0,Single vehicle crash,V1: Travelling straight ahead,V1:Not reported ,V1: Not reported ,"V1: Light truck(van, mini-van, panel, pickup, sport utility) with only four tires",Snow,Dark - lighted roadway,Snow,,37 MERRIMAC STREET / STANIFORD STREET,,,,,,
3330246,BOSTON,30-Dec-2012,8:10 PM,Non-fatal injury,3,1,0,Rear-end,V1: Travelling straight ahead / V2:Travelling straight ahead / V3:Slowing or stopped in traffic,V1:Southbound / V2:Southbound / V3:Southbound ,V1: Collision with motor vehicle in traffic / V2: Collision with motor vehicle in traffic / V3: Collision with motor vehicle in traffic ,"V1: Passenger car / V2:Passenger car / V3:Light truck(van, mini-van, panel, pickup, sport utility) with only four tires",Dry,Dark - lighted roadway,Clear,,Rte 93 S,,Exit 12 on Rte 93 S,,,237620.5493,892713.0989
3353485,BOSTON,30-Dec-2012,8:10 PM,Property damage only (none injured),2,0,0,Not reported,V1: Travelling straight ahead / V2:Travelling straight ahead,V1:Eastbound / V2:Northbound ,V1: Collision with motor vehicle in traffic / V2: Collision with motor vehicle in traffic ,V1: Passenger car / V2:Passenger car,Not reported,Not reported,Not Reported,CONGRESS STREET / HIGH STREET,,,,,,236692.4226,900555.4839
3355731,BOSTON,30-Dec-2012,8:20 PM,Non-fatal injury,1,1,0,Single vehicle crash,V1: Turning left,V1:Southbound ,V1: Collision with light pole or other post/support ,V1: Passenger car,Ice,Dark - lighted roadway,Clear/Clear,,355 WASHINGTON STREET,,,,,236307.9173,900764.6621
3335904,BOSTON,31-Dec-2012,1:18 AM,Non-fatal injury,2,1,0,Rear-end,V1: Slowing or stopped in traffic / V2:Slowing or stopped in traffic,V1:Westbound / V2:Westbound ,V1: Collision with motor vehicle in traffic / V2: Collision with motor vehicle in traffic ,"V1: Light truck(van, mini-van, panel, pickup, sport utility) with only four tires / V2:Passenger car",Dry,Dark - roadway not lighted,Clear,ENNEKING PARKWAY / DEDHAM PARKWAY / TURTLE POND PARKWAY,,,,AT DEDHAM PKWY,,229687.9375,889839.1252
3343969,BOSTON (CHARLESTOWN),31-Dec-2012,8:45 AM,Property damage only (none injured),1,0,0,Single vehicle crash,V1: Making U-turn,V1:Northbound ,V1: Collision with light pole or other post/support ,V1: Tractor/semi-trailer,Snow,Daylight,Clear,CHELSEA STREET / THIRTEENTH STREET,,,,,,236845.9689,903238.1873
3328485,BOSTON,31-Dec-2012,9:30 AM,Property damage only (none injured),2,0,0,Head-on,V1: Travelling straight ahead / V2:Parked,V1:Eastbound / V2:Westbound ,V1: Collision with parked motor vehicle / V2: Collision with motor vehicle in traffic ,"V1: Light truck(van, mini-van, panel, pickup, sport utility) with only four tires / V2:Passenger car",Slush,Daylight,Clear,,COLUMBIA ROAD / 789,,,,,236450.1702,896734.9233
3382314,BOSTON,31-Dec-2012,9:39 AM,Property damage only (none injured),1,0,0,Single vehicle crash,V1: Travelling straight ahead,V1:Southbound ,V1: Collision with median barrier ,V1: Passenger car,Dry,Daylight,Cloudy,,Rte 93,,Exit 13 on Rte 93,"RTE 93S, EXIT 13",,237399.8866,894072.472
3377083,BOSTON,31-Dec-2012,9:40 AM,Property damage only (none injured),2,0,0,Rear-end,V1: Slowing or stopped in traffic / V2:Travelling straight ahead,V1:Westbound / V2:Westbound ,V1: Collision with motor vehicle in traffic / V2: Collision with motor vehicle in traffic ,V1: Passenger car / V2:Passenger car,Dry,Daylight,Cloudy,,COLUMBIA ROAD Rte UNKNOW / DORCHESTER AVENUE,,,,,236535.6564,896787.6252
3355632,BOSTON (DORCHESTER),31-Dec-2012,1:00 PM,Not Reported,1,0,0,Single vehicle crash,V1: Not reported,V1:Not reported ,V1: Not reported ,V1: Passenger car,Ice,Daylight,"Sleet, hail (freezing rain or drizzle)",,ARCADIA PARK,,,,,,
3324606,BOSTON,31-Dec-2012,8:15 PM,Non-fatal injury,2,1,0,Rear-end,V1: Slowing or stopped in traffic / V2:Slowing or stopped in traffic,V1:Eastbound / V2:Eastbound ,V1: Collision with motor vehicle in traffic / V2: Collision with motor vehicle in traffic ,"V1: Light truck(van, mini-van, panel, pickup, sport utility) with only four tires / V2:Passenger car","Sand, mud, dirt, oil, gravel",Dark - lighted roadway,Clear,CHARLES STREET Rte 3A S / EMBANKMENT ROAD Rte 28 N,,,,CHARLES ST. E/B BY LEVERETT CIRC,,235498.539,901758.7361
3361982,BOSTON,31-Dec-2012,9:55 PM,Property damage only (none injured),2,0,0,Not reported,V1: Travelling straight ahead / V2:Travelling straight ahead,V1:Not reported / V2:Not reported ,V1: Collision with motor vehicle in traffic / V2: Collision with motor vehicle in traffic ,V1: Passenger car / V2:Passenger car,Not reported,Not reported,Not Reported,ARBORWAY / CENTRE ST TERRACE,,,,,,,
3346567,BOSTON,31-Dec-2012,10:45 PM,Non-fatal injury,2,1,0,"Sideswipe, same direction",V1: Travelling straight ahead / V2:Travelling straight ahead,V1:Southbound / V2:Southbound ,V1: Collision with motor vehicle in traffic / V2: Collision with motor vehicle in traffic ,"V1: Passenger car / V2:Light truck(van, mini-van, panel, pickup, sport utility) with only four tires",Dry,Dark - lighted roadway,Clear,,Rte 93 S,,Exit 12 on Rte 93 S,,,237620.5493,892713.0989